state,bill_id,bill_number,title,description,status,status_date,url
AK,1912447,,Specie As Legal Tender,An Act relating to specie as legal tender in the state; and relating to borough and city sales and use taxes on specie.,1,2025-01-22,https://legiscan.com/AK/bill/HB1/2025
AK,1912462,,Dui Diversion Program,"An Act establishing the driving while under the influence diversion program for eligible persons charged with driving while under the influence or refusal to submit to a chemical test; relating to judgment for restitution; relating to suspended imposition of sentence; relating to records kept by the Department of Administration; relating to operating a vehicle, aircraft, or watercraft while under the influence of an alcoholic beverage, inhalant, or controlled substance; relating to refusal to submit to a chemical test; amending Rule 9, Alaska Rules of Administration, and Rule 39, Alaska Rules of Criminal Procedure; and providing for an effective date.",1,2025-01-22,https://legiscan.com/AK/bill/HB2/2025
AK,1912507,,Hold Legislative Sessions In Anchorage,An Act relating to convening the legislature in Anchorage; relating to the regulation of lobbying; relating to annual student guests of the legislature; relating to locations of sessions of the legislature; relating to the Legislative Ethics Act; relating to the relocation of functions of state government; and providing for an effective date.,1,2025-01-22,https://legiscan.com/AK/bill/HB3/2025
AK,1912489,,Presidential Write-in Votes,An Act relating to write-in candidates for President and Vice-President of the United States.,1,2025-01-22,https://legiscan.com/AK/bill/HB4/2025
AK,1912458,,Insurance Discrimination Elected Official,An Act prohibiting certain insurance decisions based solely on a person&#39;s status as an elected official.,1,2025-01-22,https://legiscan.com/AK/bill/HB5/2025
AK,1912450,,State Fund Fiduc Duty:social/pol Interest,"An Act restricting fiduciary actions by a fiduciary of a state fund, the Alaska Retirement Management Board, and the Alaska Permanent Fund Corporation Board that have the purpose of furthering social, political, or ideological interests.",1,2025-01-22,https://legiscan.com/AK/bill/HB6/2025
AK,1912457,,Port Of Southcentral Ak; Port Authority,An Act relating to the Port of Southcentral Alaska; establishing the Port of Southcentral Alaska Authority to manage and operate the Port of Southcentral Alaska; and providing for an effective date.,1,2025-01-22,https://legiscan.com/AK/bill/HB7/2025
AK,1912465,,New Legal Holidays,An Act relating to legal holidays.,1,2025-01-22,https://legiscan.com/AK/bill/HB8/2025
AK,1912435,,Schools: Funding; Disability Services,An Act relating to education; relating to funding for charter schools; and relating to services for children with disabilities.,1,2025-01-22,https://legiscan.com/AK/bill/HB9/2025
AK,1912444,,Add Faculty Member Univ Board Of Regents,An Act relating to the Board of Regents of the University of Alaska; and providing for an effective date.,2,2025-05-07,https://legiscan.com/AK/bill/HB10/2025
AK,1912451,,Pfd Contributions To General Fund And Pf,An Act relating to contributions and donations from permanent fund dividends.,1,2025-01-22,https://legiscan.com/AK/bill/HB11/2025
AK,1912509,,Free Breakfast & Lunch In Public Schools,An Act relating to free breakfast and lunch in public schools.,1,2025-01-22,https://legiscan.com/AK/bill/HB12/2025
AK,1912464,,Municipal Property Tax Exemptions,"An Act relating to optional municipal property tax exemptions for certain long-term rental units, certain mobile home parks, real property rented to low-income families, real property owned and occupied as a permanent place of abode, and real property owned by first-time homebuyers.",2,2025-05-12,https://legiscan.com/AK/bill/HB13/2025
AK,1912506,,Repeal Catastrophic Illness/med Assist,An Act repealing programs for catastrophic illness assistance and medical assistance for chronic and acute medical conditions.,2,2025-05-14,https://legiscan.com/AK/bill/HB14/2025
AK,1912455,,Oil/gas Royalty Rates,An Act relating to royalty rates and payments for certain oil and gas; and providing for an effective date.,1,2025-01-22,https://legiscan.com/AK/bill/HB15/2025
AK,1912500,,Campaign Finance;contribution Limits;apoc,An Act requiring a group supporting or opposing a candidate or ballot proposition in a state or local election to maintain an address in the state; amending campaign contribution limits for state and local office; directing the Alaska Public Offices Commission to adjust campaign contribution limits for state and local office once each decade beginning in 2031; relating to campaign contribution reporting requirements; relating to administrative complaints filed with the Alaska Public Offices Commission; relating to state election expenditures and contributions made by a foreign-influenced corporation or foreign national; and providing for an effective date.,2,2025-04-28,https://legiscan.com/AK/bill/HB16/2025
AK,1912460,,Disabled Veterans: Retirement Benefits,An Act relating to retirement benefits and military service.,2,2025-04-28,https://legiscan.com/AK/bill/HB17/2025
AK,1912441,,Vehicles/boats: Transfer On Death Title,An Act relating to the transfer of a title on the death of the owner; and providing for an effective date.,1,2025-01-22,https://legiscan.com/AK/bill/HB18/2025
AK,1912505,,Elections: Reverse Ballot Measure 2,An Act relating to elections.,1,2025-01-22,https://legiscan.com/AK/bill/HB19/2025
AK,1912483,,Prohibit Fees For Paper Documents,An Act relating to fees for paper documents; relating to unfair trade practices; and providing for an effective date.,2,2026-03-04,https://legiscan.com/AK/bill/HB20/2025
AK,1912434,,Voter Preregistration For Minors,An Act relating to voter preregistration for minors at least 16 years of age; and relating to confidentiality of voter registration and preregistration records of minors at least 16 years of age.,1,2025-01-22,https://legiscan.com/AK/bill/HB21/2025
AK,1912474,,General Relief & Burial Assistance,An Act relating to general relief and burial assistance; and providing for an effective date.,1,2025-01-22,https://legiscan.com/AK/bill/HB22/2025
AK,1912487,,State Commission For Civil Rights,An Act renaming the State Commission for Human Rights the Alaska State Commission for Civil Rights; relating to removal of commissioners of the Alaska State Commission for Civil Rights; relating to reports from the Alaska State Commission for Civil Rights; relating to the definition of &#39;employer&#39; for the purposes of the Alaska State Commission for Civil Rights; and relating to local civil rights commissions.,2,2025-05-16,https://legiscan.com/AK/bill/HB23/2025
AK,1912511,,Aggravating Factors At Sentencing,An Act relating to aggravating factors considered at sentencing.,1,2025-01-22,https://legiscan.com/AK/bill/HB24/2025
AK,1912470,,Disposable Food Service Ware,An Act relating to disposable food service ware; and providing for an effective date.,1,2025-01-22,https://legiscan.com/AK/bill/HB25/2025
AK,1912443,,Statewide Public & Community Transit Plan,An Act relating to the duties of the Department of Transportation and Public Facilities; and relating to a statewide public and community transit plan.,2,2025-05-02,https://legiscan.com/AK/bill/HB26/2025
AK,1912481,,Medical Major Emergencies,An Act relating to medical care for major emergencies.,2,2025-05-18,https://legiscan.com/AK/bill/HB27/2025
AK,1912486,,Teacher/state Employee Student Loan Prgrm,An Act establishing a student loan repayment pilot program; and providing for an effective date.,2,2025-05-19,https://legiscan.com/AK/bill/HB28/2025
AK,1912456,,School/university Employee Health Insur,"An Act relating to group insurance coverage and self-insurance coverage for school district employees, employees of the University of Alaska, and employees of other governmental units in the state; and providing for an effective date.",1,2025-01-22,https://legiscan.com/AK/bill/HB29/2025
AK,1912499,,Office Of Entrepreneurship,An Act establishing the office of entrepreneurship; relating to new businesses in the state; relating to reports concerning procurements by agencies; and relating to initial business license fees for new businesses in the state.,1,2025-01-22,https://legiscan.com/AK/bill/HB30/2025
AK,1912467,,Vessels: Registration/derelict Fund,An Act relating to the registration of commercial vessels; and relating to the derelict vessel prevention program fund.,4,2025-07-30,https://legiscan.com/AK/bill/HB31/2025
AK,1912478,,Not Introduced,Not Introduced,0,,https://legiscan.com/AK/bill/HB32/2025
AK,1912495,,Conflict Of Interest: Bds Fisheries/game,An Act relating to participation in matters before the Board of Fisheries and the Board of Game by the members of the respective boards; and providing for an effective date.,2,2025-05-13,https://legiscan.com/AK/bill/HB33/2025
AK,1912448,,Ak Innovation Council,An Act establishing the Alaska Innovation Council; and relating to financial disclosures for members of the Alaska Innovation Council.,1,2025-01-22,https://legiscan.com/AK/bill/HB34/2025
AK,1912490,,"Prisoners: Electronic Devices, Id Cards",An Act relating to the use and possession of electronic devices by prisoners; and relating to identification cards.,4,2025-08-19,https://legiscan.com/AK/bill/HB35/2025
AK,1912488,,Foster Children Psychiatric Treatment,"An Act relating to the placement of foster children in psychiatric hospitals; relating to the care of children in state custody placed in residential facilities outside the state; and amending Rule 12.1(b), Alaska Child in Need of Aid Rules of Procedure.",2,2025-03-26,https://legiscan.com/AK/bill/HB36/2025
AK,1912440,,Alcohol Warning Signs On Lic. Premises,An Act relating to the posting of warning signs for alcoholic beverages.,1,2025-01-22,https://legiscan.com/AK/bill/HB37/2025
AK,1927699,,Teachers & Supplemental Employee Benefits,An Act relating to supplemental employee benefits; and providing for an effective date.,1,2025-01-22,https://legiscan.com/AK/bill/HB38/2025
AK,1927240,,Education For Deaf & Hard Of Hearing,An Act relating to public school students who are deaf or hard of hearing.,2,2026-02-02,https://legiscan.com/AK/bill/HB39/2025
AK,1927987,,Designate Sex For School-sponsored Sports,"An Act relating to school athletics, recreation, athletic teams, and sports.",1,2025-01-22,https://legiscan.com/AK/bill/HB40/2025
AK,1927930,,Eliminate Daylight Saving Time,An Act relating to daylight saving time; and providing for an effective date.,1,2025-01-22,https://legiscan.com/AK/bill/HB41/2025
AK,1927466,,School Grants And Bond Debt Reimbursement,An Act relating to funding for school construction and major maintenance; relating to school bond debt reimbursement; and providing for an effective date.,1,2025-01-22,https://legiscan.com/AK/bill/HB42/2025
AK,1927755,,"Elections, Voting, Ballots",An Act relating to elections; relating to voters; relating to the crime of unlawful interference with voting; and providing for an effective date.,1,2025-01-22,https://legiscan.com/AK/bill/HB43/2025
AK,1927584,,Workers Comp Death Benefits,An Act relating to workers&#39; compensation death benefits; and providing for an effective date.,1,2025-01-22,https://legiscan.com/AK/bill/HB44/2025
AK,1928160,,Display Of U.s. Flag,An Act relating to the display of flags by governmental entities; and providing for an effective date.,1,2025-01-22,https://legiscan.com/AK/bill/HB45/2025
AK,1927353,,"App Stores, Parents, And Minors",An Act relating to minors; and relating to the distribution and use of electronic applications.,1,2025-01-22,https://legiscan.com/AK/bill/HB46/2025
AK,1928274,,Chld Sex Abuse Mat; Gen Images; Soc Media,An Act relating to distribution of a forged digital likeness; relating to crime and criminal procedure; relating to distribution of a generated sexual depiction; relating to generated obscene child sexual abuse material; relating to teaching certificates; relating to licensing of school bus drivers; relating to civil penalties for an organization that facilitates the generation of child sexual abuse material; relating to social media and minors; and providing for an effective date.,2,2026-02-27,https://legiscan.com/AK/bill/HB47/2025
AK,1935319,,Civil Legal Services Fund,An Act relating to appropriations to the civil legal services fund.,2,2026-02-25,https://legiscan.com/AK/bill/HB48/2025
AK,1935288,,Tobacco/nicotine/e-cig Age; E-cig Tax,"An Act relating to tobacco, tobacco products, electronic smoking products, nicotine, and products containing nicotine; raising the minimum age to purchase, exchange, or possess tobacco, a product containing nicotine, or an electronic smoking product; relating to the tobacco use education and cessation fund; relating to the taxation of electronic smoking products and vapor products; and providing for an effective date.",1,2025-01-22,https://legiscan.com/AK/bill/HB49/2025
AK,1934721,,Snow Classics,An Act relating to snow classics.,2,2025-04-11,https://legiscan.com/AK/bill/HB50/2025
AK,1935069,,Appropriation Limit; Gov Budget,An Act relating to an appropriation limit; relating to the budget responsibilities of the governor; and providing for an effective date.,1,2025-01-22,https://legiscan.com/AK/bill/HB51/2025
AK,1935025,,Minors & Psychiatric Hospitals,An Act relating to the rights of minors undergoing evaluation or inpatient treatment at psychiatric hospitals; relating to the use of seclusion or restraint of minors at psychiatric hospitals; relating to a report published by the Department of Health; relating to inspections by the Department of Health of certain psychiatric hospitals; and providing for an effective date.,1,2025-01-22,https://legiscan.com/AK/bill/HB52/2025
AK,1935103,,Approp: Operating Budget; Cap; Supp,An Act making appropriations for the operating and loan program expenses of state government and for certain programs; capitalizing funds; amending appropriations; making supplemental appropriations; and providing for an effective date.,4,2025-07-30,https://legiscan.com/AK/bill/HB53/2025
AK,1934911,,Approp: Capital/supplemental/funds,"An Act making appropriations, including capital appropriations and other appropriations; making reappropriations; making appropriations to capitalize funds; and providing for an effective date.",1,2025-01-22,https://legiscan.com/AK/bill/HB54/2025
AK,1934649,,Approp: Mental Health Budget,An Act making appropriations for the operating and capital expenses of the state&#39;s integrated comprehensive mental health program; and providing for an effective date.,4,2025-07-30,https://legiscan.com/AK/bill/HB55/2025
AK,1935214,,Approp: Supp; Fund Cap; Cap; Amending,An Act making supplemental appropriations and capital appropriations; amending appropriations; capitalizing funds; repealing appropriations; and providing for an effective date.,2,2025-04-03,https://legiscan.com/AK/bill/HB56/2025
AK,1934839,,Schools: Comm. Devices/class Size/funding,An Act relating to maximum classroom sizes in public schools; relating to education reports; relating to charter schools; relating to student transportation funding; relating to secondary school vocational and technical instruction funding; relating to the base student allocation; relating to reading proficiency incentive grants; relating to wireless telecommunications devices in public schools; relating to the use of tax revenue from highly digitized businesses; relating to the duties of the Department of Labor and Workforce Development; establishing the Task Force on Education Funding; and providing for an effective date.,4,2025-07-30,https://legiscan.com/AK/bill/HB57/2025
AK,1934573,,Opa: Public Advocate Appointment,An Act relating to the office of public advocacy; and relating to the public advocate.,2,2025-04-30,https://legiscan.com/AK/bill/HB58/2025
AK,1935176,,State-tribal Education Compacts,An Act relating to demonstration state-tribal education compacts; relating to demonstration state-tribal education compact schools; and providing for an effective date.,1,2025-01-22,https://legiscan.com/AK/bill/HB59/2025
AK,1934876,,Procure Pref: Agric. & Fish Products,An Act relating to municipal and state procurement preferences for agricultural products harvested in the state and fisheries products harvested or processed in the state; and providing for an effective date.,1,2025-01-22,https://legiscan.com/AK/bill/HB60/2025
AK,1934609,,Employment Of Minors,An Act relating to employment; relating to voluntary flexible work hour plans; relating to the employment of minors; and relating to hours worked by minors employed in the state.,1,2025-01-22,https://legiscan.com/AK/bill/HB61/2025
AK,1935141,,Sexual Assault Examination Kits/tracking,An Act relating to sexual assault examination kits; establishing the sexual assault examination kit tracking system; and providing for an effective date.,2,2025-05-16,https://legiscan.com/AK/bill/HB62/2025
AK,1934992,,School&election Bds; Voting; Elections,An Act relating to regional educational attendance area elections; relating to terms for members of regional school boards; relating to voter residence; relating to voter registration; relating to the inclusion of voter registration forms in permanent fund dividend applications; relating to election administration; relating to ballot counting; relating to absentee voting; relating to early voting; relating to voting by mail; relating to publication of election pamphlets; and relating to confidential information in voter registration records.,1,2025-01-22,https://legiscan.com/AK/bill/HB63/2025
AK,1940616,,Surrender Of Infants; Inf. Safety Device,An Act relating to the surrender of infants; and providing for an effective date.,1,2025-01-24,https://legiscan.com/AK/bill/HB64/2025
AK,1940572,,Railroad Corp. Financing,"An Act authorizing the Alaska Railroad Corporation to issue revenue bonds to finance the replacement of the Alaska Railroad Corporation&#39;s passenger dock and related terminal facility in Seward, Alaska; and providing for an effective date.",4,2025-03-10,https://legiscan.com/AK/bill/HB65/2025
AK,1940311,,Pretrial Services Supervision Agrmnts,An Act relating to pretrial services supervision agreements.,1,2025-01-24,https://legiscan.com/AK/bill/HB66/2025
AK,1940223,,Railroad Corp. Financing,"An Act authorizing the Alaska Railroad Corporation to issue revenue bonds to finance the replacement of the Alaska Railroad Corporation&#39;s passenger dock and related terminal facility in Seward, Alaska; and providing for an effective date.",1,2025-01-24,https://legiscan.com/AK/bill/HB67/2025
AK,1939960,,"Alcohol: Sale, Warning Signs",An Act relating to the sale of alcohol; and relating to the posting of warning signs for alcoholic beverages.,1,2025-01-24,https://legiscan.com/AK/bill/HB68/2025
AK,1941060,,Education: Funding,An Act relating to the base student allocation; and providing for an effective date.,5,2025-04-22,https://legiscan.com/AK/bill/HB69/2025
AK,1942388,,Emergency Med Svcs; Operational Canines,"An Act relating to emergency medical services for operational canines; relating to the powers, duties, and liability of emergency medical technicians and mobile intensive care paramedics; relating to the practice of veterinary medicine; relating to civil liability of veterinarians; and providing for an effective date.",5,2025-07-30,https://legiscan.com/AK/bill/HB70/2025
AK,1942333,,Obstruction Of Certain Public Places,An Act relating to obstruction; and providing for an effective date.,1,2025-01-27,https://legiscan.com/AK/bill/HB71/2025
AK,1942730,,Timber Management Leases,An Act relating to timber on state lands; relating to timber management leases; and providing for an effective date.,1,2025-01-27,https://legiscan.com/AK/bill/HB72/2025
AK,1942660,,Complex Care Residential Homes,An Act relating to complex care residential homes; and providing for an effective date.,2,2025-05-14,https://legiscan.com/AK/bill/HB73/2025
AK,1946160,,Crime Counterfeit/nonfunctioning Airbag,An Act establishing the crime of airbag fraud.,1,2025-01-29,https://legiscan.com/AK/bill/HB74/2025
AK,1950600,,Perm Fund; Employment; Eligibility,An Act relating to national criminal history record checks for certain employees of the Department of Revenue; relating to allowable absences for eligibility for a permanent fund dividend; relating to electronic notice of debt collection executed on a permanent fund dividend; and providing for an effective date.,4,2025-07-30,https://legiscan.com/AK/bill/HB75/2025
AK,1950795,,Education:schools; Grants; Funding; Debt,An Act relating to education; relating to public school attendance; relating to mobile communication devices in schools; relating to reading proficiency incentive grants; relating to authorization of charter schools; relating to transportation of students; relating to school bond debt reimbursement; relating to funding and reporting by Alaska technical and vocational education programs; authorizing lump sum payments for certain teachers as retention and recruitment incentives; and providing for an effective date.,1,2025-01-31,https://legiscan.com/AK/bill/HB76/2025
AK,1950834,,Mail Theft,An Act making the theft of mail or an article within mail theft in the second degree.,1,2025-01-31,https://legiscan.com/AK/bill/HB77/2025
AK,1950746,,Retirement Systems; Defined Benefit Opt.,An Act relating to the public employees&#39; retirement system and the teachers&#39; retirement system; and providing certain employees an opportunity to choose between the defined benefit and defined contribution plans of the public employees&#39; retirement system and the teachers&#39; retirement system.,2,2025-05-12,https://legiscan.com/AK/bill/HB78/2025
AK,1950508,,Naming Vic Fischer Shoup Bay Marine Park,An Act naming the Vic Fischer Shoup Bay State Marine Park.,2,2025-04-14,https://legiscan.com/AK/bill/HB79/2025
AK,1950416,,Residential Building Code,An Act relating to minimum standards for residential buildings; relating to construction contractors and residential contractor endorsements; establishing the Alaska State Residential Building Safety Council; and providing for an effective date.,1,2025-01-31,https://legiscan.com/AK/bill/HB80/2025
AK,1952252,,Access To Marijuana Conviction Records,An Act restricting the release of certain records of convictions; and providing for an effective date.,1,2025-02-03,https://legiscan.com/AK/bill/HB81/2025
AK,1963624,,Designate State Dinosaur,An Act designating a state dinosaur; and providing for an effective date.,1,2025-02-10,https://legiscan.com/AK/bill/HB82/2025
AK,1963698,,Reject Comp Commission Recommendations,An Act disapproving the recommendations of the State Officers Compensation Commission; and providing for an effective date.,1,2025-02-10,https://legiscan.com/AK/bill/HB83/2025
AK,1963885,,State Officers Comp Comm,An Act relating to the State Officers Compensation Commission; and relating to policies of the Alaska Legislative Council regarding allowances and reimbursement for moving expenses.,1,2025-02-10,https://legiscan.com/AK/bill/HB84/2025
AK,1963661,,Approp: Supplemental,"An Act making supplemental appropriations, reappropriations, and other appropriations; amending appropriations; capitalizing funds; repealing appropriations; and providing for an effective date.",1,2025-02-10,https://legiscan.com/AK/bill/HB85/2025
AK,1963847,,Publication & Use Of Communications,An Act relating to unauthorized publication and use of communications; and relating to eavesdropping.,1,2025-02-10,https://legiscan.com/AK/bill/HB86/2025
AK,1964031,,Women's History Month,An Act establishing the month of March as Women&#39;s History Month.,1,2025-02-10,https://legiscan.com/AK/bill/HB87/2025
AK,1963923,,Tuition Waivers For Family Of Armed Svs,"An Act relating to tuition waivers for spouses and dependents of certain peace officers, firefighters, and members of the armed services; and providing for an effective date.",1,2025-02-10,https://legiscan.com/AK/bill/HB88/2025
AK,1963810,,Gun Violence Protective Orders,"An Act relating to gun violence protective orders; relating to the crime of violating a protective order; relating to a central registry for protective orders; relating to the powers of district judges and magistrates; amending Rules 4 and 65, Alaska Rules of Civil Procedure, and Rule 9, Alaska Rules of Administration; and providing for an effective date.",1,2025-02-10,https://legiscan.com/AK/bill/HB89/2025
AK,1963589,,Financial Literacy Program In Schools,An Act establishing a financial literacy education program for public schools; and providing for an effective date.,1,2025-02-10,https://legiscan.com/AK/bill/HB90/2025
AK,1964096,,Marijuana: Tax/retail Stores/registration,An Act relating to the lawful operation of retail marijuana stores; relating to marijuana cultivation; relating to the registration of marijuana establishments; relating to marijuana taxes; relating to the duties of the Department of Revenue; and providing for an effective date.,1,2025-02-10,https://legiscan.com/AK/bill/HB91/2025
AK,1963994,,Cpr Curriculum,An Act relating to cardiopulmonary resuscitation education in public schools; relating to the duties of the Department of Education and Early Development; and providing for an effective date.,1,2025-02-10,https://legiscan.com/AK/bill/HB92/2025
AK,1964066,,"Residency Req: Hunting, Trapping, Fishing","An Act changing the residency requirements for hunting, trapping, and sport fishing privileges; and providing for an effective date.",2,2026-01-30,https://legiscan.com/AK/bill/HB93/2025
AK,1967314,,Marijuana: Tax/registration; Income Tax,An Act relating to the registration of marijuana establishments; relating to a tax exemption for qualified small businesses; relating to marijuana taxes; and providing for an effective date.,1,2025-02-12,https://legiscan.com/AK/bill/HB94/2025
AK,1967062,,Board Of Licensed Midwives,An Act relating to midwives and the practice of midwifery; relating to apprentice midwives; renaming the Board of Certified Direct-Entry Midwives as the Board of Licensed Midwives; relating to the Board of Licensed Midwives; extending the termination date of the Board of Certified Direct-Entry Midwives; relating to insurance; and providing for an effective date.,1,2025-02-12,https://legiscan.com/AK/bill/HB95/2025
AK,1967556,,Home Care Employment Standards Adv Board,An Act establishing the Home Care Employment Standards Advisory Board; relating to payment for personal care services; and providing for an effective date.,1,2025-02-12,https://legiscan.com/AK/bill/HB96/2025
AK,1967018,,Org. Retail Theft/fund;mktplace Sales Tax,An Act relating to theft; relating to organized retail theft; relating to property crimes; relating to aggravating factors at sentencing; establishing a statewide marketplace facilitator sales tax; and establishing the organized retail theft fund in the general fund.,1,2025-02-12,https://legiscan.com/AK/bill/HB97/2025
AK,1967274,,Maximum Pupil-teacher Ratio,An Act relating to a maximum pupil-teacher ratio in public schools; relating to the duties of school districts and governing bodies of school districts; and providing for an effective date.,1,2025-02-12,https://legiscan.com/AK/bill/HB98/2025
AK,1967482,,Money Transmission; Virtual Currency,"An Act relating to the business of money transmission; relating to licenses for money transmission, licensure requirements, and registration through a nationwide multistate licensing system; relating to the use of virtual currency for money transmission; relating to authorized delegates of a licensee; relating to acquisition of control of a license; relating to record retention and reporting requirements; authorizing the Department of Commerce, Community, and Economic Development to cooperate with other states in the regulation of money transmission; relating to permissible investments; relating to violations and enforcement of money transmission laws; relating to exemptions to money transmission licensure requirements; relating to payroll processing services; relating to currency exchange licenses; amending Rules 79 and 82, Alaska Rules of Civil Procedure; and providing for an effective date.",1,2025-02-12,https://legiscan.com/AK/bill/HB99/2025
AK,1967399,,Federal Political Campaign Tax,An Act establishing a tax on federal campaign spending in the state; and providing for an effective date.,1,2025-02-12,https://legiscan.com/AK/bill/HB100/2025
AK,1967440,,Crimes Against Minors; Age Consent To 18,An Act relating to civil claims by victims of sexual abuse of a minor; relating to homicide; relating to assault in the third degree; relating to stalking; relating to sexual abuse of a minor; relating to enticement of a minor; relating to endangering the welfare of a child; relating to indecent exposure; relating to sending an explicit image of a minor; relating to solicitation or production of an indecent picture of a minor; relating to distribution of indecent material to minors; relating to the testimony of children in criminal proceedings; relating to sentencing; and providing for an effective date.,2,2025-05-19,https://legiscan.com/AK/bill/HB101/2025
AK,1971494,,Dir Deposit Pfd In Investment Acct,An Act relating to depositing permanent fund dividends into investment accounts; and providing for an effective date.,1,2025-02-14,https://legiscan.com/AK/bill/HB102/2025
AK,1971108,,Firefighter Workers Comp Requirements,An Act relating to coverage for disability from diseases for certain firefighters; and providing for an effective date.,1,2025-02-14,https://legiscan.com/AK/bill/HB103/2025
AK,1971397,,Address Confidentiality Program,An Act creating and relating to the address confidentiality program; and providing for an effective date.,1,2025-02-14,https://legiscan.com/AK/bill/HB104/2025
AK,1971350,,Public Schools: Mental Health Education,An Act relating to mental health education.,1,2025-02-14,https://legiscan.com/AK/bill/HB105/2025
AK,1971018,,Theft: Organized; Med. Records; Mail,An Act relating to organized theft; relating to theft of medical records and medical information; relating to mail theft; and providing for an effective date.,1,2025-02-14,https://legiscan.com/AK/bill/HB106/2025
AK,1971156,,Employee Retirement Benefits/sbs,"An Act relating to supplemental employee benefits; relating to retirement benefits of peace officers and firefighters hired after June 30, 2006; and providing for an effective date.",1,2025-02-14,https://legiscan.com/AK/bill/HB107/2025
AK,1972087,,Peace Officer Retirement Benefits,An Act relating to participation of certain peace officers in the defined benefit and defined contribution plans of the Public Employees&#39; Retirement System of Alaska; and providing for an effective date.,1,2025-02-17,https://legiscan.com/AK/bill/HB108/2025
AK,1975594,,State Land For Recreational Cabin Sites,An Act relating to the lease and sale of state land for recreational cabin sites; and providing for an effective date.,1,2025-02-19,https://legiscan.com/AK/bill/HB109/2025
AK,1979531,,Social Work Licensure Compact,An Act relating to a social work licensure compact; relating to the practice of social work; and providing for an effective date.,2,2026-02-11,https://legiscan.com/AK/bill/HB110/2025
AK,1979378,,Finfish Farms And Products,An Act relating to finfish farms and finfish farm products; and providing for an effective date.,1,2025-02-21,https://legiscan.com/AK/bill/HB111/2025
AK,1979234,,Approp: Special Education Appropriation,An Act making a special appropriation to the Department of Education and Early Development for public education that appropriates the same base student allocation equivalent funding appropriated for fiscal year 2025; and providing for an effective date.,1,2025-02-21,https://legiscan.com/AK/bill/HB112/2025
AK,1981709,,Tax Exemption: Small Business,An Act relating to a tax exemption for qualified small businesses; and providing for an effective date.,1,2025-02-24,https://legiscan.com/AK/bill/HB113/2025
AK,1984921,,"Permanent Fund, Perm Fund Dividends","An Act relating to the Alaska permanent fund; relating to permanent fund dividends; relating to the use of state income from mineral lease rentals, royalties, royalty sale proceeds, federal mineral revenue sharing payments, and bonuses from mineral leases; relating to contributions from permanent fund dividends to the general and permanent funds; and providing for an effective date.",1,2025-02-26,https://legiscan.com/AK/bill/HB114/2025
AK,1984484,,Residential Rent Increase Notice,An Act relating to increases in rent for dwelling units.,1,2025-02-26,https://legiscan.com/AK/bill/HB115/2025
AK,1985139,,Commercial Fishing Insurance Co-op,An Act exempting from insurance regulation cooperative agreements entered into by two or more persons engaged in commercial fishing for the purpose of paying claims or losses.,4,2025-07-30,https://legiscan.com/AK/bill/HB116/2025
AK,1985494,,Commercial Fishing; Set Gillnet Coop,An Act relating to commercial set gillnet fishing; and providing for an effective date.,1,2025-02-26,https://legiscan.com/AK/bill/HB117/2025
AK,1984774,,Council On Human And Sex Trafficking,An Act establishing the Council on Human and Sex Trafficking; and providing for an effective date.,1,2025-02-26,https://legiscan.com/AK/bill/HB118/2025
AK,1985066,,Gas Pipeline Fairbanks Spur,An Act relating to an in-state natural gas pipeline developed by the Alaska Gasline Development Corporation; and providing for an effective date.,1,2025-02-26,https://legiscan.com/AK/bill/HB119/2025
AK,1984631,,Sale Of Alaska Railroad,An Act relating to the sale of the Alaska Railroad; and providing for an effective date.,1,2025-02-26,https://legiscan.com/AK/bill/HB120/2025
AK,1989325,,Accounting; Private Pro. Conservators,"An Act relating to the practice of accounting; relating to private professional conservators; amending Rule 17(e), Alaska Rules of Probate Procedure; and providing for an effective date.",4,2025-07-30,https://legiscan.com/AK/bill/HB121/2025
AK,1989324,,School Funding; Local Contribution,An Act relating to education; relating to local contributions of a city or borough school district; relating to school funding; and providing for an effective date.,1,2025-02-28,https://legiscan.com/AK/bill/HB122/2025
AK,1992632,,"Taxation: Vehicle Rentals, Subpoenas",An Act relating to vehicle rental taxes; relating to the issuance of subpoenas related to tax records; and providing for an effective date.,4,2025-07-30,https://legiscan.com/AK/bill/HB123/2025
AK,1992223,,Aidea,An Act relating to the Alaska Industrial Development and Export Authority; and providing for an effective date.,1,2025-03-05,https://legiscan.com/AK/bill/HB124/2025
AK,1992048,,Board Of Fisheries Membership,An Act relating to membership of the Board of Fisheries.,2,2025-05-17,https://legiscan.com/AK/bill/HB125/2025
AK,1992169,,Reinstatement Native Corp/religious Corp,An Act relating to the reinstatement of Native village corporations; relating to the reinstatement of nonprofit corporations organized for a religious purpose and religious corporations; and providing for an effective date.,2,2025-05-18,https://legiscan.com/AK/bill/HB126/2025
AK,1992684,,Overtime Eligibility: Newspapers,An Act relating to the overtime pay exemption for certain newspaper employees.,1,2025-03-05,https://legiscan.com/AK/bill/HB127/2025
AK,1996599,,Chugach State Park Easements,An Act relating to Chugach State Park; and providing for an effective date.,1,2025-03-10,https://legiscan.com/AK/bill/HB128/2025
AK,1996435,,Fisheries Prod Development Tax Credit,"An Act relating to the fisheries product development tax credit; providing for an effective date by amending the effective date of sec. 2, ch. 31, SLA 2022; and providing for an effective date.",1,2025-03-10,https://legiscan.com/AK/bill/HB129/2025
AK,1996517,,State Employees: Flexible Time Credit,An Act relating to flexible time credit for classified employees in the executive branch who are not eligible for overtime compensation.,1,2025-03-10,https://legiscan.com/AK/bill/HB130/2025
AK,1996265,,Nursing: Licensure; Multistate Compact,An Act relating to the licensure of nursing professionals; relating to a multistate nurse licensure compact; and providing for an effective date.,1,2025-03-10,https://legiscan.com/AK/bill/HB131/2025
AK,2000264,,"Loans Under $25,000; Payday Loans","An Act relating to loans in an amount of $25,000 or less; relating to the Nationwide Multistate Licensing System and Registry; relating to deferred deposit advances; and providing for an effective date.",1,2025-03-11,https://legiscan.com/AK/bill/HB132/2025
AK,2005035,,Payment Of Contracts,"An Act establishing a 30-day deadline for the payment of contracts under the State Procurement Code; establishing deadlines for the payment of grants, contracts, and reimbursement agreements to nonprofit organizations, municipalities, and Alaska Native organizations; relating to payment of grants to named recipients that are not municipalities; and providing for an effective date.",1,2025-03-12,https://legiscan.com/AK/bill/HB133/2025
AK,2007862,,Misconduct Involving Weapons,An Act relating to misconduct involving weapons in the fourth degree; and establishing the offense of misconduct involving weapons in the sixth degree.,1,2025-03-14,https://legiscan.com/AK/bill/HB134/2025
AK,2008141,,Duties Of Asmi Board; Meaning Of Seafood,An Act relating to the duties of the Alaska Seafood Marketing Institute; and relating to the seafood marketing assessment.,1,2025-03-14,https://legiscan.com/AK/bill/HB135/2025
AK,2007591,,Railroad Utility Corridors,An Act relating to use of railroad easements.,1,2025-03-14,https://legiscan.com/AK/bill/HB136/2025
AK,2009303,,Pfd/child Support,An Act relating to permanent fund dividends for individuals owing child support; and relating to applications and qualifications for permanent fund dividends for individuals owing child support.,1,2025-03-17,https://legiscan.com/AK/bill/HB137/2025
AK,2008948,,Beh. Health Crisis Surcharge & Fund,An Act establishing a behavioral health crisis services surcharge; establishing the behavioral health crisis services fund; and providing for an effective date.,1,2025-03-17,https://legiscan.com/AK/bill/HB138/2025
AK,2009036,,Rent Governors Mansion,An Act relating to renting the governor&#39;s mansion; and providing for an effective date.,1,2025-03-17,https://legiscan.com/AK/bill/HB139/2025
AK,2009216,,Create Department Of Agriculture,An Act establishing the Department of Agriculture; relating to the establishment of the Department of Agriculture; transferring functions of the Department of Natural Resources related to agriculture to the Department of Agriculture; and providing for an effective date.,1,2025-03-17,https://legiscan.com/AK/bill/HB140/2025
AK,2012537,,Public Buildings: Changing Facilities,An Act relating to universal changing facilities in public buildings.,1,2025-03-21,https://legiscan.com/AK/bill/HB141/2025
AK,2012580,,Railroad Land; Consent For Public Use,An Act relating to use of railroad land for public purposes.,1,2025-03-21,https://legiscan.com/AK/bill/HB142/2025
AK,2012601,,Firearm Financial Privacy,"An Act relating to the privacy of firearm transactions; relating to discrimination against firearm retailers by financial institutions and payment networks; relating to the disclosure of financial records by financial institutions and payment networks; and amending Rules 65 and 82, Alaska Rules of Civil Procedure.",1,2025-03-21,https://legiscan.com/AK/bill/HB143/2025
AK,2012449,,Insurance; Prior Authorizations,An Act relating to prior authorization requests for medical care covered by a health care insurer; relating to a prior authorization application programming interface; relating to step therapy; and providing for an effective date.,1,2025-03-21,https://legiscan.com/AK/bill/HB144/2025
AK,2012516,,Mobile Sports Wagering; Tax,An Act authorizing mobile sports wagering; relating to the regulation of mobile sports wagering; imposing a tax on mobile sports wagering revenue; relating to criminal history record checks for licensure to operate mobile sports wagering; and providing for an effective date.,1,2025-03-21,https://legiscan.com/AK/bill/HB145/2025
AK,2012429,,Public Employee Personal Information,An Act prohibiting public employers from disclosing certain public employee personal information; making disclosure of certain public employee personal information an unfair labor practice; and creating an exception to the Public Records Act for certain public employee personal information.,1,2025-03-21,https://legiscan.com/AK/bill/HB146/2025
AK,2012407,,Practice Of Naturopathy,An Act relating to the practice of naturopathy.,1,2025-03-21,https://legiscan.com/AK/bill/HB147/2025
AK,2012619,,Omnibus Insurance Bill,An Act relating to insurance; and providing for an effective date.,1,2025-03-21,https://legiscan.com/AK/bill/HB148/2025
AK,2012495,,Pharmacy Benefits Manager;3rd Party Admin,An Act relating to pharmacy benefits managers; relating to third-party administrators; and providing for an effective date.,1,2025-03-21,https://legiscan.com/AK/bill/HB149/2025
AK,2012386,,Child Trafficking Screening,"An Act requiring the Department of Family and Community Services to develop a shared screening methodology; requiring shelters for runaway minors to screen minors for victimization relating to sexual abuse, sex trafficking, and commercial sexual exploitation; requiring the Department of Family and Community Services to screen children in need of aid for victimization relating to sexual abuse, sex trafficking, and commercial sexual exploitation; and relating to the duty of the Department of Family and Community Services to investigate the experiences of missing children in need of aid who have been located.",1,2025-03-21,https://legiscan.com/AK/bill/HB150/2025
AK,2013603,,Medical Assistance: Children Under Age 6,An Act relating to continuous eligibility for medical assistance for children under six years of age; and providing for an effective date.,1,2025-03-24,https://legiscan.com/AK/bill/HB151/2025
AK,2013554,,Education Tax,"An Act establishing an education tax on the income of individuals, partners, shareholders in S corporations, trusts, and estates; repealing tax credits applied against the tax on individuals under the Alaska Net Income Tax Act; and providing for an effective date.",1,2025-03-24,https://legiscan.com/AK/bill/HB152/2025
AK,2013340,,Utilities: Renewable Portfolio Standard,An Act relating to generation of electricity from renewable energy resources; relating to a renewable portfolio standard; relating to power cost equalization; and providing for an effective date.,1,2025-03-24,https://legiscan.com/AK/bill/HB153/2025
AK,2013502,,Summer Ebt Benefits For Children,An Act relating to the summer electronic benefits transfer program for children.,1,2025-03-24,https://legiscan.com/AK/bill/HB154/2025
AK,2015016,,Alcohol Sales: Local Option,"An Act relating to alcohol; relating to local option elections; relating to the statewide database of alcohol purchases; relating to alcohol licenses, endorsements, and permits; relating to municipal regulation and taxation of alcoholic beverages; and providing for an effective date.",1,2025-03-26,https://legiscan.com/AK/bill/HB155/2025
AK,2015496,,Disclosure Of Wage Information,"An Act relating to disclosure of information regarding employee compensation by employers, employees, and applicants for employment.",1,2025-03-26,https://legiscan.com/AK/bill/HB156/2025
AK,2015069,,Effect Of Adoption Decree On Siblings,An Act relating to the effect of a decree of adoption or termination of parental rights on the legal relationship between a person and the person&#39;s siblings; and providing for an effective date.,1,2025-03-26,https://legiscan.com/AK/bill/HB157/2025
AK,2015215,,Professional Licensing; Temp Permits,An Act relating to professional licensing; relating to temporary licenses for certain professions; and providing for an effective date.,1,2025-03-26,https://legiscan.com/AK/bill/HB158/2025
AK,2015098,,Property Possession And Property Crimes,"An Act relating to the removal of unlawful occupants from residential real property; relating to the crimes of trespass, forgery, and deceptive business practices; and amending Rules 82 and 85(a), Alaska Rules of Civil Procedure.",1,2025-03-26,https://legiscan.com/AK/bill/HB159/2025
AK,2016439,,Municipal School Board Terms,An Act relating to the terms of office of municipal school board members; and providing for an effective date.,1,2025-03-28,https://legiscan.com/AK/bill/HB160/2025
AK,2016342,,Paid Sick Leave Exemption,An Act relating to minimum paid sick leave requirements; and providing for an effective date.,1,2025-03-28,https://legiscan.com/AK/bill/HB161/2025
AK,2016496,,Digital Product Repair,"An Act relating to the diagnosis, maintenance, and repair of products that use digital electronics to operate; adding an unlawful act to the Alaska Unfair Trade Practices and Consumer Protection Act; and providing for an effective date.",1,2025-03-28,https://legiscan.com/AK/bill/HB162/2025
AK,2016322,,Election Date; Election Holiday; Terms,"An Act relating to municipal and school board elections; declaring Election Day a holiday; relating to terms of office for municipal mayors, municipal governing bodies, elected utility boards, and school boards; and providing for an effective date.",1,2025-03-28,https://legiscan.com/AK/bill/HB163/2025
AK,2016548,,Net Metering Program & Fund,An Act relating to a net metering program; relating to reduced rates in the form of credits for consumer-generators; establishing a net metering reimbursement fund; and providing for an effective date.,1,2025-03-28,https://legiscan.com/AK/bill/HB164/2025
AK,2017506,,Maximum Class Size,An Act relating to maximum classroom sizes in public schools; relating to the duties of school districts; and providing for an effective date.,1,2025-03-31,https://legiscan.com/AK/bill/HB165/2025
AK,2019045,,Public Schools; Opioid Awareness Program,An Act relating to the duties of the Department of Education and Early Development; relating to public education; and relating to opioid abuse awareness and prevention.,1,2025-04-02,https://legiscan.com/AK/bill/HB166/2025
AK,2019185,,Harold Esmailka Airport At Ruby,An Act renaming Ruby Airport as Harold Esmailka Airport; and providing for an effective date.,1,2025-04-02,https://legiscan.com/AK/bill/HB167/2025
AK,2019017,,Civics Education,"An Act relating to civics education, civics assessments, and secondary school graduation requirements; and providing for an effective date.",1,2025-04-02,https://legiscan.com/AK/bill/HB168/2025
AK,2019380,,Municipal Property Tax Exemption,"An Act relating to a municipal property tax exemption for real property owned and occupied as the primary residence and permanent place of abode by a resident 65 years of age or older, a disabled veteran, or the widow or widower of a resident 65 years of age or older or a disabled veteran; and providing for an effective date.",1,2025-04-02,https://legiscan.com/AK/bill/HB169/2025
AK,2019157,,Reporting Violent Crimes,An Act relating to a failure to report a violent crime.,1,2025-04-02,https://legiscan.com/AK/bill/HB170/2025
AK,2018936,,Interchange Fees: Tax & Gratuity,An Act relating to interchange fees on tax and gratuity; and relating to the Alaska Unfair Trade Practices and Consumer Protection Act.,1,2025-04-02,https://legiscan.com/AK/bill/HB171/2025
AK,2020022,,Correctional Facilities; Placement,An Act relating to correctional facilities; relating to the authority of the commissioner of corrections to designate the placement of prisoners; and requiring the Department of Corrections to estimate and report certain cost savings.,1,2025-04-03,https://legiscan.com/AK/bill/HB172/2025
AK,2021195,,Occupational Therapy Licensure Compact,An Act relating to occupational therapist licensure; relating to occupational therapy assistant licensure; and relating to an occupational therapist licensure compact.,2,2025-05-12,https://legiscan.com/AK/bill/HB173/2025
AK,2021075,,"Reaa Fund: Mt. Edgecumbe, Teacher Housing",An Act relating to the regional educational attendance area and small municipal school district fund; relating to Mt. Edgecumbe High School; and relating to teacher housing.,5,2025-07-30,https://legiscan.com/AK/bill/HB174/2025
AK,2022110,,"Rca: Chair Term, Member Qualifications",An Act relating to the term of the chair of the Regulatory Commission of Alaska; and relating to the qualifications of members of the Regulatory Commission of Alaska.,1,2025-04-09,https://legiscan.com/AK/bill/HB175/2025
AK,2022193,,University Of Alaska Fees,An Act relating to notice of new fees and fee increases from the University of Alaska; relating to billing statements from the University of Alaska; and providing for an effective date.,2,2026-02-06,https://legiscan.com/AK/bill/HB176/2025
AK,2022267,,Bd Of Fish & Bd Of Game Meetings,An Act relating to meetings of the Board of Fisheries and the Board of Game; and providing for an effective date.,1,2025-04-09,https://legiscan.com/AK/bill/HB177/2025
AK,2022176,,"Medical Debt: Information, Discrimination",An Act relating to medical debt and consumer credit reporting agencies; relating to discriminatory practices based on the medical debt of a person; and providing for an effective date.,1,2025-04-09,https://legiscan.com/AK/bill/HB178/2025
AK,2022154,,Notice Reqs. For State Actions,An Act relating to notice requirements for certain state actions.,1,2025-04-09,https://legiscan.com/AK/bill/HB179/2025
AK,2022258,,Electronic Driver's Licenses,An Act relating to the powers of the commissioner of administration with respect to motor vehicles; relating to electronic identification cards; relating to electronic driver&#39;s licenses and permits; and providing for an effective date.,1,2025-04-09,https://legiscan.com/AK/bill/HB180/2025
AK,2022213,,Contractor Bonds,An Act relating to bond requirements for contractors.,1,2025-04-09,https://legiscan.com/AK/bill/HB181/2025
AK,2023539,,Alcohol License: Live Music/entertainment,"An Act relating to live music and entertainment at breweries, wineries, and distilleries.",1,2025-04-11,https://legiscan.com/AK/bill/HB182/2025
AK,2023529,,Early Education Programs,An Act relating to district-wide early education programs; and providing for an effective date.,1,2025-04-11,https://legiscan.com/AK/bill/HB183/2025
AK,2023548,,Aidea Finance Workforce Housing Develop.,An Act relating to financing by the Alaska Industrial Development and Export Authority for workforce housing development projects.,2,2026-02-27,https://legiscan.com/AK/bill/HB184/2025
AK,2023532,,Medical Assistance; Family Planning,An Act relating to medical assistance eligibility for family planning services; and providing for an effective date.,1,2025-04-11,https://legiscan.com/AK/bill/HB185/2025
AK,2023545,,Apprentice Labor In Public Projects,An Act relating to the use of apprentice labor in public construction projects; and relating to a report on the use of apprentice labor in public construction projects.,1,2025-04-11,https://legiscan.com/AK/bill/HB186/2025
AK,2023534,,Members Leg Council; Leg Budget & Audit,An Act relating to the membership of the legislative council; and relating to the membership of the Legislative Budget and Audit Committee.,1,2025-04-11,https://legiscan.com/AK/bill/HB187/2025
AK,2023537,,Welcoming Alaska Office,An Act establishing the welcoming Alaska office; establishing the welcoming Alaska center; establishing the Welcoming Alaska Advisory Committee; repealing the office of citizenship assistance; and providing for an effective date.,1,2025-04-11,https://legiscan.com/AK/bill/HB188/2025
AK,2023698,,Crim. Conv. Overturned: Receive Past Pfd,"An Act relating to a permanent fund dividend for an individual whose conviction has been vacated, reversed, or dismissed; and relating to the calculation of the value of the permanent fund dividend by including payment to individuals eligible for a permanent fund dividend because of a conviction that has been vacated, reversed, or dismissed.",1,2025-04-14,https://legiscan.com/AK/bill/HB189/2025
AK,2023712,,Child Care Assistance; Tax Credits,An Act relating to the insurance tax education credit; relating to the income tax education credit; relating to the oil or gas producer education credit; relating to the property tax education credit; relating to the mining business education credit; relating to the fisheries business education credit; relating to the fisheries resource landing tax education credit; renaming the day care assistance program the child care assistance program; relating to the child care assistance program and the child care grant program; and providing for an effective date.,1,2025-04-14,https://legiscan.com/AK/bill/HB190/2025
AK,2023741,,Invasive Species Management,An Act establishing the Alaska Invasive Species Council in the Department of Fish and Game; relating to management of invasive species; and providing for an effective date.,1,2025-04-14,https://legiscan.com/AK/bill/HB191/2025
AK,2023673,,Unemployment Benefits,An Act relating to the payment of unemployment compensation benefits; relating to a penalty for late unemployment benefit payments; relating to inflation adjustments to unemployment benefit amounts; relating to an insured worker&#39;s availability for work; and providing for an effective date.,1,2025-04-14,https://legiscan.com/AK/bill/HB192/2025
AK,2024019,,Unemployment Benefits; Paid Parent Leave,An Act establishing a paid parental leave program; relating to unemployment benefits; relating to the collection of child support obligations; and relating to the duties of the Department of Labor and Workforce Development.,1,2025-04-15,https://legiscan.com/AK/bill/HB193/2025
AK,2023994,,Approve Marathon Petro Royalty Oil Sale,An Act establishing an income tax on certain entities producing or transporting oil or gas in the state; approving and ratifying the sale of royalty oil by the State of Alaska to Marathon Petroleum Supply and Trading Company LLC.,2,2025-05-09,https://legiscan.com/AK/bill/HB194/2025
AK,2024114,,Pharmacist Prescription Authority,An Act relating to the prescription and administration of drugs and devices by pharmacists; relating to reciprocity for pharmacists; and providing for an effective date.,1,2025-04-15,https://legiscan.com/AK/bill/HB195/2025
AK,2024132,,Renewable Energy Grant Fund,An Act relating to carbon offset revenue; and relating to the renewable energy grant fund.,1,2025-04-15,https://legiscan.com/AK/bill/HB196/2025
AK,2024351,,Dentists; Hygienists; Bd Of Dental Exam.,An Act relating to the practice of dental hygiene; establishing an executive administrator position for the Board of Dental Examiners; and relating to the ownership of dental offices and clinics.,1,2025-04-16,https://legiscan.com/AK/bill/HB197/2025
AK,2024562,,Affirm. Defense For Disabling Trap/snare,An Act relating to the obstruction or hindrance of lawful trapping of game; and providing for an effective date.,1,2025-04-16,https://legiscan.com/AK/bill/HB198/2025
AK,2024417,,Ak Commercial Fishing & Ag Bank; Loans,"An Act relating to the Department of Commerce, Community, and Economic Development; relating to the Alaska Commercial Fishing and Agriculture Bank; relating to certain loans made by the Alaska Commercial Fishing and Agriculture Bank; and providing for an effective date.",1,2025-04-16,https://legiscan.com/AK/bill/HB199/2025
AK,2024487,,State Agency Publications,"An Act relating to the elimination or modification of state agency publications that are outdated, duplicative, or excessive.",1,2025-04-16,https://legiscan.com/AK/bill/HB200/2025
AK,2025654,,Campaign Finance Reports,An Act relating to certain reports required by the Alaska Public Offices Commission; and relating to the use of campaign contributions held by a candidate or group.,1,2025-04-22,https://legiscan.com/AK/bill/HB201/2025
AK,2025524,,Name State Vegetable Giant Cabbage,An Act designating giant cabbage as the official state vegetable; and providing for an effective date.,1,2025-04-22,https://legiscan.com/AK/bill/HB202/2025
AK,2025538,,Prohibit Bottom Trawling,An Act relating to the use of certain trawl or dredge fishing gear in state water; and providing for an effective date.,1,2025-04-22,https://legiscan.com/AK/bill/HB203/2025
AK,2025596,,Educ:enroll;charter Schools;bsa;telecomm,An Act relating to education; relating to open enrollment in public schools; relating to charter schools; relating to correspondence study programs; relating to the base student allocation; relating to the provision of special education and related services; relating to reading proficiency incentive grants; relating to wireless telecommunication devices in public schools; and providing for an effective date.,1,2025-04-22,https://legiscan.com/AK/bill/HB204/2025
AK,2025560,,"Oil And Gas: Waste, Discharge, Pollution",An Act relating to penalties for discharges of oil and other pollution violations; relating to the definition of &#39;waste&#39; in the Alaska Oil and Gas Conservation Act; and providing for an effective date.,1,2025-04-22,https://legiscan.com/AK/bill/HB205/2025
AK,2025577,,Oil And Gas Data,An Act relating to disclosure of oil and gas production tax information.,1,2025-04-22,https://legiscan.com/AK/bill/HB206/2025
AK,2026699,,Fire Station Grant Program,An Act relating to a matching grant program for fire station construction and renovation; and providing for an effective date.,1,2025-04-25,https://legiscan.com/AK/bill/HB207/2025
AK,2026914,,Lng Import Facilities,An Act relating to the regulation of liquefied natural gas import facilities by the Regulatory Commission of Alaska.,1,2025-04-28,https://legiscan.com/AK/bill/HB208/2025
AK,2026954,,Permanent Fund Dividend: Income Threshold,An Act relating to the Alaska permanent fund; relating to income of the Alaska permanent fund; relating to the amount available for appropriation and appropriations from the earnings reserve account; relating to the permanent fund dividend; and providing for an effective date.,1,2025-04-28,https://legiscan.com/AK/bill/HB209/2025
AK,2027657,,Peace Officers/firefighters: Disability,An Act relating to occupational disability benefits for peace officers and firefighters; and providing for an effective date.,1,2025-04-30,https://legiscan.com/AK/bill/HB210/2025
AK,2027596,,Insurance: Prepaid Legal Plans,An Act relating to insurance regulation of prepaid legal plans.,1,2025-04-30,https://legiscan.com/AK/bill/HB211/2025
AK,2027638,,Local Contributions By School Districts,An Act relating to the local contribution made by a city or borough school district; and providing for an effective date.,1,2025-04-30,https://legiscan.com/AK/bill/HB212/2025
AK,2027618,,Data Sharing; Social Security,An Act relating to data sharing by the Department of Administration for driver&#39;s license data verification purposes; and providing for an effective date.,1,2025-04-30,https://legiscan.com/AK/bill/HB213/2025
AK,2027649,,Motor Vehicles; Proof Of Insurance,An Act relating to proof of financial responsibility for suspension for nonpayment of judgments.,1,2025-04-30,https://legiscan.com/AK/bill/HB214/2025
AK,2027629,,"Arch, Eng, Land Survey: State Bd/practice","An Act extending the termination date of the State Board of Registration for Architects, Engineers, and Land Surveyors; relating to the State Board of Registration for Architects, Engineers, and Land Surveyors; relating to the practice of architecture, engineering, land surveyors, and landscape architecture; relating to scope of the certification requirements for architects, engineers, land surveyors, and landscape architects; relating to immunity for design professionals; relating to liens for labor or materials furnished; relating to the procurement of landscape architectural services; and providing for an effective date.",1,2025-04-30,https://legiscan.com/AK/bill/HB215/2025
AK,2028323,,Transfer Of Railroad Land To Whittier,An Act approving the transfer of land owned by the Alaska Railroad Corporation to the City of Whittier; and providing for an effective date.,2,2026-03-25,https://legiscan.com/AK/bill/HB216/2025
AK,2028252,,Autonomous Vehicles,An Act regulating autonomous vehicles; and providing for an effective date.,1,2025-05-02,https://legiscan.com/AK/bill/HB217/2025
AK,2028276,,Tanana Valley State Forest,An Act expanding the Tanana Valley State Forest; and providing for an effective date.,1,2025-05-02,https://legiscan.com/AK/bill/HB218/2025
AK,2029355,,Career/tech Education Tax Credit,An Act relating to a tax credit for career and technical education; and providing for an effective date.,1,2025-05-07,https://legiscan.com/AK/bill/HB219/2025
AK,2029396,,Easements & Rights Of Way In State Parks,An Act relating to easements and rights-of-way in state parks.,1,2025-05-07,https://legiscan.com/AK/bill/HB220/2025
AK,2029419,,Arts And Culture Day,An Act establishing June 21 as Alaska Arts and Culture Day; and providing for an effective date.,1,2025-05-07,https://legiscan.com/AK/bill/HB221/2025
AK,2029361,,Workplace Violence Protective Orders,"An Act relating to workplace violence protective orders; relating to attorney fees; relating to the crime of violating a protective order; relating to the powers of district judges and magistrates; amending Rules 4 and 65, Alaska Rules of Civil Procedure, and Rule 9, Alaska Rules of Administration; and providing for an effective date.",1,2025-05-07,https://legiscan.com/AK/bill/HB222/2025
AK,2029423,,Correspondence Study: Funding,An Act relating to special needs and intensive services funding for correspondence study programs; and providing for an effective date.,1,2025-05-07,https://legiscan.com/AK/bill/HB223/2025
AK,2030165,,Volunteer Labor Compliance Officer Prgm,An Act relating to volunteer labor compliance officers; and providing for an effective date.,1,2025-05-10,https://legiscan.com/AK/bill/HB224/2025
AK,2030164,,"Fluoride Supplements, Public Water System",An Act relating to prescription fluoride supplements; relating to the practice of pharmacy; and relating to fluoride in public water systems.,1,2025-05-10,https://legiscan.com/AK/bill/HB225/2025
AK,2030272,,Ahfc: Reduced Interest On Certain Loans,An Act increasing the loan amount that is eligible for lower interest rates on certain Alaska Housing Finance Corporation loans.,1,2025-05-12,https://legiscan.com/AK/bill/HB226/2025
AK,2031233,,Museums: Notice To Acquire Property,An Act relating to notice requirements allowing museums to acquire title to undocumented property.,1,2025-05-14,https://legiscan.com/AK/bill/HB227/2025
AK,2032294,,Jewish Heritage Month,An Act establishing the month of October as Jewish Heritage Month.,1,2025-05-16,https://legiscan.com/AK/bill/HB228/2025
AK,2032330,,Eliminate Daylight Saving Time,An Act exempting the state from daylight saving time; and providing for an effective date.,1,2025-05-17,https://legiscan.com/AK/bill/HB229/2025
AK,2032343,,Mobile Home Park: Purchase Opp/limit Rent,An Act relating to mobile home parks; and relating to limiting mobile home park rent increases.,1,2025-05-18,https://legiscan.com/AK/bill/HB230/2025
AK,2032418,,Edu:reports;teacher Retention;retirement,An Act relating to education; relating to education reports; relating to the duties of the Department of Education and Early Development; relating to teacher exit interviews conducted by school districts; relating to the teachers&#39; retirement system; relating to the public employee retirement system; and providing for an effective date.,1,2025-05-19,https://legiscan.com/AK/bill/HB231/2025
AK,2032464,,Minor Mental Health: Age Of Consent,An Act relating to the examination and treatment of minors; relating to consent for behavioral and mental health treatment for minors 16 years of age or older; and providing for an effective date.,1,2025-05-19,https://legiscan.com/AK/bill/HB232/2025
AK,2032648,,Bristol Bay Mining Prohibition,An Act prohibiting certain mining activities within the watershed of the Bristol Bay Fisheries Reserve.,1,2025-05-20,https://legiscan.com/AK/bill/HB233/2025
AK,2070535,,Pers: Emergency Dispatchers,An Act relating to emergency medical dispatchers; classifying dispatchers in police or fire departments and in state trooper offices as peace officers under the public employees&#39; retirement system; and providing for an effective date.,1,2026-01-20,https://legiscan.com/AK/bill/HB234/2025
AK,2070557,,"Pfas Use & Remediation, Water Testing",An Act relating to perfluoroalkyl and polyfluoroalkyl substances; relating to thermal remediation of perfluoroalkyl and polyfluoroalkyl substance contamination; and providing for an effective date.,1,2026-01-20,https://legiscan.com/AK/bill/HB235/2025
AK,2070300,,Sale Of Diet/muscle Growth Drugs/supps,An Act relating to the sale of weight-loss drugs and muscle-building supplements to minors; and relating to the regulation of weight-loss drugs and muscle-building supplements by municipalities.,1,2026-01-20,https://legiscan.com/AK/bill/HB236/2025
AK,2070728,,Mathematics Instruction,An Act relating to mathematics education; relating to the duties of the Department of Education and Early Development; and relating to the duties of school districts.,1,2026-01-20,https://legiscan.com/AK/bill/HB237/2025
AK,2070236,,Childhood Immunizations,An Act relating to the statewide immunization program; and relating to medical assistance for immunizations for children and adolescents 18 years of age or younger.,1,2026-01-20,https://legiscan.com/AK/bill/HB238/2025
AK,2070664,,Crim. Neg. Homicide; Failure To Assist,An Act relating to criminally negligent homicide; relating to the duty of an operator immediately after an accident; and providing for an effective date.,1,2026-01-20,https://legiscan.com/AK/bill/HB239/2025
AK,2070428,,Schools: Digital Harass & Impersonation,An Act requiring school districts to adopt a digital harassment and nonconsensual digital impersonation policy; and providing for an effective date.,1,2026-01-20,https://legiscan.com/AK/bill/HB240/2025
AK,2070257,,Psychology Interstate Compact,An Act relating to a psychology interjurisdictional compact; and relating to the practice of psychology.,1,2026-01-20,https://legiscan.com/AK/bill/HB241/2025
AK,2070643,,Sexual Assault By Health Care Worker,An Act relating to sexual assault.,1,2026-01-20,https://legiscan.com/AK/bill/HB242/2025
AK,2070514,,Barbers & Hairdressers Bd Licensing,"An Act relating to the powers and duties of the Board of Barbers and Hairdressers and the Department of Commerce, Community, and Economic Development; and providing for an effective date.",1,2026-01-20,https://legiscan.com/AK/bill/HB243/2025
AK,2070471,,Cna Training,An Act relating to certified nurse aide training; and providing for an effective date.,1,2026-01-20,https://legiscan.com/AK/bill/HB244/2025
AK,2070621,,"Workers Comp:tax Rate, Svc Fees, Elec Svc",An Act relating to workers&#39; compensation tax rate and service fees; and relating to electronic service of workers&#39; compensation documents.,1,2026-01-20,https://legiscan.com/AK/bill/HB245/2025
AK,2070321,,Special Education Service Agency Funding,An Act relating to allocations for the special education service agency; and providing for an effective date.,1,2026-01-20,https://legiscan.com/AK/bill/HB246/2025
AK,2070385,,Climate Change Response Fund & Grants,An Act relating to the climate change response fund and grant program; relating to a new oil surcharge; and providing for an effective date.,1,2026-01-20,https://legiscan.com/AK/bill/HB247/2025
AK,2070493,,Correspondence Study Program Assessment,An Act relating to correspondence study program student assessment participation; and providing for an effective date.,1,2026-01-20,https://legiscan.com/AK/bill/HB248/2025
AK,2070450,,Transfer Vehicle Title To Insurer,An Act relating to the transfer of a vehicle to an insurance company.,1,2026-01-20,https://legiscan.com/AK/bill/HB249/2025
AK,2070343,,Law Enforcement; Concealing One's Face,An Act establishing the crime of wearing a mask in public while acting as a peace officer; and providing for an effective date.,1,2026-01-20,https://legiscan.com/AK/bill/HB250/2025
AK,2084294,,Definitions Of Person/life,An Act relating to the definition of &#39;person&#39; in Alaska Statutes; relating to criminal law definitions; and providing for an effective date.,1,2026-01-20,https://legiscan.com/AK/bill/HB251/2025
AK,2084335,,Electric Utility Fire Prevention Plan,An Act relating to liability of an electric utility for contact between vegetation and the utility&#39;s facilities; and relating to electric utility wildland fire mitigation plans.,1,2026-01-20,https://legiscan.com/AK/bill/HB252/2025
AK,2084168,,Fisheries Enhancement Loan Program,An Act relating to the fisheries enhancement loan program; and providing for an effective date.,1,2026-01-20,https://legiscan.com/AK/bill/HB253/2025
AK,2084463,,Property Tax Assessment Increases,An Act relating to increases in property assessments.,1,2026-01-20,https://legiscan.com/AK/bill/HB254/2025
AK,2084005,,Senior Citizen Grants Dividend Raffle,An Act relating to permanent fund dividend raffles; creating the senior citizen grants endowment fund and the senior citizen grants dividend raffle fund; authorizing donations from permanent fund dividends for grants to organizations that provide support for senior citizens and for entry into the senior citizen grants dividend raffle; relating to transfers from the senior citizen grants endowment fund and the senior citizen grants dividend raffle fund; relating to the duties of the Department of Revenue; and relating to the definition of &#39;gambling.&#39;,1,2026-01-20,https://legiscan.com/AK/bill/HB255/2025
AK,2084248,,Military-connected Students & Schools,An Act relating to public school students connected to the military; relating to school funding for purple star designations; and providing for an effective date.,1,2026-01-20,https://legiscan.com/AK/bill/HB256/2025
AK,2084042,,Portable Solar Energy Generation Devices,An Act relating to the regulation of residential solar energy generation and portable solar generation devices.,1,2026-01-20,https://legiscan.com/AK/bill/HB257/2025
AK,2084377,,Statewide Spay & Neuter Program,An Act establishing a statewide spay and neuter assistance fund; establishing the statewide spay and neuter assistance program; relating to municipal control of feral domestic dogs and cats; relating to companion animal spay and neuter special request registration plates; relating to contributions from permanent fund dividends; and providing for an effective date.,1,2026-01-20,https://legiscan.com/AK/bill/HB258/2025
AK,2084123,,Large Energy Use Facilities,An Act relating to large energy use facilities; relating to electric and gas utilities; relating to community benefit agreements with municipalities; and relating to the duties of the Regulatory Commission of Alaska.,1,2026-01-20,https://legiscan.com/AK/bill/HB259/2025
AK,2084208,,Construction Project Wages & Liability,An Act relating to penalties for violating a requirement for a certificate of fitness; relating to joint and several liability for unpaid construction wages; and relating to the jurisdiction of the office of administrative hearings over certificate of fitness administrative fine hearings.,1,2026-01-20,https://legiscan.com/AK/bill/HB260/2025
AK,2084510,,Education Funding,An Act relating to education funding; and providing for an effective date.,1,2026-01-20,https://legiscan.com/AK/bill/HB261/2025
AK,2092343,,Number Of Superior Court Judges,An Act increasing the number of superior court judges in the third judicial district; and providing for an effective date.,1,2026-01-23,https://legiscan.com/AK/bill/HB262/2025
AK,2092112,,Approp: Operating Budget;amend;supp,"An Act making appropriations for the operating and loan program expenses of state government and for certain programs; capitalizing funds; amending appropriations; making supplemental appropriations; making appropriations under art. IX, sec. 17(c), Constitution of the State of Alaska, from the constitutional budget reserve fund; and providing for an effective date.",1,2026-01-23,https://legiscan.com/AK/bill/HB263/2025
AK,2092096,,Approp: Capital/funds/supp/reapprop,"An Act making appropriations, including capital appropriations, supplemental appropriations, and reappropriations; making appropriations to capitalize funds; and providing for an effective date.",1,2026-01-23,https://legiscan.com/AK/bill/HB264/2025
AK,2092274,,Approp: Mental Health Budget,An Act making appropriations for the operating and capital expenses of the state&#39;s integrated comprehensive mental health program; and providing for an effective date.,1,2026-01-23,https://legiscan.com/AK/bill/HB265/2025
AK,2092222,,Big Game Hunting Permits,An Act relating to the transfer of big game hunting permits; and providing for an effective date.,1,2026-01-23,https://legiscan.com/AK/bill/HB266/2025
AK,2091994,,Employer Contributions,An Act relating to employer contributions to the unemployment compensation fund; establishing an employer contribution for the state training and employment program; and providing for an effective date.,1,2026-01-23,https://legiscan.com/AK/bill/HB267/2025
AK,2092377,,Tax: Electric Coops/generation/storage,An Act relating to the taxation of electric cooperatives; relating to the taxation of electricity generation and electricity storage facilities; and providing for an effective date.,1,2026-01-23,https://legiscan.com/AK/bill/HB268/2025
AK,2092132,,Use Of Headlights Required,An Act relating to failure to use headlights.,1,2026-01-23,https://legiscan.com/AK/bill/HB269/2025
AK,2092239,,Opioid Overdose Drug Prescription,An Act relating to the prescription of opioid overdose drugs.,1,2026-01-23,https://legiscan.com/AK/bill/HB270/2025
AK,2092257,,Kitchen Lights Unit Royalty Modification,An Act relating to the royalty rate for the Kitchen Lights Unit; and providing for an effective date.,1,2026-01-23,https://legiscan.com/AK/bill/HB271/2025
AK,2092081,,Insurance For Prosthetics & Orthotics,An Act relating to insurance coverage for prosthetic and orthotic devices; relating to medical assistance for prosthetic and orthotic devices; and providing for an effective date.,1,2026-01-23,https://legiscan.com/AK/bill/HB272/2025
AK,2091917,,Dental Insurance & Direct Care Agreements,An Act relating to direct health care agreements; relating to dental health care insurance plans and dental loss ratios; and providing for an effective date.,1,2026-01-23,https://legiscan.com/AK/bill/HB273/2025
AK,2092292,,State Agency Review By Lb&a Committee,An Act relating to the powers and duties of the Legislative Budget and Audit Committee; relating to the powers and duties of the legislative audit division; providing for a sunset review of executive branch agencies; and providing for an effective date.,1,2026-01-23,https://legiscan.com/AK/bill/HB274/2025
AK,2092207,,Appropriation Limit,An Act relating to an appropriation limit; and providing for an effective date.,1,2026-01-23,https://legiscan.com/AK/bill/HB275/2025
AK,2092361,,Public Land:sale/lease/commercial Develop,An Act relating to state land; relating to contracts for the sale and lease of state land; relating to commercial development parks; and providing for an effective date.,1,2026-01-23,https://legiscan.com/AK/bill/HB276/2025
AK,2091944,,Trusts; Trust Proceedings; Trustees,An Act relating to trusts; relating to trust proceedings; relating to nonjudicial settlement agreements in trust matters; relating to the powers of trustees; and providing for an effective date.,1,2026-01-23,https://legiscan.com/AK/bill/HB277/2025
AK,2092310,,Economic Dev:ak-ireland Trade Comm.,An Act establishing the Alaska-Ireland Trade Commission; and providing for an effective date.,2,2026-03-25,https://legiscan.com/AK/bill/HB278/2025
AK,2091976,,Vaccination Requirements; Information,An Act relating to the power of the commissioner of health to require certain immunizations; relating to immunizations required to participate in youth athletics; relating to immunizations required by the University of Alaska; relating to the provision of vaccine information to the parents of minor patients; and providing for an effective date.,1,2026-01-23,https://legiscan.com/AK/bill/HB279/2025
AK,2092325,,Apportion Taxable Income;digital Business,An Act relating to the Multistate Tax Compact; relating to apportionment of income to the state; relating to highly digitized businesses subject to the Alaska Net Income Tax Act; and providing for an effective date.,1,2026-01-23,https://legiscan.com/AK/bill/HB280/2025
AK,2093478,,Cash Transactions: Rounding,An Act relating to rounding cash transactions to the nearest five cents.,1,2026-01-26,https://legiscan.com/AK/bill/HB281/2025
AK,2093510,,Automated Traffic Safety Cameras,An Act relating to municipal regulation of automated traffic safety cameras.,1,2026-01-26,https://legiscan.com/AK/bill/HB282/2025
AK,2093451,,Approp: Supplemental,"An Act making supplemental appropriations; making appropriations under art. IX, sec. 17(c), Constitution of the State of Alaska, from the constitutional budget reserve fund; and providing for an effective date.",1,2026-01-26,https://legiscan.com/AK/bill/HB283/2025
AK,2099478,,Tax Compact; Sales Tax; Oil & Gas Tax,An Act relating to the Multistate Tax Compact; relating to apportionment of income to the state; establishing a state sales and use tax; relating to taxes levied by cities and boroughs; relating to the corporate income tax; authorizing the Department of Revenue to enter into the Streamlined Sales and Use Tax Agreement or substantially similar agreement; relating to the oil and gas production tax; establishing an infrastructure maintenance surcharge on oil; establishing a pipeline corridor maintenance fund; and providing for an effective date.,1,2026-01-28,https://legiscan.com/AK/bill/HB284/2025
AK,2097979,,Health Information Exchange,An Act relating to the electronic health information exchange system; and providing for an effective date.,1,2026-01-28,https://legiscan.com/AK/bill/HB285/2025
AK,2100224,,Firefighter/ems Property Tax Exemption,An Act relating to an optional municipal tax exemption for the homes of volunteer firefighters and volunteer providers of emergency medical services or mobile intensive care paramedic services; and providing for an effective date.,1,2026-01-28,https://legiscan.com/AK/bill/HB286/2025
AK,2096474,,Community Health Worker Certification,An Act establishing a community health worker certification; relating to medical assistance coverage for certified community health worker services; and providing for an effective date.,1,2026-01-28,https://legiscan.com/AK/bill/HB287/2025
AK,2103609,,Local Contributions By School Districts,An Act relating to the local contribution made by a city or borough school district; and providing for an effective date.,1,2026-02-02,https://legiscan.com/AK/bill/HB288/2025
AK,2107490,,Approp: Supplemental,"An Act making appropriations, including supplemental appropriations, capital appropriations, reappropriations, and other appropriations; amending appropriations; capitalizing funds; and providing for an effective date.",2,2026-02-25,https://legiscan.com/AK/bill/HB289/2025
AK,2107695,,Delivery Of Resolutions,An Act relating to delivery of resolutions by the governor.,1,2026-02-04,https://legiscan.com/AK/bill/HB290/2025
AK,2107439,,Municipal Property Tax Exemptions,An Act relating to municipal exemptions from fees for landfills or dumping areas; and relating to optional municipal property tax exemptions.,1,2026-02-04,https://legiscan.com/AK/bill/HB291/2025
AK,2107646,,Insurance: Pediatric Neuropsych Disorders,An Act relating to insurance coverage for pediatric autoimmune neuropsychiatric disorders; and providing for an effective date.,1,2026-02-04,https://legiscan.com/AK/bill/HB292/2025
AK,2107852,,Genetic Couns: Licensing; Advisory Cncl.,An Act relating to the practice of genetic counseling; relating to the licensure of genetic counselors; establishing the Genetic Counseling Advisory Council; relating to the duties of the State Medical Board; relating to telehealth by licensed genetic counselors; relating to medical malpractice liability of licensed genetic counselors; relating to immunity from civil liability for a licensed genetic counselor providing free health care services; and prohibiting unfair discrimination under group health insurance against genetic counselors.,1,2026-02-04,https://legiscan.com/AK/bill/HB293/2025
AK,2110963,,Insurance Deductible Limits,An Act relating to health care insurance deductibles.,1,2026-02-06,https://legiscan.com/AK/bill/HB294/2025
AK,2110626,,Pfd Eligibility; Pilot Allowable Absence,An Act relating to allowable absences for eligibility for a permanent fund dividend; and providing for an effective date.,1,2026-02-06,https://legiscan.com/AK/bill/HB295/2025
AK,2111078,,Agricultural Land Leases,An Act relating to leases of state land for agricultural purposes; and providing for an effective date.,1,2026-02-06,https://legiscan.com/AK/bill/HB296/2025
AK,2111807,,Residence Preference: Fishery Resources,An Act establishing a preference for the taking of fishery resources by residents for personal and family consumption; adding to the factors the Board of Fisheries may consider in allocating certain fishery resources; and providing for an effective date.,1,2026-02-09,https://legiscan.com/AK/bill/HB297/2025
AK,2111976,,Legislative Ethics Cmte & Proceedings,An Act relating to the Legislative Ethics Act; relating to legislative subpoenas; relating to the jurisdiction of the office of the ombudsman; and providing for an effective date.,1,2026-02-09,https://legiscan.com/AK/bill/HB298/2025
AK,2111880,,Veterans; Sentence Prog; Crim Procedure,"An Act creating a veteran sentencing program; relating to release procedures; amending Rules 35 and 43, Alaska Rules of Criminal Procedure; and providing for an effective date.",1,2026-02-09,https://legiscan.com/AK/bill/HB299/2025
AK,2114462,,State Employees: Meals/travel Expenses,An Act relating to a meals and incidental expense allowance for state officials and employees; and providing for an effective date.,1,2026-02-11,https://legiscan.com/AK/bill/HB300/2025
AK,2114556,,Discrimination: Gender Id.;sexual Orient.,An Act relating to and prohibiting discrimination based on sexual orientation or gender identity or expression.,1,2026-02-11,https://legiscan.com/AK/bill/HB301/2025
AK,2114507,,Travel Insurance,An Act relating to travel insurance.,1,2026-02-11,https://legiscan.com/AK/bill/HB302/2025
AK,2116964,,Motor Vehicle Registration,An Act relating to the registration and titling of legally imported motor vehicles; and providing for an effective date.,1,2026-02-13,https://legiscan.com/AK/bill/HB303/2025
AK,2116892,,Sport Fish Surcharge,An Act relating to the duties of the commissioner of fish and game; establishing the sport fishing angler access account; establishing the sport fishing angler access surcharge; and providing for an effective date.,1,2026-02-13,https://legiscan.com/AK/bill/HB304/2025
AK,2116871,,Transportation Network Company Driver Pay,An Act relating to compensation of transportation network company drivers.,1,2026-02-13,https://legiscan.com/AK/bill/HB305/2025
AK,2116987,,Provision Of Alcohol: Civil Liability,An Act relating to civil liability of persons providing alcoholic beverages.,1,2026-02-13,https://legiscan.com/AK/bill/HB306/2025
AK,2117025,,Court-ordered Compensatory Visitation,An Act relating to court-ordered compensatory visitation with a child; and providing for an effective date.,1,2026-02-13,https://legiscan.com/AK/bill/HB307/2025
AK,2117474,,Blood/breath Alcohol Content Limits,"An Act relating to release before trial; relating to limitation of driver&#39;s licenses; relating to operating a vehicle, aircraft, or watercraft while under the influence of an alcoholic beverage; and providing for an effective date.",1,2026-02-16,https://legiscan.com/AK/bill/HB308/2025
AK,2117514,,Jonesville Public Use Area,An Act relating to the boundaries of the Jonesville Public Use Area; and providing for an effective date.,1,2026-02-16,https://legiscan.com/AK/bill/HB309/2025
AK,2117438,,Room Rent Tax,An Act establishing a bed tax; and providing for an effective date.,1,2026-02-16,https://legiscan.com/AK/bill/HB310/2025
AK,2117403,,License Plates: United States 250th Ann.,An Act relating to special registration plates commemorating the 250th anniversary of the United States of America; and providing for an effective date.,1,2026-02-16,https://legiscan.com/AK/bill/HB311/2025
AK,2119434,,State Energy Policy; Green Energy,An Act relating to a state energy policy; relating to the green energy grant fund; and providing for an effective date.,1,2026-02-18,https://legiscan.com/AK/bill/HB312/2025
AK,2119309,,Employee Organizations In Public Schools,An Act relating to professional employee organizations in public schools; and providing for an effective date.,1,2026-02-18,https://legiscan.com/AK/bill/HB313/2025
AK,2119384,,"Arch, Eng, Surveyors; Reg Int Design","An Act relating to registered interior designers and interior design; relating to project costs for the construction, enlargement, or improvement of airports; extending the termination date of the State Board of Registration for Architects, Engineers, and Land Surveyors; relating to the State Board of Registration for Architects, Engineers, and Land Surveyors; establishing requirements for the practice of registered interior design; relating to the practice of architecture, engineering, land surveying, landscape architecture, and registered interior design; relating to the scope of the certification requirements for architects, engineers, land surveyors, landscape architects, and registered interior designers; relating to immunity for design professionals; relating to the cost of construction for recreation centers; relating to liens for labor or materials furnished; relating to the procurement of landscape architectural and interior design services; relating to the cost of construction of safe water and hygienic sewage disposal facilities in villages; and providing for an effective date.",1,2026-02-18,https://legiscan.com/AK/bill/HB314/2025
AK,2119410,,"Apfc Trustee Qualifications, Confirmation",An Act relating to the qualifications and confirmation of appointees to the Board of Trustees of the Alaska Permanent Fund Corporation; and providing for an effective date.,1,2026-02-18,https://legiscan.com/AK/bill/HB315/2025
AK,2119481,,Adjust Damage Limit: Pers Inj/wrg Dth,An Act adjusting for inflation the limit for damages for losses that may be awarded for a personal injury or wrongful death.,1,2026-02-18,https://legiscan.com/AK/bill/HB316/2025
AK,2119334,,Dot: Wildland Urban Interface Maint Plan,An Act relating to maintenance of transportation facilities in wildland urban interface zones.,1,2026-02-18,https://legiscan.com/AK/bill/HB317/2025
AK,2119282,,Social Media/minors,An Act relating to use of social media platforms by minors; and providing for an effective date.,1,2026-02-18,https://legiscan.com/AK/bill/HB318/2025
AK,2119358,,Educational Service Areas & Bonds,An Act relating to municipal educational service areas; relating to municipal bonds; and providing for an effective date.,1,2026-02-18,https://legiscan.com/AK/bill/HB319/2025
AK,2119234,,Voter Registration & Pfd App Registration,An Act relating to voter registration and application for a permanent fund dividend.,1,2026-02-18,https://legiscan.com/AK/bill/HB320/2025
AK,2122300,,Fish & Game Wildlife Refuges,"An Act relating to state refuges, sanctuaries, and fish and game critical habitat areas; relating to the hunting of brown bear; and providing for an effective date.",1,2026-02-23,https://legiscan.com/AK/bill/HB321/2025
AK,2122438,,Office Of Public Whistleblower Advocate,An Act establishing the office of the public whistleblower advocate; relating to whistleblower protections; establishing the public whistleblower award fund; and relating to the jurisdiction of the superior court over whistleblower actions.,1,2026-02-23,https://legiscan.com/AK/bill/HB322/2025
AK,2122291,,Farm & Agricultural Land Assessments,An Act relating to municipal assessments of farm or agricultural land; and providing for an effective date.,1,2026-02-23,https://legiscan.com/AK/bill/HB323/2025
AK,2122376,,Virtual Currency Kiosks,An Act relating to virtual currency kiosks; relating to transactions involving virtual currency; and relating to unfair trade or deceptive acts or practices.,1,2026-02-23,https://legiscan.com/AK/bill/HB324/2025
AK,2122401,,Industrial Hemp,An Act relating to industrial hemp; and providing for an effective date.,1,2026-02-23,https://legiscan.com/AK/bill/HB325/2025
AK,2122327,,Prescription Of Abortion Drugs,An Act relating to abortion-inducing drugs.,1,2026-02-23,https://legiscan.com/AK/bill/HB326/2025
AK,2122503,,Rename Pfd Resource Dividend,An Act relating to dividends for state residents; relating to the dividend fund; and providing for an effective date.,1,2026-02-23,https://legiscan.com/AK/bill/HB327/2025
AK,2122241,,Public Utilities: Investment Surcharge,An Act relating to surcharges for strategic investments by public utilities.,1,2026-02-23,https://legiscan.com/AK/bill/HB328/2025
AK,2122451,,Electric Utility: Certificate Of Fitness,An Act relating to certificates of fitness for employees of an electric utility.,1,2026-02-23,https://legiscan.com/AK/bill/HB329/2025
AK,2122494,,Access To Electronic Health Records,An Act relating to access to electronic health records.,1,2026-02-23,https://legiscan.com/AK/bill/HB330/2025
AK,2122251,,"""alaska Grown"" Logo","An Act relating to the Alaska Grown program; and relating to the duties of the Department of Commerce, Community, and Economic Development.",1,2026-02-23,https://legiscan.com/AK/bill/HB331/2025
AK,2122487,,Microplastic Testing And Strategy Plan,An Act relating to microplastic testing; and relating to a microplastic strategy plan.,1,2026-02-23,https://legiscan.com/AK/bill/HB332/2025
AK,2122560,,Techincal Readiness & Career Training,An Act relating to technical readiness and career training education in public schools.,1,2026-02-23,https://legiscan.com/AK/bill/HB333/2025
AK,2122299,,"Unhoused Young Adults: Ids, Birth Cert.",An Act relating to the issuance of certified copies of birth certificates to unhoused young adults; and relating to the issuance of identification cards to unhoused young adults.,1,2026-02-23,https://legiscan.com/AK/bill/HB334/2025
AK,2122225,,Disaster Emergency Plan For Pets,An Act relating to veterinarians and veterinarian technicians; establishing a pet and service animal disaster emergency plan; relating to the Alaska State Emergency Response Commission; and relating to local emergency planning committees.,1,2026-02-23,https://legiscan.com/AK/bill/HB335/2025
AK,2122244,,Campaign Contribution Uses: Security,An Act relating to use of campaign funds; and providing for an effective date.,1,2026-02-23,https://legiscan.com/AK/bill/HB336/2025
AK,2122349,,Extend West Coast Storm Disaster,"An Act extending the governor&#39;s October 9, 2025, declaration of a disaster emergency in response to the 2025 West Coast Storm; and providing for an effective date.",1,2026-02-23,https://legiscan.com/AK/bill/HB337/2025
AK,2122394,,Retirement Savings Program,An Act establishing the Alaska Work and Save Program for employees who do not have access to a qualified retirement savings plan at work; relating to the duties of the commissioner of labor and workforce development; and providing for an effective date.,1,2026-02-23,https://legiscan.com/AK/bill/HB338/2025
AK,2122511,,Personal Finance Program In Schools,An Act establishing a personal finance education program for public schools; and providing for an effective date.,1,2026-02-23,https://legiscan.com/AK/bill/HB339/2025
AK,2122547,,Dietitian Licensure Compact,An Act relating to the dietitian licensure compact; and providing for an effective date.,1,2026-02-23,https://legiscan.com/AK/bill/HB340/2025
AK,2122344,,Proclaim May 8 World War Ii Victory Day,An Act establishing World War II Victory Day.,1,2026-02-23,https://legiscan.com/AK/bill/HB341/2025
AK,2122541,,Phys Lblty: Sex Reassign Procedure;minors,An Act relating to physician liability for sex-reassignment treatments or procedures performed on minors; relating to standardized informed consent forms for sex-reassignment treatments or procedures; relating to the duties of the State Medical Board; relating to informed consent for sex-reassignment treatments or procedures performed on minors; establishing the crime of criminal sex-reassignment treatment or procedure; and providing for an effective date.,1,2026-02-23,https://legiscan.com/AK/bill/HB342/2025
AK,2122275,,Right To Attend School; Military Transfer,An Act relating to earning secondary school course credit through assessment; and relating to a child&#39;s right to attend a public school.,1,2026-02-23,https://legiscan.com/AK/bill/HB343/2025
AK,2122462,,Opioid Settlement Fund,An Act establishing the opioid litigation settlement fund.,1,2026-02-23,https://legiscan.com/AK/bill/HB344/2025
AK,2122454,,Ag Cooperatives: Workers' Comp.,An Act exempting members of an agricultural cooperative from the Alaska Workers&#39; Compensation Act.,1,2026-02-23,https://legiscan.com/AK/bill/HB345/2025
AK,2122456,,"Airports: Municipal Zoning, Buffers",An Act relating to municipal zoning around airports; and relating to buffers between airports and nonindustrial property.,1,2026-02-23,https://legiscan.com/AK/bill/HB346/2025
AK,2122403,,Occupational Therapists & Assistants,An Act relating to occupational therapists and occupational therapy assistants; relating to the practice of physical therapy; and relating to the practice of occupational therapy.,1,2026-02-23,https://legiscan.com/AK/bill/HB347/2025
AK,2122430,,Release Of Feral Cats,An Act relating to feral cats.,1,2026-02-23,https://legiscan.com/AK/bill/HB348/2025
AK,2122517,,Civil Suit: Constitutional Rights,"An Act relating to civil liability for depriving a person of a right, privilege, or immunity secured by the United States Constitution.",1,2026-02-23,https://legiscan.com/AK/bill/HB349/2025
AK,2122266,,Qualified Entity Income Tax,An Act establishing an income tax on certain entities in the state; and providing for an effective date.,1,2026-02-23,https://legiscan.com/AK/bill/HB350/2025
AK,2122546,,Nursing: Licensure; Multistate Compact,An Act relating to the licensure of nursing professionals; relating to a multistate nurse licensure compact; relating to employment of nurses holding a multistate licensure privilege; relating to nurse staffing committees; relating to the ratio of nurses to patients in hospitals; relating to entities regulated by the Department of Health; and providing for an effective date.,1,2026-02-23,https://legiscan.com/AK/bill/HB351/2025
AK,2122313,,Healthcare Licensing Compacts,An Act relating to the interstate medical licensure compact; relating to the PA licensure compact; relating to the psychology interjurisdictional compact; and relating to the recognition of EMS personnel licensure interstate compact.,1,2026-02-23,https://legiscan.com/AK/bill/HB352/2025
AK,2122373,,Lease/sale Of Agricultural Land,An Act relating to the sale and lease of agricultural land; defining &#39;agricultural purposes&#39; under the Alaska Land Act; and providing for an effective date.,1,2026-02-23,https://legiscan.com/AK/bill/HB353/2025
AK,2122513,,Virtual Currency Kiosks,An Act relating to virtual currency kiosks; relating to transactions involving virtual currency; and providing for an effective date.,1,2026-02-23,https://legiscan.com/AK/bill/HB354/2025
AK,2122687,,Ag Loans/ag Cooperatives,An Act relating to agricultural loans; relating to agricultural cooperatives; relating to workers&#39; compensation; and providing for an effective date.,1,2026-02-23,https://legiscan.com/AK/bill/HB355/2025
AK,2122332,,Commercial Fishing Vessels,An Act relating to health and sanitary requirements and certain permits for commercial fishing vessels; and providing for an effective date.,1,2026-02-23,https://legiscan.com/AK/bill/HB356/2025
AK,2122214,,Fetal Heartbeat Act,"An Act relating to abortion; relating to who may perform an abortion; relating to civil enforcement of abortion laws; relating to abortion after the detection of a fetal heartbeat; amending Rules 3 and 82, Alaska Rules of Civil Procedure, and Rule 508, Alaska Rules of Appellate Procedure; and providing for an effective date.",1,2026-02-23,https://legiscan.com/AK/bill/HB357/2025
AK,2122415,,Career And Technical Education Grants,An Act establishing the career and technical education mobility grant program; relating to pre-apprenticeship and work-based learning opportunities for secondary school students; and providing for an effective date.,1,2026-02-23,https://legiscan.com/AK/bill/HB358/2025
AK,2122283,,State Regulation Of Pesticides,An Act reserving to the state the authority to regulate pesticides; restricting the authority of local governments to regulate pesticides; and providing for an effective date.,1,2026-02-23,https://legiscan.com/AK/bill/HB359/2025
AK,2122380,,State Apprenticeshp Office; Council,An Act relating to apprenticeship programs; establishing a state apprenticeship office; and establishing the Alaska Apprenticeship Advisory Council.,1,2026-02-23,https://legiscan.com/AK/bill/HB360/2025
AK,2122366,,Fishing Guide Licensing/permits,An Act relating to sport fishing guides.,1,2026-02-23,https://legiscan.com/AK/bill/HB361/2025
AK,2122212,,Respiratory Care License,"An Act relating to the practice of respiratory care; relating to the duties of the Department of Commerce, Community, and Economic Development; relating to telehealth provided by respiratory care practitioners; relating to medical malpractice liability of respiratory care practitioners; relating to immunity from civil liability for a respiratory care practitioner providing free health care services; relating to respiratory care practitioners providing documentation and treatment plans for public school students with asthma or anaphylaxis; prohibiting unfair discrimination under group health insurance against respiratory care practitioners; and providing for an effective date.",1,2026-02-23,https://legiscan.com/AK/bill/HB362/2025
AK,2122308,,Alcohol Sales By Patriotic Organizations,An Act relating to the sale of alcohol; relating to the sale or dispensing of alcoholic beverages by patriotic organizations; and providing for an effective date.,1,2026-02-23,https://legiscan.com/AK/bill/HB363/2025
AK,2122491,,Intensive Management: Big Game,An Act relating to intensive management of big game prey populations; relating to same-day airborne hunting; and providing for an effective date.,1,2026-02-23,https://legiscan.com/AK/bill/HB364/2025
AK,2122320,,Scholarship Granting Organizations,"An Act relating to the duty of the Department of Commerce, Community, and Economic Development to identify scholarship granting organizations and participate in the federal tax credit program for qualified contributions to a scholarship granting organization.",1,2026-02-23,https://legiscan.com/AK/bill/HB365/2025
AK,2122427,,Use Of Heavy Petroleum As Marine Fuel,An Act relating to the use of heavy petroleum fuel oil as a marine fuel; relating to the duties of the Department of Environmental Conservation; and providing for an effective date.,1,2026-02-23,https://legiscan.com/AK/bill/HB366/2025
AK,2122499,,Consumer Data Privacy Act,An Act relating to the privacy of consumer personal information; establishing the Consumer Personal Information Privacy Act; establishing data broker registration requirements; relating to social security numbers; making certain violations unfair or deceptive trade practices; and providing for an effective date.,1,2026-02-23,https://legiscan.com/AK/bill/HB367/2025
AK,2122440,,Board Of Fisheries Meetings,An Act relating to meetings of the Board of Fisheries; and providing for an effective date.,1,2026-02-23,https://legiscan.com/AK/bill/HB368/2025
AK,2122231,,"Energy, Electric Utilities",An Act relating to energy; relating to regulation of residential solar energy generation and portable solar generation devices; relating to generation of electricity from diversified energy resources; relating to a diversified portfolio standard; relating to costs incurred by certain electric utilities for renewable energy and battery energy storage; relating to preapproval for large energy facilities; relating to the renewable energy grant fund; relating to the duties of the Department of Environmental Conservation; relating to the state energy policy; and providing for an effective date.,1,2026-02-23,https://legiscan.com/AK/bill/HB369/2025
AK,2122557,,Youth Sports Officials,An Act relating to employment security contributions for certain sports officials.,1,2026-02-23,https://legiscan.com/AK/bill/HB370/2025
AK,2122443,,Campaign Finance;contribution Limits;apoc,An Act requiring a group supporting or opposing a candidate or ballot proposition in a state or local election to maintain an address in the state; amending campaign contribution disclosure requirements; requiring the disclosure of certain persons who coordinate and aggregate individual campaign contributions; limiting contributions to groups or nongroup entities that make only independent expenditures; requiring certain groups and nongroup entities to register with the Alaska Public Offices Commission as majority-nonresident-funded entities; requiring certain disclosures in communications funded by independent expenditures; relating to disbursement of campaign assets after an election; and providing for an effective date.,1,2026-02-23,https://legiscan.com/AK/bill/HB371/2025
AK,2122468,,Health Care Provider Referrals,An Act relating to financial relationships between referring health care providers and providers of health care services.,1,2026-02-23,https://legiscan.com/AK/bill/HB372/2025
AK,2122287,,Permanent Fund Investments,An Act relating to investments of the permanent fund; relating to investments made by the Alaska Permanent Fund Corporation; relating to regulations adopted by the Alaska Permanent Fund Corporation; and providing for an effective date.,1,2026-02-23,https://legiscan.com/AK/bill/HB373/2025
AK,2129110,,Base Student Allocation,An Act relating to the base student allocation; and providing for an effective date.,1,2026-03-04,https://legiscan.com/AK/bill/HB374/2025
AK,2128964,,Sick Leave Exemption: Fish Processors,An Act relating to minimum paid sick leave requirements for individuals employed in seasonal seafood processing.,1,2026-03-04,https://legiscan.com/AK/bill/HB375/2025
AK,2130912,,Expand Early Intervention Services,An Act relating to early intervention services for certain children; relating to optional services under the medical assistance program; and providing for an effective date.,1,2026-03-09,https://legiscan.com/AK/bill/HB376/2025
AK,2131052,,Public Records: Audio & Video; Muni Costs,An Act relating to public records; relating to managing and preserving audio and video recordings; and relating to fees for the inspection and copying of public records under the Alaska Public Records Act.,1,2026-03-09,https://legiscan.com/AK/bill/HB377/2025
AK,2133268,,Pers & Trs,An Act relating to the Public Employees&#39; Retirement System of Alaska and the teachers&#39; retirement system; and providing for an effective date.,1,2026-03-12,https://legiscan.com/AK/bill/HB378/2025
AK,2134259,,Service Area Elections,An Act relating to service areas; and providing for an effective date.,1,2026-03-16,https://legiscan.com/AK/bill/HB379/2025
AK,2135783,,Residential School Funding,An Act relating to funding for residential schools.,1,2026-03-18,https://legiscan.com/AK/bill/HB380/2025
AK,2136702,,Oil & Gas Property Tax; Muni Tax,An Act relating to the taxation of certain natural gas pipeline property; relating to municipal taxation limitations; establishing an alternative volumetric tax on natural gas throughput; relating to the allocation of revenue from the alternative volumetric tax; and providing for an effective date.,1,2026-03-20,https://legiscan.com/AK/bill/HB381/2025
AK,2136872,,Military: Jt Armed Svcs Committee,An Act relating to the Joint Armed Services Committee; and providing for an effective date.,1,2026-03-23,https://legiscan.com/AK/bill/HB382/2025
AK,2041327,,Education: Schools; Grants; Teacher Bonus,An Act relating to public school enrollment; relating to authorization of charter schools; establishing an after-school literacy grant program; and authorizing lump sum payments for certain teachers as retention and recruitment incentives.,1,2025-08-02,https://legiscan.com/AK/bill/HB1001/2025
AK,2041328,,State-tribal Education Compacts,An Act relating to demonstration state-tribal education compacts; relating to demonstration state-tribal education compact schools; and providing for an effective date.,1,2025-08-02,https://legiscan.com/AK/bill/HB1002/2025
AK,2041325,,Education Tax Credits,"An Act relating to tax credits for contributions to public schools and programs operated by tribal entities or tribally empowered Alaska Native organizations through a compact with the state; relating to tax credits for contributions to state-funded literacy programs; relating to the insurance tax education credit, the income tax education credit, the oil or gas producer education credit, the property tax education credit, the mining business education credit, the fisheries business education credit, and the fisheries resource landing tax education credit; and providing for an effective date.",1,2025-08-02,https://legiscan.com/AK/bill/HB1003/2025
AK,1931942,,House Special Committee On Fisheries,House Special Committee On Fisheries,4,2025-07-30,https://legiscan.com/AK/bill/HR1/2025
AK,1932865,,House Special Cmte: Tribal Affairs,House Special Cmte: Tribal Affairs,4,2025-07-30,https://legiscan.com/AK/bill/HR2/2025
AK,1932407,,House Special Committee On Energy,House Special Committee On Energy,4,2025-07-30,https://legiscan.com/AK/bill/HR3/2025
AK,1932175,,House Special Cmte: Military/vet Affairs,House Special Cmte: Military/vet Affairs,4,2025-07-30,https://legiscan.com/AK/bill/HR4/2025
AK,2018991,,Urge Release Of State Salary Study,Urge Release Of State Salary Study,1,2025-04-02,https://legiscan.com/AK/bill/HR5/2025
AK,2092060,,250th Anniversary Of United States,250th Anniversary Of United States,1,2026-01-23,https://legiscan.com/AK/bill/HR6/2025
AK,1950463,,Joint Sport Fish Svc Providers Task Force,Joint Sport Fish Svc Providers Task Force,1,2025-01-31,https://legiscan.com/AK/bill/HCR1/2025
AK,1971303,,Amend Uniform Rules: Abstain From Voting,Amend Uniform Rules: Abstain From Voting,1,2025-02-14,https://legiscan.com/AK/bill/HCR2/2025
AK,1984991,,Ai Legislative Task Force,Ai Legislative Task Force,1,2025-02-26,https://legiscan.com/AK/bill/HCR3/2025
AK,2013182,,Myositis Awareness Month,Myositis Awareness Month,2,2025-05-19,https://legiscan.com/AK/bill/HCR4/2025
AK,2016473,,Uniform Rules: Committee Records,Uniform Rules: Committee Records,1,2025-03-28,https://legiscan.com/AK/bill/HCR5/2025
AK,2027607,,Us Marine Corps 250th Birthday,Us Marine Corps 250th Birthday,4,2025-07-30,https://legiscan.com/AK/bill/HCR6/2025
AK,2030166,,Suspend Uniform Rules For Sb 57,Suspend Uniform Rules For Sb 57,4,2026-01-20,https://legiscan.com/AK/bill/HCR7/2025
AK,2030784,,Proclaiming Oct Jewish Heritage Month,Proclaiming Oct Jewish Heritage Month,1,2025-05-13,https://legiscan.com/AK/bill/HCR8/2025
AK,2092184,,Declaration Of Independence Anniversary,Declaration Of Independence Anniversary,2,2026-03-02,https://legiscan.com/AK/bill/HCR9/2025
AK,2107542,,Uniform Rules: Resolution Distribution,Uniform Rules: Resolution Distribution,1,2026-02-04,https://legiscan.com/AK/bill/HCR10/2025
AK,2132312,,Extend West Coast Storm Disaster,Extend West Coast Storm Disaster,3,2026-03-13,https://legiscan.com/AK/bill/HCR11/2025
AK,2137341,,Suspend Uniform Rules For Sb 64,Suspend Uniform Rules For Sb 64,0,,https://legiscan.com/AK/bill/HCR12/2025
AK,1934761,,Const. Am: Approp Limit,Const. Am: Approp Limit,1,2025-01-22,https://legiscan.com/AK/bill/HJR1/2025
AK,1935252,,Urging Reversal Of Offshore Oil & Gas Ban,Urging Reversal Of Offshore Oil & Gas Ban,1,2025-01-22,https://legiscan.com/AK/bill/HJR2/2025
AK,1934953,,Res. To Maintain Denali As Official Name,Res. To Maintain Denali As Official Name,1,2025-01-22,https://legiscan.com/AK/bill/HJR3/2025
AK,1934686,,Res. To Maintain Denali As Official Name,Res. To Maintain Denali As Official Name,4,2025-07-30,https://legiscan.com/AK/bill/HJR4/2025
AK,1934799,,Secure Rural Schools Program,Secure Rural Schools Program,4,2025-07-30,https://legiscan.com/AK/bill/HJR5/2025
AK,1946322,,Support Universal Service Fund,Support Universal Service Fund,2,2025-03-17,https://legiscan.com/AK/bill/HJR6/2025
AK,1950698,,Thank Pres. Trump: Resource Development,Unleashing Alaska&#39;s Extraordinary Resource Potential,1,2025-01-31,https://legiscan.com/AK/bill/HJR7/2025
AK,1952021,,Award Hmong Veterans Congres. Gold Medal,Award Hmong Veterans Congres. Gold Medal,1,2025-02-03,https://legiscan.com/AK/bill/HJR8/2025
AK,1967357,,Extend Affordable Care Act Tax Credits,Extend Affordable Care Act Tax Credits,4,2025-07-30,https://legiscan.com/AK/bill/HJR9/2025
AK,1979678,,Const Am: Permanent Fund; Pomv;earnings,Const Am: Permanent Fund; Pomv;earnings,1,2025-02-21,https://legiscan.com/AK/bill/HJR10/2025
AK,1984700,,Recognizing Alaska/canada Relationship,Recognizing Alaska/canada Relationship,4,2025-07-30,https://legiscan.com/AK/bill/HJR11/2025
AK,1989327,,Appointment Of State Judges,Appointment Of State Judges,1,2025-02-28,https://legiscan.com/AK/bill/HJR12/2025
AK,2012471,,"Afghans, Sp. Immigrant Visas, Assistance","Afghans, Sp. Immigrant Visas, Assistance",4,2025-07-30,https://legiscan.com/AK/bill/HJR13/2025
AK,2012560,,Port Mackenzie & Northern Rail Extensions,Port Mackenzie & Northern Rail Extensions,2,2025-05-07,https://legiscan.com/AK/bill/HJR14/2025
AK,2013235,,Wildfire Preparedness,Wildfire Preparedness,4,2025-07-30,https://legiscan.com/AK/bill/HJR15/2025
AK,2021041,,State Liquefied Natural Gas Proj Funding,State Liquefied Natural Gas Proj Funding,1,2025-04-07,https://legiscan.com/AK/bill/HJR16/2025
AK,2022145,,Federal Ensuring Lasting Smiles Act,Federal Ensuring Lasting Smiles Act,1,2025-04-09,https://legiscan.com/AK/bill/HJR17/2025
AK,2022276,,Urging Support For Aklng,Urging Support For Aklng,2,2025-05-12,https://legiscan.com/AK/bill/HJR18/2025
AK,2023542,,Const. Am: Citizen Voting,Const. Am: Citizen Voting,1,2025-04-11,https://legiscan.com/AK/bill/HJR19/2025
AK,2023726,,Hiring Of Apprentices/veterans,Hiring Of Apprentices/veterans,2,2026-02-16,https://legiscan.com/AK/bill/HJR20/2025
AK,2025618,,2025 Year Of The Soldier,2025 Year Of The Soldier,1,2025-04-22,https://legiscan.com/AK/bill/HJR21/2025
AK,2025636,,Federal Const. Convention: Term Limits,Federal Const. Convention: Term Limits,1,2025-04-22,https://legiscan.com/AK/bill/HJR22/2025
AK,2026930,,Const. Am: Governor's Proposed Budget,Const. Am: Governor's Proposed Budget,1,2025-04-28,https://legiscan.com/AK/bill/HJR23/2025
AK,2028437,,Fund Corporation For Public Broadcasting,Fund Corporation For Public Broadcasting,1,2025-05-05,https://legiscan.com/AK/bill/HJR24/2025
AK,2029343,,International Teacher Visas,International Teacher Visas,4,2025-07-30,https://legiscan.com/AK/bill/HJR25/2025
AK,2029373,,Ak Lng Project Workforce Development,Ak Lng Project Workforce Development,1,2025-05-07,https://legiscan.com/AK/bill/HJR26/2025
AK,2032348,,Supporting State Energy Development,Supporting State Energy Development,1,2025-05-18,https://legiscan.com/AK/bill/HJR27/2025
AK,2092041,,Support Kids Online Safety Act,Support Kids Online Safety Act,1,2026-01-23,https://legiscan.com/AK/bill/HJR28/2025
AK,2092394,,Ban On Russian Seafood,Ban On Russian Seafood,2,2026-02-11,https://legiscan.com/AK/bill/HJR29/2025
AK,2092009,,Const. Am: Permanent Fund,Const. Am: Permanent Fund,1,2026-01-23,https://legiscan.com/AK/bill/HJR30/2025
AK,2114419,,Const. Am/corporations & Rights,Const. Am/corporations & Rights,1,2026-02-11,https://legiscan.com/AK/bill/HJR31/2025
AK,2119258,,Rural Health Transformation Program,Rural Health Transformation Program,2,2026-03-25,https://legiscan.com/AK/bill/HJR32/2025
AK,2119460,,Ancsa Resolution,Ancsa Resolution,1,2026-02-18,https://legiscan.com/AK/bill/HJR33/2025
AK,2122422,,Prohibited Species Donation Program,Prohibited Species Donation Program,1,2026-02-23,https://legiscan.com/AK/bill/HJR34/2025
AK,2122281,,Bycatch Limits,Bycatch Limits,1,2026-02-23,https://legiscan.com/AK/bill/HJR35/2025
AK,2122535,,Const. Am: State Legislator Term Limits,Const. Am: State Legislator Term Limits,1,2026-02-23,https://legiscan.com/AK/bill/HJR36/2025
AK,2122255,,Clean Up Marine Debris,Clean Up Marine Debris,1,2026-02-23,https://legiscan.com/AK/bill/HJR37/2025
AK,2122397,,Public Safety Telecommunicators,Public Safety Telecommunicators,1,2026-02-23,https://legiscan.com/AK/bill/HJR38/2025
AK,2122246,,Waive Visa Fees For Teachers,Waive Visa Fees For Teachers,2,2026-03-20,https://legiscan.com/AK/bill/HJR39/2025
AK,2122528,,Supporting Sustainable Alaska,Supporting Sustainable Alaska,1,2026-02-23,https://legiscan.com/AK/bill/HJR40/2025
AK,2122318,,Rescind Reqs. For Constitution Convention,Rescind Reqs. For Constitution Convention,1,2026-02-23,https://legiscan.com/AK/bill/HJR41/2025
AK,2122338,,Northern Continental Corridor,Northern Continental Corridor,1,2026-02-23,https://legiscan.com/AK/bill/HJR42/2025
AK,2130985,,Voter Privacy,Voter Privacy,1,2026-03-09,https://legiscan.com/AK/bill/HJR43/2025
AK,2134321,,Support Native Corp Business Develop Prgm,Support Native Corp Business Develop Prgm,1,2026-03-16,https://legiscan.com/AK/bill/HJR44/2025
AK,2136748,,Support Special Education Funding,Support Special Education Funding,1,2026-03-20,https://legiscan.com/AK/bill/HJR45/2025
AK,1912513,,Civil Legal Services Fund,An Act relating to appropriations to the civil legal services fund.,1,2025-01-22,https://legiscan.com/AK/bill/SB1/2025
AK,1912439,,"Ai, Deepfakes, Cybersecurity, Data Xfers",An Act relating to disclosure of election-related deepfakes; relating to use of artificial intelligence by state agencies; and relating to transfer of data about individuals between state agencies.,1,2025-01-22,https://legiscan.com/AK/bill/SB2/2025
AK,1912473,,Authorize Handguns School Employee/volunt,"An Act requiring school districts to grant qualified persons an assigned duty to carry a concealed handgun on school grounds under certain conditions; relating to standards, training, and continuing education in firearms training for qualified persons granted an assigned duty to carry a concealed handgun on school grounds; relating to communication of school districts with state and local law enforcement; and relating to school crisis response plans.",1,2025-01-22,https://legiscan.com/AK/bill/SB3/2025
AK,1912502,,Health Care Prices And Incentive Programs,An Act relating to a health care insurance policy incentive program; relating to health care services; and providing for an effective date.,1,2025-01-22,https://legiscan.com/AK/bill/SB4/2025
AK,1912454,,School/university Employee Health Insur,"An Act relating to group insurance coverage and self-insurance coverage for school district employees, employees of the University of Alaska, and employees of other governmental units in the state; and providing for an effective date.",1,2025-01-22,https://legiscan.com/AK/bill/SB5/2025
AK,1912496,,Asian American/pacific Islander Program,An Act requiring education in the history and contributions of Asian Americans and Pacific Islanders.,2,2025-05-14,https://legiscan.com/AK/bill/SB6/2025
AK,1912508,,Chokehold Ban,An Act prohibiting the use of chokeholds by peace officers; and relating to justification of use of force by peace officers.,1,2025-01-22,https://legiscan.com/AK/bill/SB7/2025
AK,1912438,,Education For Deaf & Hearing Impaired,An Act relating to public school students who are deaf or hard of hearing.,1,2025-01-22,https://legiscan.com/AK/bill/SB8/2025
AK,1912501,,Surrender Of Infants; Inf. Safety Device,An Act relating to the surrender of infants; and providing for an effective date.,1,2025-01-22,https://legiscan.com/AK/bill/SB9/2025
AK,1912472,,Paid Family Leave/wage Replacement Insur.,An Act relating to family leave wage replacement coverage.,1,2025-01-22,https://legiscan.com/AK/bill/SB10/2025
AK,1912504,,Flood Insurance,An Act relating to flood insurance; relating to property insurance; establishing the Alaska Flood Authority and the Alaska flood insurance fund; and providing for an effective date.,1,2025-01-22,https://legiscan.com/AK/bill/SB11/2025
AK,1912485,,Pfd/child Support,An Act relating to permanent fund dividends for individuals owing child support; and relating to applications and qualifications for permanent fund dividends for individuals owing child support.,1,2025-01-22,https://legiscan.com/AK/bill/SB12/2025
AK,1912493,,Summer Ebt Benefits For Children,An Act relating to the summer electronic benefits transfer program for children.,1,2025-01-22,https://legiscan.com/AK/bill/SB13/2025
AK,1912475,,Aidea Finance Workforce Housing Develop.,An Act relating to the Alaska Industrial Development and Export Authority; and relating to workforce housing development projects.,1,2025-01-22,https://legiscan.com/AK/bill/SB14/2025
AK,1912436,,"Alcohol: Sale, Warning Signs",An Act relating to the sale of alcohol; relating to the posting of warning signs for alcoholic beverages; and providing for an effective date.,4,2025-04-28,https://legiscan.com/AK/bill/SB15/2025
AK,1912497,,Refuse Utility Regulations,An Act relating to a simplified rate filing procedure for refuse utility rate adjustments; relating to Regulatory Commission of Alaska regulations regarding refuse utilities; and providing for an effective date.,1,2025-01-22,https://legiscan.com/AK/bill/SB16/2025
AK,1912452,,Crime Counterfeit/nonfunctioning Airbag,An Act establishing the crime of airbag fraud.,1,2025-01-22,https://legiscan.com/AK/bill/SB17/2025
AK,1912494,,Communication Devices In Public Schools,An Act relating to wireless telecommunications devices in public schools; and providing for an effective date.,1,2025-01-22,https://legiscan.com/AK/bill/SB18/2025
AK,1912471,,Prisoners: Electronic Device Access/use,An Act relating to the use and possession of electronic devices by prisoners.,1,2025-01-22,https://legiscan.com/AK/bill/SB19/2025
AK,1912442,,Cpr Curriculum,An Act relating to cardiopulmonary resuscitation education in public schools; and relating to the duties of the Department of Education and Early Development.,2,2026-02-11,https://legiscan.com/AK/bill/SB20/2025
AK,1912459,,Ak Work & Save Progrm; Retire. Savings Bd,An Act establishing the Alaska Work and Save Program; establishing the Alaska Retirement Savings Board; and providing for an effective date.,1,2025-01-22,https://legiscan.com/AK/bill/SB21/2025
AK,1912437,,Financial Literacy Program In Schools,An Act establishing a financial literacy education program for public schools; and providing for an effective date.,1,2025-01-22,https://legiscan.com/AK/bill/SB22/2025
AK,1912482,,Civics Education,"An Act relating to civics education, civics assessments, and secondary school graduation requirements; and providing for an effective date.",2,2026-03-09,https://legiscan.com/AK/bill/SB23/2025
AK,1912461,,Tobacco/nicotine/e-cig Age; E-cig Tax,"An Act relating to tobacco, tobacco products, electronic smoking products, nicotine, and products containing nicotine; raising the minimum age to purchase, exchange, or possess tobacco, a product containing nicotine, or an electronic smoking product; relating to the tobacco use education and cessation fund; relating to the taxation of electronic smoking products and vapor products; and providing for an effective date.",2,2025-05-12,https://legiscan.com/AK/bill/SB24/2025
AK,1912480,,Judicial Retention Election Information,An Act relating to information on judicial officers seeking retention in office.,1,2025-01-22,https://legiscan.com/AK/bill/SB25/2025
AK,1912446,,Eliminate Daylight Saving Time,An Act petitioning the United States Department of Transportation to change the time zones of Alaska; exempting the state from daylight saving time; and providing for an effective date.,2,2025-05-12,https://legiscan.com/AK/bill/SB26/2025
AK,1912445,,Teachers & Pub Employee Retirement Plans,An Act relating to restoration of tenure for certain disabled individuals; relating to the Public Employees&#39; Retirement System of Alaska and the teachers&#39; retirement system; providing certain employees an opportunity to choose between the defined benefit and defined contribution plans of the Public Employees&#39; Retirement System of Alaska and the teachers&#39; retirement system; and providing for an effective date.,1,2025-01-22,https://legiscan.com/AK/bill/SB27/2025
AK,1912512,,Retirement Systems; Defined Benefit Opt.,An Act relating to the Public Employees&#39; Retirement System of Alaska and the teachers&#39; retirement system; providing certain employees an opportunity to choose between the defined benefit and defined contribution plans of the Public Employees&#39; Retirement System of Alaska and the teachers&#39; retirement system; and providing for an effective date.,1,2025-01-22,https://legiscan.com/AK/bill/SB28/2025
AK,1912466,,Big Game Commercial Services Board,An Act relating to an executive administrator for the Big Game Commercial Services Board.,2,2025-04-23,https://legiscan.com/AK/bill/SB29/2025
AK,1912498,,State Park Permits For Disabled Veterans,An Act making certain veterans eligible for a lifetime permit to access state park campsites and the parking and restrooms of developed facilities without charge; and providing for an effective date.,1,2025-01-22,https://legiscan.com/AK/bill/SB30/2025
AK,1912503,,Address Confidentiality Program,An Act relating to the duties of the Department of Administration; creating an address confidentiality program; and providing for an effective date.,1,2025-01-22,https://legiscan.com/AK/bill/SB31/2025
AK,1912510,,Allowed Costs In Electric Coop Rates,An Act relating to costs incurred by certain electric utilities for renewable energy and battery energy storage.,1,2025-01-22,https://legiscan.com/AK/bill/SB32/2025
AK,1912476,,Synthetic Media: Liability; Elections,An Act relating to defamation claims based on the use of synthetic media; relating to the use of synthetic media in electioneering communications; and providing for an effective date.,1,2025-01-22,https://legiscan.com/AK/bill/SB33/2025
AK,1912514,,Repeal 90 Day Session Limit,An Act relating to the duration of a regular session of the legislature.,1,2025-01-22,https://legiscan.com/AK/bill/SB34/2025
AK,1912468,,Delivery Network Companies,An Act relating to transportation network and delivery network companies.,1,2025-01-22,https://legiscan.com/AK/bill/SB35/2025
AK,1912479,,Appropriation Limit; Gov Budget,An Act relating to an appropriation limit; relating to the budget responsibilities of the governor; and providing for an effective date.,1,2025-01-22,https://legiscan.com/AK/bill/SB36/2025
AK,1912469,,Strategic Plans For State Agencies,"An Act relating to the Executive Budget Act; relating to strategic plans, mission statements, performance plans, and financial plans for executive branch agencies; and providing for an effective date.",1,2025-01-22,https://legiscan.com/AK/bill/SB37/2025
AK,1912449,,Office Of Information Technology,An Act establishing the office of information technology; relating to information technology projects undertaken by state agencies; and providing for an effective date.,1,2025-01-22,https://legiscan.com/AK/bill/SB38/2025
AK,1912477,,"Loans Under $25,000; Payday Loans","An Act relating to loans in an amount of $25,000 or less; relating to financial institutions; relating to the Nationwide Multistate Licensing System and Registry; relating to pawnbroker licensing exemptions; relating to deferred deposit advances; relating to computing interest; and providing for an effective date.",5,2025-07-30,https://legiscan.com/AK/bill/SB39/2025
AK,1928103,,Hispanic Heritage Month,An Act establishing the period between September 15 and October 15 of each year as Hispanic Heritage Month.,2,2025-04-14,https://legiscan.com/AK/bill/SB40/2025
AK,1927815,,Public Schools: Mental Health Education,An Act relating to mental health education.,1,2025-01-22,https://legiscan.com/AK/bill/SB41/2025
AK,1927873,,Law Enforcement: Registry; Use Of Force,"An Act relating to the duties of the Alaska Police Standards Council; relating to municipal correctional officers and municipal correctional employees; making municipal police officers subject to police standards; relating to the duties of the Department of Public Safety; relating to reports of incidents of use of force by state and municipal police, probation, parole, pretrial services, and correctional officers and municipal correctional facility employees; and providing for an effective date.",1,2025-01-22,https://legiscan.com/AK/bill/SB42/2025
AK,1928218,,Women's History Month,An Act establishing the month of March as Women&#39;s History Month.,4,2025-04-04,https://legiscan.com/AK/bill/SB43/2025
AK,1928044,,Minors & Psychiatric Hospitals,An Act relating to the rights of minors undergoing evaluation or inpatient treatment at psychiatric hospitals; relating to the use of seclusion or restraint of minors at psychiatric hospitals; relating to a report published by the Department of Health; relating to inspections by the Department of Health of certain psychiatric hospitals; and providing for an effective date.,1,2025-01-22,https://legiscan.com/AK/bill/SB44/2025
AK,1927409,,Medicaid Mental Health Parity,An Act relating to medical assistance services; relating to parity in mental health and substance use disorder coverage in the state medical assistance program; and providing for an effective date.,1,2025-01-22,https://legiscan.com/AK/bill/SB45/2025
AK,1927186,,Education Funding,An Act relating to education funding; relating to the public education fund; relating to the base student allocation; and providing for an effective date.,1,2025-01-22,https://legiscan.com/AK/bill/SB46/2025
AK,1927296,,Chugach State Park Easements,An Act relating to Chugach State Park; and providing for an effective date.,4,2025-07-30,https://legiscan.com/AK/bill/SB47/2025
AK,1927527,,Workplace Violence Protective Orders,"An Act relating to workplace violence protective orders; relating to the crime of violating a protective order; relating to the powers of district judges and magistrates; amending Rules 4 and 65, Alaska Rules of Civil Procedure, and Rule 9, Alaska Rules of Administration; and providing for an effective date.",1,2025-01-22,https://legiscan.com/AK/bill/SB49/2025
AK,1927640,,Municipal Comprehensive Plans: Housing,An Act relating to the comprehensive plans of first and second class boroughs.,4,2025-07-30,https://legiscan.com/AK/bill/SB50/2025
AK,1940399,,Establish Sunrise Review Board,An Act establishing the Sunrise Review Board; relating to review of proposed legislation relating to authorization to engage in the practice of a profession or occupation; and providing for an effective date.,1,2025-01-24,https://legiscan.com/AK/bill/SB51/2025
AK,1940752,,Absentee Ballots,An Act relating to the day on which ballots are counted in an election; relating to absentee voting; and relating to early voting.,1,2025-01-24,https://legiscan.com/AK/bill/SB52/2025
AK,1941193,,Law Enforcement Agency Accreditation,An Act relating to accreditation standards for law enforcement agencies.,1,2025-01-24,https://legiscan.com/AK/bill/SB53/2025
AK,1940795,,"Arch, Eng, Surveyors; Reg Int Design","An Act relating to registered interior designers and interior design; relating to project costs for the construction, enlargement, or improvement of airports; extending the termination date of the State Board of Registration for Architects, Engineers, and Land Surveyors; relating to the State Board of Registration for Architects, Engineers, and Land Surveyors; establishing requirements for the practice of registered interior design; relating to the practice of architecture, engineering, land surveying, landscape architecture, and registered interior design; relating to the scope of the certification requirements for architects, engineers, land surveyors, landscape architects, and registered interior designers; relating to immunity for design professionals; relating to the cost of construction for recreation centers; relating to liens for labor or materials furnished; relating to the procurement of landscape architectural and interior design services; relating to the cost of construction of safe water and hygienic sewage disposal facilities in villages; and providing for an effective date.",5,2025-10-15,https://legiscan.com/AK/bill/SB54/2025
AK,1939921,,Trs Contr Rate; Pers/trs Soc Secur Or Sbs,An Act relating to employer contributions in the teachers&#39; retirement system; relating to supplemental employee benefits; and providing for an effective date.,1,2025-01-24,https://legiscan.com/AK/bill/SB55/2025
AK,1940532,,Approp: Operating Budget; Cap; Supp,"An Act making appropriations for the operating and loan program expenses of state government and for certain programs; capitalizing funds; amending appropriations; making supplemental appropriations; making reappropriations; making appropriations under art. IX, sec. 17(c), Constitution of the State of Alaska, from the constitutional budget reserve fund; and providing for an effective date.",1,2025-01-24,https://legiscan.com/AK/bill/SB56/2025
AK,1940927,,Approp: Capital/funds/supp/amend/reapprop,"An Act making appropriations, including capital appropriations, supplemental appropriations, reappropriations, and other appropriations; amending appropriations; making appropriations to capitalize funds; and repealing appropriations.",4,2025-07-30,https://legiscan.com/AK/bill/SB57/2025
AK,1940840,,Approp: Mental Health Budget,An Act making appropriations for the operating and capital expenses of the state&#39;s integrated comprehensive mental health program; and providing for an effective date.,1,2025-01-24,https://legiscan.com/AK/bill/SB58/2025
AK,1940975,,Approp: Supplemental; Fund Cap,An Act making supplemental appropriations; making appropriations to capitalize funds; and providing for an effective date.,1,2025-01-24,https://legiscan.com/AK/bill/SB59/2025
AK,1941105,,Establish Me/chronic Fatigue Syndrome Day,An Act establishing May 12 as Myalgic Encephalomyelitis/Chronic Fatigue Syndrome Day of Recognition.,4,2025-07-30,https://legiscan.com/AK/bill/SB60/2025
AK,1940003,,Electronic Device Recycling,"An Act relating to an electronic product stewardship program; relating to collection, recycling, and disposal of electronic equipment; establishing the electronics recycling advisory council; and providing for an effective date.",1,2025-01-24,https://legiscan.com/AK/bill/SB61/2025
AK,1940089,,"Board Of Parole: Membership, Report",An Act relating to the board of parole; and providing for an effective date.,1,2025-01-24,https://legiscan.com/AK/bill/SB62/2025
AK,1940134,,Local Boundary Commission,An Act relating to the Local Boundary Commission; and providing for an effective date.,1,2025-01-24,https://legiscan.com/AK/bill/SB63/2025
AK,1940708,,Elections,"An Act relating to elections; relating to voters; relating to voting; relating to voter registration; relating to election administration; relating to campaign contributions; relating to write-in candidates for President and Vice-President of the United States; relating to the crimes of unlawful interference with voting in the first degree, unlawful interference with an election, and election official misconduct; relating to voter registration on permanent fund dividend applications; relating to the duties of the commissioner of revenue; and providing for an effective date.",2,2025-05-12,https://legiscan.com/AK/bill/SB64/2025
AK,1941236,,Defense Of Pub. Officer: Ethics Complaint,An Act relating to legal representation of public officers in ethics complaints.,1,2025-01-24,https://legiscan.com/AK/bill/SB65/2025
AK,1941016,,State-tribal Education Compacts,An Act relating to demonstration state-tribal education compacts; relating to demonstration state-tribal education compact schools; and providing for an effective date.,1,2025-01-24,https://legiscan.com/AK/bill/SB66/2025
AK,1941149,,Procure Pref: Agric. & Fish Products,An Act relating to municipal and state procurement preferences for agricultural products harvested in the state and fisheries products harvested or processed in the state; and providing for an effective date.,1,2025-01-24,https://legiscan.com/AK/bill/SB67/2025
AK,1940264,,Employment Of Minors,An Act relating to employment; relating to voluntary flexible work hour plans; relating to the employment of minors; and relating to hours worked by minors employed in the state.,1,2025-01-24,https://legiscan.com/AK/bill/SB68/2025
AK,1940444,,Sexual Assault Examination Kits/tracking,An Act relating to sexual assault examination kits; establishing the sexual assault examination kit tracking system; and providing for an effective date.,1,2025-01-24,https://legiscan.com/AK/bill/SB69/2025
AK,1940179,,School&election Bds; Voting; Elections,An Act relating to regional educational attendance area elections; relating to terms for members of regional school boards; relating to voter residence; relating to voter registration; relating to the inclusion of voter registration forms in permanent fund dividend applications; relating to election administration; relating to ballot counting; relating to absentee voting; relating to early voting; relating to voting by mail; relating to publication of election pamphlets; and relating to confidential information in voter registration records.,1,2025-01-24,https://legiscan.com/AK/bill/SB70/2025
AK,1940046,,Pretrial Services Supervision Agrmnts,An Act relating to pretrial services supervision agreements.,1,2025-01-24,https://legiscan.com/AK/bill/SB71/2025
AK,1941279,,Railroad Corp. Financing,"An Act authorizing the Alaska Railroad Corporation to issue revenue bonds to finance the replacement of the Alaska Railroad Corporation&#39;s passenger dock and related terminal facility in Seward, Alaska; and providing for an effective date.",1,2025-01-24,https://legiscan.com/AK/bill/SB72/2025
AK,1940355,,Marijuana: Tax/registration; Income Tax,An Act relating to the registration of marijuana establishments; relating to a tax exemption for qualified small businesses; relating to marijuana taxes; and providing for an effective date.,1,2025-01-24,https://legiscan.com/AK/bill/SB73/2025
AK,1942594,,Obstruction Of Certain Public Places,An Act relating to obstruction; and providing for an effective date.,1,2025-01-27,https://legiscan.com/AK/bill/SB74/2025
AK,1942525,,Timber Management Leases,An Act relating to timber on state lands; relating to timber management leases; and providing for an effective date.,1,2025-01-27,https://legiscan.com/AK/bill/SB75/2025
AK,1942798,,Complex Care Residential Homes,An Act relating to complex care residential homes; and providing for an effective date.,1,2025-01-27,https://legiscan.com/AK/bill/SB76/2025
AK,1942455,,Perm Fund; Employment; Eligibility,An Act relating to national criminal history record checks for certain employees of the Department of Revenue; relating to allowable absences for eligibility for a permanent fund dividend; relating to the confidentiality of certain information provided on a permanent fund dividend application; relating to the duties of the Department of Revenue; and providing for an effective date.,1,2025-01-27,https://legiscan.com/AK/bill/SB77/2025
AK,1945999,,Disclosure Of Wage Information,"An Act relating to disclosure of information regarding employee compensation by employers, employees, and applicants for employment.",1,2025-01-29,https://legiscan.com/AK/bill/SB78/2025
AK,1950369,,Payment Of Wages; Payroll Card Account,An Act relating to wage payments.,2,2025-02-24,https://legiscan.com/AK/bill/SB79/2025
AK,1950277,,Extend Boards,An Act extending the termination date of the Big Game Commercial Services Board; extending the termination date of the Board of Massage Therapists; extending the termination date of the Alaska Commission on Aging; extending the termination date of the Marijuana Control Board; and providing for an effective date.,4,2025-07-30,https://legiscan.com/AK/bill/SB80/2025
AK,1950554,,Public Employer Pension Contributions,An Act relating to employer contribution rates in the teachers&#39; retirement system and the Public Employees&#39; Retirement System of Alaska; and providing for an effective date.,1,2025-01-31,https://legiscan.com/AK/bill/SB81/2025
AK,1950651,,Education:schools; Grants; Funding; Debt,An Act relating to education; relating to public school attendance; relating to mobile communication devices in schools; relating to reading proficiency incentive grants; relating to authorization of charter schools; relating to transportation of students; relating to school bond debt reimbursement; relating to funding and reporting by Alaska technical and vocational education programs; authorizing lump sum payments for certain teachers as retention and recruitment incentives; and providing for an effective date.,1,2025-01-31,https://legiscan.com/AK/bill/SB82/2025
AK,1950320,,"Telehealth: Coverage, Reimbursement Rates","An Act relating to health care insurance; relating to insurance reimbursement for health care services provided through telehealth; relating to telehealth; providing for an effective date by repealing the effective date of secs. 9 and 10, ch. 38, SLA 2022; and providing for an effective date.",2,2025-05-07,https://legiscan.com/AK/bill/SB83/2025
AK,1956768,,Approp: Supplemental,"An Act making supplemental appropriations, reappropriations, and other appropriations; amending appropriations; capitalizing funds; repealing appropriations; and providing for an effective date.",1,2025-02-05,https://legiscan.com/AK/bill/SB84/2025
AK,1956592,,Publication & Use Of Communications,An Act relating to unauthorized publication and use of communications; and relating to eavesdropping.,1,2025-02-05,https://legiscan.com/AK/bill/SB85/2025
AK,1957305,,Money Transmission; Virtual Currency,"An Act relating to the business of money transmission; relating to licenses for money transmission, licensure requirements, and registration through a nationwide multistate licensing system; relating to the use of virtual currency for money transmission; relating to authorized delegates of a licensee; relating to acquisition of control of a license; relating to record retention and reporting requirements; authorizing the Department of Commerce, Community, and Economic Development to cooperate with other states in the regulation of money transmission; relating to permissible investments; relating to violations and enforcement of money transmission laws; relating to exemptions to money transmission licensure requirements; relating to payroll processing services; relating to currency exchange licenses; amending Rules 79 and 82, Alaska Rules of Civil Procedure; and providing for an effective date.",2,2025-05-02,https://legiscan.com/AK/bill/SB86/2025
AK,1956948,,Reject Comp Commission Recommendations,An Act disapproving the recommendations of the State Officers Compensation Commission; and providing for an effective date.,4,2025-03-10,https://legiscan.com/AK/bill/SB87/2025
AK,1957124,,Child Placement; Diligent Search,An Act relating to placement of a child in need of aid; relating to adoption; relating to variances for foster care licenses; relating to the medical records of children in foster care; and providing for an effective date.,1,2025-02-05,https://legiscan.com/AK/bill/SB88/2025
AK,1961833,,Physician Assistant Scope Of Practice,An Act relating to physician assistants; relating to collaborative agreements between physicians and physician assistants; relating to the practice of medicine; relating to health care providers; and relating to provisions regarding physician assistants in contracts between certain health care providers and health care insurers.,2,2026-03-04,https://legiscan.com/AK/bill/SB89/2025
AK,1963957,,Minor Mental Health: Age Of Consent,An Act relating to the examination and treatment of minors; relating to consent for behavioral and mental health treatment for minors 16 years of age or older; and providing for an effective date.,1,2025-02-10,https://legiscan.com/AK/bill/SB90/2025
AK,1963740,,Large-scale Clean Energy Projects,An Act relating to clean energy project development licenses and leases of state land for clean energy projects.,1,2025-02-10,https://legiscan.com/AK/bill/SB91/2025
AK,1963772,,Corp. Income Tax; Oil & Gas Entities,An Act establishing an income tax on certain entities producing or transporting oil or gas in the state; and providing for an effective date.,1,2025-02-10,https://legiscan.com/AK/bill/SB92/2025
AK,1967228,,Early Education Programs,An Act relating to district-wide early education programs; and providing for an effective date.,1,2025-02-12,https://legiscan.com/AK/bill/SB93/2025
AK,1967522,,Child Care: Assistance/grants,An Act relating to the child care assistance program and the child care grant program; and providing for an effective date.,4,2025-07-30,https://legiscan.com/AK/bill/SB95/2025
AK,1967180,,Child Care: Tax Credits,"An Act relating to education tax credits for certain payments and contributions for child care and child care facilities; relating to the insurance tax education credit, the income tax education credit, the oil or gas producer education credit, the property tax education credit, the mining business education credit, the fisheries business education credit, and the fisheries resource landing tax education credit; providing for an effective date by amending the effective date of secs. 1, 2, and 21, ch. 61, SLA 2014; and providing for an effective date.",4,2025-07-30,https://legiscan.com/AK/bill/SB96/2025
AK,1967100,,Big Game Guide Permit Program,"An Act establishing a big game guide concession area permit program on land in the state; relating to the duties of the Big Game Commercial Services Board, the Board of Game, the Department of Fish and Game, and the Department of Natural Resources; requiring the Board of Game to establish an initial big game guide concession area; and providing for an effective date.",4,2025-07-30,https://legiscan.com/AK/bill/SB97/2025
AK,1967145,,Extend Board Of Veterinary Examiners,An Act extending the termination date of the Board of Veterinary Examiners; and providing for an effective date.,1,2025-02-12,https://legiscan.com/AK/bill/SB98/2025
AK,1971062,,Cpa As Private Professional Conservators,An Act relating to private professional conservators; and providing for an effective date.,1,2025-02-14,https://legiscan.com/AK/bill/SB99/2025
AK,1971446,,Theft: Organized; Med. Records; Mail,An Act relating to organized theft; relating to theft of medical records and medical information; relating to mail theft; and providing for an effective date.,1,2025-02-14,https://legiscan.com/AK/bill/SB100/2025
AK,1971205,,Health And Personal Safety Education,An Act relating to health and personal safety education.,1,2025-02-14,https://legiscan.com/AK/bill/SB101/2025
AK,1975302,,Eliminate Daylight Saving Time,An Act exempting the state from daylight saving time; and providing for an effective date.,1,2025-02-19,https://legiscan.com/AK/bill/SB102/2025
AK,1975420,,Cna Training,An Act relating to certified nurse aide training; and providing for an effective date.,1,2025-02-19,https://legiscan.com/AK/bill/SB103/2025
AK,1975645,,Vehicles/boats: Transfer On Death Title,An Act relating to the transfer of a title on the death of the owner; relating to the transferability of common interest community ownership interests; and providing for an effective date.,2,2026-03-09,https://legiscan.com/AK/bill/SB104/2025
AK,1975537,,State Land For Recreational Cabin Sites,An Act relating to the lease and sale of state land for recreational cabin sites; and providing for an effective date.,1,2025-02-19,https://legiscan.com/AK/bill/SB105/2025
AK,1975360,,Alaska Sunset Commission,"An Act establishing a violation for hindering the Alaska Sunset Commission; establishing the Alaska Sunset Commission to review, audit, and make recommendations on discontinuation of or changes to state entities; and relating to the powers and duties of the Alaska Sunset Commission.",1,2025-02-19,https://legiscan.com/AK/bill/SB107/2025
AK,1981324,,Finfish Farms And Products,An Act relating to finfish farms and finfish farm products; and providing for an effective date.,1,2025-02-24,https://legiscan.com/AK/bill/SB108/2025
AK,1981519,,Permanent Fund Dividend; Pomv Split,An Act relating to the Alaska permanent fund; relating to income of the Alaska permanent fund; relating to the amount available for appropriation and appropriations from the earnings reserve account; relating to the permanent fund dividend; and providing for an effective date.,1,2025-02-24,https://legiscan.com/AK/bill/SB109/2025
AK,1985285,,Museum Construction Grants,An Act establishing the museum construction and major expansion matching grant program; and providing for an effective date.,1,2025-02-26,https://legiscan.com/AK/bill/SB110/2025
AK,1984848,,Digital Product Repair,"An Act relating to the diagnosis, maintenance, and repair of products that use digital electronics to operate; adding an unlawful act to the Alaska Unfair Trade Practices and Consumer Protection Act; and providing for an effective date.",1,2025-02-26,https://legiscan.com/AK/bill/SB111/2025
AK,1985355,,Oil & Gas Production Tax,An Act relating to credits against the oil and gas production tax; and providing for an effective date.,1,2025-02-26,https://legiscan.com/AK/bill/SB112/2025
AK,1984559,,Apportion Taxable Income;digital Business,An Act relating to the Multistate Tax Compact; relating to apportionment of income to the state; relating to highly digitized businesses subject to the Alaska Net Income Tax Act; and providing for an effective date.,5,2025-10-15,https://legiscan.com/AK/bill/SB113/2025
AK,1989322,,Gas Pipeline Fairbanks Spur,An Act relating to an in-state natural gas pipeline developed by the Alaska Gasline Development Corporation; and providing for an effective date.,1,2025-02-28,https://legiscan.com/AK/bill/SB114/2025
AK,1989321,,Commercial Fishing Insurance Co-op,An Act exempting from insurance regulation cooperative agreements entered into by two or more persons engaged in commercial fishing for the purpose of paying claims or losses.,1,2025-02-28,https://legiscan.com/AK/bill/SB115/2025
AK,1992281,,"Campaign Finance, Contribution Limits",An Act amending campaign contribution limits for state and local office; directing the Alaska Public Offices Commission to adjust campaign contribution limits for state and local office once each decade beginning in 2031; and relating to campaign contribution reporting requirements.,1,2025-03-05,https://legiscan.com/AK/bill/SB116/2025
AK,1992107,,State Commission For Civil Rights,An Act renaming the State Commission for Human Rights the Alaska State Commission for Civil Rights; relating to removal of commissioners of the Alaska State Commission for Civil Rights; relating to reports from the Alaska State Commission for Civil Rights; relating to the definition of &#39;employer&#39; for the purposes of the Alaska State Commission for Civil Rights; and relating to local civil rights commissions.,1,2025-03-05,https://legiscan.com/AK/bill/SB117/2025
AK,1992344,,Add Faculty Member Univ Board Of Regents,An Act relating to the Board of Regents of the University of Alaska.,1,2025-03-05,https://legiscan.com/AK/bill/SB118/2025
AK,1992397,,Fundamental Rights; Anti-discrimination,An Act relating to fundamental rights.,1,2025-03-05,https://legiscan.com/AK/bill/SB119/2025
AK,1992516,,Climate Change Commission,An Act establishing the Alaska Climate Change Emergency Response Commission; and relating to the powers and duties of the Alaska Climate Change Emergency Response Commission.,1,2025-03-05,https://legiscan.com/AK/bill/SB120/2025
AK,1992457,,Health Insurance Allowable Charges,An Act relating to settlement of health insurance claims; relating to allowable charges for health care services or supplies; and providing for an effective date.,1,2025-03-05,https://legiscan.com/AK/bill/SB121/2025
AK,1992573,,Health Insurance Network Standards,An Act relating to insurance; establishing standards for health insurance provider networks; and providing for an effective date.,1,2025-03-05,https://legiscan.com/AK/bill/SB122/2025
AK,1993500,,Cina: Citizens' Review Panels,An Act relating to citizen review panels for certain children in state custody; reestablishing the Citizens&#39; Review Panel for Permanency Planning; and providing for an effective date.,1,2025-03-06,https://legiscan.com/AK/bill/SB123/2025
AK,1996350,,Nursing: Licensure; Multistate Compact,An Act relating to the licensure of nursing professionals; relating to a multistate nurse licensure compact; and providing for an effective date.,1,2025-03-10,https://legiscan.com/AK/bill/SB124/2025
AK,2005136,,Ak Gasline Finance Corporation,An Act establishing the Alaska Gasline Finance Corporation; and relating to contributions from permanent fund dividends for the financing of a natural gas pipeline.,1,2025-03-12,https://legiscan.com/AK/bill/SB125/2025
AK,2004705,,Correctional Facilities; Placement,An Act relating to correctional facilities; relating to the authority of the commissioner of corrections to designate the placement of prisoners; and requiring the Department of Corrections to estimate and report certain cost savings.,1,2025-03-12,https://legiscan.com/AK/bill/SB126/2025
AK,2004816,,Education For Visually Impaired Students,An Act relating to the education of visually impaired students in public schools.,1,2025-03-12,https://legiscan.com/AK/bill/SB127/2025
AK,2005245,,Create Department Of Agriculture,An Act establishing the Department of Agriculture; relating to the establishment of the Department of Agriculture; transferring functions of the Department of Natural Resources related to agriculture to the Department of Agriculture; and providing for an effective date.,1,2025-03-12,https://legiscan.com/AK/bill/SB128/2025
AK,2004922,,Payment Of Contracts,"An Act establishing a 30-day deadline for the payment of contracts under the State Procurement Code; establishing deadlines for the payment of grants, contracts, and reimbursement agreements to nonprofit organizations, municipalities, and Alaska Native organizations; relating to payment of grants to named recipients that are not municipalities; and providing for an effective date.",1,2025-03-12,https://legiscan.com/AK/bill/SB129/2025
AK,2005354,,Fisheries Prod Development Tax Credit,"An Act relating to the fisheries product development tax credit; providing for an effective date by amending the effective date of sec. 2, ch. 31, SLA 2022; and providing for an effective date.",1,2025-03-12,https://legiscan.com/AK/bill/SB130/2025
AK,2007723,,Duties Of Asmi Board; Meaning Of Seafood,An Act relating to the duties of the Alaska Seafood Marketing Institute; and relating to the seafood marketing assessment.,1,2025-03-14,https://legiscan.com/AK/bill/SB131/2025
AK,2008002,,Omnibus Insurance Bill,An Act relating to insurance; and providing for an effective date.,4,2025-07-30,https://legiscan.com/AK/bill/SB132/2025
AK,2009125,,Insurance; Prior Authorizations,An Act relating to prior authorization requests for medical care covered by a health care insurer; relating to a prior authorization application programming interface; relating to step therapy; and providing for an effective date.,4,2025-07-30,https://legiscan.com/AK/bill/SB133/2025
AK,2009932,,Pharmacy Benefits Manager;3rd Party Admin,An Act relating to pharmacy benefits managers; relating to third-party administrators; and providing for an effective date.,2,2025-05-13,https://legiscan.com/AK/bill/SB134/2025
AK,2010130,,Refund Of Fish Business Tax To Munis,An Act relating to the sharing of tax revenue from the fisheries business tax and fishery resource landing tax with municipalities; relating to municipal reports on the shared tax revenue; and providing for an effective date.,1,2025-03-18,https://legiscan.com/AK/bill/SB135/2025
AK,2010940,,Firearm Financial Privacy,"An Act relating to the privacy of firearm transactions; relating to discrimination against firearm retailers by financial institutions and payment networks; relating to the disclosure of financial records by financial institutions and payment networks; and amending Rules 65 and 82, Alaska Rules of Civil Procedure.",1,2025-03-19,https://legiscan.com/AK/bill/SB136/2025
AK,2010986,,Extnd Bds:midwive/nursing/vet Exam/parole,An Act extending the termination date of the Board of Certified Direct-Entry Midwives; extending the termination date of the Board of Nursing; extending the termination date of the Board of Veterinary Examiners; extending the termination date of the Board of Parole; and providing for an effective date.,4,2025-07-30,https://legiscan.com/AK/bill/SB137/2025
AK,2011027,,"Taxation: Vehicle Rentals, Subpoenas",An Act relating to vehicle rental taxes; relating to the issuance of subpoenas related to tax records; and providing for an effective date.,1,2025-03-19,https://legiscan.com/AK/bill/SB138/2025
AK,2011106,,Land; Ownership Restrictions; Ag Land,An Act relating to who may own or hold certain land; relating to certain agreements having to do with critical infrastructure; and providing for an effective date.,1,2025-03-19,https://legiscan.com/AK/bill/SB139/2025
AK,2013450,,Fire Station Grant Program,An Act relating to a matching grant program for fire station construction and renovation; and providing for an effective date.,2,2026-03-04,https://legiscan.com/AK/bill/SB140/2025
AK,2013290,,Aeds/overdose Kits In Public Buildings,An Act relating to automated external defibrillators in buildings open to the public; relating to opioid overdose response kits in buildings open to the public; relating to civil liability for providing opioid overdose drugs; and providing for an effective date.,1,2025-03-24,https://legiscan.com/AK/bill/SB141/2025
AK,2013394,,Health Insurance & Pharmacy Benefits Mgrs,"An Act relating to municipal and state group health insurance plans and policies, including self-insured plans and policies, and the administration and management of pharmacy benefits; and providing for an effective date.",1,2025-03-24,https://legiscan.com/AK/bill/SB142/2025
AK,2014995,,Municipal School Board Terms,An Act relating to the terms of office of municipal school board members; and providing for an effective date.,1,2025-03-26,https://legiscan.com/AK/bill/SB143/2025
AK,2015130,,Peace Officers/firefighters: Disability,An Act relating to occupational disability benefits for peace officers and firefighters; and providing for an effective date.,1,2025-03-26,https://legiscan.com/AK/bill/SB144/2025
AK,2015189,,Professional Licensing; Temp Permits,An Act relating to professional licensing; relating to temporary licenses for certain professions; and providing for an effective date.,1,2025-03-26,https://legiscan.com/AK/bill/SB145/2025
AK,2015041,,"Reaa Fund: Mt. Edgecumbe, Teacher Housing",An Act relating to the regional educational attendance area and small municipal school district fund; relating to Mt. Edgecumbe High School; and relating to teacher housing.,2,2026-02-18,https://legiscan.com/AK/bill/SB146/2025
AK,2015159,,Pharmacist Prescription Authority,An Act relating to the prescription and administration of drugs and devices by pharmacists; relating to reciprocity for pharmacists; and providing for an effective date.,1,2025-03-26,https://legiscan.com/AK/bill/SB147/2025
AK,2016522,,Autonomous Vehicles,An Act regulating autonomous vehicles; and providing for an effective date.,1,2025-03-28,https://legiscan.com/AK/bill/SB148/2025
AK,2016393,,Utilities: Renewable Portfolio Standard,An Act relating to generation of electricity from renewable energy resources; relating to a renewable portfolio standard; relating to power cost equalization; and providing for an effective date.,1,2025-03-28,https://legiscan.com/AK/bill/SB149/2025
AK,2016368,,Net Metering Program & Fund,An Act relating to a net metering program; relating to reduced rates in the form of credits for consumer-generators; establishing a net metering reimbursement fund; and providing for an effective date.,1,2025-03-28,https://legiscan.com/AK/bill/SB150/2025
AK,2016413,,School District Head Lice Policy,An Act relating to head lice in public schools.,1,2025-03-28,https://legiscan.com/AK/bill/SB151/2025
AK,2017284,,Harold Esmailka Airport At Ruby,An Act renaming Ruby Airport as Harold Esmailka Airport; and providing for an effective date.,4,2025-07-30,https://legiscan.com/AK/bill/SB152/2025
AK,2018908,,Public Meetings: Exempt Muni Svc Area Bds,An Act exempting municipal service area boards from the requirements of the Open Meetings Act; and providing for an effective date.,1,2025-04-02,https://legiscan.com/AK/bill/SB153/2025
AK,2019211,,Home Care Employment Standards Adv Board,An Act establishing the Home Care Employment Standards Advisory Board; relating to payment for personal care services; and providing for an effective date.,1,2025-04-02,https://legiscan.com/AK/bill/SB154/2025
AK,2018963,,Failure To Report Violent Crimes,An Act relating to the crime of failure to report a violent crime.,1,2025-04-02,https://legiscan.com/AK/bill/SB155/2025
AK,2019073,,Ak Commercial Fishing & Ag Bank; Loans,"An Act relating to the Department of Commerce, Community, and Economic Development; relating to the Alaska Commercial Fishing and Agriculture Bank; relating to certain loans made by the Alaska Commercial Fishing and Agriculture Bank; relating to certain commercial fishing loans; and providing for an effective date.",5,2025-07-30,https://legiscan.com/AK/bill/SB156/2025
AK,2020764,,University Of Alaska Fees,An Act relating to notice of new fees and fee increases from the University of Alaska; relating to billing statements from the University of Alaska; and providing for an effective date.,1,2025-04-04,https://legiscan.com/AK/bill/SB157/2025
AK,2021115,,Cook Inlet: New Admin Area,An Act relating to administrative areas for regulation of certain commercial set net entry permits; and providing for an effective date.,2,2026-03-20,https://legiscan.com/AK/bill/SB158/2025
AK,2021153,,Training & Employment Prog: Contributions,An Act increasing contributions to the Department of Labor and Workforce Development for the State Training and Employment Program.,1,2025-04-07,https://legiscan.com/AK/bill/SB159/2025
AK,2022202,,Members Leg Council; Leg Budget & Audit,An Act relating to the membership of the legislative council; and relating to the membership of the Legislative Budget and Audit Committee.,1,2025-04-09,https://legiscan.com/AK/bill/SB160/2025
AK,2022247,,Prohibit Bottom Trawling,An Act relating to the use of certain trawl or dredge fishing gear in state water; and providing for an effective date.,1,2025-04-09,https://legiscan.com/AK/bill/SB161/2025
AK,2022165,,Specie As Legal Tender,An Act relating to specie as legal tender in the state; and relating to borough and city sales and use taxes on specie.,1,2025-04-09,https://legiscan.com/AK/bill/SB162/2025
AK,2022121,,Repeal Certain Inactive Funds/accounts,An Act relating to inactive state accounts and funds; repealing the home ownership assistance fund; repealing the operating loss reserve account; repealing the public access fund; repealing the Southeast energy fund; repealing the Alaska Gasline Inducement Act reimbursement fund; repealing the child care facility revolving loan fund foreclosure expense account; repealing the tourism revolving fund foreclosure expense account; repealing the residential energy conservation fund foreclosure expense account; repealing the historical district revolving loan fund foreclosure expense account; repealing the Alaska temporary assistance program emergency account; repealing the 2001 Special Olympics World Winter Games reserve fund; and providing for an effective date.,1,2025-04-09,https://legiscan.com/AK/bill/SB163/2025
AK,2022224,,Eliminate Tax Discounts,"An Act eliminating deductions for the remittance of the motor fuel tax, tobacco taxes, and tire fees; relating to discounts on cigarette stamps; and providing for an effective date.",1,2025-04-09,https://legiscan.com/AK/bill/SB164/2025
AK,2022233,,Electronic Driver's Licenses,An Act relating to the powers of the commissioner of administration with respect to motor vehicles; relating to electronic identification cards; relating to electronic driver&#39;s licenses and permits; and providing for an effective date.,1,2025-04-09,https://legiscan.com/AK/bill/SB165/2025
AK,2022131,,Notice Reqs. For State Actions,An Act relating to notice requirements for certain state actions.,1,2025-04-09,https://legiscan.com/AK/bill/SB166/2025
AK,2022742,,Crim. Conv. Overturned: Receive Past Pfd,"An Act relating to a permanent fund dividend for an individual whose conviction has been vacated, reversed, or dismissed; and relating to the calculation of the value of the permanent fund dividend by including payment to individuals eligible for a permanent fund dividend because of a conviction that has been vacated, reversed, or dismissed.",1,2025-04-10,https://legiscan.com/AK/bill/SB167/2025
AK,2023521,,Medical Assistance; Family Planning,An Act relating to medical assistance eligibility for family planning services; and providing for an effective date.,1,2025-04-11,https://legiscan.com/AK/bill/SB168/2025
AK,2023451,,Welcoming Alaska Office,An Act establishing the welcoming Alaska office; establishing the welcoming Alaska center; establishing the Welcoming Alaska Advisory Committee; repealing the office of citizenship assistance; and providing for an effective date.,1,2025-04-11,https://legiscan.com/AK/bill/SB169/2025
AK,2023370,,Gaming; Electronic Pull-tabs,An Act relating to gaming; relating to bingo; relating to pull-tabs and electronic pull-tab systems; and providing for an effective date.,1,2025-04-11,https://legiscan.com/AK/bill/SB170/2025
AK,2023686,,Child Care Assistance; Tax Credits,An Act relating to the insurance tax education credit; relating to the income tax education credit; relating to the oil or gas producer education credit; relating to the property tax education credit; relating to the mining business education credit; relating to the fisheries business education credit; relating to the fisheries resource landing tax education credit; renaming the day care assistance program the child care assistance program; relating to the child care assistance program and the child care grant program; and providing for an effective date.,1,2025-04-14,https://legiscan.com/AK/bill/SB171/2025
AK,2023750,,Occupational Therapy Licensure Compact,An Act relating to occupational therapist licensure; relating to occupational therapy assistant licensure; and relating to an occupational therapist licensure compact.,1,2025-04-14,https://legiscan.com/AK/bill/SB172/2025
AK,2023630,,Apprentice Labor In Public Projects,An Act relating to the use of apprentice labor in public construction projects; relating to the use of veteran apprentice labor in public construction projects; and relating to an annual report on the use of apprentice labor in public construction projects.,1,2025-04-14,https://legiscan.com/AK/bill/SB173/2025
AK,2023646,,Invasive Species Management,An Act establishing the Alaska Invasive Species Council in the Department of Fish and Game; relating to management of invasive species; and providing for an effective date.,1,2025-04-14,https://legiscan.com/AK/bill/SB174/2025
AK,2024040,,Tax Exemption: Port Mackenzie Corps,An Act establishing a net corporate income tax exemption for entities in Port MacKenzie; and providing for an effective date.,1,2025-04-15,https://legiscan.com/AK/bill/SB175/2025
AK,2024066,,Approve Marathon Petro Royalty Oil Sale,An Act approving and ratifying the sale of royalty oil by the State of Alaska to Marathon Petroleum Supply and Trading Company LLC; and providing for an effective date.,1,2025-04-15,https://legiscan.com/AK/bill/SB176/2025
AK,2025808,,State Agency Publications,"An Act relating to the elimination or modification of state agency publications that are outdated, duplicative, or excessive.",1,2025-04-22,https://legiscan.com/AK/bill/SB177/2025
AK,2025837,,Expand Early Intervention Services,An Act relating to early intervention services for certain children; relating to optional services under the medical assistance program; and providing for an effective date.,1,2025-04-22,https://legiscan.com/AK/bill/SB178/2025
AK,2025779,,General Election: Three Candidates,An Act relating to ranked-choice voting; and reducing the number of candidates in a general election from four to three.,1,2025-04-22,https://legiscan.com/AK/bill/SB179/2025
AK,2025717,,Lng Import Facilities,An Act relating to the regulation of liquefied natural gas import facilities by the Regulatory Commission of Alaska.,1,2025-04-22,https://legiscan.com/AK/bill/SB180/2025
AK,2025746,,Employment Information Disclosure,An Act relating to disclosure of information obtained by the Department of Labor and Workforce Development to other state agencies.,2,2026-03-20,https://legiscan.com/AK/bill/SB181/2025
AK,2025862,,Educ:enroll;charter Schools;bsa;telecomm,An Act relating to education; relating to open enrollment in public schools; relating to charter schools; relating to correspondence study programs; relating to the base student allocation; relating to the provision of special education and related services; relating to reading proficiency incentive grants; relating to wireless telecommunication devices in public schools; and providing for an effective date.,1,2025-04-22,https://legiscan.com/AK/bill/SB182/2025
AK,2026124,,Powers: Lb&a Committee; Legislative Audit,An Act relating to hindering the Legislative Budget and Audit Committee; relating to the powers of the Legislative Budget and Audit Committee and the legislative audit division; and providing for an effective date.,4,2025-08-19,https://legiscan.com/AK/bill/SB183/2025
AK,2026672,,School Bond Debt Reimbursement,An Act relating to school bond debt reimbursement; and providing for an effective date.,1,2025-04-25,https://legiscan.com/AK/bill/SB184/2025
AK,2026723,,Insurance; Rebates; Advertising,An Act relating to the business of insurance; relating to exceptions to prohibited rebates; relating to the powers of the director of the division of insurance; relating to prohibited practices in the advertisement of insurance; and providing for an effective date.,1,2025-04-25,https://legiscan.com/AK/bill/SB185/2025
AK,2026712,,Snap Benefits: Prohibit Soft Drinks,An Act relating to removing soft drinks from the food stamp program; and providing for an effective date.,1,2025-04-25,https://legiscan.com/AK/bill/SB186/2025
AK,2026732,,School Nutrition/meal: Prohibit Food Dyes,An Act prohibiting certain food additives in public school meals; and providing for an effective date.,1,2025-04-25,https://legiscan.com/AK/bill/SB187/2025
AK,2028301,,Tanana Valley State Forest,An Act expanding the Tanana Valley State Forest; and providing for an effective date.,1,2025-05-02,https://legiscan.com/AK/bill/SB188/2025
AK,2028230,,Paid Sick Leave Exemption,An Act relating to minimum paid sick leave requirements; and providing for an effective date.,1,2025-05-02,https://legiscan.com/AK/bill/SB189/2025
AK,2029406,,Uniform Act: Guardianship/conservatorship,"An Act relating to guardianships, conservatorships, and other protective arrangements; relating to the public guardian; relating to the crime of violating a protective order; amending the Alaska Rules of Probate Procedure, and Rule 77(c), Alaska Rules of Civil Procedure; and providing for an effective date.",1,2025-05-07,https://legiscan.com/AK/bill/SB190/2025
AK,2030066,,Transfer Of Railroad Land To Whittier,An Act approving the transfer of land owned by the Alaska Railroad Corporation to the City of Whittier; and providing for an effective date.,1,2025-05-09,https://legiscan.com/AK/bill/SB191/2025
AK,2030380,,Evacuation Designation Levels,An Act relating to evacuation designation levels; and relating to the Alaska Disaster Act.,1,2025-05-12,https://legiscan.com/AK/bill/SB192/2025
AK,2030892,,Practice Of Naturopathy,An Act relating to the practice of naturopathy.,1,2025-05-13,https://legiscan.com/AK/bill/SB193/2025
AK,2031298,,Mobile Sports Wagering; Tax,An Act authorizing mobile sports wagering; relating to the regulation of mobile sports wagering; imposing a tax on mobile sports wagering revenue; relating to criminal history record checks for licensure to operate mobile sports wagering; and providing for an effective date.,1,2025-05-14,https://legiscan.com/AK/bill/SB194/2025
AK,2032263,,Slow Onset Disasters,An Act relating to slow onset disasters; and relating to the Alaska Disaster Act.,1,2025-05-16,https://legiscan.com/AK/bill/SB195/2025
AK,2032440,,Beh. Health Crisis Surcharge & Fund,An Act establishing a behavioral health crisis services surcharge; establishing the behavioral health crisis services fund; and providing for an effective date.,1,2025-05-19,https://legiscan.com/AK/bill/SB196/2025
AK,2032530,,Mathematics Instruction,An Act relating to mathematics education; relating to the duties of the Department of Education and Early Development; and relating to the duties of school districts.,1,2025-05-19,https://legiscan.com/AK/bill/SB197/2025
AK,2032533,,Pers/trs Retirement & Medical Eligibility,An Act relating to the teachers&#39; defined contribution retirement plan; relating to the public employees&#39; defined contribution retirement plan; and providing for an effective date.,1,2025-05-19,https://legiscan.com/AK/bill/SB198/2025
AK,2070364,,Commer Fish Lim Entry Commn: Xfer To Adfg,An Act repealing the Alaska Commercial Fisheries Limited Entry Commission and transferring its duties to the Department of Fish and Game and the office of administrative hearings.,1,2026-01-21,https://legiscan.com/AK/bill/SB199/2025
AK,2070407,,Farm & Agricultural Land Assessments,An Act relating to municipal assessments of farm or agricultural land; and providing for an effective date.,1,2026-01-21,https://legiscan.com/AK/bill/SB200/2025
AK,2070771,,Court Reports: Involuntary Commitments,An Act relating to a report regarding involuntary commitment orders.,1,2026-01-21,https://legiscan.com/AK/bill/SB201/2025
AK,2070600,,Term Of Aidea Chair,An Act establishing a term for serving as the chair of the Alaska Industrial Development and Export Authority.,1,2026-01-21,https://legiscan.com/AK/bill/SB202/2025
AK,2070750,,Prohibited Weapons/firearm Convert Device,An Act relating to the definition of &#39;prohibited weapon.&#39;,1,2026-01-21,https://legiscan.com/AK/bill/SB203/2025
AK,2070578,,Sub. Teaching; School Board Eligibility,An Act relating to substitute teaching; and relating to the qualifications of school board members.,1,2026-01-21,https://legiscan.com/AK/bill/SB204/2025
AK,2070707,,Peace Officers/firefighters: Disability,An Act relating to occupational disability benefits for peace officers and firefighters; and providing for an effective date.,1,2026-01-21,https://legiscan.com/AK/bill/SB205/2025
AK,2070685,,School Suicide Policies; Firearm Storage,"An Act relating to reports of harassment, intimidation, or bullying in schools; relating to parental notification of incidents of harassment, intimidation, or bullying involving students and threats of suicide by students; and establishing the firearm safe storage grant fund.",1,2026-01-21,https://legiscan.com/AK/bill/SB206/2025
AK,2070278,,Property Possession And Property Crimes,"An Act relating to the removal of unlawful occupants from residential real property; relating to the crimes of trespass, forgery, and deceptive business practices; and amending Rules 82 and 85(a), Alaska Rules of Civil Procedure.",1,2026-01-21,https://legiscan.com/AK/bill/SB207/2025
AK,2084591,,Agricultural Land Leases,An Act relating to leases of state land for agricultural purposes; and providing for an effective date.,1,2026-01-21,https://legiscan.com/AK/bill/SB208/2025
AK,2084421,,Grad Requirements & Proficiency Tools,An Act relating to high school graduation requirements and proficiency confirmation tools.,1,2026-01-21,https://legiscan.com/AK/bill/SB209/2025
AK,2084081,,Indigenous Cultural Heritage Education,An Act relating to the recognition of Indigenous cultures in public education.,1,2026-01-21,https://legiscan.com/AK/bill/SB210/2025
AK,2088402,,Extend Occupational Licensing Boards,An Act extending the termination date of the Board of Professional Counselors; extending the termination date of the Board of Marital and Family Therapy; extending the termination date of the Board of Psychologist and Psychological Associate Examiners; extending the termination date of the Real Estate Commission; extending the termination date of the Board of Certified Real Estate Appraisers; extending the termination date of the Board of Social Work Examiners; relating to reports on the Board of Psychologist and Psychological Associate Examiners and the Board of Certified Real Estate Appraisers; and providing for an effective date.,2,2026-03-16,https://legiscan.com/AK/bill/SB211/2025
AK,2088566,,Number Of Superior Court Judges,An Act increasing the number of superior court judges in the third judicial district; and providing for an effective date.,1,2026-01-21,https://legiscan.com/AK/bill/SB212/2025
AK,2088808,,Approp: Operating Budget;amend;supp,"An Act making appropriations for the operating and loan program expenses of state government and for certain programs; capitalizing funds; amending appropriations; making supplemental appropriations; making appropriations under art. IX, sec. 17(c), Constitution of the State of Alaska, from the constitutional budget reserve fund; and providing for an effective date.",1,2026-01-21,https://legiscan.com/AK/bill/SB213/2025
AK,2088748,,Approp: Capital/funds/supp/reapprop,"An Act making appropriations, including capital appropriations, supplemental appropriations, and reappropriations; making appropriations to capitalize funds; and providing for an effective date.",1,2026-01-21,https://legiscan.com/AK/bill/SB214/2025
AK,2088512,,Approp: Mental Health Budget,An Act making appropriations for the operating and capital expenses of the state&#39;s integrated comprehensive mental health program; and providing for an effective date.,1,2026-01-21,https://legiscan.com/AK/bill/SB215/2025
AK,2088341,,Big Game Hunting Permits,An Act relating to the transfer of big game hunting permits; and providing for an effective date.,1,2026-01-21,https://legiscan.com/AK/bill/SB216/2025
AK,2088281,,Employer Contributions,An Act relating to employer contributions to the unemployment compensation fund; establishing an employer contribution for the state training and employment program; and providing for an effective date.,1,2026-01-21,https://legiscan.com/AK/bill/SB217/2025
AK,2088460,,Tax: Electric Coops/generation/storage,An Act relating to the taxation of electric cooperatives; relating to the taxation of electricity generation and electricity storage facilities; and providing for an effective date.,1,2026-01-21,https://legiscan.com/AK/bill/SB218/2025
AK,2088225,,"Pfas Use & Remediation, Water Testing",An Act relating to perfluoroalkyl and polyfluoroalkyl substances; relating to thermal remediation of perfluoroalkyl and polyfluoroalkyl substance contamination; and providing for an effective date.,1,2026-01-21,https://legiscan.com/AK/bill/SB219/2025
AK,2088688,,Community Health Worker Certification,An Act establishing a community health worker certification; relating to medical assistance coverage for certified community health worker services; and providing for an effective date.,1,2026-01-21,https://legiscan.com/AK/bill/SB220/2025
AK,2088629,,Restricting State Fund Fiduciary,"An Act restricting a fiduciary of a state fund, the Alaska Retirement Management Board, and the Alaska Permanent Fund Corporation Board from investing or doing business with DigitalBridge Group, Inc., or an affiliate of DigitalBridge Group, Inc.",1,2026-01-21,https://legiscan.com/AK/bill/SB221/2025
AK,2092147,,State Agency Review By Lb&a Committee,An Act relating to the powers and duties of the Legislative Budget and Audit Committee; relating to the powers and duties of the legislative audit division; providing for a sunset review of executive branch agencies; and providing for an effective date.,1,2026-01-23,https://legiscan.com/AK/bill/SB222/2025
AK,2091961,,Appropriation Limit,An Act relating to an appropriation limit; and providing for an effective date.,1,2026-01-23,https://legiscan.com/AK/bill/SB223/2025
AK,2091928,,Public Land:sale/lease/commercial Develop,An Act relating to state land; relating to contracts for the sale and lease of state land; relating to commercial development parks; and providing for an effective date.,1,2026-01-23,https://legiscan.com/AK/bill/SB224/2025
AK,2092025,,Trusts; Trust Proceedings; Trustees,An Act relating to trusts; relating to trust proceedings; relating to nonjudicial settlement agreements in trust matters; relating to the powers of trustees; and providing for an effective date.,1,2026-01-23,https://legiscan.com/AK/bill/SB225/2025
AK,2093576,,Homemade Food; Reduced Oxygen Packaging,An Act relating to the sale of homemade food.,1,2026-01-26,https://legiscan.com/AK/bill/SB226/2025
AK,2093544,,Tax Compact; Sales Tax; Oil & Gas Tax,An Act relating to the Multistate Tax Compact; relating to apportionment of income to the state; establishing a state sales and use tax; relating to taxes levied by cities and boroughs; relating to the corporate income tax; authorizing the Department of Revenue to enter into the Streamlined Sales and Use Tax Agreement or substantially similar agreement; relating to the oil and gas production tax; establishing an infrastructure maintenance surcharge on oil; establishing a pipeline corridor maintenance fund; and providing for an effective date.,1,2026-01-26,https://legiscan.com/AK/bill/SB227/2025
AK,2097229,,Public Schools; Opioid Awareness Program,An Act relating to the duties of the Department of Education and Early Development; relating to public education; and relating to opioid abuse awareness and prevention.,1,2026-01-28,https://legiscan.com/AK/bill/SB228/2025
AK,2098731,,Campaign Finance Reports,An Act relating to certain reports required by the Alaska Public Offices Commission; and relating to the use of campaign contributions held by a candidate or group.,1,2026-01-28,https://legiscan.com/AK/bill/SB229/2025
AK,2103469,,Jonesville Public Use Area,An Act relating to the boundaries of the Jonesville Public Use Area; and providing for an effective date.,1,2026-02-02,https://legiscan.com/AK/bill/SB230/2025
AK,2107799,,Approp: Supplemental,"An Act making supplemental appropriations, reappropriations, and other appropriations; amending appropriations; capitalizing funds; and providing for an effective date.",1,2026-02-04,https://legiscan.com/AK/bill/SB231/2025
AK,2107747,,Personal Collection Of Certain Fossils,An Act relating to personal use collection of certain fossils.,1,2026-02-04,https://legiscan.com/AK/bill/SB232/2025
AK,2107591,,Controlled Substances Advisory Committee,An Act relating to the Controlled Substances Advisory Committee.,1,2026-02-04,https://legiscan.com/AK/bill/SB233/2025
AK,2107391,,Uniform Fiduciary Income & Principal Act,An Act adopting the Uniform Fiduciary Income and Principal Act; repealing the Alaska Principal and Income Act; relating to fiduciary income and principal; relating to the probate jurisdiction of court; relating to trust administration; and relating to transfers of trust interests.,1,2026-02-04,https://legiscan.com/AK/bill/SB234/2025
AK,2110737,,Automated Traffic Safety Cameras,An Act relating to municipal regulation of automated traffic safety cameras.,1,2026-02-06,https://legiscan.com/AK/bill/SB235/2025
AK,2111855,,Veterans; Sentence Prog; Crim Procedure,"An Act creating a veteran sentencing program; relating to release procedures; amending Rules 35 and 43, Alaska Rules of Criminal Procedure; and providing for an effective date.",1,2026-02-09,https://legiscan.com/AK/bill/SB236/2025
AK,2111825,,Data Sharing; Social Security,An Act relating to data sharing by the Department of Administration for driver&#39;s license data verification purposes; and providing for an effective date.,1,2026-02-09,https://legiscan.com/AK/bill/SB237/2025
AK,2111918,,Library Materials Policies; Censorship,"An Act relating to access to library material; and relating to affirmative defenses to the offenses of enticement of a minor, contributing to the delinquency of a minor, and distribution of indecent material to minors.",1,2026-02-09,https://legiscan.com/AK/bill/SB238/2025
AK,2114413,,Motor Vehicle Registration,An Act relating to the registration and titling of legally imported motor vehicles; and providing for an effective date.,1,2026-02-11,https://legiscan.com/AK/bill/SB239/2025
AK,2114215,,Senior Citizen Grants Dividend Raffle,An Act relating to permanent fund dividend raffles; creating the senior citizen grants endowment fund and the senior citizen grants dividend raffle fund; authorizing donations from permanent fund dividends for grants to organizations that provide support for senior citizens and for entry into the senior citizen grants dividend raffle; relating to transfers from the senior citizen grants endowment fund and the senior citizen grants dividend raffle fund; relating to the duties of the Department of Revenue; and relating to the definition of &#39;gambling.&#39;,1,2026-02-11,https://legiscan.com/AK/bill/SB240/2025
AK,2114350,,Consumer Fee Transparency,An Act relating to unfair trade practices and consumer protection; relating to fees charged to consumers; and providing for an effective date.,1,2026-02-11,https://legiscan.com/AK/bill/SB241/2025
AK,2114282,,Dept. Of Public Safety & Muni Contracts,An Act relating to contracts to provide law enforcement services between the Department of Public Safety and municipalities; relating to the powers and duties of state troopers; relating to the general powers of municipalities; and providing for an effective date.,1,2026-02-11,https://legiscan.com/AK/bill/SB242/2025
AK,2117009,,Definition Of Prohibited Weapon,"An Act removing devices designed, made, or adapted to muffle the report of a firearm from the definition of &#39;prohibited weapon.&#39;",1,2026-02-13,https://legiscan.com/AK/bill/SB243/2025
AK,2117550,,Travel Insurance,An Act relating to travel insurance.,1,2026-02-16,https://legiscan.com/AK/bill/SB244/2025
AK,2119163,,Arts And Culture Day,An Act establishing June 21 as Alaska Arts and Culture Day; and providing for an effective date.,1,2026-02-18,https://legiscan.com/AK/bill/SB245/2025
AK,2119123,,"Arch, Eng, Surveyors; Reg Int Design","An Act relating to registered interior designers and interior design; relating to project costs for the construction, enlargement, or improvement of airports; extending the termination date of the State Board of Registration for Architects, Engineers, and Land Surveyors; relating to the State Board of Registration for Architects, Engineers, and Land Surveyors; establishing requirements for the practice of registered interior design; relating to the practice of architecture, engineering, land surveying, landscape architecture, and registered interior design; relating to the scope of the certification requirements for architects, engineers, land surveyors, landscape architects, and registered interior designers; relating to immunity for design professionals; relating to the cost of construction for recreation centers; relating to liens for labor or materials furnished; relating to the procurement of landscape architectural and interior design services; relating to the cost of construction of safe water and hygienic sewage disposal facilities in villages; and providing for an effective date.",1,2026-02-18,https://legiscan.com/AK/bill/SB246/2025
AK,2118967,,Generated Obscene Chld Sex Abuse Material,An Act relating to crime and criminal procedure; relating to generated obscene child sexual abuse material; relating to teaching certificates; and relating to licensing of school bus drivers.,1,2026-02-18,https://legiscan.com/AK/bill/SB247/2025
AK,2119085,,Genetic Couns: Licensing; Advisory Cncl.,An Act relating to the practice of genetic counseling; relating to the licensure of genetic counselors; establishing the Genetic Counseling Advisory Council; relating to the duties of the State Medical Board; relating to telehealth by licensed genetic counselors; relating to medical malpractice liability of licensed genetic counselors; relating to immunity from civil liability for a licensed genetic counselor providing free health care services; and prohibiting unfair discrimination under group health insurance against genetic counselors.,1,2026-02-18,https://legiscan.com/AK/bill/SB248/2025
AK,2119003,,Virtual Currency Kiosks,An Act relating to virtual currency kiosks; relating to transactions involving virtual currency; and relating to unfair trade or deceptive acts or practices.,1,2026-02-18,https://legiscan.com/AK/bill/SB249/2025
AK,2118926,,"Data Centers, Utilities",An Act relating to data centers; and relating to utility service for data centers.,1,2026-02-18,https://legiscan.com/AK/bill/SB250/2025
AK,2119202,,Repeal Workers' Comp Appeals Commission,"An Act repealing the Workers&#39; Compensation Appeals Commission; relating to decisions and orders of the Workers&#39; Compensation Appeals Commission; relating to superior court jurisdiction over appeals from Alaska Workers&#39; Compensation Board decisions; repealing Rules 201.1, 401.1, and 501.1, Alaska Rules of Appellate Procedure, and amending Rules 202(a), 204(a) - (c), 210(e), 601(b), 602(c) and (h), and 603(a), Alaska Rules of Appellate Procedure; and providing for an effective date.",1,2026-02-18,https://legiscan.com/AK/bill/SB251/2025
AK,2119046,,Ucc: Secured Trans.; Electronic Records,"An Act relating to the Uniform Commercial Code; relating to secured transactions; relating to controllable accounts, controllable electronic records, and controllable payment intangibles; relating to sales; relating to negotiable instruments; relating to letters of credit; relating to warehouse receipts, bills of lading, and other documents of title; relating to investment securities; relating to leases of goods; and relating to fund transfers.",1,2026-02-18,https://legiscan.com/AK/bill/SB252/2025
AK,2120214,,Sulfur Content Of Marine Fuel,An Act relating to the sulfur content of marine fuel.,1,2026-02-19,https://legiscan.com/AK/bill/SB253/2025
AK,2120001,,Summary Of State Finances On Pfd Stub,An Act relating to a summary on individual permanent fund dividend disbursement advice stubs; and providing for an effective date.,1,2026-02-19,https://legiscan.com/AK/bill/SB254/2025
AK,2122527,,Muni Grant Land; Mat-su Borough Transfer,An Act relating to the selection and conveyance of municipal general grant lands; providing for the transfer of real property to the Matanuska-Susitna Borough; and providing for an effective date.,1,2026-02-23,https://legiscan.com/AK/bill/SB255/2025
AK,2122420,,Ems Licensure Compact,An Act relating to the recognition of EMS personnel licensure interstate compact; and providing for an effective date.,1,2026-02-23,https://legiscan.com/AK/bill/SB256/2025
AK,2122475,,Education Funding: Residential Schools,An Act relating to funding for residential schools; and providing for an effective date.,1,2026-02-23,https://legiscan.com/AK/bill/SB257/2025
AK,2122353,,Contract: Licensing Software Applications,An Act relating to contracts for the licensing of software applications.,1,2026-02-23,https://legiscan.com/AK/bill/SB258/2025
AK,2122222,,Property Tax Assessment Increases,An Act relating to an optional municipal limit to increases of the full and true value of property owned and occupied as a permanent place of abode by a resident.,1,2026-02-23,https://legiscan.com/AK/bill/SB259/2025
AK,2122357,,Workers' Comp. Insurance Certificates,An Act relating to workers&#39; compensation insurance certificates.,1,2026-02-23,https://legiscan.com/AK/bill/SB260/2025
AK,2122227,,"Unhoused Young Adults: Ids, Birth Cert.",An Act relating to the issuance of certified copies of birth certificates to unhoused young adults; and relating to the issuance of identification cards to unhoused young adults.,1,2026-02-23,https://legiscan.com/AK/bill/SB261/2025
AK,2122552,,Social Media/minors,An Act relating to social media and minors; and providing for an effective date.,1,2026-02-23,https://legiscan.com/AK/bill/SB262/2025
AK,2122522,,Child Care Facility Loan Funds,An Act repealing the child care facility revolving loan fund; repealing the child care facility revolving loan fund foreclosure expense account; repealing the child care facility revolving loan fund program; and providing for an effective date.,1,2026-02-23,https://legiscan.com/AK/bill/SB263/2025
AK,2122258,,Repealing Housing Funds & Accounts,An Act relating to the housing assistance loan program; repealing the home ownership assistance fund; repealing the operating loss reserve account; repealing the restricted title loss reserve account; and providing for an effective date.,1,2026-02-23,https://legiscan.com/AK/bill/SB264/2025
AK,2122335,,Crim. Neg. Homicide; Failure To Assist,An Act relating to the duty of an operator immediately after an accident.,1,2026-02-23,https://legiscan.com/AK/bill/SB265/2025
AK,2122483,,Insurance Reimbursement Rates,An Act relating to reimbursement for non-network health insurance claims.,1,2026-02-23,https://legiscan.com/AK/bill/SB266/2025
AK,2122217,,Public School Fin. Data Internet Website,An Act relating to powers and duties of the Legislative Budget and Audit Committee; relating to public school financial information and audits; and establishing a public school financial data Internet website.,1,2026-02-23,https://legiscan.com/AK/bill/SB267/2025
AK,2122410,,Sick Leave Exemption: Fish Processors,An Act relating to minimum paid sick leave requirements for individuals employed in seafood processing.,1,2026-02-23,https://legiscan.com/AK/bill/SB268/2025
AK,2122271,,Board Of Fisheries,An Act restructuring the Board of Fisheries; and providing for an effective date.,1,2026-02-23,https://legiscan.com/AK/bill/SB269/2025
AK,2122473,,Grand Juries,"An Act relating to grand juries; amending Rules 5(e), 6, and 6.1, Alaska Rules of Criminal Procedure; repealing Rules 6.1(b)(2) and (3), Alaska Rules of Criminal Procedure; and providing for an effective date.",1,2026-02-23,https://legiscan.com/AK/bill/SB270/2025
AK,2122361,,Abortion,"An Act relating to abortion; relating to civil enforcement of abortion laws; relating to abortion after the detection of a fetal heartbeat; and amending Rules 3 and 82, Alaska Rules of Civil Procedure, and Rule 508, Alaska Rules of Appellate Procedure.",1,2026-02-23,https://legiscan.com/AK/bill/SB271/2025
AK,2124192,,Health Information Exchange,An Act relating to the electronic health information exchange system; and providing for an effective date.,1,2026-02-25,https://legiscan.com/AK/bill/SB272/2025
AK,2127040,,Fees Charged To Disabled Veterans,An Act relating to certain municipal fees and disabled veterans; and providing for an effective date.,1,2026-02-27,https://legiscan.com/AK/bill/SB273/2025
AK,2129754,,Permanent Fund Pomv Available For Approp,An Act relating to the computation of the amount available for appropriation from the Alaska permanent fund; and providing for an effective date.,1,2026-03-05,https://legiscan.com/AK/bill/SB274/2025
AK,2129614,,Natural Gas Projects/income Tax/surcharge,An Act relating to natural gas and natural gas projects; relating to the Alaska Gasline Development Corporation; relating to the powers and duties of the Legislative Budget and Audit Committee; relating to the value of certain oil and gas; relating to an income tax on certain natural gas-related entities; relating to the oil and gas production tax; establishing a surcharge on gas processed in the state; and providing for an effective date.,1,2026-03-05,https://legiscan.com/AK/bill/SB275/2025
AK,2131119,,Contraceptives: Insurance Coverage,An Act relating to insurance coverage for contraceptives and related services; relating to medical assistance coverage for contraceptives and related services; and providing for an effective date.,1,2026-03-09,https://legiscan.com/AK/bill/SB276/2025
AK,2133775,,Education: Correspond Students/bsa/tchers,"An Act relating to education; relating to charter school budgets; relating to correspondence study program materials, funding, and student counts; relating to student transportation funding; relating to cooperative arrangements for correspondence study program services entered into by school districts; relating to the base student allocation; relating to eligibility for teacher certification; relating to reemploying retired members of the teachers&#39; retirement system at regional resource centers; relating to reading proficiency incentive grants; requiring the Legislative Budget and Audit Committee to procure an education funding study; and providing for an effective date.",1,2026-03-13,https://legiscan.com/AK/bill/SB277/2025
AK,2134120,,Local Contributions By School Districts,An Act relating to the required local contribution made by a city or borough school district for public school funding; and providing for an effective date.,1,2026-03-16,https://legiscan.com/AK/bill/SB278/2025
AK,2134188,,Approp: Supplemental Dot Federal Match,"An Act making supplemental appropriations; making appropriations under art. IX, sec. 17(c), Constitution of the State of Alaska, from the constitutional budget reserve fund; and providing for an effective date.",1,2026-03-16,https://legiscan.com/AK/bill/SB279/2025
AK,2136650,,Oil & Gas Property Tax; Muni Tax,An Act relating to the taxation of certain natural gas pipeline property; relating to municipal taxation limitations; establishing an alternative volumetric tax on natural gas throughput; relating to the allocation of revenue from the alternative volumetric tax; and providing for an effective date.,1,2026-03-20,https://legiscan.com/AK/bill/SB280/2025
AK,2138195,,Healthcare Compacts; Rural Health Program,An Act relating to the rural health transformation program; relating to physician assistants; relating to collaborative agreements between physicians and physician assistants; relating to the interstate medical licensure compact; relating to the PA licensure compact; relating to the practice of medicine; relating to the psychology interjurisdictional compact; relating to health care providers; relating to the recognition of EMS personnel licensure interstate compact; relating to provisions regarding physician assistants in contracts between certain health care providers and health care insurers; and establishing the Rural Health Transformation Program Advisory Council.,1,2026-03-25,https://legiscan.com/AK/bill/SB281/2025
AK,2138116,,Military: Jt Armed Svcs Committee,An Act relating to the Joint Armed Services Committee; and providing for an effective date.,1,2026-03-25,https://legiscan.com/AK/bill/SB282/2025
AK,2041330,,Education: Schools; Grants; Teacher Bonus,An Act relating to public school enrollment; relating to authorization of charter schools; establishing an after-school literacy grant program; and authorizing lump sum payments for certain teachers as retention and recruitment incentives.,1,2025-08-02,https://legiscan.com/AK/bill/SB1001/2025
AK,2041324,,State-tribal Education Compacts,An Act relating to demonstration state-tribal education compacts; relating to demonstration state-tribal education compact schools; and providing for an effective date.,1,2025-08-02,https://legiscan.com/AK/bill/SB1002/2025
AK,2041326,,Education Tax Credits,"An Act relating to tax credits for contributions to public schools and programs operated by tribal entities or tribally empowered Alaska Native organizations through a compact with the state; relating to tax credits for contributions to state-funded literacy programs; relating to the insurance tax education credit, the income tax education credit, the oil or gas producer education credit, the property tax education credit, the mining business education credit, the fisheries business education credit, and the fisheries resource landing tax education credit; and providing for an effective date.",1,2025-08-02,https://legiscan.com/AK/bill/SB1003/2025
AK,1933087,,Senate Special Committee Arctic Affairs,Senate Special Committee Arctic Affairs,4,2025-07-30,https://legiscan.com/AK/bill/SR1/2025
AK,1932635,,Senate Special World Trade Committee,Senate Special World Trade Committee,4,2025-07-30,https://legiscan.com/AK/bill/SR2/2025
AK,2030100,,Samoan Service & Voting Rights,Samoan Service & Voting Rights,4,2025-07-30,https://legiscan.com/AK/bill/SR3/2025
AK,2088868,,250th Anniversary Of United States,250th Anniversary Of United States,3,2026-02-13,https://legiscan.com/AK/bill/SR4/2025
AK,2131181,,Supporting State Agriculture/farmland,Supporting State Agriculture/farmland,1,2026-03-09,https://legiscan.com/AK/bill/SR5/2025
AK,1940884,,"Art. Ii, Sec. 16, Const: Veto Recon","Art. Ii, Sec. 16, Const: Veto Recon",1,2025-01-24,https://legiscan.com/AK/bill/SCR1/2025
AK,2005454,,Support Crisis Care & Medicaid Reform,Support Crisis Care & Medicaid Reform,1,2025-03-12,https://legiscan.com/AK/bill/SCR2/2025
AK,2022650,,Suspend Uniform Rules For Hb 69,Suspend Uniform Rules For Hb 69,4,2025-04-14,https://legiscan.com/AK/bill/SCR3/2025
AK,2024092,,Mental Health Month; Tardive Dysk Week,Mental Health Month; Tardive Dysk Week,2,2025-05-02,https://legiscan.com/AK/bill/SCR4/2025
AK,2026684,,Suspend Uniform Rules For Hb 57,Suspend Uniform Rules For Hb 57,4,2025-07-30,https://legiscan.com/AK/bill/SCR5/2025
AK,2030325,,Suspend Uniform Rules For Hb 121,Suspend Uniform Rules For Hb 121,4,2025-07-30,https://legiscan.com/AK/bill/SCR6/2025
AK,2030227,,Suspend Uniform Rules For Hb 75,Suspend Uniform Rules For Hb 75,4,2025-07-30,https://legiscan.com/AK/bill/SCR7/2025
AK,2032232,,Suspend Uniform Rules For Hb 35,Suspend Uniform Rules For Hb 35,4,2025-07-30,https://legiscan.com/AK/bill/SCR8/2025
AK,2032325,,Suspend Uniform Rules For Hb 70,Suspend Uniform Rules For Hb 70,4,2025-07-30,https://legiscan.com/AK/bill/SCR9/2025
AK,2032328,,Suspend Uniform Rules For Hb 36,Suspend Uniform Rules For Hb 36,1,2025-05-17,https://legiscan.com/AK/bill/SCR10/2025
AK,2103018,,Leg. Commission On State Seal,Leg. Commission On State Seal,1,2026-01-30,https://legiscan.com/AK/bill/SCR11/2025
AK,2111944,,Extend West Coast Storm Disaster,Extend West Coast Storm Disaster,4,2026-02-13,https://legiscan.com/AK/bill/SCR12/2025
AK,2129895,,Suspend Uniform Rules For Hb 126,Suspend Uniform Rules For Hb 126,1,2026-03-05,https://legiscan.com/AK/bill/SCR13/2025
AK,2136792,,Suspend Uniform Rules For Hb 13,Suspend Uniform Rules For Hb 13,1,2026-03-20,https://legiscan.com/AK/bill/SCR14/2025
AK,2041329,,Authorizing A Recess Longer Than 3 Days,Authorizing A Recess Longer Than 3 Days,4,2025-10-15,https://legiscan.com/AK/bill/SCR101/2025
AK,1912492,,Const. Am: Abortion/funding,Const. Am: Abortion/funding,1,2025-01-22,https://legiscan.com/AK/bill/SJR1/2025
AK,1912463,,Const. Am: Votes Needed For Veto Override,Const. Am: Votes Needed For Veto Override,1,2025-01-22,https://legiscan.com/AK/bill/SJR2/2025
AK,1912453,,Const. Am: 90 Day Regular Session,Const. Am: 90 Day Regular Session,1,2025-01-22,https://legiscan.com/AK/bill/SJR3/2025
AK,1912484,,Const. Am: Approp Limit,Const. Am: Approp Limit,1,2025-01-22,https://legiscan.com/AK/bill/SJR4/2025
AK,1912491,,"Const. Am: Permanent Fund, Dividends","Const. Am: Permanent Fund, Dividends",1,2025-01-22,https://legiscan.com/AK/bill/SJR5/2025
AK,1940667,,Washington D.c. Statehood,Washington D.c. Statehood,1,2025-01-24,https://legiscan.com/AK/bill/SJR6/2025
AK,1940487,,Res. To Maintain Denali As Official Name,Res. To Maintain Denali As Official Name,1,2025-01-24,https://legiscan.com/AK/bill/SJR7/2025
AK,1971253,,International Relations With Taiwan,International Relations With Taiwan,4,2025-07-30,https://legiscan.com/AK/bill/SJR8/2025
AK,1975480,,Recognizing Alaska/canada Relationship,Recognizing Alaska/canada Relationship,1,2025-02-19,https://legiscan.com/AK/bill/SJR9/2025
AK,1977773,,Hmong Veterans; Congressional Gold Medal,Hmong Veterans; Congressional Gold Medal,4,2025-07-30,https://legiscan.com/AK/bill/SJR10/2025
AK,1985429,,Jones Act Waiver For Lng Ships,Jones Act Waiver For Lng Ships,1,2025-02-26,https://legiscan.com/AK/bill/SJR11/2025
AK,1985212,,Noaa Buoy Outages,Noaa Buoy Outages,4,2025-07-30,https://legiscan.com/AK/bill/SJR12/2025
AK,1989326,,Appointment Of State Judges,Appointment Of State Judges,1,2025-02-28,https://legiscan.com/AK/bill/SJR13/2025
AK,1993761,,Const Am: Permanent Fund; Pomv;earnings,Const Am: Permanent Fund; Pomv;earnings,1,2025-03-06,https://legiscan.com/AK/bill/SJR14/2025
AK,2011071,,Oppose Medicaid Cuts,Oppose Medicaid Cuts,4,2025-07-30,https://legiscan.com/AK/bill/SJR15/2025
AK,2019101,,Federal Ensuring Lasting Smiles Act,Federal Ensuring Lasting Smiles Act,4,2025-07-30,https://legiscan.com/AK/bill/SJR16/2025
AK,2019127,,Honoring The Energy Council,Honoring The Energy Council,4,2025-07-30,https://legiscan.com/AK/bill/SJR17/2025
AK,2019233,,Wildfire Preparedness,Wildfire Preparedness,1,2025-04-02,https://legiscan.com/AK/bill/SJR18/2025
AK,2022838,,Anwr & Nat'l Petro Reserve: State Share,Anwr & Nat'l Petro Reserve: State Share,4,2025-07-30,https://legiscan.com/AK/bill/SJR19/2025
AK,2023660,,Clean Up Marine Debris,Clean Up Marine Debris,1,2025-04-14,https://legiscan.com/AK/bill/SJR20/2025
AK,2029384,,International Teacher Visas,International Teacher Visas,1,2025-05-07,https://legiscan.com/AK/bill/SJR21/2025
AK,2084553,,Const Am: Education & Cultural Heritage,Const Am: Education & Cultural Heritage,1,2026-01-21,https://legiscan.com/AK/bill/SJR22/2025
AK,2092172,,Const. Am: Permanent Fund,Const. Am: Permanent Fund,1,2026-01-23,https://legiscan.com/AK/bill/SJR23/2025
AK,2110850,,Honoring Relationship With Greenland,Honoring Relationship With Greenland,1,2026-02-06,https://legiscan.com/AK/bill/SJR24/2025
AK,2116915,,Supporting Us-mexico-canada Agreement,Supporting Us-mexico-canada Agreement,1,2026-02-13,https://legiscan.com/AK/bill/SJR25/2025
AK,2116944,,Support Native Corp Business Develop Prgm,Support Native Corp Business Develop Prgm,1,2026-02-13,https://legiscan.com/AK/bill/SJR26/2025
AK,2123988,,Rural Health Transformation Program,Rural Health Transformation Program,1,2026-02-25,https://legiscan.com/AK/bill/SJR27/2025
AK,2131850,,Supporting J-1 & H-1b Visa Programs,Supporting J-1 & H-1b Visa Programs,1,2026-03-10,https://legiscan.com/AK/bill/SJR28/2025
AK,2133719,,Const. Am: Education Fund,Const. Am: Education Fund,1,2026-03-13,https://legiscan.com/AK/bill/SJR29/2025
AK,2136602,,Support Military&increase Infrastructure,Support Military&increase Infrastructure,1,2026-03-20,https://legiscan.com/AK/bill/SJR30/2025
