state,bill_id,bill_number,title,description,status,status_date,url
AZ,2052781,,Elections; early voting; tabulation,Elections; early voting; tabulation,1,2026-01-12,https://legiscan.com/AZ/bill/HB2001/2026
AZ,2052814,,Parole eligibility; life imprisonment sentences,Parole eligibility; life imprisonment sentences,1,2026-01-12,https://legiscan.com/AZ/bill/HB2002/2026
AZ,2052842,,Driver license instruction permit; age,Driver license instruction permit; age,2,2026-02-24,https://legiscan.com/AZ/bill/HB2003/2026
AZ,2052794,,Income tax credit; family support,Income tax credit; family support,1,2026-01-12,https://legiscan.com/AZ/bill/HB2004/2026
AZ,2052837,,Vaccination status; unprofessional conduct; policies,Vaccination status; unprofessional conduct; policies,1,2026-01-12,https://legiscan.com/AZ/bill/HB2005/2026
AZ,2052827,,Sample ballots; mailing date,Sample ballots; mailing date,2,2026-02-24,https://legiscan.com/AZ/bill/HB2006/2026
AZ,2052802,,Ivermectin; over-the-counter drug,Ivermectin; over-the-counter drug,1,2026-01-12,https://legiscan.com/AZ/bill/HB2007/2026
AZ,2052822,,School libraries; professional associations; prohibitions,School libraries; professional associations; prohibitions,2,2026-02-05,https://legiscan.com/AZ/bill/HB2008/2026
AZ,2052819,,Constitutional amendments; foreign contributions prohibited,Constitutional amendments; foreign contributions prohibited,1,2026-01-12,https://legiscan.com/AZ/bill/HB2009/2026
AZ,2052833,,Digital goods; seller's requirements; enforcement,Digital goods; seller's requirements; enforcement,2,2026-02-09,https://legiscan.com/AZ/bill/HB2010/2026
AZ,2052846,,Individual income tax; subtraction; adoption,Individual income tax; subtraction; adoption,1,2026-01-12,https://legiscan.com/AZ/bill/HB2011/2026
AZ,2053030,,Vehicle registration; fees; alternative fuel,Vehicle registration; fees; alternative fuel,1,2026-01-12,https://legiscan.com/AZ/bill/HB2012/2026
AZ,2053083,,Exceptional events; air quality; wildfires,Exceptional events; air quality; wildfires,2,2026-02-26,https://legiscan.com/AZ/bill/HB2013/2026
AZ,2053048,,Fuel formulations; modeling; study; appropriation,Fuel formulations; modeling; study; appropriation,2,2026-02-26,https://legiscan.com/AZ/bill/HB2014/2026
AZ,2053064,,Budget procedures; late filing penalty,Budget procedures; late filing penalty,2,2026-02-26,https://legiscan.com/AZ/bill/HB2015/2026
AZ,2053286,,Tax returns; late filing; penalties,Tax returns; late filing; penalties,2,2026-02-23,https://legiscan.com/AZ/bill/HB2016/2026
AZ,2053288,,Website information; pregnant women,Website information; pregnant women,1,2026-01-12,https://legiscan.com/AZ/bill/HB2017/2026
AZ,2053298,,DCS; reporting; financial incentives; prohibition,DCS; reporting; financial incentives; prohibition,1,2026-01-12,https://legiscan.com/AZ/bill/HB2018/2026
AZ,2053303,,Individual income tax; filing exemption,Individual income tax; filing exemption,1,2026-01-12,https://legiscan.com/AZ/bill/HB2019/2026
AZ,2053291,,Educational institutions; interference; disruption,Educational institutions; interference; disruption,2,2026-02-26,https://legiscan.com/AZ/bill/HB2020/2026
AZ,2054298,,K-3 reading program; curriculum requirements,K-3 reading program; curriculum requirements,1,2026-01-12,https://legiscan.com/AZ/bill/HB2021/2026
AZ,2054262,,Elections; July primary; curing; observers,Elections; July primary; curing; observers,4,2026-02-06,https://legiscan.com/AZ/bill/HB2022/2026
AZ,2055825,,Land divisions; disclosure affidavit; recording,Land divisions; disclosure affidavit; recording,2,2026-02-26,https://legiscan.com/AZ/bill/HB2023/2026
AZ,2055822,,Water supply development; definition; snowpack,Water supply development; definition; snowpack,1,2026-01-12,https://legiscan.com/AZ/bill/HB2024/2026
AZ,2055829,,DWR; appealable agency actions; exemption,DWR; appealable agency actions; exemption,1,2026-01-12,https://legiscan.com/AZ/bill/HB2025/2026
AZ,2055808,,Assured water supply; commingling,Assured water supply; commingling,2,2026-02-23,https://legiscan.com/AZ/bill/HB2026/2026
AZ,2055815,,Physical availability; review; designated providers,Physical availability; review; designated providers,1,2026-01-12,https://legiscan.com/AZ/bill/HB2027/2026
AZ,2055789,,DWR; application; administrative completeness,DWR; application; administrative completeness,2,2026-02-23,https://legiscan.com/AZ/bill/HB2028/2026
AZ,2055803,,Water conservation grant fund; disclosure,Water conservation grant fund; disclosure,2,2026-02-10,https://legiscan.com/AZ/bill/HB2029/2026
AZ,2055835,,Water conservation grant fund; education,Water conservation grant fund; education,1,2026-01-12,https://legiscan.com/AZ/bill/HB2030/2026
AZ,2055794,,Grandfathered right; Willcox AMA; extension,Grandfathered right; Willcox AMA; extension,2,2026-02-23,https://legiscan.com/AZ/bill/HB2031/2026
AZ,2056078,,Statewide assessment; testing window; revisions,Statewide assessment; testing window; revisions,2,2026-02-24,https://legiscan.com/AZ/bill/HB2032/2026
AZ,2056025,,Statewide assessment; written form; requirements,Statewide assessment; written form; requirements,2,2026-02-26,https://legiscan.com/AZ/bill/HB2033/2026
AZ,2056052,,License exemption; basic first aid,License exemption; basic first aid,1,2026-01-12,https://legiscan.com/AZ/bill/HB2034/2026
AZ,2056201,,DCS; kinship care placement; requirement,DCS; kinship care placement; requirement,2,2026-03-09,https://legiscan.com/AZ/bill/HB2035/2026
AZ,2056612,,Voter registration; same day,Voter registration; same day,0,,https://legiscan.com/AZ/bill/HB2036/2026
AZ,2056630,,Automatic voter registration,Automatic voter registration,0,,https://legiscan.com/AZ/bill/HB2037/2026
AZ,2056647,,Franchises; relationships; definitions,Franchises; relationships; definitions,1,2026-01-12,https://legiscan.com/AZ/bill/HB2038/2026
AZ,2056594,,Clergy; priests; duty to report,Clergy; priests; duty to report,1,2026-01-12,https://legiscan.com/AZ/bill/HB2039/2026
AZ,2057819,,Public educational institutions; adoption information,Public educational institutions; adoption information,2,2026-02-26,https://legiscan.com/AZ/bill/HB2040/2026
AZ,2057830,,Child neglect; financial resources; exception,Child neglect; financial resources; exception,2,2026-03-05,https://legiscan.com/AZ/bill/HB2041/2026
AZ,2058229,,Solar radiation management; prohibition; enforcement,Solar radiation management; prohibition; enforcement,5,2026-03-12,https://legiscan.com/AZ/bill/HB2042/2026
AZ,2058262,,Felony murder; unborn child,Felony murder; unborn child,2,2026-02-23,https://legiscan.com/AZ/bill/HB2043/2026
AZ,2058241,,Abandonment; concealment of body; classification,Abandonment; concealment of body; classification,2,2026-02-26,https://legiscan.com/AZ/bill/HB2044/2026
AZ,2058247,,Drive by shooting; immediate area,Drive by shooting; immediate area,1,2026-01-12,https://legiscan.com/AZ/bill/HB2045/2026
AZ,2058232,,Annual probation review; prehearing; notification,Annual probation review; prehearing; notification,2,2026-02-02,https://legiscan.com/AZ/bill/HB2046/2026
AZ,2058236,,Writ of restitution; criminal trespass,Writ of restitution; criminal trespass,2,2026-03-10,https://legiscan.com/AZ/bill/HB2047/2026
AZ,2058265,,Orders of protection; process servers,Orders of protection; process servers,2,2026-02-26,https://legiscan.com/AZ/bill/HB2048/2026
AZ,2058255,,Radiation therapy; rural counties,Radiation therapy; rural counties,2,2026-02-23,https://legiscan.com/AZ/bill/HB2049/2026
AZ,2058251,,Radiologic technologists; radiologist assistants,Radiologic technologists; radiologist assistants,2,2026-02-26,https://legiscan.com/AZ/bill/HB2050/2026
AZ,2058434,,AHCCCS; lactation care; breastfeeding,AHCCCS; lactation care; breastfeeding,2,2026-02-17,https://legiscan.com/AZ/bill/HB2051/2026
AZ,2058753,,Management plan; water loss; percent,Management plan; water loss; percent,2,2026-02-26,https://legiscan.com/AZ/bill/HB2052/2026
AZ,2058791,,Appropriation; stormwater recharge mapping; sites,Appropriation; stormwater recharge mapping; sites,2,2026-03-03,https://legiscan.com/AZ/bill/HB2053/2026
AZ,2058766,,Water provider; definition; conservation district,Water provider; definition; conservation district,1,2026-01-12,https://legiscan.com/AZ/bill/HB2054/2026
AZ,2058777,,Brackish groundwater recovery program,Brackish groundwater recovery program,2,2026-03-04,https://legiscan.com/AZ/bill/HB2055/2026
AZ,2058802,,Appropriation; brackish groundwater; feasibility study,Appropriation; brackish groundwater; feasibility study,2,2026-02-24,https://legiscan.com/AZ/bill/HB2056/2026
AZ,2058729,,Special plate; centennial; fleet discount,Special plate; centennial; fleet discount,2,2026-02-26,https://legiscan.com/AZ/bill/HB2057/2026
AZ,2058742,,Game and fish commission; membership,Game and fish commission; membership,1,2026-01-12,https://legiscan.com/AZ/bill/HB2058/2026
AZ,2058858,,Highway speed restrictions; safety,Highway speed restrictions; safety,1,2026-01-12,https://legiscan.com/AZ/bill/HB2059/2026
AZ,2058940,,Educational facilities; abortion; prohibited activities,Educational facilities; abortion; prohibited activities,2,2026-02-26,https://legiscan.com/AZ/bill/HB2060/2026
AZ,2058898,,Health care services; patient rights,Health care services; patient rights,1,2026-01-12,https://legiscan.com/AZ/bill/HB2061/2026
AZ,2059296,,Buffalo Soldiers Arizona territory monument,Buffalo Soldiers Arizona territory monument,2,2026-02-17,https://legiscan.com/AZ/bill/HB2062/2026
AZ,2059280,,Appropriation; independent correctional oversight office.,Appropriation; independent correctional oversight office.,2,2026-02-26,https://legiscan.com/AZ/bill/HB2063/2026
AZ,2059345,,Vulnerable pedestrians,Vulnerable pedestrians,1,2026-01-12,https://legiscan.com/AZ/bill/HB2064/2026
AZ,2059313,,Appropriation; Apache Junction; housing,Appropriation; Apache Junction; housing,1,2026-01-12,https://legiscan.com/AZ/bill/HB2065/2026
AZ,2059361,,Appropriation; Apache Junction; technology; connectivity,Appropriation; Apache Junction; technology; connectivity,1,2026-01-12,https://legiscan.com/AZ/bill/HB2066/2026
AZ,2059303,,Appropriation; Apache Junction; transportation projects,Appropriation; Apache Junction; transportation projects,1,2026-01-12,https://legiscan.com/AZ/bill/HB2067/2026
AZ,2059331,,Appropriation; Woolford Road extension,Appropriation; Woolford Road extension,1,2026-01-12,https://legiscan.com/AZ/bill/HB2068/2026
AZ,2059289,,Appropriation; Apache Junction; water infrastructure,Appropriation; Apache Junction; water infrastructure,1,2026-01-12,https://legiscan.com/AZ/bill/HB2069/2026
AZ,2059354,,Appropriation; Gila county; flood relief,Appropriation; Gila county; flood relief,1,2026-01-12,https://legiscan.com/AZ/bill/HB2070/2026
AZ,2059321,,Appropriation; Apache Junction; rural development,Appropriation; Apache Junction; rural development,1,2026-01-12,https://legiscan.com/AZ/bill/HB2071/2026
AZ,2059558,,Lactation care providers; certification,Lactation care providers; certification,2,2026-02-17,https://legiscan.com/AZ/bill/HB2072/2026
AZ,2059504,,Open meetings enforcement; attorney general,Open meetings enforcement; attorney general,1,2026-01-12,https://legiscan.com/AZ/bill/HB2073/2026
AZ,2059577,,Partial-birth abortions; mandatory reporting,Partial-birth abortions; mandatory reporting,1,2026-01-12,https://legiscan.com/AZ/bill/HB2074/2026
AZ,2059610,,School districts; employment contracts; publication,School districts; employment contracts; publication,2,2026-02-23,https://legiscan.com/AZ/bill/HB2075/2026
AZ,2060171,,School safety; employee certification; policies,School safety; employee certification; policies,2,2026-02-26,https://legiscan.com/AZ/bill/HB2076/2026
AZ,2060093,,Multifamily developments; assured water supply,Multifamily developments; assured water supply,1,2026-01-12,https://legiscan.com/AZ/bill/HB2077/2026
AZ,2060082,,Reclamation plans; aggregate mining; notice,Reclamation plans; aggregate mining; notice,2,2026-02-23,https://legiscan.com/AZ/bill/HB2078/2026
AZ,2060145,,Memorial; Don Bolles,Memorial; Don Bolles,2,2026-03-09,https://legiscan.com/AZ/bill/HB2079/2026
AZ,2060106,,Municipal general plan; adoption,Municipal general plan; adoption,1,2026-01-12,https://legiscan.com/AZ/bill/HB2080/2026
AZ,2060157,,Medical marijuana; terminal illness,Medical marijuana; terminal illness,1,2026-01-12,https://legiscan.com/AZ/bill/HB2081/2026
AZ,2060073,,Childhood cancer research; commission,Childhood cancer research; commission,2,2026-02-26,https://legiscan.com/AZ/bill/HB2082/2026
AZ,2060186,,Supplies; health coverage; diabetes; monitor,Supplies; health coverage; diabetes; monitor,2,2026-03-11,https://legiscan.com/AZ/bill/HB2083/2026
AZ,2060132,,Special plate; diabetes awareness,Special plate; diabetes awareness,1,2026-01-12,https://legiscan.com/AZ/bill/HB2084/2026
AZ,2060680,,Gender transition; minors; prohibitions.,Gender transition; minors; prohibitions.,2,2026-02-24,https://legiscan.com/AZ/bill/HB2085/2026
AZ,2060761,,Vaccination mandates; masks; prohibition,Vaccination mandates; masks; prohibition,2,2026-02-26,https://legiscan.com/AZ/bill/HB2086/2026
AZ,2060931,,Driving on highways; lane regulations,Driving on highways; lane regulations,1,2026-01-12,https://legiscan.com/AZ/bill/HB2087/2026
AZ,2060913,,Legal tender; uses,Legal tender; uses,1,2026-01-12,https://legiscan.com/AZ/bill/HB2088/2026
AZ,2060975,,ASRS; premium payment,ASRS; premium payment,2,2026-02-19,https://legiscan.com/AZ/bill/HB2089/2026
AZ,2060968,,ASRS; long-term disability,ASRS; long-term disability,2,2026-02-23,https://legiscan.com/AZ/bill/HB2090/2026
AZ,2060961,,Financial surveillance fund; insurer examinations,Financial surveillance fund; insurer examinations,2,2026-02-03,https://legiscan.com/AZ/bill/HB2091/2026
AZ,2060948,,ASRS; eligibility waiver,ASRS; eligibility waiver,2,2026-02-23,https://legiscan.com/AZ/bill/HB2092/2026
AZ,2060954,,Mental health instruction requirement; repeal,Mental health instruction requirement; repeal,2,2026-03-17,https://legiscan.com/AZ/bill/HB2093/2026
AZ,2061114,,Assured water supply; certificate; model,Assured water supply; certificate; model,2,2026-02-23,https://legiscan.com/AZ/bill/HB2094/2026
AZ,2061184,,Assured water supply; well depth,Assured water supply; well depth,1,2026-01-12,https://legiscan.com/AZ/bill/HB2095/2026
AZ,2061137,,Forgivable financial assistance; cesspool remediation,Forgivable financial assistance; cesspool remediation,2,2026-02-17,https://legiscan.com/AZ/bill/HB2096/2026
AZ,2061143,,Irrigation non-expansion areas; withdrawal; maximum,Irrigation non-expansion areas; withdrawal; maximum,2,2026-02-24,https://legiscan.com/AZ/bill/HB2097/2026
AZ,2061170,,County water augmentation authorities; bond,County water augmentation authorities; bond,2,2026-02-23,https://legiscan.com/AZ/bill/HB2098/2026
AZ,2061122,,Long-term storage credits; shortage; prohibition,Long-term storage credits; shortage; prohibition,1,2026-01-12,https://legiscan.com/AZ/bill/HB2099/2026
AZ,2061128,,Small land subdivision; requirements,Small land subdivision; requirements,2,2026-02-26,https://legiscan.com/AZ/bill/HB2100/2026
AZ,2061189,,Supply and demand; assessment; groundwater,Supply and demand; assessment; groundwater,2,2026-02-23,https://legiscan.com/AZ/bill/HB2101/2026
AZ,2061164,,Domestic water improvement districts; hauling,Domestic water improvement districts; hauling,2,2026-02-26,https://legiscan.com/AZ/bill/HB2102/2026
AZ,2061150,,Water improvements program; water hauling,Water improvements program; water hauling,2,2026-02-26,https://legiscan.com/AZ/bill/HB2103/2026
AZ,2061220,,Agricultural property; classification; inspection,Agricultural property; classification; inspection,2,2026-02-24,https://legiscan.com/AZ/bill/HB2104/2026
AZ,2061235,,Agricultural property; inspections; notice,Agricultural property; inspections; notice,2,2026-02-24,https://legiscan.com/AZ/bill/HB2105/2026
AZ,2061203,,Transportation tax; deposit; county board,Transportation tax; deposit; county board,1,2026-01-12,https://legiscan.com/AZ/bill/HB2106/2026
AZ,2061193,,SNAP benefits; purchases; waiver,SNAP benefits; purchases; waiver,1,2026-01-12,https://legiscan.com/AZ/bill/HB2107/2026
AZ,2061197,,Unlawful flight; reckless endangerment; violation,Unlawful flight; reckless endangerment; violation,1,2026-01-12,https://legiscan.com/AZ/bill/HB2108/2026
AZ,2061230,,Distracted driving; penalties; motorcycles,Distracted driving; penalties; motorcycles,2,2026-02-24,https://legiscan.com/AZ/bill/HB2109/2026
AZ,2061225,,School governing bodies; meetings; prayer,School governing bodies; meetings; prayer,2,2026-02-24,https://legiscan.com/AZ/bill/HB2110/2026
AZ,2061241,,Driver license examination; motorcycle awareness,Driver license examination; motorcycle awareness,2,2026-02-23,https://legiscan.com/AZ/bill/HB2111/2026
AZ,2061208,,Charlie Kirk memorial; special plate,Charlie Kirk memorial; special plate,2,2026-02-24,https://legiscan.com/AZ/bill/HB2112/2026
AZ,2061253,,Public service corporation; rates; intervenor,Public service corporation; rates; intervenor,2,2026-02-23,https://legiscan.com/AZ/bill/HB2113/2026
AZ,2061213,,Motorcycle registration requirements; safety fund,Motorcycle registration requirements; safety fund,2,2026-02-23,https://legiscan.com/AZ/bill/HB2114/2026
AZ,2061373,,Administrative costs; allowable percent,Administrative costs; allowable percent,1,2026-01-12,https://legiscan.com/AZ/bill/HB2115/2026
AZ,2061362,,Appropriation; Colorado River litigation fund,Appropriation; Colorado River litigation fund,2,2026-02-02,https://legiscan.com/AZ/bill/HB2116/2026
AZ,2061348,,Natural resource conservation board; fund,Natural resource conservation board; fund,2,2026-02-26,https://legiscan.com/AZ/bill/HB2117/2026
AZ,2064912,,Mobile food vendors; licensure,Mobile food vendors; licensure,2,2026-02-24,https://legiscan.com/AZ/bill/HB2118/2026
AZ,2064937,,Computer data center; application; deadline,Computer data center; application; deadline,1,2026-01-12,https://legiscan.com/AZ/bill/HB2119/2026
AZ,2064963,,Property tax exemption; disability; determination,Property tax exemption; disability; determination,2,2026-02-10,https://legiscan.com/AZ/bill/HB2120/2026
AZ,2065331,,Electronic equipment; modifications,Electronic equipment; modifications,1,2026-01-12,https://legiscan.com/AZ/bill/HB2121/2026
AZ,2065654,,Board of technical registration; qualifications,Board of technical registration; qualifications,2,2026-02-03,https://legiscan.com/AZ/bill/HB2122/2026
AZ,2065942,,Bullion depository; establishment,Bullion depository; establishment,1,2026-01-12,https://legiscan.com/AZ/bill/HB2123/2026
AZ,2066012,,Parental alienation; hearings; findings; requirements,Parental alienation; hearings; findings; requirements,1,2026-01-12,https://legiscan.com/AZ/bill/HB2124/2026
AZ,2066026,,Weather modification; license; rules,Weather modification; license; rules,1,2026-01-12,https://legiscan.com/AZ/bill/HB2125/2026
AZ,2065977,,Venue; employee conflict; superior court,Venue; employee conflict; superior court,2,2026-02-10,https://legiscan.com/AZ/bill/HB2126/2026
AZ,2066077,,Department of transportation; special plates,Department of transportation; special plates,2,2026-03-10,https://legiscan.com/AZ/bill/HB2127/2026
AZ,2065890,,Homeowners' associations; condominiums; actions; meetings,Homeowners' associations; condominiums; actions; meetings,2,2026-03-05,https://legiscan.com/AZ/bill/HB2128/2026
AZ,2066062,,Municipal public libraries; annual report,Municipal public libraries; annual report,2,2026-02-26,https://legiscan.com/AZ/bill/HB2129/2026
AZ,2065994,,ADOA; personnel; financial systems,ADOA; personnel; financial systems,2,2026-02-26,https://legiscan.com/AZ/bill/HB2130/2026
AZ,2066237,,Trafficking weapons or explosives,Trafficking weapons or explosives,2,2026-02-10,https://legiscan.com/AZ/bill/HB2131/2026
AZ,2066184,,Fentanyl; possession; sale; amount; sentencing,Fentanyl; possession; sale; amount; sentencing,2,2026-02-09,https://legiscan.com/AZ/bill/HB2132/2026
AZ,2066292,,Sexual material; consent; synthetic depiction,Sexual material; consent; synthetic depiction,2,2026-02-23,https://legiscan.com/AZ/bill/HB2133/2026
AZ,2066158,,Critical infrastructure; foreign adversaries; prohibition,Critical infrastructure; foreign adversaries; prohibition,2,2026-03-04,https://legiscan.com/AZ/bill/HB2134/2026
AZ,2066369,,Liability; diversity; equity; inclusion laws,Liability; diversity; equity; inclusion laws,2,2026-02-23,https://legiscan.com/AZ/bill/HB2135/2026
AZ,2066264,,Civil terrorism; disorderly conduct; subversion,Civil terrorism; disorderly conduct; subversion,2,2026-03-09,https://legiscan.com/AZ/bill/HB2136/2026
AZ,2066133,,Unlawful property occupancy; removal; trespass,Unlawful property occupancy; removal; trespass,1,2026-01-12,https://legiscan.com/AZ/bill/HB2137/2026
AZ,2066317,,Firefighters; employment status,Firefighters; employment status,2,2026-02-03,https://legiscan.com/AZ/bill/HB2138/2026
AZ,2066342,,Public records; response requirements; complaints,Public records; response requirements; complaints,1,2026-01-12,https://legiscan.com/AZ/bill/HB2139/2026
AZ,2066209,,Bullion depository; state monies; treasurer,Bullion depository; state monies; treasurer,2,2026-03-10,https://legiscan.com/AZ/bill/HB2140/2026
AZ,2066808,,Environmental permitting; requirements; burdened communities,Environmental permitting; requirements; burdened communities,1,2026-01-21,https://legiscan.com/AZ/bill/HB2141/2026
AZ,2067032,,ADE; school safety; center; programs,ADE; school safety; center; programs,2,2026-03-04,https://legiscan.com/AZ/bill/HB2142/2026
AZ,2067251,,PSPRS; investments.,PSPRS; investments.,2,2026-02-26,https://legiscan.com/AZ/bill/HB2143/2026
AZ,2067364,,Child support; preborn children,Child support; preborn children,2,2026-03-09,https://legiscan.com/AZ/bill/HB2144/2026
AZ,2067657,,Petition; waiver; fuel formulations,Petition; waiver; fuel formulations,2,2026-02-26,https://legiscan.com/AZ/bill/HB2145/2026
AZ,2067793,,Mesquite; drought tolerant plants; prohibition,Mesquite; drought tolerant plants; prohibition,1,2026-01-13,https://legiscan.com/AZ/bill/HB2146/2026
AZ,2067836,,Deer; taking; landowner permits,Deer; taking; landowner permits,2,2026-02-26,https://legiscan.com/AZ/bill/HB2147/2026
AZ,2067970,,Noncustodial federal monies; appropriation,Noncustodial federal monies; appropriation,2,2026-01-29,https://legiscan.com/AZ/bill/HB2148/2026
AZ,2067922,,Arizona beef council; continuation.,Arizona beef council; continuation.,1,2026-01-12,https://legiscan.com/AZ/bill/HB2149/2026
AZ,2067703,,Continuation; state land department,Continuation; state land department,2,2026-03-04,https://legiscan.com/AZ/bill/HB2150/2026
AZ,2067611,,Surface water; irrigation; definition,Surface water; irrigation; definition,1,2026-01-13,https://legiscan.com/AZ/bill/HB2151/2026
AZ,2068877,,TPT; exemption; fencing; watering; materials,TPT; exemption; fencing; watering; materials,1,2026-01-12,https://legiscan.com/AZ/bill/HB2152/2026
AZ,2068721,,Internal revenue code; conformity; deductions.,Internal revenue code; conformity; deductions.,1,2026-01-12,https://legiscan.com/AZ/bill/HB2153/2026
AZ,2069031,,Abortions; public funding; prohibition,Abortions; public funding; prohibition,1,2026-01-13,https://legiscan.com/AZ/bill/HB2154/2026
AZ,2069142,,Arizona beef council; continuation..,Arizona beef council; continuation..,2,2026-02-09,https://legiscan.com/AZ/bill/HB2155/2026
AZ,2068921,,Livestock compensation fund; appropriation,Livestock compensation fund; appropriation,2,2026-02-24,https://legiscan.com/AZ/bill/HB2156/2026
AZ,2068909,,Livestock loss inspector; appropriation,Livestock loss inspector; appropriation,1,2026-01-13,https://legiscan.com/AZ/bill/HB2157/2026
AZ,2069020,,Predatory animals; definition,Predatory animals; definition,2,2026-02-24,https://legiscan.com/AZ/bill/HB2158/2026
AZ,2068977,,Mexican wolves; landowner permits; rules,Mexican wolves; landowner permits; rules,2,2026-02-24,https://legiscan.com/AZ/bill/HB2159/2026
AZ,2069101,,Mexican wolf; management committee; appropriation,Mexican wolf; management committee; appropriation,1,2026-01-13,https://legiscan.com/AZ/bill/HB2160/2026
AZ,2069154,,Sovereign authority; endangered species act,Sovereign authority; endangered species act,1,2026-01-13,https://legiscan.com/AZ/bill/HB2161/2026
AZ,2068964,,Game and fish commission; membership.,Game and fish commission; membership.,2,2026-02-26,https://legiscan.com/AZ/bill/HB2162/2026
AZ,2069048,,Construction equipment; farm equipment; lighting,Construction equipment; farm equipment; lighting,1,2026-01-12,https://legiscan.com/AZ/bill/HB2163/2026
AZ,2069164,,Appropriation; transportation project; Reay Lane,Appropriation; transportation project; Reay Lane,1,2026-01-12,https://legiscan.com/AZ/bill/HB2164/2026
AZ,2068898,,Veterans; state park fees; exemption,Veterans; state park fees; exemption,2,2026-03-09,https://legiscan.com/AZ/bill/HB2165/2026
AZ,2069062,,Legislative district committee; county committee,Legislative district committee; county committee,1,2026-01-13,https://legiscan.com/AZ/bill/HB2166/2026
AZ,2069126,,Attorney general; nuisance action; damages,Attorney general; nuisance action; damages,2,2026-02-24,https://legiscan.com/AZ/bill/HB2167/2026
AZ,2068994,,Public nuisance action; consent requirement,Public nuisance action; consent requirement,2,2026-02-24,https://legiscan.com/AZ/bill/HB2168/2026
AZ,2069074,,Attorney general; nuisance action; defamation,Attorney general; nuisance action; defamation,1,2026-01-13,https://legiscan.com/AZ/bill/HB2169/2026
AZ,2068951,,State contracts; foreign adversary; prohibition,State contracts; foreign adversary; prohibition,2,2026-03-11,https://legiscan.com/AZ/bill/HB2170/2026
AZ,2068889,,Land ownership; hostile entities; prohibition,Land ownership; hostile entities; prohibition,2,2026-02-24,https://legiscan.com/AZ/bill/HB2171/2026
AZ,2069004,,Homeowner's associations; expiration,Homeowner's associations; expiration,1,2026-01-13,https://legiscan.com/AZ/bill/HB2172/2026
AZ,2069833,,Property tax errors; electronic communications,Property tax errors; electronic communications,2,2026-02-18,https://legiscan.com/AZ/bill/HB2173/2026
AZ,2069671,,Insurance; modeling and data organizations,Insurance; modeling and data organizations,2,2026-02-24,https://legiscan.com/AZ/bill/HB2174/2026
AZ,2069915,,Crimes; hostility towards victims; sentencing,Crimes; hostility towards victims; sentencing,1,2026-01-13,https://legiscan.com/AZ/bill/HB2175/2026
AZ,2069605,,Health facilities; licensure; complaints; investigations,Health facilities; licensure; complaints; investigations,2,2026-02-26,https://legiscan.com/AZ/bill/HB2176/2026
AZ,2069702,,AHCCCS; waivers; American Indians; services,AHCCCS; waivers; American Indians; services,2,2026-02-24,https://legiscan.com/AZ/bill/HB2177/2026
AZ,2069688,,Agency; chief medical officer; license,Agency; chief medical officer; license,2,2026-02-09,https://legiscan.com/AZ/bill/HB2178/2026
AZ,2069555,,Air ambulance services,Air ambulance services,2,2026-02-23,https://legiscan.com/AZ/bill/HB2179/2026
AZ,2069869,,Appropriation; AZ REACH,Appropriation; AZ REACH,1,2026-01-13,https://legiscan.com/AZ/bill/HB2180/2026
AZ,2069900,,Death certificates; funeral establishments; timeline,Death certificates; funeral establishments; timeline,1,2026-01-13,https://legiscan.com/AZ/bill/HB2181/2026
AZ,2069655,,Emergency medical services; patient transport,Emergency medical services; patient transport,1,2026-01-13,https://legiscan.com/AZ/bill/HB2182/2026
AZ,2069883,,Emergency medicine; study committee,Emergency medicine; study committee,1,2026-01-13,https://legiscan.com/AZ/bill/HB2183/2026
AZ,2069788,,Fetal death; funeral homes,Fetal death; funeral homes,2,2026-02-24,https://legiscan.com/AZ/bill/HB2184/2026
AZ,2069617,,Homeowners' associations; lawns; drought,Homeowners' associations; lawns; drought,2,2026-02-26,https://legiscan.com/AZ/bill/HB2185/2026
AZ,2069718,,Identity evidence; civil traffic violations,Identity evidence; civil traffic violations,1,2026-01-15,https://legiscan.com/AZ/bill/HB2186/2026
AZ,2069569,,Insurance coverage; hearing aids; children,Insurance coverage; hearing aids; children,1,2026-01-15,https://legiscan.com/AZ/bill/HB2187/2026
AZ,2069851,,Program; language acquisition grant,Program; language acquisition grant,2,2026-03-09,https://legiscan.com/AZ/bill/HB2188/2026
AZ,2069737,,Licensed health aides; rules,Licensed health aides; rules,2,2026-02-26,https://legiscan.com/AZ/bill/HB2189/2026
AZ,2069587,,Physician assistants; licensure compact,Physician assistants; licensure compact,4,2026-02-20,https://legiscan.com/AZ/bill/HB2190/2026
AZ,2069751,,Unlawful use; sale; laughing gas,Unlawful use; sale; laughing gas,1,2026-01-13,https://legiscan.com/AZ/bill/HB2191/2026
AZ,2069769,,Video content; minors; employment; compensation,Video content; minors; employment; compensation,2,2026-02-23,https://legiscan.com/AZ/bill/HB2192/2026
AZ,2070133,,Student directory information; disclosures; exemptions,Student directory information; disclosures; exemptions,1,2026-01-13,https://legiscan.com/AZ/bill/HB2193/2026
AZ,2069997,,Claims; prior authorization; denials; contact,Claims; prior authorization; denials; contact,1,2026-01-15,https://legiscan.com/AZ/bill/HB2194/2026
AZ,2069983,,Nursing facilities; records; surveys; timelines,Nursing facilities; records; surveys; timelines,2,2026-02-26,https://legiscan.com/AZ/bill/HB2195/2026
AZ,2069926,,Pharmacists; pharmacies; reimbursement costs; appeals,Pharmacists; pharmacies; reimbursement costs; appeals,1,2026-01-21,https://legiscan.com/AZ/bill/HB2196/2026
AZ,2069965,,Unlawful camping; stock; wildlife; access,Unlawful camping; stock; wildlife; access,1,2026-01-13,https://legiscan.com/AZ/bill/HB2197/2026
AZ,2069932,,Criminal records sealed; petty offense,Criminal records sealed; petty offense,2,2026-02-26,https://legiscan.com/AZ/bill/HB2198/2026
AZ,2070010,,RV parks; mobile homes; education,RV parks; mobile homes; education,2,2026-03-11,https://legiscan.com/AZ/bill/HB2199/2026
AZ,2070121,,Appropriation; State Route 89 widening,Appropriation; State Route 89 widening,1,2026-01-13,https://legiscan.com/AZ/bill/HB2200/2026
AZ,2070136,,Appropriation; State Route 89A projects,Appropriation; State Route 89A projects,1,2026-01-13,https://legiscan.com/AZ/bill/HB2201/2026
AZ,2069978,,Appropriations; dementia care; telementoring program,Appropriations; dementia care; telementoring program,2,2026-02-26,https://legiscan.com/AZ/bill/HB2202/2026
AZ,2070060,,Department of education; reporting requirements,Department of education; reporting requirements,2,2026-02-18,https://legiscan.com/AZ/bill/HB2203/2026
AZ,2070039,,First responders; post-traumatic stress disorder,First responders; post-traumatic stress disorder,1,2026-01-15,https://legiscan.com/AZ/bill/HB2204/2026
AZ,2070117,,Criminal damage; trespassing; critical facilities,Criminal damage; trespassing; critical facilities,2,2026-02-24,https://legiscan.com/AZ/bill/HB2205/2026
AZ,2070005,,SNAP; error rate; forensic audit,SNAP; error rate; forensic audit,5,2026-02-20,https://legiscan.com/AZ/bill/HB2206/2026
AZ,2069988,,Appropriation; braille transcription program,Appropriation; braille transcription program,2,2026-02-26,https://legiscan.com/AZ/bill/HB2207/2026
AZ,2069945,,Health boards; violations; investigation,Health boards; violations; investigation,1,2026-01-15,https://legiscan.com/AZ/bill/HB2208/2026
AZ,2070114,,Health boards; retaliation; prohibition,Health boards; retaliation; prohibition,1,2026-01-15,https://legiscan.com/AZ/bill/HB2209/2026
AZ,2069952,,Aviation surveillance technology; fees; prohibition,Aviation surveillance technology; fees; prohibition,2,2026-02-24,https://legiscan.com/AZ/bill/HB2210/2026
AZ,2069961,,Technical correction; materials; resident preference,Technical correction; materials; resident preference,1,2026-02-19,https://legiscan.com/AZ/bill/HB2211/2026
AZ,2070046,,Homeowners' associations; lobbying; political activity,Homeowners' associations; lobbying; political activity,1,2026-01-15,https://legiscan.com/AZ/bill/HB2212/2026
AZ,2071069,,Dissolution of marriage; outcomes; estimator,Dissolution of marriage; outcomes; estimator,1,2026-01-15,https://legiscan.com/AZ/bill/HB2213/2026
AZ,2071175,,Special plate; skin cancer prevention,Special plate; skin cancer prevention,1,2026-01-13,https://legiscan.com/AZ/bill/HB2214/2026
AZ,2071406,,Literacy endorsements; coaches; specialists,Literacy endorsements; coaches; specialists,1,2026-01-13,https://legiscan.com/AZ/bill/HB2215/2026
AZ,2071241,,High schools; trade diploma program,High schools; trade diploma program,1,2026-01-15,https://legiscan.com/AZ/bill/HB2216/2026
AZ,2071489,,Antidiscrimination; employment; housing; public accommodations,Antidiscrimination; employment; housing; public accommodations,1,2026-01-15,https://legiscan.com/AZ/bill/HB2217/2026
AZ,2071385,,Election worker communications platform; pilot,Election worker communications platform; pilot,1,2026-01-15,https://legiscan.com/AZ/bill/HB2218/2026
AZ,2071262,,Ballot receptacles; electioneering limits,Ballot receptacles; electioneering limits,1,2026-01-15,https://legiscan.com/AZ/bill/HB2219/2026
AZ,2071154,,Polling places; accessible equipment,Polling places; accessible equipment,1,2026-01-15,https://legiscan.com/AZ/bill/HB2220/2026
AZ,2071132,,Elections; tribal consultation; voting locations,Elections; tribal consultation; voting locations,1,2026-01-15,https://legiscan.com/AZ/bill/HB2221/2026
AZ,2071322,,Birth certificates; sex designation change,Birth certificates; sex designation change,1,2026-01-15,https://legiscan.com/AZ/bill/HB2222/2026
AZ,2071853,,Name change petition; sex offenders,Name change petition; sex offenders,2,2026-02-18,https://legiscan.com/AZ/bill/HB2223/2026
AZ,2071801,,Produce incentive program; annual appropriation,Produce incentive program; annual appropriation,2,2026-02-26,https://legiscan.com/AZ/bill/HB2224/2026
AZ,2071634,,Appropriation; northern Arizona; training academy,Appropriation; northern Arizona; training academy,1,2026-01-20,https://legiscan.com/AZ/bill/HB2225/2026
AZ,2071663,,Processing arrestees; veteran status,Processing arrestees; veteran status,2,2026-02-26,https://legiscan.com/AZ/bill/HB2226/2026
AZ,2071725,,Chiropractic board; complaints; training; authority.,Chiropractic board; complaints; training; authority.,1,2026-01-15,https://legiscan.com/AZ/bill/HB2227/2026
AZ,2071708,,Elder abuse; registry; attorney general,Elder abuse; registry; attorney general,2,2026-02-23,https://legiscan.com/AZ/bill/HB2228/2026
AZ,2071611,,Appropriation; DHS; pregnancy resource centers,Appropriation; DHS; pregnancy resource centers,1,2026-01-15,https://legiscan.com/AZ/bill/HB2229/2026
AZ,2071771,,Property tax; exemption; veterans,Property tax; exemption; veterans,0,,https://legiscan.com/AZ/bill/HB2230/2026
AZ,2071574,,Firefighters; occupational disease; adenocarcinoma,Firefighters; occupational disease; adenocarcinoma,2,2026-02-26,https://legiscan.com/AZ/bill/HB2231/2026
AZ,2071899,,DIFI; cryptocurrency kiosk operator; license,DIFI; cryptocurrency kiosk operator; license,1,2026-01-15,https://legiscan.com/AZ/bill/HB2232/2026
AZ,2071739,,Rural health transformation monies; review,Rural health transformation monies; review,1,2026-01-15,https://legiscan.com/AZ/bill/HB2233/2026
AZ,2071580,,Municipal licensing; approvals; administrative review,Municipal licensing; approvals; administrative review,1,2026-01-15,https://legiscan.com/AZ/bill/HB2234/2026
AZ,2071671,,Juvenile detention centers; education programs,Juvenile detention centers; education programs,1,2026-01-15,https://legiscan.com/AZ/bill/HB2235/2026
AZ,2071589,,Appropriation; northeast Arizona training center,Appropriation; northeast Arizona training center,1,2026-01-15,https://legiscan.com/AZ/bill/HB2236/2026
AZ,2071838,,Appropriation; Apache Junction; tourism; recreation,Appropriation; Apache Junction; tourism; recreation,1,2026-01-15,https://legiscan.com/AZ/bill/HB2237/2026
AZ,2071763,,Appropriation; Apache Junction; public safety,Appropriation; Apache Junction; public safety,1,2026-01-15,https://legiscan.com/AZ/bill/HB2238/2026
AZ,2071519,,Child care; grant program; fund,Child care; grant program; fund,2,2026-03-09,https://legiscan.com/AZ/bill/HB2239/2026
AZ,2071523,,Tuition waiver; children; veterans; disabilities,Tuition waiver; children; veterans; disabilities,1,2026-01-15,https://legiscan.com/AZ/bill/HB2240/2026
AZ,2071679,,Accommodation schools; building renewal grants,Accommodation schools; building renewal grants,1,2026-01-15,https://legiscan.com/AZ/bill/HB2241/2026
AZ,2071890,,Appropriation; State Route 260; improvements,Appropriation; State Route 260; improvements,1,2026-01-15,https://legiscan.com/AZ/bill/HB2242/2026
AZ,2071641,,Landlord tenant act; application fees,Landlord tenant act; application fees,1,2026-01-15,https://legiscan.com/AZ/bill/HB2243/2026
AZ,2071810,,Evictions; satisfaction of judgments,Evictions; satisfaction of judgments,2,2026-02-26,https://legiscan.com/AZ/bill/HB2244/2026
AZ,2071619,,Veterans claims pilot program,Veterans claims pilot program,1,2026-01-15,https://legiscan.com/AZ/bill/HB2245/2026
AZ,2071692,,Telephone solicitations; telephone calls,Telephone solicitations; telephone calls,1,2026-01-15,https://legiscan.com/AZ/bill/HB2246/2026
AZ,2071714,,Blood donations; patient notification,Blood donations; patient notification,1,2026-01-15,https://legiscan.com/AZ/bill/HB2247/2026
AZ,2071567,,Medical interventions; prohibition,Medical interventions; prohibition,2,2026-02-26,https://legiscan.com/AZ/bill/HB2248/2026
AZ,2071794,,Parents' bill of rights; remedies,Parents' bill of rights; remedies,2,2026-02-26,https://legiscan.com/AZ/bill/HB2249/2026
AZ,2071734,,Prior authorizations; habilitative services,Prior authorizations; habilitative services,1,2026-01-15,https://legiscan.com/AZ/bill/HB2250/2026
AZ,2071596,,Midwives; medication administration; advisory committee,Midwives; medication administration; advisory committee,2,2026-03-05,https://legiscan.com/AZ/bill/HB2251/2026
AZ,2071779,,Midwives; ambulances; home births,Midwives; ambulances; home births,1,2026-01-15,https://legiscan.com/AZ/bill/HB2252/2026
AZ,2071830,,Testimony; disciplinary action; prohibition,Testimony; disciplinary action; prohibition,2,2026-02-26,https://legiscan.com/AZ/bill/HB2253/2026
AZ,2071625,,Special plate; small business advocate,Special plate; small business advocate,1,2026-01-15,https://legiscan.com/AZ/bill/HB2254/2026
AZ,2071647,,Teachers academy; community college students,Teachers academy; community college students,2,2026-02-26,https://legiscan.com/AZ/bill/HB2255/2026
AZ,2071876,,Salvage vehicles; abandoned; insurance claim,Salvage vehicles; abandoned; insurance claim,2,2026-02-23,https://legiscan.com/AZ/bill/HB2256/2026
AZ,2071656,,Watercraft fund; distribution of monies,Watercraft fund; distribution of monies,2,2026-02-26,https://legiscan.com/AZ/bill/HB2257/2026
AZ,2071756,,Tourism advisory council; representation,Tourism advisory council; representation,2,2026-02-19,https://legiscan.com/AZ/bill/HB2258/2026
AZ,2071884,,TPT; distribution; HURF,TPT; distribution; HURF,1,2026-01-21,https://legiscan.com/AZ/bill/HB2259/2026
AZ,2071861,,Veterinary medical examining board; continuation..,Veterinary medical examining board; continuation..,2,2026-02-23,https://legiscan.com/AZ/bill/HB2260/2026
AZ,2071602,,Property tax; agricultural real property,Property tax; agricultural real property,2,2026-02-26,https://legiscan.com/AZ/bill/HB2261/2026
AZ,2071785,,Arizona geological survey; analysis; division,Arizona geological survey; analysis; division,2,2026-02-23,https://legiscan.com/AZ/bill/HB2262/2026
AZ,2071687,,Colorado River water; replenishment; restriction,Colorado River water; replenishment; restriction,1,2026-01-20,https://legiscan.com/AZ/bill/HB2263/2026
AZ,2071845,,Mining; mineral; museum; state history,Mining; mineral; museum; state history,2,2026-03-02,https://legiscan.com/AZ/bill/HB2264/2026
AZ,2072566,,Courts; fees; assessments,Courts; fees; assessments,2,2026-02-23,https://legiscan.com/AZ/bill/HB2265/2026
AZ,2072613,,School attendance requirements; religious purposes,School attendance requirements; religious purposes,2,2026-02-26,https://legiscan.com/AZ/bill/HB2266/2026
AZ,2073306,,Public nuisance; renewable energy; exceptions,Public nuisance; renewable energy; exceptions,2,2026-02-26,https://legiscan.com/AZ/bill/HB2267/2026
AZ,2072827,,State trust land; subleases; approval,State trust land; subleases; approval,2,2026-02-24,https://legiscan.com/AZ/bill/HB2268/2026
AZ,2072917,,TPT; exemption; utilities; repeal,TPT; exemption; utilities; repeal,1,2026-01-15,https://legiscan.com/AZ/bill/HB2269/2026
AZ,2072961,,County seal; authority; sheriff's posse,County seal; authority; sheriff's posse,2,2026-03-04,https://legiscan.com/AZ/bill/HB2270/2026
AZ,2073177,,Insurers covering firefighters; rate deviation,Insurers covering firefighters; rate deviation,2,2026-02-26,https://legiscan.com/AZ/bill/HB2271/2026
AZ,2073004,,Dental or optometric services; contracts,Dental or optometric services; contracts,1,2026-01-20,https://legiscan.com/AZ/bill/HB2272/2026
AZ,2072742,,Income tax rebate; net revenues,Income tax rebate; net revenues,2,2026-02-26,https://legiscan.com/AZ/bill/HB2273/2026
AZ,2072873,,License plate; Grand Canyon preservation,License plate; Grand Canyon preservation,1,2026-01-15,https://legiscan.com/AZ/bill/HB2274/2026
AZ,2073262,,Technical correction; midwives,Technical correction; midwives,0,,https://legiscan.com/AZ/bill/HB2275/2026
AZ,2073047,,Technical correction; obstructing governmental operations,Technical correction; obstructing governmental operations,0,,https://legiscan.com/AZ/bill/HB2276/2026
AZ,2073220,,HOAs; fiscal duties,HOAs; fiscal duties,1,2026-01-15,https://legiscan.com/AZ/bill/HB2277/2026
AZ,2073134,,Financial assurance; reclamation; escrow; trusts,Financial assurance; reclamation; escrow; trusts,2,2026-02-23,https://legiscan.com/AZ/bill/HB2278/2026
AZ,2072573,,Commercial river outfitters; limited liability,Commercial river outfitters; limited liability,2,2026-02-24,https://legiscan.com/AZ/bill/HB2279/2026
AZ,2073789,,Watersheds; beneficial use; instream flows,Watersheds; beneficial use; instream flows,1,2026-01-26,https://legiscan.com/AZ/bill/HB2280/2026
AZ,2073472,,Arizona state parks heritage fund,Arizona state parks heritage fund,1,2026-01-26,https://legiscan.com/AZ/bill/HB2281/2026
AZ,2073907,,Education protection orders; definitions,Education protection orders; definitions,1,2026-01-15,https://legiscan.com/AZ/bill/HB2282/2026
AZ,2073666,,Appropriation; N9003 bridge project,Appropriation; N9003 bridge project,1,2026-01-15,https://legiscan.com/AZ/bill/HB2283/2026
AZ,2073508,,Appropriation; road improvements; Piñon schools,Appropriation; road improvements; Piñon schools,1,2026-01-15,https://legiscan.com/AZ/bill/HB2284/2026
AZ,2073699,,Appropriation; Fort Defiance; streetlights,Appropriation; Fort Defiance; streetlights,1,2026-01-15,https://legiscan.com/AZ/bill/HB2285/2026
AZ,2073611,,Appropriations; Navajo Nation; capital projects,Appropriations; Navajo Nation; capital projects,1,2026-01-15,https://legiscan.com/AZ/bill/HB2286/2026
AZ,2073648,,Appropriation; N9073 Rockfall/Roadway project,Appropriation; N9073 Rockfall/Roadway project,1,2026-01-15,https://legiscan.com/AZ/bill/HB2287/2026
AZ,2073578,,Income tax; subtraction; foreign dividends,Income tax; subtraction; foreign dividends,1,2026-01-20,https://legiscan.com/AZ/bill/HB2288/2026
AZ,2073736,,Truth in taxation; bonds; notices,Truth in taxation; bonds; notices,2,2026-03-04,https://legiscan.com/AZ/bill/HB2289/2026
AZ,2073594,,TPT; sourcing; business location; receipt,TPT; sourcing; business location; receipt,1,2026-01-20,https://legiscan.com/AZ/bill/HB2290/2026
AZ,2073371,,Voluntary prohibited possessor; definition,Voluntary prohibited possessor; definition,1,2026-01-15,https://legiscan.com/AZ/bill/HB2291/2026
AZ,2073489,,Wildfire prevention authority; fund,Wildfire prevention authority; fund,1,2026-01-21,https://legiscan.com/AZ/bill/HB2292/2026
AZ,2073716,,Public policy; wage contracts; repeal,Public policy; wage contracts; repeal,1,2026-01-20,https://legiscan.com/AZ/bill/HB2293/2026
AZ,2073873,,Occupational licenses; apprenticeships,Occupational licenses; apprenticeships,1,2026-01-20,https://legiscan.com/AZ/bill/HB2294/2026
AZ,2073420,,Minimum wage increase,Minimum wage increase,1,2026-01-20,https://legiscan.com/AZ/bill/HB2295/2026
AZ,2073858,,Prohibited agreements; public works contracts,Prohibited agreements; public works contracts,1,2026-01-20,https://legiscan.com/AZ/bill/HB2296/2026
AZ,2073629,,Financial aid; private scholarships; requirements,Financial aid; private scholarships; requirements,1,2026-01-20,https://legiscan.com/AZ/bill/HB2297/2026
AZ,2073545,,Higher education; increased costs; restrictions,Higher education; increased costs; restrictions,1,2026-01-15,https://legiscan.com/AZ/bill/HB2298/2026
AZ,2073387,,Price tags; unfair pricing; penalties,Price tags; unfair pricing; penalties,1,2026-01-20,https://legiscan.com/AZ/bill/HB2299/2026
AZ,2073921,,Mobile home landlord tenant; protections,Mobile home landlord tenant; protections,1,2026-01-20,https://legiscan.com/AZ/bill/HB2300/2026
AZ,2073405,,Pricing; emergency; enforcement; attorney general.,Pricing; emergency; enforcement; attorney general.,1,2026-01-20,https://legiscan.com/AZ/bill/HB2301/2026
AZ,2073891,,Student loan servicers; licensure,Student loan servicers; licensure,1,2026-01-20,https://legiscan.com/AZ/bill/HB2302/2026
AZ,2073524,,State treasurer; conflicts of interest,State treasurer; conflicts of interest,1,2026-01-21,https://legiscan.com/AZ/bill/HB2303/2026
AZ,2077484,,Appropriations; transportation projects,Appropriations; transportation projects,1,2026-01-15,https://legiscan.com/AZ/bill/HB2304/2026
AZ,2078152,,Private towing carriers; regulation; rates,Private towing carriers; regulation; rates,2,2026-02-26,https://legiscan.com/AZ/bill/HB2305/2026
AZ,2077566,,Appropriation; Apache county; rural routes,Appropriation; Apache county; rural routes,1,2026-01-15,https://legiscan.com/AZ/bill/HB2306/2026
AZ,2078068,,Dangerous incompetent defendants; out-of-state facilities,Dangerous incompetent defendants; out-of-state facilities,2,2026-02-18,https://legiscan.com/AZ/bill/HB2307/2026
AZ,2077817,,Dental insurers; dental practice; prohibition,Dental insurers; dental practice; prohibition,2,2026-03-11,https://legiscan.com/AZ/bill/HB2308/2026
AZ,2077649,,Earned wage access; providers; license,Earned wage access; providers; license,1,2026-01-20,https://legiscan.com/AZ/bill/HB2309/2026
AZ,2077900,,Qualified marketplace contractors; employment,Qualified marketplace contractors; employment,2,2026-02-09,https://legiscan.com/AZ/bill/HB2310/2026
AZ,2077983,,Artificial intelligence service; disclosures; requirements,Artificial intelligence service; disclosures; requirements,2,2026-02-24,https://legiscan.com/AZ/bill/HB2311/2026
AZ,2077732,,Patriotic youth groups; school access.,Patriotic youth groups; school access.,4,2026-03-12,https://legiscan.com/AZ/bill/HB2312/2026
AZ,2079557,,Teachers; strikes; prohibition; remote instruction,Teachers; strikes; prohibition; remote instruction,2,2026-02-26,https://legiscan.com/AZ/bill/HB2313/2026
AZ,2079367,,Technical correction; private schools,Technical correction; private schools,0,,https://legiscan.com/AZ/bill/HB2314/2026
AZ,2079583,,Exchange teachers; technical correction,Exchange teachers; technical correction,0,,https://legiscan.com/AZ/bill/HB2315/2026
AZ,2078606,,Middle school students; CTE courses,Middle school students; CTE courses,1,2026-01-20,https://legiscan.com/AZ/bill/HB2316/2026
AZ,2079042,,Traffic; vehicle laws; cities; prohibition,Traffic; vehicle laws; cities; prohibition,1,2026-01-15,https://legiscan.com/AZ/bill/HB2317/2026
AZ,2078795,,School districts; elections; term limits,School districts; elections; term limits,2,2026-02-24,https://legiscan.com/AZ/bill/HB2318/2026
AZ,2079398,,Sealing arrest records; misdemeanor designation,Sealing arrest records; misdemeanor designation,1,2026-01-15,https://legiscan.com/AZ/bill/HB2319/2026
AZ,2079262,,School districts; bonds; financial advisors,School districts; bonds; financial advisors,2,2026-02-24,https://legiscan.com/AZ/bill/HB2320/2026
AZ,2079066,,DCS; credit freeze; reporting; appropriation,DCS; credit freeze; reporting; appropriation,2,2026-03-09,https://legiscan.com/AZ/bill/HB2321/2026
AZ,2078330,,DCS; investigations; interviews; recording,DCS; investigations; interviews; recording,2,2026-02-19,https://legiscan.com/AZ/bill/HB2322/2026
AZ,2078928,,Warranties; leased vehicles; lessee; definition,Warranties; leased vehicles; lessee; definition,2,2026-02-24,https://legiscan.com/AZ/bill/HB2323/2026
AZ,2078962,,Fire code; municipalities; county buildings,Fire code; municipalities; county buildings,2,2026-03-04,https://legiscan.com/AZ/bill/HB2324/2026
AZ,2078632,,Single-family homes; institutional investors,Single-family homes; institutional investors,1,2026-01-21,https://legiscan.com/AZ/bill/HB2325/2026
AZ,2078876,,Oral preventive assistants; qualifications,Oral preventive assistants; qualifications,1,2026-01-20,https://legiscan.com/AZ/bill/HB2326/2026
AZ,2078685,,Identifying information; records; confidentiality,Identifying information; records; confidentiality,2,2026-03-03,https://legiscan.com/AZ/bill/HB2327/2026
AZ,2079611,,Municipal corporations; water supply; rates,Municipal corporations; water supply; rates,2,2026-02-23,https://legiscan.com/AZ/bill/HB2328/2026
AZ,2078851,,Technical correction; workers' compensation; investigation,Technical correction; workers' compensation; investigation,0,,https://legiscan.com/AZ/bill/HB2329/2026
AZ,2079152,,Line siting; factors; total environment,Line siting; factors; total environment,2,2026-02-26,https://legiscan.com/AZ/bill/HB2330/2026
AZ,2079662,,Electric utility; reliable energy standard,Electric utility; reliable energy standard,2,2026-03-04,https://legiscan.com/AZ/bill/HB2331/2026
AZ,2079343,,Prohibition; mRNA technology; persons; pets,Prohibition; mRNA technology; persons; pets,1,2026-01-20,https://legiscan.com/AZ/bill/HB2332/2026
AZ,2078766,,Insurance; prosthetics; orthotics; reporting requirements,Insurance; prosthetics; orthotics; reporting requirements,1,2026-01-21,https://legiscan.com/AZ/bill/HB2333/2026
AZ,2078465,,Food; mRNA prohibition; labeling,Food; mRNA prohibition; labeling,1,2026-01-21,https://legiscan.com/AZ/bill/HB2334/2026
AZ,2079234,,Health professionals; patients; vaccination status,Health professionals; patients; vaccination status,1,2026-01-20,https://legiscan.com/AZ/bill/HB2335/2026
AZ,2078520,,Health insurers; vaccine mandate; prohibition,Health insurers; vaccine mandate; prohibition,1,2026-01-20,https://legiscan.com/AZ/bill/HB2336/2026
AZ,2079424,,Zoning; use permits; votes; requirements,Zoning; use permits; votes; requirements,1,2026-01-20,https://legiscan.com/AZ/bill/HB2337/2026
AZ,2078356,,Board; votes; wind; solar projects,Board; votes; wind; solar projects,1,2026-01-20,https://legiscan.com/AZ/bill/HB2338/2026
AZ,2079503,,Solar devices; sellers; marketers; licensure,Solar devices; sellers; marketers; licensure,1,2026-01-20,https://legiscan.com/AZ/bill/HB2339/2026
AZ,2079177,,Certificate; environmental compatibility; factors,Certificate; environmental compatibility; factors,2,2026-02-26,https://legiscan.com/AZ/bill/HB2340/2026
AZ,2079477,,Line siting; factors; offtakers,Line siting; factors; offtakers,2,2026-02-26,https://legiscan.com/AZ/bill/HB2341/2026
AZ,2079210,,Homeowners' associations; shade structures,Homeowners' associations; shade structures,2,2026-03-05,https://legiscan.com/AZ/bill/HB2342/2026
AZ,2078741,,Special plate; recycling refurbished electronics,Special plate; recycling refurbished electronics,1,2026-01-15,https://legiscan.com/AZ/bill/HB2343/2026
AZ,2079286,,Local government investment pool; treasurer,Local government investment pool; treasurer,2,2026-03-10,https://legiscan.com/AZ/bill/HB2344/2026
AZ,2078987,,Unlawful presence; commercial vehicle; forfeiture,Unlawful presence; commercial vehicle; forfeiture,1,2026-01-15,https://legiscan.com/AZ/bill/HB2345/2026
AZ,2079095,,Trade or commerce; technical correction,Trade or commerce; technical correction,0,,https://legiscan.com/AZ/bill/HB2346/2026
AZ,2078385,,Reasonable assistance; emergencies; Good Samaritans,Reasonable assistance; emergencies; Good Samaritans,1,2026-01-15,https://legiscan.com/AZ/bill/HB2347/2026
AZ,2078574,,Appropriations; DEMA,Appropriations; DEMA,1,2026-01-15,https://legiscan.com/AZ/bill/HB2348/2026
AZ,2080126,,Employment; rural fire districts; exception,Employment; rural fire districts; exception,1,2026-01-21,https://legiscan.com/AZ/bill/HB2349/2026
AZ,2080033,,Volunteer firefighters; rural districts; exemption,Volunteer firefighters; rural districts; exemption,1,2026-01-21,https://legiscan.com/AZ/bill/HB2350/2026
AZ,2080301,,State land; commissioner-initiated sales,State land; commissioner-initiated sales,2,2026-02-23,https://legiscan.com/AZ/bill/HB2351/2026
AZ,2080383,,Appropriation; auditor general; 2028-2029,Appropriation; auditor general; 2028-2029,2,2026-02-26,https://legiscan.com/AZ/bill/HB2352/2026
AZ,2079790,,Homeowners' associations; cumulative voting; prohibition,Homeowners' associations; cumulative voting; prohibition,1,2026-01-20,https://legiscan.com/AZ/bill/HB2353/2026
AZ,2079909,,Prohibited weapon; bump-fire device; accessory,Prohibited weapon; bump-fire device; accessory,1,2026-01-15,https://legiscan.com/AZ/bill/HB2354/2026
AZ,2080438,,Reporting; groundwater pumping; measuring,Reporting; groundwater pumping; measuring,1,2026-01-26,https://legiscan.com/AZ/bill/HB2355/2026
AZ,2079778,,Greenhouse gas programs; repeal; prohibition,Greenhouse gas programs; repeal; prohibition,1,2026-01-26,https://legiscan.com/AZ/bill/HB2356/2026
AZ,2080288,,Class one property; assessment ratio,Class one property; assessment ratio,1,2026-01-20,https://legiscan.com/AZ/bill/HB2357/2026
AZ,2080138,,Inmate telephone system service contracts,Inmate telephone system service contracts,1,2026-01-15,https://legiscan.com/AZ/bill/HB2358/2026
AZ,2080449,,Adult incarceration contractors; public records,Adult incarceration contractors; public records,1,2026-01-20,https://legiscan.com/AZ/bill/HB2359/2026
AZ,2079766,,ESAs; enrollment; required disclosures; prohibition,ESAs; enrollment; required disclosures; prohibition,1,2026-01-15,https://legiscan.com/AZ/bill/HB2360/2026
AZ,2080428,,Employers; contracts; noncompete clause; prohibition,Employers; contracts; noncompete clause; prohibition,1,2026-01-20,https://legiscan.com/AZ/bill/HB2361/2026
AZ,2080320,,Property classification; short-term rentals,Property classification; short-term rentals,1,2026-01-20,https://legiscan.com/AZ/bill/HB2362/2026
AZ,2080400,,Residential rental property; definition,Residential rental property; definition,1,2026-01-20,https://legiscan.com/AZ/bill/HB2363/2026
AZ,2079761,,Abortion-inducing drugs; violations; classifications,Abortion-inducing drugs; violations; classifications,2,2026-02-26,https://legiscan.com/AZ/bill/HB2364/2026
AZ,2080377,,Safe haven; adoption agencies; contact,Safe haven; adoption agencies; contact,1,2026-01-20,https://legiscan.com/AZ/bill/HB2365/2026
AZ,2079978,,Voting centers ban; precinct size,Voting centers ban; precinct size,1,2026-01-22,https://legiscan.com/AZ/bill/HB2366/2026
AZ,2080088,,Neighborhood electric vehicles; VLT; exemption,Neighborhood electric vehicles; VLT; exemption,2,2026-02-26,https://legiscan.com/AZ/bill/HB2367/2026
AZ,2080160,,"Fire protection systems, inspections","Fire protection systems, inspections",1,2026-01-20,https://legiscan.com/AZ/bill/HB2368/2026
AZ,2080041,,Traffic violation; judge; signature; requirement,Traffic violation; judge; signature; requirement,2,2026-02-24,https://legiscan.com/AZ/bill/HB2369/2026
AZ,2079961,,Schools; weapons detection systems; administration,Schools; weapons detection systems; administration,2,2026-02-26,https://legiscan.com/AZ/bill/HB2370/2026
AZ,2080171,,Arbitration; divorce proceedings; artificial intelligence,Arbitration; divorce proceedings; artificial intelligence,2,2026-03-10,https://legiscan.com/AZ/bill/HB2371/2026
AZ,2079825,,School board candidates; electronic signatures,School board candidates; electronic signatures,1,2026-01-22,https://legiscan.com/AZ/bill/HB2372/2026
AZ,2080115,,Income tax; refunds; veterans' organizations,Income tax; refunds; veterans' organizations,2,2026-03-02,https://legiscan.com/AZ/bill/HB2373/2026
AZ,2080252,,Zoning commissioners; conflict of interest,Zoning commissioners; conflict of interest,1,2026-01-20,https://legiscan.com/AZ/bill/HB2374/2026
AZ,2080028,,Housing; zoning; historic neighborhoods,Housing; zoning; historic neighborhoods,2,2026-03-18,https://legiscan.com/AZ/bill/HB2375/2026
AZ,2080050,,Schools; real estate transactions; prohibitions,Schools; real estate transactions; prohibitions,2,2026-02-24,https://legiscan.com/AZ/bill/HB2376/2026
AZ,2080143,,School districts; superintendents; compensation,School districts; superintendents; compensation,1,2026-01-21,https://legiscan.com/AZ/bill/HB2377/2026
AZ,2080366,,School facilities oversight board; members,School facilities oversight board; members,2,2026-02-24,https://legiscan.com/AZ/bill/HB2378/2026
AZ,2079797,,School district governing boards; training,School district governing boards; training,2,2026-03-04,https://legiscan.com/AZ/bill/HB2379/2026
AZ,2080000,,School districts; board meetings; expenditures,School districts; board meetings; expenditures,2,2026-03-11,https://legiscan.com/AZ/bill/HB2380/2026
AZ,2079995,,School districts; superintendents; benefits; restrictions,School districts; superintendents; benefits; restrictions,2,2026-02-23,https://legiscan.com/AZ/bill/HB2381/2026
AZ,2080184,,School district superintendents; secondary employment,School district superintendents; secondary employment,1,2026-01-20,https://legiscan.com/AZ/bill/HB2382/2026
AZ,2080282,,School districts; leases; housing development,School districts; leases; housing development,2,2026-02-26,https://legiscan.com/AZ/bill/HB2383/2026
AZ,2080073,,School districts; lease agreements; requirements,School districts; lease agreements; requirements,2,2026-02-26,https://legiscan.com/AZ/bill/HB2384/2026
AZ,2079830,,School districts; superintendent; employment contracts,School districts; superintendent; employment contracts,2,2026-02-26,https://legiscan.com/AZ/bill/HB2385/2026
AZ,2079858,,School district superintendents; performance-based pay,School district superintendents; performance-based pay,2,2026-02-26,https://legiscan.com/AZ/bill/HB2386/2026
AZ,2080372,,School district employees; prohibited employment,School district employees; prohibited employment,1,2026-01-20,https://legiscan.com/AZ/bill/HB2387/2026
AZ,2079848,,Appropriation; commerce authority; nuclear; study,Appropriation; commerce authority; nuclear; study,1,2026-01-22,https://legiscan.com/AZ/bill/HB2388/2026
AZ,2079948,,Replacement units; certificates; environmental compatibility,Replacement units; certificates; environmental compatibility,2,2026-03-11,https://legiscan.com/AZ/bill/HB2389/2026
AZ,2080454,,Minors; artistic performers; contracts; trust,Minors; artistic performers; contracts; trust,1,2026-01-20,https://legiscan.com/AZ/bill/HB2390/2026
AZ,2079808,,Vloggers; minors; compensation; trust accounts,Vloggers; minors; compensation; trust accounts,1,2026-01-20,https://legiscan.com/AZ/bill/HB2391/2026
AZ,2079864,,Team designations; biological sex; repeal,Team designations; biological sex; repeal,1,2026-01-20,https://legiscan.com/AZ/bill/HB2392/2026
AZ,2080349,,Alternative products; furnishing underage persons,Alternative products; furnishing underage persons,1,2026-01-22,https://legiscan.com/AZ/bill/HB2393/2026
AZ,2079880,,Property tax; residential property,Property tax; residential property,1,2026-01-22,https://legiscan.com/AZ/bill/HB2394/2026
AZ,2080017,,Fitness program; school report cards,Fitness program; school report cards,2,2026-02-09,https://legiscan.com/AZ/bill/HB2395/2026
AZ,2079782,,SNAP; allowed purchases; waiver,SNAP; allowed purchases; waiver,5,2026-02-20,https://legiscan.com/AZ/bill/HB2396/2026
AZ,2080221,,Homeowners' associations; property covenants; disclosures,Homeowners' associations; property covenants; disclosures,2,2026-03-04,https://legiscan.com/AZ/bill/HB2397/2026
AZ,2079853,,Watercraft; insurance requirements; penalties,Watercraft; insurance requirements; penalties,2,2026-02-24,https://legiscan.com/AZ/bill/HB2398/2026
AZ,2080205,,ADOT; revisions,ADOT; revisions,2,2026-02-26,https://legiscan.com/AZ/bill/HB2399/2026
AZ,2080155,,Motor fuel tax holiday,Motor fuel tax holiday,2,2026-02-24,https://legiscan.com/AZ/bill/HB2400/2026
AZ,2080068,,Fuel formulations; biennial review,Fuel formulations; biennial review,2,2026-02-24,https://legiscan.com/AZ/bill/HB2401/2026
AZ,2080338,,Ambulance services; certificates of necessity,Ambulance services; certificates of necessity,2,2026-03-05,https://legiscan.com/AZ/bill/HB2402/2026
AZ,2079956,,Appropriation; AHCCCS; provider increase,Appropriation; AHCCCS; provider increase,2,2026-03-05,https://legiscan.com/AZ/bill/HB2403/2026
AZ,2080077,,Transportation ; mental health; patients,Transportation ; mental health; patients,2,2026-03-04,https://legiscan.com/AZ/bill/HB2404/2026
AZ,2080361,,DCS information; legislator review; location,DCS information; legislator review; location,1,2026-01-20,https://legiscan.com/AZ/bill/HB2405/2026
AZ,2080012,,Department of veterans' services; study,Department of veterans' services; study,2,2026-02-24,https://legiscan.com/AZ/bill/HB2406/2026
AZ,2080178,,Insurance; claims processing; downcoded claims,Insurance; claims processing; downcoded claims,1,2026-01-22,https://legiscan.com/AZ/bill/HB2407/2026
AZ,2080084,,Nursing board; regulatory actions; expungement,Nursing board; regulatory actions; expungement,2,2026-03-04,https://legiscan.com/AZ/bill/HB2408/2026
AZ,2080458,,Artificial intelligence; statewide education program,Artificial intelligence; statewide education program,2,2026-02-23,https://legiscan.com/AZ/bill/HB2409/2026
AZ,2080305,,Artificial intelligence; privileged communications,Artificial intelligence; privileged communications,2,2026-02-23,https://legiscan.com/AZ/bill/HB2410/2026
AZ,2079814,,Coerced abortion; abortion-inducing drugs,Coerced abortion; abortion-inducing drugs,2,2026-02-23,https://legiscan.com/AZ/bill/HB2411/2026
AZ,2080022,,Threatening; intimidating; harassment; public officials,Threatening; intimidating; harassment; public officials,1,2026-01-15,https://legiscan.com/AZ/bill/HB2412/2026
AZ,2080216,,Sex offenders; electronic monitoring,Sex offenders; electronic monitoring,1,2026-01-15,https://legiscan.com/AZ/bill/HB2413/2026
AZ,2079886,,Communication service information; technical correction,Communication service information; technical correction,0,,https://legiscan.com/AZ/bill/HB2414/2026
AZ,2079915,,Kratom products; narcotic drugs,Kratom products; narcotic drugs,2,2026-02-26,https://legiscan.com/AZ/bill/HB2415/2026
AZ,2079899,,Appropriation; DPS; local border support,Appropriation; DPS; local border support,2,2026-03-03,https://legiscan.com/AZ/bill/HB2416/2026
AZ,2079756,,Excessive speed; speed inhibiting device,Excessive speed; speed inhibiting device,2,2026-02-26,https://legiscan.com/AZ/bill/HB2417/2026
AZ,2079983,,Appropriation; major incident task forces,Appropriation; major incident task forces,2,2026-02-26,https://legiscan.com/AZ/bill/HB2418/2026
AZ,2080189,,Firearm sales; permit validation; website,Firearm sales; permit validation; website,1,2026-01-20,https://legiscan.com/AZ/bill/HB2419/2026
AZ,2080193,,Firearm sales; transfers; background checks,Firearm sales; transfers; background checks,1,2026-01-15,https://legiscan.com/AZ/bill/HB2420/2026
AZ,2079972,,Assault weapons; magazines; prohibition; registration,Assault weapons; magazines; prohibition; registration,1,2026-01-15,https://legiscan.com/AZ/bill/HB2421/2026
AZ,2079943,,Weapons; permit; firearms safety training,Weapons; permit; firearms safety training,1,2026-01-20,https://legiscan.com/AZ/bill/HB2422/2026
AZ,2080199,,Advanced mathematics courses; student enrollment,Advanced mathematics courses; student enrollment,2,2026-02-26,https://legiscan.com/AZ/bill/HB2423/2026
AZ,2080292,,Precinct committeemen; proxy voting,Precinct committeemen; proxy voting,1,2026-01-22,https://legiscan.com/AZ/bill/HB2424/2026
AZ,2079772,,Auditor general; state lands; audit,Auditor general; state lands; audit,2,2026-02-23,https://legiscan.com/AZ/bill/HB2425/2026
AZ,2079890,,State land department; disposition plan,State land department; disposition plan,2,2026-03-04,https://legiscan.com/AZ/bill/HB2426/2026
AZ,2080147,,Land department; audit; recommendations; checklist,Land department; audit; recommendations; checklist,2,2026-02-26,https://legiscan.com/AZ/bill/HB2427/2026
AZ,2079735,,Emissions; reduction credits; counties,Emissions; reduction credits; counties,2,2026-02-26,https://legiscan.com/AZ/bill/HB2428/2026
AZ,2079842,,Short-term rentals; vacation rentals; occupancy,Short-term rentals; vacation rentals; occupancy,2,2026-03-16,https://legiscan.com/AZ/bill/HB2429/2026
AZ,2080408,,Short-term rentals; online lodging marketplace,Short-term rentals; online lodging marketplace,1,2026-01-20,https://legiscan.com/AZ/bill/HB2430/2026
AZ,2080046,,Appropriation; consolidated elections facility,Appropriation; consolidated elections facility,1,2026-01-15,https://legiscan.com/AZ/bill/HB2431/2026
AZ,2080394,,Appropriation; Yavapai community college; health,Appropriation; Yavapai community college; health,1,2026-01-20,https://legiscan.com/AZ/bill/HB2432/2026
AZ,2080004,,Medicare supplement insurance; ALS; ESRD,Medicare supplement insurance; ALS; ESRD,1,2026-01-20,https://legiscan.com/AZ/bill/HB2433/2026
AZ,2079751,,Controlled substances prescription monitoring program,Controlled substances prescription monitoring program,2,2026-03-10,https://legiscan.com/AZ/bill/HB2434/2026
AZ,2079744,,Internationally trained physicians; licensure,Internationally trained physicians; licensure,1,2026-01-20,https://legiscan.com/AZ/bill/HB2435/2026
AZ,2079804,,Mental health evaluations; health professionals,Mental health evaluations; health professionals,1,2026-01-20,https://legiscan.com/AZ/bill/HB2436/2026
AZ,2080412,,EMS reciprocity; compact,EMS reciprocity; compact,2,2026-03-10,https://legiscan.com/AZ/bill/HB2437/2026
AZ,2080167,,Podiatric licensure compact,Podiatric licensure compact,2,2026-02-26,https://legiscan.com/AZ/bill/HB2438/2026
AZ,2079740,,Public cold plunge; rules; exemption,Public cold plunge; rules; exemption,2,2026-02-26,https://legiscan.com/AZ/bill/HB2439/2026
AZ,2080327,,Prisoners; transition program,Prisoners; transition program,2,2026-02-26,https://legiscan.com/AZ/bill/HB2440/2026
AZ,2080418,,Special plate; adaptive sports; recreation,Special plate; adaptive sports; recreation,1,2026-01-15,https://legiscan.com/AZ/bill/HB2441/2026
AZ,2079933,,SNAP; mandatory employment and training,SNAP; mandatory employment and training,1,2026-01-20,https://legiscan.com/AZ/bill/HB2442/2026
AZ,2080356,,Commercial driver license; English proficiency,Commercial driver license; English proficiency,2,2026-02-26,https://legiscan.com/AZ/bill/HB2443/2026
AZ,2080104,,Pharmacists; independent testing; treatment,Pharmacists; independent testing; treatment,2,2026-03-10,https://legiscan.com/AZ/bill/HB2444/2026
AZ,2079926,,Task order contracts; website; posting,Task order contracts; website; posting,2,2026-03-09,https://legiscan.com/AZ/bill/HB2445/2026
AZ,2079967,,Motor carriers; English proficiency,Motor carriers; English proficiency,2,2026-02-26,https://legiscan.com/AZ/bill/HB2446/2026
AZ,2080233,,Insurance; reimbursement rates; nurse anesthetist,Insurance; reimbursement rates; nurse anesthetist,2,2026-02-26,https://legiscan.com/AZ/bill/HB2447/2026
AZ,2080433,,SNAP; work requirement waivers; exemptions,SNAP; work requirement waivers; exemptions,1,2026-01-20,https://legiscan.com/AZ/bill/HB2448/2026
AZ,2079819,,Special plate; blood; biologics; donors,Special plate; blood; biologics; donors,1,2026-01-15,https://legiscan.com/AZ/bill/HB2449/2026
AZ,2080210,,Contracts; public works; employees; apprenticeships.,Contracts; public works; employees; apprenticeships.,1,2026-01-22,https://legiscan.com/AZ/bill/HB2450/2026
AZ,2079989,,Arizona space commission; strategic plan,Arizona space commission; strategic plan,2,2026-02-23,https://legiscan.com/AZ/bill/HB2451/2026
AZ,2080054,,Comprehensive plans; data centers; nuclear,Comprehensive plans; data centers; nuclear,1,2026-01-22,https://legiscan.com/AZ/bill/HB2452/2026
AZ,2080387,,Arts trust fund; monies,Arts trust fund; monies,1,2026-01-22,https://legiscan.com/AZ/bill/HB2453/2026
AZ,2080228,,Technical correction; foreign personal representatives,Technical correction; foreign personal representatives,0,,https://legiscan.com/AZ/bill/HB2454/2026
AZ,2080269,,Technical correction; police; fire departments,Technical correction; police; fire departments,0,,https://legiscan.com/AZ/bill/HB2455/2026
AZ,2080315,,Small modular reactors; zoning; co-location,Small modular reactors; zoning; co-location,2,2026-03-04,https://legiscan.com/AZ/bill/HB2456/2026
AZ,2080062,,Public utilities; plant construction; colocation,Public utilities; plant construction; colocation,2,2026-03-04,https://legiscan.com/AZ/bill/HB2457/2026
AZ,2079903,,Special plate; astronomy center,Special plate; astronomy center,1,2026-01-15,https://legiscan.com/AZ/bill/HB2458/2026
AZ,2079835,,Mobile home parks; submetering; fees,Mobile home parks; submetering; fees,2,2026-02-17,https://legiscan.com/AZ/bill/HB2459/2026
AZ,2080264,,Business property; theft; penalties; prohibition,Business property; theft; penalties; prohibition,2,2026-02-26,https://legiscan.com/AZ/bill/HB2460/2026
AZ,2080836,,Employer surcharge; workforce development,Employer surcharge; workforce development,1,2026-01-20,https://legiscan.com/AZ/bill/HB2461/2026
AZ,2081083,,Covered contracts; governmental unit; payroll,Covered contracts; governmental unit; payroll,1,2026-01-20,https://legiscan.com/AZ/bill/HB2462/2026
AZ,2080780,,Misclassification; tax fraud; task force,Misclassification; tax fraud; task force,1,2026-01-20,https://legiscan.com/AZ/bill/HB2463/2026
AZ,2081242,,Repeal; right to work; liability,Repeal; right to work; liability,1,2026-01-20,https://legiscan.com/AZ/bill/HB2464/2026
AZ,2080999,,Citizenship status; licensure; documentation,Citizenship status; licensure; documentation,1,2026-01-20,https://legiscan.com/AZ/bill/HB2465/2026
AZ,2081537,,Employment; labor standards; meal breaks,Employment; labor standards; meal breaks,1,2026-01-20,https://legiscan.com/AZ/bill/HB2466/2026
AZ,2080646,,Data centers; incentives repeal; requirements,Data centers; incentives repeal; requirements,1,2026-01-20,https://legiscan.com/AZ/bill/HB2467/2026
AZ,2080593,,Peace pole monument; governmental mall,Peace pole monument; governmental mall,1,2026-01-20,https://legiscan.com/AZ/bill/HB2468/2026
AZ,2081322,,Study committee; human trafficking,Study committee; human trafficking,1,2026-01-20,https://legiscan.com/AZ/bill/HB2469/2026
AZ,2080889,,Legislators; per diem; rate increase,Legislators; per diem; rate increase,1,2026-01-20,https://legiscan.com/AZ/bill/HB2470/2026
AZ,2080973,,Dolores Huerta; Cesar Chavez; holidays,Dolores Huerta; Cesar Chavez; holidays,1,2026-01-20,https://legiscan.com/AZ/bill/HB2471/2026
AZ,2080919,,Pesticides; sale; use; restrictions,Pesticides; sale; use; restrictions,1,2026-01-26,https://legiscan.com/AZ/bill/HB2472/2026
AZ,2080945,,ADEQ; waste programs; funding; rules,ADEQ; waste programs; funding; rules,1,2026-01-26,https://legiscan.com/AZ/bill/HB2473/2026
AZ,2081185,,Noncitizen; alien; terminology.,Noncitizen; alien; terminology.,1,2026-01-20,https://legiscan.com/AZ/bill/HB2474/2026
AZ,2080619,,Law enforcement; face coverings; prohibition,Law enforcement; face coverings; prohibition,1,2026-01-20,https://legiscan.com/AZ/bill/HB2475/2026
AZ,2080700,,Certified public accountants; certification; alternative.,Certified public accountants; certification; alternative.,2,2026-02-23,https://legiscan.com/AZ/bill/HB2476/2026
AZ,2080754,,Arizona's education savings plan; revisions,Arizona's education savings plan; revisions,2,2026-02-26,https://legiscan.com/AZ/bill/HB2477/2026
AZ,2080808,,Arizona commission on student outcomes,Arizona commission on student outcomes,1,2026-01-20,https://legiscan.com/AZ/bill/HB2478/2026
AZ,2081212,,K-5 literacy endorsement; requirements; enforcement,K-5 literacy endorsement; requirements; enforcement,1,2026-01-21,https://legiscan.com/AZ/bill/HB2479/2026
AZ,2081457,,K-3 reading; promotion; retention; penalties,K-3 reading; promotion; retention; penalties,1,2026-01-20,https://legiscan.com/AZ/bill/HB2480/2026
AZ,2081026,,School districts; records; noncompliance; penalties,School districts; records; noncompliance; penalties,2,2026-02-26,https://legiscan.com/AZ/bill/HB2481/2026
AZ,2080726,,Building renewal grants; job-order-contracting,Building renewal grants; job-order-contracting,2,2026-02-26,https://legiscan.com/AZ/bill/HB2482/2026
AZ,2081268,,Behavioral health board; accreditation requirements,Behavioral health board; accreditation requirements,1,2026-01-20,https://legiscan.com/AZ/bill/HB2483/2026
AZ,2081132,,Special plate; law enforcement charity,Special plate; law enforcement charity,1,2026-01-20,https://legiscan.com/AZ/bill/HB2484/2026
AZ,2080863,,Plant; transmission line; definitions,Plant; transmission line; definitions,1,2026-01-26,https://legiscan.com/AZ/bill/HB2485/2026
AZ,2081375,,Distressed residential property,Distressed residential property,1,2026-01-20,https://legiscan.com/AZ/bill/HB2486/2026
AZ,2081510,,Corporate income tax; disclosure; database,Corporate income tax; disclosure; database,1,2026-01-20,https://legiscan.com/AZ/bill/HB2487/2026
AZ,2081295,,Collective bargaining; warehouse employees; quotas,Collective bargaining; warehouse employees; quotas,1,2026-01-20,https://legiscan.com/AZ/bill/HB2488/2026
AZ,2081403,,Difference in pricing; prohibition; penalty,Difference in pricing; prohibition; penalty,1,2026-01-20,https://legiscan.com/AZ/bill/HB2489/2026
AZ,2081052,,Rental price fixing; algorithmic pricing,Rental price fixing; algorithmic pricing,1,2026-01-20,https://legiscan.com/AZ/bill/HB2490/2026
AZ,2081109,,Business income; corporate tax; allocation,Business income; corporate tax; allocation,1,2026-01-21,https://legiscan.com/AZ/bill/HB2491/2026
AZ,2081484,,Urban growth boundaries; prohibition,Urban growth boundaries; prohibition,1,2026-01-20,https://legiscan.com/AZ/bill/HB2492/2026
AZ,2082047,,Small modular reactors; manufacturing; zoning,Small modular reactors; manufacturing; zoning,1,2026-01-22,https://legiscan.com/AZ/bill/HB2493/2026
AZ,2082490,,Certificate; environmental compatibility; zoning; exemption,Certificate; environmental compatibility; zoning; exemption,2,2026-02-26,https://legiscan.com/AZ/bill/HB2494/2026
AZ,2082428,,Sentencing enhancements; vulnerable adults,Sentencing enhancements; vulnerable adults,1,2026-01-20,https://legiscan.com/AZ/bill/HB2495/2026
AZ,2082175,,Revitalization districts; construction contracts,Revitalization districts; construction contracts,2,2026-02-26,https://legiscan.com/AZ/bill/HB2496/2026
AZ,2082432,,Right to hunt; fish; harvest,Right to hunt; fish; harvest,2,2026-02-26,https://legiscan.com/AZ/bill/HB2497/2026
AZ,2081873,,Aggravated driving; suspended; revoked; license,Aggravated driving; suspended; revoked; license,1,2026-01-20,https://legiscan.com/AZ/bill/HB2498/2026
AZ,2082485,,Appropriation; ESA administration,Appropriation; ESA administration,2,2026-02-23,https://legiscan.com/AZ/bill/HB2499/2026
AZ,2081728,,Supplemental appropriation; ESA administration,Supplemental appropriation; ESA administration,2,2026-02-23,https://legiscan.com/AZ/bill/HB2500/2026
AZ,2082042,,Appraisal management companies; definition,Appraisal management companies; definition,2,2026-02-18,https://legiscan.com/AZ/bill/HB2501/2026
AZ,2082201,,ASRS; retirement; elected officials,ASRS; retirement; elected officials,2,2026-03-17,https://legiscan.com/AZ/bill/HB2502/2026
AZ,2081712,,Campaign finance; caregiver expenses,Campaign finance; caregiver expenses,1,2026-01-22,https://legiscan.com/AZ/bill/HB2503/2026
AZ,2082559,,Ballot measure amendments,Ballot measure amendments,1,2026-01-22,https://legiscan.com/AZ/bill/HB2504/2026
AZ,2082011,,Early voting; hours; weekends; emergencies,Early voting; hours; weekends; emergencies,1,2026-01-22,https://legiscan.com/AZ/bill/HB2505/2026
AZ,2081877,,Voting centers; board of supervisors,Voting centers; board of supervisors,1,2026-01-22,https://legiscan.com/AZ/bill/HB2506/2026
AZ,2082233,,Early ballot return; voter intimidation,Early ballot return; voter intimidation,1,2026-01-22,https://legiscan.com/AZ/bill/HB2507/2026
AZ,2082155,,Ballot measures; descriptive title; summary,Ballot measures; descriptive title; summary,1,2026-01-22,https://legiscan.com/AZ/bill/HB2508/2026
AZ,2082229,,Campaign finance; corporate contributions; registration,Campaign finance; corporate contributions; registration,1,2026-01-22,https://legiscan.com/AZ/bill/HB2509/2026
AZ,2081778,,Early voting; hours; emergency voting,Early voting; hours; emergency voting,1,2026-01-22,https://legiscan.com/AZ/bill/HB2510/2026
AZ,2081625,,Early ballot collection; limitations; repeal,Early ballot collection; limitations; repeal,1,2026-01-22,https://legiscan.com/AZ/bill/HB2511/2026
AZ,2081770,,Municipal; county measures; filings; actions,Municipal; county measures; filings; actions,1,2026-01-22,https://legiscan.com/AZ/bill/HB2512/2026
AZ,2081720,,Subsequent irrigation; non-expansion areas; procedures,Subsequent irrigation; non-expansion areas; procedures,1,2026-01-26,https://legiscan.com/AZ/bill/HB2513/2026
AZ,2081589,,Adequate water supply; statewide requirements,Adequate water supply; statewide requirements,1,2026-01-26,https://legiscan.com/AZ/bill/HB2514/2026
AZ,2082495,,State lands; leases; groundwater use,State lands; leases; groundwater use,1,2026-01-26,https://legiscan.com/AZ/bill/HB2515/2026
AZ,2081964,,Watershed health; use; survey,Watershed health; use; survey,1,2026-01-26,https://legiscan.com/AZ/bill/HB2516/2026
AZ,2081870,,Pollutants; drinking water standards,Pollutants; drinking water standards,1,2026-01-26,https://legiscan.com/AZ/bill/HB2517/2026
AZ,2082444,,Subsequent active management area; designation,Subsequent active management area; designation,1,2026-01-26,https://legiscan.com/AZ/bill/HB2518/2026
AZ,2082057,,Appropriation; water conservation grant fund,Appropriation; water conservation grant fund,1,2026-01-20,https://legiscan.com/AZ/bill/HB2519/2026
AZ,2082328,,Contraception; cost sharing prohibition,Contraception; cost sharing prohibition,1,2026-01-20,https://legiscan.com/AZ/bill/HB2520/2026
AZ,2081751,,Eligibility; children's health insurance program,Eligibility; children's health insurance program,1,2026-01-20,https://legiscan.com/AZ/bill/HB2521/2026
AZ,2082440,,Contraception; rights; limits,Contraception; rights; limits,1,2026-01-20,https://legiscan.com/AZ/bill/HB2522/2026
AZ,2081646,,Prisoners; strip search; pat search,Prisoners; strip search; pat search,1,2026-01-20,https://legiscan.com/AZ/bill/HB2523/2026
AZ,2082418,,Advertising; produce abortion; conception; repeal,Advertising; produce abortion; conception; repeal,1,2026-01-20,https://legiscan.com/AZ/bill/HB2524/2026
AZ,2081764,,Abortion reporting requirements; repeal,Abortion reporting requirements; repeal,1,2026-01-20,https://legiscan.com/AZ/bill/HB2525/2026
AZ,2081951,,Abortion; medication; mailing; repeal,Abortion; medication; mailing; repeal,1,2026-01-20,https://legiscan.com/AZ/bill/HB2526/2026
AZ,2081938,,Telemedicine; abortion prohibition; repeal,Telemedicine; abortion prohibition; repeal,1,2026-01-20,https://legiscan.com/AZ/bill/HB2527/2026
AZ,2081975,,Fertility treatment; access,Fertility treatment; access,1,2026-01-20,https://legiscan.com/AZ/bill/HB2528/2026
AZ,2081887,,Prisoners; medical treatment; pregnancy; requirements,Prisoners; medical treatment; pregnancy; requirements,1,2026-01-20,https://legiscan.com/AZ/bill/HB2529/2026
AZ,2082307,,Abortion; providers; waiting period; ultrasound,Abortion; providers; waiting period; ultrasound,1,2026-01-20,https://legiscan.com/AZ/bill/HB2530/2026
AZ,2082386,,Income tax; subtractions; standard deduction,Income tax; subtractions; standard deduction,0,,https://legiscan.com/AZ/bill/HB2531/2026
AZ,2082031,,Homelessness; data; performance audit; appropriation,Homelessness; data; performance audit; appropriation,2,2026-02-26,https://legiscan.com/AZ/bill/HB2532/2026
AZ,2082405,,Homeless services; office; board,Homeless services; office; board,1,2026-01-20,https://legiscan.com/AZ/bill/HB2533/2026
AZ,2082183,,Light rail extension; public monies,Light rail extension; public monies,1,2026-01-20,https://legiscan.com/AZ/bill/HB2534/2026
AZ,2082569,,Vehicle emission standards; energy source,Vehicle emission standards; energy source,1,2026-01-20,https://legiscan.com/AZ/bill/HB2535/2026
AZ,2081933,,Legislators; salary; county supervisors,Legislators; salary; county supervisors,1,2026-01-20,https://legiscan.com/AZ/bill/HB2536/2026
AZ,2082264,,Community colleges districts; historic preservation,Community colleges districts; historic preservation,1,2026-01-20,https://legiscan.com/AZ/bill/HB2537/2026
AZ,2081746,,State waters; rules; ecological services,State waters; rules; ecological services,1,2026-01-26,https://legiscan.com/AZ/bill/HB2538/2026
AZ,2082034,,Wildfire mitigation planning; utilities; repeal,Wildfire mitigation planning; utilities; repeal,0,,https://legiscan.com/AZ/bill/HB2539/2026
AZ,2082353,,Power; public utilities; securities; repeal,Power; public utilities; securities; repeal,0,,https://legiscan.com/AZ/bill/HB2540/2026
AZ,2081826,,Citizen suits; environment,Citizen suits; environment,1,2026-01-20,https://legiscan.com/AZ/bill/HB2541/2026
AZ,2082130,,AHCCCS; preventive dental care,AHCCCS; preventive dental care,1,2026-01-20,https://legiscan.com/AZ/bill/HB2542/2026
AZ,2082038,,Land division; application; attestation,Land division; application; attestation,1,2026-01-26,https://legiscan.com/AZ/bill/HB2543/2026
AZ,2082023,,Utilities; restrictions; prohibitions; preemption; repeal,Utilities; restrictions; prohibitions; preemption; repeal,1,2026-01-26,https://legiscan.com/AZ/bill/HB2544/2026
AZ,2082225,,Multifamily property; water; certificate,Multifamily property; water; certificate,1,2026-01-26,https://legiscan.com/AZ/bill/HB2545/2026
AZ,2082472,,Appropriation; PFAS; health study,Appropriation; PFAS; health study,1,2026-01-20,https://legiscan.com/AZ/bill/HB2546/2026
AZ,2082169,,Well-drilling applications; location; GPS,Well-drilling applications; location; GPS,1,2026-01-26,https://legiscan.com/AZ/bill/HB2547/2026
AZ,2082303,,Water-efficient plumbing fixtures,Water-efficient plumbing fixtures,1,2026-01-26,https://legiscan.com/AZ/bill/HB2548/2026
AZ,2081899,,Groundwater replenishment; qualification; subbasins,Groundwater replenishment; qualification; subbasins,1,2026-01-26,https://legiscan.com/AZ/bill/HB2549/2026
AZ,2081693,,Rural water sustainability fund; appropriation,Rural water sustainability fund; appropriation,1,2026-01-20,https://legiscan.com/AZ/bill/HB2550/2026
AZ,2082291,,Office of resiliency; climate change,Office of resiliency; climate change,1,2026-01-26,https://legiscan.com/AZ/bill/HB2551/2026
AZ,2082162,,Energy measuring; reporting prohibition; repeal,Energy measuring; reporting prohibition; repeal,1,2026-01-26,https://legiscan.com/AZ/bill/HB2552/2026
AZ,2082281,,Federal tax credit; authorization; scholarships..,Federal tax credit; authorization; scholarships..,1,2026-01-22,https://legiscan.com/AZ/bill/HB2553/2026
AZ,2082187,,Biennial budget,Biennial budget,1,2026-01-20,https://legiscan.com/AZ/bill/HB2554/2026
AZ,2081741,,Businesses; requirement to accept cash,Businesses; requirement to accept cash,1,2026-01-20,https://legiscan.com/AZ/bill/HB2555/2026
AZ,2081907,,Special plate: law enforcement support,Special plate: law enforcement support,1,2026-01-20,https://legiscan.com/AZ/bill/HB2556/2026
AZ,2081986,,Releasing medical records; promptness,Releasing medical records; promptness,2,2026-03-04,https://legiscan.com/AZ/bill/HB2557/2026
AZ,2082339,,Insurance; cancer; chemotherapy; scalp cooling,Insurance; cancer; chemotherapy; scalp cooling,1,2026-01-20,https://legiscan.com/AZ/bill/HB2558/2026
AZ,2082053,,Behavioral health services; insurance coverage,Behavioral health services; insurance coverage,1,2026-01-20,https://legiscan.com/AZ/bill/HB2559/2026
AZ,2082383,,TANF; cash assistance; duration,TANF; cash assistance; duration,1,2026-01-20,https://legiscan.com/AZ/bill/HB2560/2026
AZ,2082396,,Appropriation; housing assistance; elderly,Appropriation; housing assistance; elderly,1,2026-01-20,https://legiscan.com/AZ/bill/HB2561/2026
AZ,2081922,,Restaurants; water; hotels; laundry,Restaurants; water; hotels; laundry,1,2026-01-26,https://legiscan.com/AZ/bill/HB2562/2026
AZ,2082317,,Auxiliary containers; regulation; prohibition; repeal,Auxiliary containers; regulation; prohibition; repeal,1,2026-01-20,https://legiscan.com/AZ/bill/HB2563/2026
AZ,2081929,,Health professionals; website; time limitation,Health professionals; website; time limitation,1,2026-01-20,https://legiscan.com/AZ/bill/HB2564/2026
AZ,2081858,,Landlord tenant; notice; assistance information,Landlord tenant; notice; assistance information,1,2026-01-20,https://legiscan.com/AZ/bill/HB2565/2026
AZ,2081956,,Vacation rentals; short-term rentals; regulation,Vacation rentals; short-term rentals; regulation,1,2026-01-20,https://legiscan.com/AZ/bill/HB2566/2026
AZ,2081671,,Online lodging marketplaces,Online lodging marketplaces,1,2026-01-20,https://legiscan.com/AZ/bill/HB2567/2026
AZ,2082284,,TPT; online lodging marketplace; reporting,TPT; online lodging marketplace; reporting,1,2026-01-20,https://legiscan.com/AZ/bill/HB2568/2026
AZ,2082524,,Terminally ill individuals; end-of-life decisions,Terminally ill individuals; end-of-life decisions,1,2026-01-20,https://legiscan.com/AZ/bill/HB2569/2026
AZ,2082142,,Firearms; sales; regulation,Firearms; sales; regulation,1,2026-01-20,https://legiscan.com/AZ/bill/HB2570/2026
AZ,2082288,,Prohibited weapons; machine guns,Prohibited weapons; machine guns,1,2026-01-20,https://legiscan.com/AZ/bill/HB2571/2026
AZ,2082500,,In-state student status; nonimmigrant aliens,In-state student status; nonimmigrant aliens,1,2026-01-21,https://legiscan.com/AZ/bill/HB2572/2026
AZ,2082349,,DUI; alternative treatment,DUI; alternative treatment,2,2026-03-10,https://legiscan.com/AZ/bill/HB2573/2026
AZ,2081992,,Traffic penalties; appeal; stay,Traffic penalties; appeal; stay,2,2026-03-04,https://legiscan.com/AZ/bill/HB2574/2026
AZ,2082549,,Antisemitism; public schools; prohibition; penalties,Antisemitism; public schools; prohibition; penalties,2,2026-02-26,https://legiscan.com/AZ/bill/HB2575/2026
AZ,2081822,,School funding; inflation adjustment,School funding; inflation adjustment,1,2026-01-22,https://legiscan.com/AZ/bill/HB2576/2026
AZ,2082015,,ESAs; assessments; standards; accreditation.,ESAs; assessments; standards; accreditation.,1,2026-01-22,https://legiscan.com/AZ/bill/HB2577/2026
AZ,2081684,,Failure to secure weapon; minor,Failure to secure weapon; minor,1,2026-01-20,https://legiscan.com/AZ/bill/HB2578/2026
AZ,2082206,,Appropriation; free school meals; ADE,Appropriation; free school meals; ADE,1,2026-01-20,https://legiscan.com/AZ/bill/HB2579/2026
AZ,2082519,,ESAs; micro-schools; tutors; safety; rules.,ESAs; micro-schools; tutors; safety; rules.,1,2026-01-22,https://legiscan.com/AZ/bill/HB2580/2026
AZ,2082122,,Health insurance claims; consumer assistance,Health insurance claims; consumer assistance,1,2026-01-20,https://legiscan.com/AZ/bill/HB2581/2026
AZ,2082063,,Unemployment benefits; waiting period,Unemployment benefits; waiting period,1,2026-01-20,https://legiscan.com/AZ/bill/HB2582/2026
AZ,2081596,,ESAs; teacher qualifications; fingerprinting requirements,ESAs; teacher qualifications; fingerprinting requirements,1,2026-01-22,https://legiscan.com/AZ/bill/HB2583/2026
AZ,2082400,,Public monies; genetic sequencing; prohibition,Public monies; genetic sequencing; prohibition,2,2026-02-23,https://legiscan.com/AZ/bill/HB2584/2026
AZ,2081812,,AHCCCS; reimbursement; noncontracting providers,AHCCCS; reimbursement; noncontracting providers,1,2026-01-20,https://legiscan.com/AZ/bill/HB2585/2026
AZ,2082482,,Appropriation; rehabilitative programming; interventions,Appropriation; rehabilitative programming; interventions,1,2026-01-20,https://legiscan.com/AZ/bill/HB2586/2026
AZ,2081701,,Adult content websites; blocking option,Adult content websites; blocking option,1,2026-01-22,https://legiscan.com/AZ/bill/HB2587/2026
AZ,2082098,,Municipalities; planned communities; design; prohibition.,Municipalities; planned communities; design; prohibition.,1,2026-01-22,https://legiscan.com/AZ/bill/HB2588/2026
AZ,2082072,,Unlawful exposure; minors; drag show,Unlawful exposure; minors; drag show,2,2026-02-26,https://legiscan.com/AZ/bill/HB2589/2026
AZ,2081593,,Appropriation; university of Arizona; agriculture,Appropriation; university of Arizona; agriculture,1,2026-01-20,https://legiscan.com/AZ/bill/HB2590/2026
AZ,2082311,,Apprenticeships; registration; certificate,Apprenticeships; registration; certificate,2,2026-02-26,https://legiscan.com/AZ/bill/HB2591/2026
AZ,2082269,,Artificial intelligence; state agencies; rules,Artificial intelligence; state agencies; rules,2,2026-02-26,https://legiscan.com/AZ/bill/HB2592/2026
AZ,2082198,,Appropriation; psychiatry access lines,Appropriation; psychiatry access lines,1,2026-01-20,https://legiscan.com/AZ/bill/HB2593/2026
AZ,2082148,,Family court; address confidentiality,Family court; address confidentiality,2,2026-03-04,https://legiscan.com/AZ/bill/HB2594/2026
AZ,2082370,,Appropriation; Coconino county; juvenile services,Appropriation; Coconino county; juvenile services,1,2026-01-20,https://legiscan.com/AZ/bill/HB2595/2026
AZ,2082191,,Appropriation; tribal shelter beds,Appropriation; tribal shelter beds,1,2026-01-20,https://legiscan.com/AZ/bill/HB2596/2026
AZ,2082075,,Appropriation; tribal assisted living facilities,Appropriation; tribal assisted living facilities,1,2026-01-20,https://legiscan.com/AZ/bill/HB2597/2026
AZ,2082084,,Campaign finance; filings; penalties,Campaign finance; filings; penalties,1,2026-01-22,https://legiscan.com/AZ/bill/HB2598/2026
AZ,2081971,,Law enforcement; military protective orders,Law enforcement; military protective orders,1,2026-01-20,https://legiscan.com/AZ/bill/HB2599/2026
AZ,2081983,,Schools; clubs; organizations; parental consent,Schools; clubs; organizations; parental consent,2,2026-02-26,https://legiscan.com/AZ/bill/HB2600/2026
AZ,2081640,,Interstate 11; environmental; engineering; study,Interstate 11; environmental; engineering; study,2,2026-03-10,https://legiscan.com/AZ/bill/HB2601/2026
AZ,2081849,,Appropriation; DPS; pay increase,Appropriation; DPS; pay increase,1,2026-01-20,https://legiscan.com/AZ/bill/HB2602/2026
AZ,2082152,,Veterans; mobile service units,Veterans; mobile service units,1,2026-01-22,https://legiscan.com/AZ/bill/HB2603/2026
AZ,2082360,,Civil court supremacy; due process,Civil court supremacy; due process,1,2026-01-20,https://legiscan.com/AZ/bill/HB2604/2026
AZ,2082111,,Qualified students; statewide assessment; requirements,Qualified students; statewide assessment; requirements,0,,https://legiscan.com/AZ/bill/HB2605/2026
AZ,2081893,,Homeowners' associations; records requests,Homeowners' associations; records requests,1,2026-01-20,https://legiscan.com/AZ/bill/HB2606/2026
AZ,2082107,,Veteran housing; reintegration; appropriation,Veteran housing; reintegration; appropriation,1,2026-01-22,https://legiscan.com/AZ/bill/HB2607/2026
AZ,2081707,,Transitional housing; grant program; appropriation,Transitional housing; grant program; appropriation,1,2026-01-20,https://legiscan.com/AZ/bill/HB2608/2026
AZ,2081843,,Appropriation; ADOT; roundabout; SR 89A,Appropriation; ADOT; roundabout; SR 89A,1,2026-01-20,https://legiscan.com/AZ/bill/HB2609/2026
AZ,2082506,,Utility relocation; funding; bonds,Utility relocation; funding; bonds,2,2026-02-26,https://legiscan.com/AZ/bill/HB2610/2026
AZ,2082092,,Group homes; safety; training; rights,Group homes; safety; training; rights,2,2026-03-04,https://legiscan.com/AZ/bill/HB2611/2026
AZ,2081611,,Records requests; homeowners' associations,Records requests; homeowners' associations,1,2026-01-20,https://legiscan.com/AZ/bill/HB2612/2026
AZ,2082101,,Homeowners' association; virtual meetings; proxies,Homeowners' association; virtual meetings; proxies,1,2026-01-20,https://legiscan.com/AZ/bill/HB2613/2026
AZ,2081803,,Homeowners' associations; assessments; liens; payments,Homeowners' associations; assessments; liens; payments,1,2026-01-20,https://legiscan.com/AZ/bill/HB2614/2026
AZ,2082509,,Parenting time; supervision; professional supervisor,Parenting time; supervision; professional supervisor,2,2026-03-05,https://legiscan.com/AZ/bill/HB2615/2026
AZ,2081996,,Tuition waivers; ABOR; community colleges,Tuition waivers; ABOR; community colleges,1,2026-01-22,https://legiscan.com/AZ/bill/HB2616/2026
AZ,2082000,,Insurance; prostate cancer; cost sharing,Insurance; prostate cancer; cost sharing,1,2026-01-22,https://legiscan.com/AZ/bill/HB2617/2026
AZ,2082220,,Veterans; scholarship waivers; counseling; benefits,Veterans; scholarship waivers; counseling; benefits,1,2026-01-22,https://legiscan.com/AZ/bill/HB2618/2026
AZ,2081738,,Technical correction; military affairs,Technical correction; military affairs,1,2026-02-04,https://legiscan.com/AZ/bill/HB2619/2026
AZ,2081902,,Appropriation; homeless veterans; shelter services,Appropriation; homeless veterans; shelter services,2,2026-03-10,https://legiscan.com/AZ/bill/HB2620/2026
AZ,2082463,,Access; special education; public schools,Access; special education; public schools,2,2026-03-11,https://legiscan.com/AZ/bill/HB2621/2026
AZ,2082552,,Technical correction; boating rules,Technical correction; boating rules,0,,https://legiscan.com/AZ/bill/HB2622/2026
AZ,2082255,,Technical correction; juvenile offenders; notice,Technical correction; juvenile offenders; notice,0,,https://legiscan.com/AZ/bill/HB2623/2026
AZ,2082539,,Technical correction; liquor licenses,Technical correction; liquor licenses,0,,https://legiscan.com/AZ/bill/HB2624/2026
AZ,2081665,,Technical correction; nonprofit corporations,Technical correction; nonprofit corporations,0,,https://legiscan.com/AZ/bill/HB2625/2026
AZ,2082239,,Child care workforce; scholarship program,Child care workforce; scholarship program,1,2026-01-20,https://legiscan.com/AZ/bill/HB2626/2026
AZ,2081697,,Workers' rights; public health emergency,Workers' rights; public health emergency,1,2026-01-20,https://legiscan.com/AZ/bill/HB2627/2026
AZ,2081786,,Ballot delivery; collection,Ballot delivery; collection,1,2026-01-22,https://legiscan.com/AZ/bill/HB2628/2026
AZ,2081947,,Corporate income tax; minimum,Corporate income tax; minimum,1,2026-01-20,https://legiscan.com/AZ/bill/HB2629/2026
AZ,2081961,,Election officers; privacy protections,Election officers; privacy protections,1,2026-01-22,https://legiscan.com/AZ/bill/HB2630/2026
AZ,2082529,,Data centers; tax relief; repeal,Data centers; tax relief; repeal,1,2026-01-20,https://legiscan.com/AZ/bill/HB2631/2026
AZ,2082366,,Landlords; tenant's marijuana use,Landlords; tenant's marijuana use,1,2026-01-20,https://legiscan.com/AZ/bill/HB2632/2026
AZ,2082274,,Arizona Latino affairs; commission,Arizona Latino affairs; commission,1,2026-01-20,https://legiscan.com/AZ/bill/HB2633/2026
AZ,2082324,,Study committee; educator health insurance,Study committee; educator health insurance,1,2026-01-20,https://legiscan.com/AZ/bill/HB2634/2026
AZ,2081783,,Full-day kindergarten students; ADM.,Full-day kindergarten students; ADM.,1,2026-01-21,https://legiscan.com/AZ/bill/HB2635/2026
AZ,2081756,,Individual income tax; rate; increase,Individual income tax; rate; increase,1,2026-01-20,https://legiscan.com/AZ/bill/HB2636/2026
AZ,2082211,,School districts; aggregate expenditure limitation.,School districts; aggregate expenditure limitation.,1,2026-01-21,https://legiscan.com/AZ/bill/HB2637/2026
AZ,2082215,,School mental health professionals; academy,School mental health professionals; academy,1,2026-01-21,https://legiscan.com/AZ/bill/HB2638/2026
AZ,2081603,,TPT; luxury item classification,TPT; luxury item classification,1,2026-01-20,https://legiscan.com/AZ/bill/HB2639/2026
AZ,2081615,,Fertilizer; PFAS; prohibition,Fertilizer; PFAS; prohibition,1,2026-01-20,https://legiscan.com/AZ/bill/HB2640/2026
AZ,2082477,,PFAS; firefighting foam; prohibition,PFAS; firefighting foam; prohibition,2,2026-03-05,https://legiscan.com/AZ/bill/HB2641/2026
AZ,2081656,,Pesticides; PFAS; herbicide; prohibition,Pesticides; PFAS; herbicide; prohibition,1,2026-01-20,https://legiscan.com/AZ/bill/HB2642/2026
AZ,2082295,,Residential landlord tenant; consumer fraud,Residential landlord tenant; consumer fraud,1,2026-01-20,https://legiscan.com/AZ/bill/HB2643/2026
AZ,2081943,,Affordable housing; tax credits,Affordable housing; tax credits,1,2026-01-21,https://legiscan.com/AZ/bill/HB2644/2026
AZ,2083353,,Essential drugs; price increases; limits,Essential drugs; price increases; limits,1,2026-01-20,https://legiscan.com/AZ/bill/HB2645/2026
AZ,2083125,,Children's bill of rights,Children's bill of rights,1,2026-01-20,https://legiscan.com/AZ/bill/HB2646/2026
AZ,2083207,,Child care; assistance; eligibility.,Child care; assistance; eligibility.,1,2026-01-20,https://legiscan.com/AZ/bill/HB2647/2026
AZ,2082622,,Appropriations; child care assistance,Appropriations; child care assistance,1,2026-01-20,https://legiscan.com/AZ/bill/HB2648/2026
AZ,2082704,,Unborn children; rights; privileges; repeal.,Unborn children; rights; privileges; repeal.,1,2026-01-20,https://legiscan.com/AZ/bill/HB2649/2026
AZ,2082737,,Rainwater harvesting; appropriation,Rainwater harvesting; appropriation,1,2026-01-20,https://legiscan.com/AZ/bill/HB2650/2026
AZ,2083160,,Blue envelope program; autism spectrum,Blue envelope program; autism spectrum,1,2026-01-20,https://legiscan.com/AZ/bill/HB2651/2026
AZ,2083203,,Abortion; notarized consent; repeal.,Abortion; notarized consent; repeal.,1,2026-01-20,https://legiscan.com/AZ/bill/HB2652/2026
AZ,2082997,,Abortion; repeals.,Abortion; repeals.,1,2026-01-20,https://legiscan.com/AZ/bill/HB2653/2026
AZ,2082655,,Permanent early voting list.,Permanent early voting list.,1,2026-01-22,https://legiscan.com/AZ/bill/HB2654/2026
AZ,2081807,,Election committee; security standards; practices,Election committee; security standards; practices,1,2026-01-22,https://legiscan.com/AZ/bill/HB2655/2026
AZ,2082335,,Election worker harassment task force,Election worker harassment task force,1,2026-01-22,https://legiscan.com/AZ/bill/HB2656/2026
AZ,2082449,,Law enforcement agencies; immigration enforcement,Law enforcement agencies; immigration enforcement,1,2026-01-20,https://legiscan.com/AZ/bill/HB2657/2026
AZ,2081760,,Dropout recovery programs; repeal,Dropout recovery programs; repeal,1,2026-01-21,https://legiscan.com/AZ/bill/HB2658/2026
AZ,2081837,,Instructional time models; repeal,Instructional time models; repeal,1,2026-01-21,https://legiscan.com/AZ/bill/HB2659/2026
AZ,2082456,,Health boards; licensure decisions; investigation,Health boards; licensure decisions; investigation,2,2026-02-26,https://legiscan.com/AZ/bill/HB2660/2026
AZ,2082515,,Parents' rights; guardianship; notice; attestation,Parents' rights; guardianship; notice; attestation,2,2026-02-26,https://legiscan.com/AZ/bill/HB2661/2026
AZ,2081796,,Parenting time; expert testimony; qualifications,Parenting time; expert testimony; qualifications,2,2026-02-23,https://legiscan.com/AZ/bill/HB2662/2026
AZ,2081621,,Leaves of absence; military training,Leaves of absence; military training,2,2026-02-23,https://legiscan.com/AZ/bill/HB2663/2026
AZ,2082662,,Domestic relations; temporary orders; hearings,Domestic relations; temporary orders; hearings,1,2026-01-22,https://legiscan.com/AZ/bill/HB2664/2026
AZ,2082596,,Manslaughter; online advice; encouragement,Manslaughter; online advice; encouragement,2,2026-02-26,https://legiscan.com/AZ/bill/HB2665/2026
AZ,2082871,,Sexual extortion; classification,Sexual extortion; classification,2,2026-02-23,https://legiscan.com/AZ/bill/HB2666/2026
AZ,2082788,,Homebuyer assistance programs; requirements,Homebuyer assistance programs; requirements,2,2026-02-26,https://legiscan.com/AZ/bill/HB2667/2026
AZ,2082718,,Appropriation; broadband infrastructure,Appropriation; broadband infrastructure,1,2026-01-22,https://legiscan.com/AZ/bill/HB2668/2026
AZ,2082942,,Railroads; train length,Railroads; train length,1,2026-01-20,https://legiscan.com/AZ/bill/HB2669/2026
AZ,2083115,,Employment; workplace communications; exclusions,Employment; workplace communications; exclusions,1,2026-01-20,https://legiscan.com/AZ/bill/HB2670/2026
AZ,2082671,,Chronic felony offenders; juveniles,Chronic felony offenders; juveniles,2,2026-03-11,https://legiscan.com/AZ/bill/HB2671/2026
AZ,2082750,,Small school adjustment; overrides; revisions,Small school adjustment; overrides; revisions,1,2026-01-21,https://legiscan.com/AZ/bill/HB2672/2026
AZ,2082817,,Mental illness; prisoners; diagnosis; treatment.,Mental illness; prisoners; diagnosis; treatment.,2,2026-03-05,https://legiscan.com/AZ/bill/HB2673/2026
AZ,2082896,,Abating sentencing requirements; deceased defendants,Abating sentencing requirements; deceased defendants,1,2026-01-22,https://legiscan.com/AZ/bill/HB2674/2026
AZ,2083223,,Constables; AZPOST certification,Constables; AZPOST certification,1,2026-01-20,https://legiscan.com/AZ/bill/HB2675/2026
AZ,2083136,,Juvenile restoration; rights; firearms; civil,Juvenile restoration; rights; firearms; civil,2,2026-03-11,https://legiscan.com/AZ/bill/HB2676/2026
AZ,2083049,,Places of worship; unlawful imprisonment,Places of worship; unlawful imprisonment,1,2026-01-20,https://legiscan.com/AZ/bill/HB2677/2026
AZ,2083182,,TPT; diapers; feminine hygiene; exemption,TPT; diapers; feminine hygiene; exemption,1,2026-01-20,https://legiscan.com/AZ/bill/HB2678/2026
AZ,2082833,,Firefighter; occupational disease; presumption,Firefighter; occupational disease; presumption,1,2026-01-22,https://legiscan.com/AZ/bill/HB2679/2026
AZ,2083261,,Worker's compensation; notice; fraud; commission,Worker's compensation; notice; fraud; commission,2,2026-03-23,https://legiscan.com/AZ/bill/HB2680/2026
AZ,2082883,,Employee merit system; dismissal; appeal,Employee merit system; dismissal; appeal,2,2026-03-04,https://legiscan.com/AZ/bill/HB2681/2026
AZ,2082659,,Rental assistance program; appropriation,Rental assistance program; appropriation,1,2026-01-20,https://legiscan.com/AZ/bill/HB2682/2026
AZ,2082647,,SNAP; temporary funding; federal government,SNAP; temporary funding; federal government,1,2026-01-20,https://legiscan.com/AZ/bill/HB2683/2026
AZ,2083144,,Working conditions; temperatures; employers; definitions,Working conditions; temperatures; employers; definitions,1,2026-01-20,https://legiscan.com/AZ/bill/HB2684/2026
AZ,2083347,,Appropriation; K-12 mental health; telehealth,Appropriation; K-12 mental health; telehealth,1,2026-01-20,https://legiscan.com/AZ/bill/HB2685/2026
AZ,2082904,,Physicians; surgical centers; call coverage,Physicians; surgical centers; call coverage,2,2026-02-26,https://legiscan.com/AZ/bill/HB2686/2026
AZ,2083289,,Medical board; case reviews,Medical board; case reviews,1,2026-01-20,https://legiscan.com/AZ/bill/HB2687/2026
AZ,2083281,,Budget unit; vacant positions; reporting.,Budget unit; vacant positions; reporting.,1,2026-01-21,https://legiscan.com/AZ/bill/HB2688/2026
AZ,2082734,,Hospitals; patient immigration status; reporting.,Hospitals; patient immigration status; reporting.,1,2026-01-20,https://legiscan.com/AZ/bill/HB2689/2026
AZ,2083340,,Unemployment benefits; requirements; disqualifications; determinations.,Unemployment benefits; requirements; disqualifications; determinations.,1,2026-01-20,https://legiscan.com/AZ/bill/HB2690/2026
AZ,2082644,,Officers; interviews; representative; cost,Officers; interviews; representative; cost,1,2026-01-21,https://legiscan.com/AZ/bill/HB2691/2026
AZ,2083108,,Procurement; professionals; construction services,Procurement; professionals; construction services,2,2026-02-26,https://legiscan.com/AZ/bill/HB2692/2026
AZ,2082856,,Insurance; bona fide associations; qualifications,Insurance; bona fide associations; qualifications,2,2026-02-23,https://legiscan.com/AZ/bill/HB2693/2026
AZ,2083173,,Tax credit; health reimbursement arrangement,Tax credit; health reimbursement arrangement,1,2026-01-22,https://legiscan.com/AZ/bill/HB2694/2026
AZ,2082608,,Address confidentiality program,Address confidentiality program,1,2026-01-22,https://legiscan.com/AZ/bill/HB2695/2026
AZ,2082914,,Commerce authority; gas; prices; prioritization,Commerce authority; gas; prices; prioritization,2,2026-02-26,https://legiscan.com/AZ/bill/HB2696/2026
AZ,2082908,,Expired opioid antagonists; use,Expired opioid antagonists; use,2,2026-03-04,https://legiscan.com/AZ/bill/HB2697/2026
AZ,2083335,,Rental assistance study committee,Rental assistance study committee,1,2026-01-20,https://legiscan.com/AZ/bill/HB2698/2026
AZ,2082978,,Contracts; public works; employees; apprenticeships,Contracts; public works; employees; apprenticeships,1,2026-01-20,https://legiscan.com/AZ/bill/HB2699/2026
AZ,2082691,,Technology study committee; assistive technology,Technology study committee; assistive technology,2,2026-03-05,https://legiscan.com/AZ/bill/HB2700/2026
AZ,2082920,,Arizona tribal flags; display,Arizona tribal flags; display,1,2026-01-22,https://legiscan.com/AZ/bill/HB2701/2026
AZ,2083200,,Data centers; TPT distribution; solar,Data centers; TPT distribution; solar,1,2026-01-20,https://legiscan.com/AZ/bill/HB2702/2026
AZ,2083089,,ESAs; micro-schools; ADE; reporting requirements.,ESAs; micro-schools; ADE; reporting requirements.,1,2026-01-22,https://legiscan.com/AZ/bill/HB2703/2026
AZ,2082876,,ESAs; parental notification; waived rights.,ESAs; parental notification; waived rights.,1,2026-01-21,https://legiscan.com/AZ/bill/HB2704/2026
AZ,2083296,,Single-family residence purchases; limitations,Single-family residence purchases; limitations,1,2026-01-22,https://legiscan.com/AZ/bill/HB2705/2026
AZ,2082937,,Single-family residences; corporate buyer restrictions,Single-family residences; corporate buyer restrictions,1,2026-01-20,https://legiscan.com/AZ/bill/HB2706/2026
AZ,2082890,,Military spouse; preference; employment,Military spouse; preference; employment,1,2026-01-22,https://legiscan.com/AZ/bill/HB2707/2026
AZ,2082631,,Landlord tenant; judgment; fees; satisfaction,Landlord tenant; judgment; fees; satisfaction,1,2026-01-20,https://legiscan.com/AZ/bill/HB2708/2026
AZ,2083308,,Landlord tenant; applications; fees; disclosures,Landlord tenant; applications; fees; disclosures,1,2026-01-20,https://legiscan.com/AZ/bill/HB2709/2026
AZ,2083328,,Landlord tenant; evictions for cause,Landlord tenant; evictions for cause,1,2026-01-20,https://legiscan.com/AZ/bill/HB2710/2026
AZ,2082747,,Housing trust fund; unclaimed property,Housing trust fund; unclaimed property,1,2026-01-20,https://legiscan.com/AZ/bill/HB2711/2026
AZ,2083056,,Residential tenant evictions; court report,Residential tenant evictions; court report,1,2026-01-20,https://legiscan.com/AZ/bill/HB2712/2026
AZ,2083210,,Mobile homes; RVs; consumer fraud,Mobile homes; RVs; consumer fraud,1,2026-01-20,https://legiscan.com/AZ/bill/HB2713/2026
AZ,2083070,,Tax deed; sale; affordable housing,Tax deed; sale; affordable housing,1,2026-01-21,https://legiscan.com/AZ/bill/HB2714/2026
AZ,2082712,,Local planning; residential housing; repeal,Local planning; residential housing; repeal,1,2026-01-20,https://legiscan.com/AZ/bill/HB2715/2026
AZ,2082993,,Vacant; abandoned property; inspection; maintenance,Vacant; abandoned property; inspection; maintenance,1,2026-01-21,https://legiscan.com/AZ/bill/HB2716/2026
AZ,2083292,,Sexual assault survivors; rights,Sexual assault survivors; rights,1,2026-01-26,https://legiscan.com/AZ/bill/HB2717/2026
AZ,2082760,,Landlord tenant; rental amounts,Landlord tenant; rental amounts,1,2026-01-20,https://legiscan.com/AZ/bill/HB2718/2026
AZ,2083085,,Special plate; community college success,Special plate; community college success,1,2026-01-20,https://legiscan.com/AZ/bill/HB2719/2026
AZ,2083000,,Prostitution; assessment; anti-human trafficking fund,Prostitution; assessment; anti-human trafficking fund,2,2026-03-11,https://legiscan.com/AZ/bill/HB2720/2026
AZ,2082772,,Sex trafficking victims; prosecution prohibited,Sex trafficking victims; prosecution prohibited,1,2026-01-20,https://legiscan.com/AZ/bill/HB2721/2026
AZ,2083141,,Water; residential lease communities,Water; residential lease communities,1,2026-01-20,https://legiscan.com/AZ/bill/HB2722/2026
AZ,2082615,,Big Chino; groundwater withdrawal; mitigation,Big Chino; groundwater withdrawal; mitigation,1,2026-01-20,https://legiscan.com/AZ/bill/HB2723/2026
AZ,2082744,,Special plate; search and rescue,Special plate; search and rescue,1,2026-01-20,https://legiscan.com/AZ/bill/HB2724/2026
AZ,2082956,,AHCCCS; prescription drug coverage,AHCCCS; prescription drug coverage,1,2026-01-20,https://legiscan.com/AZ/bill/HB2725/2026
AZ,2082964,,AHCCCS; mild obstructive sleep apnea,AHCCCS; mild obstructive sleep apnea,1,2026-01-20,https://legiscan.com/AZ/bill/HB2726/2026
AZ,2082728,,Appropriations; health innovation trust fund,Appropriations; health innovation trust fund,1,2026-01-20,https://legiscan.com/AZ/bill/HB2727/2026
AZ,2083269,,DES; benefits administration; continuation,DES; benefits administration; continuation,2,2026-03-04,https://legiscan.com/AZ/bill/HB2728/2026
AZ,2083177,,Nursing board; continuation,Nursing board; continuation,2,2026-02-26,https://legiscan.com/AZ/bill/HB2729/2026
AZ,2083305,,Occupational therapy board; continuation,Occupational therapy board; continuation,2,2026-02-26,https://legiscan.com/AZ/bill/HB2730/2026
AZ,2083220,,Physician assistants; board; continuation,Physician assistants; board; continuation,2,2026-02-26,https://legiscan.com/AZ/bill/HB2731/2026
AZ,2083169,,Pharmacy board; continuation,Pharmacy board; continuation,2,2026-02-26,https://legiscan.com/AZ/bill/HB2732/2026
AZ,2083312,,Pharmacy board; renewals; ownership change,Pharmacy board; renewals; ownership change,2,2026-02-26,https://legiscan.com/AZ/bill/HB2733/2026
AZ,2082764,,Employer requirement; dependent care benefits,Employer requirement; dependent care benefits,1,2026-01-20,https://legiscan.com/AZ/bill/HB2734/2026
AZ,2083226,,Employers; list; welfare recipients; commission,Employers; list; welfare recipients; commission,1,2026-01-20,https://legiscan.com/AZ/bill/HB2735/2026
AZ,2082959,,Firearm hold agreements; liability limitation,Firearm hold agreements; liability limitation,1,2026-01-22,https://legiscan.com/AZ/bill/HB2736/2026
AZ,2083119,,Chatbot regulations; personal data; requirements,Chatbot regulations; personal data; requirements,1,2026-01-20,https://legiscan.com/AZ/bill/HB2737/2026
AZ,2082618,,Cost responsibility agreements; data centers,Cost responsibility agreements; data centers,1,2026-01-20,https://legiscan.com/AZ/bill/HB2738/2026
AZ,2082768,,Landlord tenant; senior rental limits,Landlord tenant; senior rental limits,1,2026-01-20,https://legiscan.com/AZ/bill/HB2739/2026
AZ,2082674,,Appropriation; office of African-American Affairs,Appropriation; office of African-American Affairs,1,2026-01-20,https://legiscan.com/AZ/bill/HB2740/2026
AZ,2082929,,Day of racial healing; observation,Day of racial healing; observation,1,2026-01-20,https://legiscan.com/AZ/bill/HB2741/2026
AZ,2082841,,Discrimination; prohibited; protective hairstyles,Discrimination; prohibited; protective hairstyles,1,2026-01-20,https://legiscan.com/AZ/bill/HB2742/2026
AZ,2082757,,Homeowners' associations; unlawful provisions; damages,Homeowners' associations; unlawful provisions; damages,1,2026-01-21,https://legiscan.com/AZ/bill/HB2743/2026
AZ,2083044,,Industrial commission; wages; adjudication,Industrial commission; wages; adjudication,2,2026-02-26,https://legiscan.com/AZ/bill/HB2744/2026
AZ,2082981,,Legislative subpoena; perjury; refusal; contempt,Legislative subpoena; perjury; refusal; contempt,2,2026-02-26,https://legiscan.com/AZ/bill/HB2745/2026
AZ,2083332,,Trade offices study committee,Trade offices study committee,2,2026-02-26,https://legiscan.com/AZ/bill/HB2746/2026
AZ,2083020,,Income tax; subtraction; small businesses,Income tax; subtraction; small businesses,1,2026-01-21,https://legiscan.com/AZ/bill/HB2747/2026
AZ,2083034,,Oil and gas commission; fees,Oil and gas commission; fees,1,2026-01-20,https://legiscan.com/AZ/bill/HB2748/2026
AZ,2082635,,Felony conviction; sentence completion; designation,Felony conviction; sentence completion; designation,2,2026-02-26,https://legiscan.com/AZ/bill/HB2749/2026
AZ,2082696,,Arizona-Sonora trade commission,Arizona-Sonora trade commission,2,2026-03-17,https://legiscan.com/AZ/bill/HB2750/2026
AZ,2083198,,Arizona competes fund; repeal,Arizona competes fund; repeal,2,2026-02-26,https://legiscan.com/AZ/bill/HB2751/2026
AZ,2082776,,Commerce authority; trade offices,Commerce authority; trade offices,2,2026-02-23,https://legiscan.com/AZ/bill/HB2752/2026
AZ,2083004,,Board of directors; commerce authority,Board of directors; commerce authority,2,2026-02-26,https://legiscan.com/AZ/bill/HB2753/2026
AZ,2083153,,Commerce authority; board of directors,Commerce authority; board of directors,2,2026-02-26,https://legiscan.com/AZ/bill/HB2754/2026
AZ,2083093,,State land use; highest; best,State land use; highest; best,2,2026-03-04,https://legiscan.com/AZ/bill/HB2755/2026
AZ,2083244,,Utilities; high load factor customers,Utilities; high load factor customers,2,2026-02-23,https://legiscan.com/AZ/bill/HB2756/2026
AZ,2083164,,Butler Valley; La Paz; groundwater,Butler Valley; La Paz; groundwater,1,2026-01-20,https://legiscan.com/AZ/bill/HB2757/2026
AZ,2083038,,McMullen Valley; eligible entities; groundwater,McMullen Valley; eligible entities; groundwater,2,2026-02-19,https://legiscan.com/AZ/bill/HB2758/2026
AZ,2083041,,Appropriation; department of veterans' services,Appropriation; department of veterans' services,2,2026-03-04,https://legiscan.com/AZ/bill/HB2759/2026
AZ,2083194,,Appropriation; rural transportation fund,Appropriation; rural transportation fund,1,2026-01-20,https://legiscan.com/AZ/bill/HB2760/2026
AZ,2082700,,Appropriation; ADOT; Cornville Road study,Appropriation; ADOT; Cornville Road study,1,2026-01-20,https://legiscan.com/AZ/bill/HB2761/2026
AZ,2082989,,Food products; labeling; cultivated cells,Food products; labeling; cultivated cells,2,2026-02-24,https://legiscan.com/AZ/bill/HB2762/2026
AZ,2082638,,Shooting range; closure; conditions,Shooting range; closure; conditions,2,2026-02-26,https://legiscan.com/AZ/bill/HB2763/2026
AZ,2083241,,Computer science proficiency; state seal,Computer science proficiency; state seal,2,2026-02-26,https://legiscan.com/AZ/bill/HB2764/2026
AZ,2082707,,International trade commission,International trade commission,1,2026-01-20,https://legiscan.com/AZ/bill/HB2765/2026
AZ,2083321,,Erroneous convictions; compensation; procedures,Erroneous convictions; compensation; procedures,1,2026-01-21,https://legiscan.com/AZ/bill/HB2766/2026
AZ,2082741,,Early termination; sex offender registration,Early termination; sex offender registration,1,2026-01-21,https://legiscan.com/AZ/bill/HB2767/2026
AZ,2082864,,Interchange fees; payment card transactions,Interchange fees; payment card transactions,1,2026-01-22,https://legiscan.com/AZ/bill/HB2768/2026
AZ,2083188,,State tree; residential planning,State tree; residential planning,1,2026-01-21,https://legiscan.com/AZ/bill/HB2769/2026
AZ,2082853,,Home confinement; eligibility; electronic monitoring,Home confinement; eligibility; electronic monitoring,1,2026-01-21,https://legiscan.com/AZ/bill/HB2770/2026
AZ,2082901,,Community supervision; rehabilitation; costs,Community supervision; rehabilitation; costs,2,2026-02-26,https://legiscan.com/AZ/bill/HB2771/2026
AZ,2083318,,License; driver; nonoperating; medical indicia,License; driver; nonoperating; medical indicia,2,2026-03-11,https://legiscan.com/AZ/bill/HB2772/2026
AZ,2082625,,International criminal court; government resources,International criminal court; government resources,2,2026-02-26,https://legiscan.com/AZ/bill/HB2773/2026
AZ,2082651,,Medical examiners; vaccine; reporting,Medical examiners; vaccine; reporting,1,2026-01-20,https://legiscan.com/AZ/bill/HB2774/2026
AZ,2083016,,International organizations; government resources; prohibition,International organizations; government resources; prohibition,1,2026-01-22,https://legiscan.com/AZ/bill/HB2775/2026
AZ,2082791,,Private property rights; due process,Private property rights; due process,1,2026-01-21,https://legiscan.com/AZ/bill/HB2776/2026
AZ,2082784,,Chiropractic assistants; scope of practice,Chiropractic assistants; scope of practice,1,2026-01-20,https://legiscan.com/AZ/bill/HB2777/2026
AZ,2083257,,Retail licensing; electronic smoking devices,Retail licensing; electronic smoking devices,1,2026-01-22,https://legiscan.com/AZ/bill/HB2778/2026
AZ,2083112,,Health care; premiums; insurance; dialysis,Health care; premiums; insurance; dialysis,1,2026-01-22,https://legiscan.com/AZ/bill/HB2779/2026
AZ,2083265,,Judicial foreclosure; excess proceeds sale,Judicial foreclosure; excess proceeds sale,2,2026-03-09,https://legiscan.com/AZ/bill/HB2780/2026
AZ,2083099,,Decommissioning; solar energy; standards; fund,Decommissioning; solar energy; standards; fund,2,2026-03-10,https://legiscan.com/AZ/bill/HB2781/2026
AZ,2083300,,Corporation commission; utilities; amortization; tariffs,Corporation commission; utilities; amortization; tariffs,2,2026-02-26,https://legiscan.com/AZ/bill/HB2782/2026
AZ,2083077,,Labor organizations; elections; recertification requirement,Labor organizations; elections; recertification requirement,1,2026-01-20,https://legiscan.com/AZ/bill/HB2783/2026
AZ,2082911,,School district tax levy,School district tax levy,2,2026-03-11,https://legiscan.com/AZ/bill/HB2784/2026
AZ,2083013,,Conformity; internal revenue code; deductions,Conformity; internal revenue code; deductions,5,2026-02-12,https://legiscan.com/AZ/bill/HB2785/2026
AZ,2082611,,TPT; exemption; textbook rental,TPT; exemption; textbook rental,2,2026-02-19,https://legiscan.com/AZ/bill/HB2786/2026
AZ,2082932,,Federal nullification; Mexican wolf; reintroduction,Federal nullification; Mexican wolf; reintroduction,2,2026-02-26,https://legiscan.com/AZ/bill/HB2787/2026
AZ,2082812,,PSPRS; social security; technical correction,PSPRS; social security; technical correction,0,,https://legiscan.com/AZ/bill/HB2788/2026
AZ,2083248,,Nominating petitions; in lieu fee,Nominating petitions; in lieu fee,1,2026-01-22,https://legiscan.com/AZ/bill/HB2789/2026
AZ,2082838,,State historic preservation office; duties,State historic preservation office; duties,1,2026-01-22,https://legiscan.com/AZ/bill/HB2790/2026
AZ,2083009,,Cell-cultured protein; sale; prohibition,Cell-cultured protein; sale; prohibition,1,2026-01-21,https://legiscan.com/AZ/bill/HB2791/2026
AZ,2083074,,Property tax; exemption; veterans,Property tax; exemption; veterans,4,2026-02-12,https://legiscan.com/AZ/bill/HB2792/2026
AZ,2083031,,Annexation of territory; procedures,Annexation of territory; procedures,2,2026-02-26,https://legiscan.com/AZ/bill/HB2793/2026
AZ,2082603,,DOR; stakeholder collaboration; nonresident transactions,DOR; stakeholder collaboration; nonresident transactions,1,2026-01-21,https://legiscan.com/AZ/bill/HB2794/2026
AZ,2082849,,Small modular reactors; zoning; approval,Small modular reactors; zoning; approval,2,2026-02-26,https://legiscan.com/AZ/bill/HB2795/2026
AZ,2083185,,AHCCCS; enrollment verification; presumptive eligibility,AHCCCS; enrollment verification; presumptive eligibility,5,2026-02-20,https://legiscan.com/AZ/bill/HB2796/2026
AZ,2083065,,SNAP; TANF; public welfare; verification.,SNAP; TANF; public welfare; verification.,1,2026-01-20,https://legiscan.com/AZ/bill/HB2797/2026
AZ,2082599,,Appropriation; Arizona geological survey; study,Appropriation; Arizona geological survey; study,1,2026-01-20,https://legiscan.com/AZ/bill/HB2798/2026
AZ,2083156,,Excavation; contractor's license; safety,Excavation; contractor's license; safety,1,2026-01-22,https://legiscan.com/AZ/bill/HB2799/2026
AZ,2082986,,Ignition interlock devices; violation; classification,Ignition interlock devices; violation; classification,2,2026-03-04,https://legiscan.com/AZ/bill/HB2800/2026
AZ,2082820,,Marijuana convictions; misdemeanors; fines; assessments,Marijuana convictions; misdemeanors; fines; assessments,1,2026-01-20,https://legiscan.com/AZ/bill/HB2801/2026
AZ,2083253,,Ballot measure campaigns; foreign money,Ballot measure campaigns; foreign money,1,2026-01-22,https://legiscan.com/AZ/bill/HB2802/2026
AZ,2082593,,Expenditure limitation; school districts; repeal.,Expenditure limitation; school districts; repeal.,1,2026-01-21,https://legiscan.com/AZ/bill/HB2803/2026
AZ,2082945,,Rural affordable housing; tax credits,Rural affordable housing; tax credits,2,2026-02-23,https://legiscan.com/AZ/bill/HB2804/2026
AZ,2082952,,Electronic signatures; nomination petitions,Electronic signatures; nomination petitions,2,2026-03-03,https://legiscan.com/AZ/bill/HB2805/2026
AZ,2083237,,Lawful presence; public programs; verification,Lawful presence; public programs; verification,2,2026-02-26,https://legiscan.com/AZ/bill/HB2806/2026
AZ,2082967,,Terrorist designation; attorney general; process,Terrorist designation; attorney general; process,1,2026-01-22,https://legiscan.com/AZ/bill/HB2807/2026
AZ,2083350,,Attorney general; terrorist organization designation,Attorney general; terrorist organization designation,0,,https://legiscan.com/AZ/bill/HB2808/2026
AZ,2083081,,Statewide cybersecurity encryption system; requirements,Statewide cybersecurity encryption system; requirements,2,2026-02-26,https://legiscan.com/AZ/bill/HB2809/2026
AZ,2083344,,Health education; abortion providers; prohibitions,Health education; abortion providers; prohibitions,1,2026-01-22,https://legiscan.com/AZ/bill/HB2810/2026
AZ,2082893,,Obstructing governmental operations; lawful arrest,Obstructing governmental operations; lawful arrest,2,2026-02-26,https://legiscan.com/AZ/bill/HB2811/2026
AZ,2083233,,Accumulated sick leave; payments,Accumulated sick leave; payments,2,2026-02-23,https://legiscan.com/AZ/bill/HB2812/2026
AZ,2082678,,Pharmacy benefits; workers' compensation,Pharmacy benefits; workers' compensation,1,2026-01-22,https://legiscan.com/AZ/bill/HB2813/2026
AZ,2082684,,Agricultural land; valuation,Agricultural land; valuation,1,2026-01-21,https://legiscan.com/AZ/bill/HB2814/2026
AZ,2082803,,Misconduct involving weapons; elected officials,Misconduct involving weapons; elected officials,1,2026-01-27,https://legiscan.com/AZ/bill/HB2815/2026
AZ,2082796,,HOV lanes; degradation; technical correction,HOV lanes; degradation; technical correction,0,,https://legiscan.com/AZ/bill/HB2816/2026
AZ,2083096,,Technical correction; veterans; conservatorship,Technical correction; veterans; conservatorship,0,,https://legiscan.com/AZ/bill/HB2817/2026
AZ,2083025,,Lobbyists; political contributions prohibited,Lobbyists; political contributions prohibited,1,2026-01-20,https://legiscan.com/AZ/bill/HB2818/2026
AZ,2083059,,State landscaping; Arizona compost; requirements,State landscaping; Arizona compost; requirements,1,2026-01-26,https://legiscan.com/AZ/bill/HB2819/2026
AZ,2083278,,Data centers; incentives; repeal; requirements,Data centers; incentives; repeal; requirements,1,2026-01-22,https://legiscan.com/AZ/bill/HB2820/2026
AZ,2083325,,Pregnant employees; reasonable accommodation,Pregnant employees; reasonable accommodation,1,2026-01-22,https://legiscan.com/AZ/bill/HB2821/2026
AZ,2082925,,Special plate fees; revision,Special plate fees; revision,1,2026-01-22,https://legiscan.com/AZ/bill/HB2822/2026
AZ,2083475,,Private prisons; contracts; prohibition,Private prisons; contracts; prohibition,1,2026-01-22,https://legiscan.com/AZ/bill/HB2823/2026
AZ,2083542,,Capital improvement; financing program,Capital improvement; financing program,1,2026-01-29,https://legiscan.com/AZ/bill/HB2824/2026
AZ,2083528,,Fines; fees; assessments; restitution; nonpayment,Fines; fees; assessments; restitution; nonpayment,2,2026-02-19,https://legiscan.com/AZ/bill/HB2825/2026
AZ,2083548,,TPT; prime contracting; exemption; irrigation,TPT; prime contracting; exemption; irrigation,1,2026-01-21,https://legiscan.com/AZ/bill/HB2826/2026
AZ,2082868,,Groundwater withdrawal fee; Pinal AMA.,Groundwater withdrawal fee; Pinal AMA.,2,2026-02-23,https://legiscan.com/AZ/bill/HB2827/2026
AZ,2082830,,Nurse home visitor grant program,Nurse home visitor grant program,1,2026-01-20,https://legiscan.com/AZ/bill/HB2828/2026
AZ,2082800,,ABOR; civil rights; biennial audits,ABOR; civil rights; biennial audits,1,2026-01-22,https://legiscan.com/AZ/bill/HB2829/2026
AZ,2083368,,Fetal and prenatal development; instruction,Fetal and prenatal development; instruction,2,2026-02-26,https://legiscan.com/AZ/bill/HB2830/2026
AZ,2083442,,School safety program; alternative proposals,School safety program; alternative proposals,1,2026-01-22,https://legiscan.com/AZ/bill/HB2831/2026
AZ,2083480,,STOs; ESAs; student eligibility,STOs; ESAs; student eligibility,1,2026-01-20,https://legiscan.com/AZ/bill/HB2832/2026
AZ,2083407,,Mandatory reporting; violent threats; minors,Mandatory reporting; violent threats; minors,2,2026-02-26,https://legiscan.com/AZ/bill/HB2833/2026
AZ,2083370,,Claims against HOAs; filing fees,Claims against HOAs; filing fees,2,2026-03-09,https://legiscan.com/AZ/bill/HB2834/2026
AZ,2083416,,Labor organizations; paycheck deduction; prohibition,Labor organizations; paycheck deduction; prohibition,1,2026-01-21,https://legiscan.com/AZ/bill/HB2835/2026
AZ,2083389,,Tax credit; fraud prevention organizations,Tax credit; fraud prevention organizations,1,2026-01-21,https://legiscan.com/AZ/bill/HB2836/2026
AZ,2083506,,Public hearing definition; hearing officer,Public hearing definition; hearing officer,2,2026-02-26,https://legiscan.com/AZ/bill/HB2837/2026
AZ,2083489,,Education workforce innovation; pilot program,Education workforce innovation; pilot program,1,2026-01-21,https://legiscan.com/AZ/bill/HB2838/2026
AZ,2083377,,Municipal tax; exemption; food,Municipal tax; exemption; food,0,,https://legiscan.com/AZ/bill/HB2839/2026
AZ,2083433,,Schools; nutrition education; physical activity,Schools; nutrition education; physical activity,1,2026-01-22,https://legiscan.com/AZ/bill/HB2840/2026
AZ,2083383,,Property tax; primary residences; exemptions,Property tax; primary residences; exemptions,1,2026-01-22,https://legiscan.com/AZ/bill/HB2841/2026
AZ,2083508,,Property sale; notice; escrow agents,Property sale; notice; escrow agents,1,2026-01-28,https://legiscan.com/AZ/bill/HB2842/2026
AZ,2083391,,Portable solar power devices; requirements,Portable solar power devices; requirements,1,2026-01-26,https://legiscan.com/AZ/bill/HB2843/2026
AZ,2083526,,Adult incarceration contracts; services; costs,Adult incarceration contracts; services; costs,1,2026-01-26,https://legiscan.com/AZ/bill/HB2844/2026
AZ,2083535,,Appropriation; Del Rio Springs; park,Appropriation; Del Rio Springs; park,1,2026-01-20,https://legiscan.com/AZ/bill/HB2845/2026
AZ,2083387,,Massage therapy board; examination; licensure,Massage therapy board; examination; licensure,1,2026-01-20,https://legiscan.com/AZ/bill/HB2846/2026
AZ,2083491,,DES; unemployment benefits; increase,DES; unemployment benefits; increase,1,2026-01-26,https://legiscan.com/AZ/bill/HB2847/2026
AZ,2083375,,Restrictive covenants; grocery stores,Restrictive covenants; grocery stores,1,2026-01-22,https://legiscan.com/AZ/bill/HB2848/2026
AZ,2083546,,Minimum wage; definitions; increase,Minimum wage; definitions; increase,1,2026-01-22,https://legiscan.com/AZ/bill/HB2849/2026
AZ,2083515,,Mobile homes; abandonment procedures,Mobile homes; abandonment procedures,1,2026-01-22,https://legiscan.com/AZ/bill/HB2850/2026
AZ,2083366,,Extension; traumatic event counseling,Extension; traumatic event counseling,1,2026-01-22,https://legiscan.com/AZ/bill/HB2851/2026
AZ,2083409,,Mobile homes; utilities; fraud; hearings,Mobile homes; utilities; fraud; hearings,1,2026-01-22,https://legiscan.com/AZ/bill/HB2852/2026
AZ,2083420,,Military bases; juvenile delinquency; jurisdiction,Military bases; juvenile delinquency; jurisdiction,1,2026-01-22,https://legiscan.com/AZ/bill/HB2853/2026
AZ,2083522,,Missing children; emergency information requests,Missing children; emergency information requests,1,2026-01-27,https://legiscan.com/AZ/bill/HB2854/2026
AZ,2083511,,Home buyer assistance program,Home buyer assistance program,1,2026-01-28,https://legiscan.com/AZ/bill/HB2855/2026
AZ,2083482,,Early childhood education; child care,Early childhood education; child care,1,2026-01-22,https://legiscan.com/AZ/bill/HB2856/2026
AZ,2083438,,Inmate medical records; electronic storage,Inmate medical records; electronic storage,2,2026-02-26,https://legiscan.com/AZ/bill/HB2857/2026
AZ,2083385,,State contracting; businesses,State contracting; businesses,1,2026-01-21,https://legiscan.com/AZ/bill/HB2858/2026
AZ,2083400,,Appropriation; ADOT; Rodeo Road.,Appropriation; ADOT; Rodeo Road.,1,2026-01-20,https://legiscan.com/AZ/bill/HB2859/2026
AZ,2083418,,DCS; independent oversight committee; sunset,DCS; independent oversight committee; sunset,1,2026-01-22,https://legiscan.com/AZ/bill/HB2860/2026
AZ,2083424,,Postnuptial agreements; enforcement,Postnuptial agreements; enforcement,2,2026-03-09,https://legiscan.com/AZ/bill/HB2861/2026
AZ,2083513,,Unlawful masking; penalty,Unlawful masking; penalty,2,2026-03-02,https://legiscan.com/AZ/bill/HB2862/2026
AZ,2083444,,Landlord tenant; eviction; personal property,Landlord tenant; eviction; personal property,1,2026-01-22,https://legiscan.com/AZ/bill/HB2863/2026
AZ,2083531,,Misconduct involving weapons; instigation,Misconduct involving weapons; instigation,1,2026-01-26,https://legiscan.com/AZ/bill/HB2864/2026
AZ,2083502,,Prohibited possessor; definition,Prohibited possessor; definition,1,2026-01-22,https://legiscan.com/AZ/bill/HB2865/2026
AZ,2083533,,Landlord; tenant; jury trials; procedures,Landlord; tenant; jury trials; procedures,1,2026-01-28,https://legiscan.com/AZ/bill/HB2866/2026
AZ,2083478,,Licenses; not proof of citizenship,Licenses; not proof of citizenship,1,2026-01-20,https://legiscan.com/AZ/bill/HB2867/2026
AZ,2083449,,Installation license; insurance; rules,Installation license; insurance; rules,2,2026-03-11,https://legiscan.com/AZ/bill/HB2868/2026
AZ,2083379,,Electricians; certification,Electricians; certification,1,2026-01-22,https://legiscan.com/AZ/bill/HB2869/2026
AZ,2083451,,Residence of sex offenders; regulation,Residence of sex offenders; regulation,2,2026-02-26,https://legiscan.com/AZ/bill/HB2870/2026
AZ,2083504,,Technical correction; limited partnership,Technical correction; limited partnership,0,,https://legiscan.com/AZ/bill/HB2871/2026
AZ,2083500,,Technical correction; statute of limitations,Technical correction; statute of limitations,1,2026-02-19,https://legiscan.com/AZ/bill/HB2872/2026
AZ,2083524,,Competitive sealed bidding; questions; answers,Competitive sealed bidding; questions; answers,2,2026-02-26,https://legiscan.com/AZ/bill/HB2873/2026
AZ,2083458,,Campaign committees; termination statements; contributions,Campaign committees; termination statements; contributions,2,2026-02-26,https://legiscan.com/AZ/bill/HB2874/2026
AZ,2083484,,Local regulation; prohibition; unmanned aircraft,Local regulation; prohibition; unmanned aircraft,2,2026-03-04,https://legiscan.com/AZ/bill/HB2875/2026
AZ,2083517,,Public bodies; executive sessions; agenda,Public bodies; executive sessions; agenda,2,2026-03-03,https://legiscan.com/AZ/bill/HB2876/2026
AZ,2083405,,Timeshare salespersons; licensure,Timeshare salespersons; licensure,2,2026-02-23,https://legiscan.com/AZ/bill/HB2877/2026
AZ,2083398,,Licenses; tax number; consular cards.,Licenses; tax number; consular cards.,1,2026-01-20,https://legiscan.com/AZ/bill/HB2878/2026
AZ,2083396,,Medical records; medical facility; access,Medical records; medical facility; access,1,2026-01-22,https://legiscan.com/AZ/bill/HB2879/2026
AZ,2083427,,Immigration; courts; hospitals; schools; daycares,Immigration; courts; hospitals; schools; daycares,1,2026-01-26,https://legiscan.com/AZ/bill/HB2880/2026
AZ,2083435,,Attorney general; policies; immigration,Attorney general; policies; immigration,1,2026-01-26,https://legiscan.com/AZ/bill/HB2881/2026
AZ,2083447,,Law enforcement; identification; masks; prohibitions,Law enforcement; identification; masks; prohibitions,1,2026-01-21,https://legiscan.com/AZ/bill/HB2882/2026
AZ,2083402,,Small school adjustment; student count,Small school adjustment; student count,1,2026-01-21,https://legiscan.com/AZ/bill/HB2883/2026
AZ,2083431,,Appropriation; Black Mesa; veterans center,Appropriation; Black Mesa; veterans center,1,2026-01-20,https://legiscan.com/AZ/bill/HB2884/2026
AZ,2083464,,Cultural impact assessment; state projects,Cultural impact assessment; state projects,1,2026-01-21,https://legiscan.com/AZ/bill/HB2885/2026
AZ,2083440,,Businesses; program; procurement; rules,Businesses; program; procurement; rules,1,2026-01-22,https://legiscan.com/AZ/bill/HB2886/2026
AZ,2083413,,Appropriation; Concho-Snowflake Highway,Appropriation; Concho-Snowflake Highway,1,2026-01-20,https://legiscan.com/AZ/bill/HB2887/2026
AZ,2083462,,Tribal drinking water fund; appropriation,Tribal drinking water fund; appropriation,1,2026-01-20,https://legiscan.com/AZ/bill/HB2888/2026
AZ,2083381,,Appropriation; uranium monitoring; mine inspector,Appropriation; uranium monitoring; mine inspector,2,2026-03-09,https://legiscan.com/AZ/bill/HB2889/2026
AZ,2083453,,Appropriation; Ganado unified school district,Appropriation; Ganado unified school district,1,2026-01-20,https://legiscan.com/AZ/bill/HB2890/2026
AZ,2083466,,Appropriation; tribal housing; workforce development,Appropriation; tribal housing; workforce development,1,2026-01-20,https://legiscan.com/AZ/bill/HB2891/2026
AZ,2083471,,Appropriation; rural bus soil stabilization,Appropriation; rural bus soil stabilization,1,2026-01-20,https://legiscan.com/AZ/bill/HB2892/2026
AZ,2083473,,Appropriation; Navajo Nation; transportation projects,Appropriation; Navajo Nation; transportation projects,1,2026-01-20,https://legiscan.com/AZ/bill/HB2893/2026
AZ,2083544,,Appropriation; rural school bus routes,Appropriation; rural school bus routes,1,2026-01-20,https://legiscan.com/AZ/bill/HB2894/2026
AZ,2083537,,Native American language; instruction; certification,Native American language; instruction; certification,2,2026-03-04,https://legiscan.com/AZ/bill/HB2895/2026
AZ,2083497,,ADE; tribal education liaison office,ADE; tribal education liaison office,1,2026-01-21,https://legiscan.com/AZ/bill/HB2896/2026
AZ,2083460,,Appropriation; Kin Dah Lichii community,Appropriation; Kin Dah Lichii community,1,2026-01-20,https://legiscan.com/AZ/bill/HB2897/2026
AZ,2083493,,Appropriation; Ganado Chapter; waterline project,Appropriation; Ganado Chapter; waterline project,1,2026-01-20,https://legiscan.com/AZ/bill/HB2898/2026
AZ,2083372,,Health insurance; coverage; prosthetic device,Health insurance; coverage; prosthetic device,1,2026-01-22,https://legiscan.com/AZ/bill/HB2899/2026
AZ,2083469,,Pornography; distribution; requirements; attorney general,Pornography; distribution; requirements; attorney general,1,2026-01-21,https://legiscan.com/AZ/bill/HB2900/2026
AZ,2083364,,Voting equipment; requirements; origin,Voting equipment; requirements; origin,1,2026-01-22,https://legiscan.com/AZ/bill/HB2901/2026
AZ,2083422,,Electoral college; support,Electoral college; support,2,2026-03-11,https://legiscan.com/AZ/bill/HB2902/2026
AZ,2083429,,Social credit; use; prohibition,Social credit; use; prohibition,2,2026-03-03,https://legiscan.com/AZ/bill/HB2903/2026
AZ,2083393,,Sovereign authority; border; health crisis,Sovereign authority; border; health crisis,1,2026-01-22,https://legiscan.com/AZ/bill/HB2904/2026
AZ,2083486,,Property conveyance; foreign entities; prohibition,Property conveyance; foreign entities; prohibition,1,2026-01-22,https://legiscan.com/AZ/bill/HB2905/2026
AZ,2086378,,Dental board; membership,Dental board; membership,2,2026-02-26,https://legiscan.com/AZ/bill/HB2906/2026
AZ,2087206,,Voting centers; early voting; security,Voting centers; early voting; security,1,2026-01-27,https://legiscan.com/AZ/bill/HB2907/2026
AZ,2087166,,Constitutional convention; faithless delegates,Constitutional convention; faithless delegates,2,2026-02-23,https://legiscan.com/AZ/bill/HB2908/2026
AZ,2087402,,Dispute resolution process; real estate.,Dispute resolution process; real estate.,1,2026-01-27,https://legiscan.com/AZ/bill/HB2909/2026
AZ,2087227,,Registrar of contractors; administrative recovery,Registrar of contractors; administrative recovery,2,2026-03-03,https://legiscan.com/AZ/bill/HB2910/2026
AZ,2087445,,Registrar of contractors; restitution; repeal,Registrar of contractors; restitution; repeal,1,2026-01-27,https://legiscan.com/AZ/bill/HB2911/2026
AZ,2087798,,Utility; resource plan; commission review,Utility; resource plan; commission review,2,2026-03-03,https://legiscan.com/AZ/bill/HB2912/2026
AZ,2088757,,County land commissioner; state lands,County land commissioner; state lands,1,2026-01-22,https://legiscan.com/AZ/bill/HB2913/2026
AZ,2088271,,Electronic monitoring; health care facilities,Electronic monitoring; health care facilities,2,2026-03-10,https://legiscan.com/AZ/bill/HB2914/2026
AZ,2088467,,Tax reduction fund; renewable energy,Tax reduction fund; renewable energy,1,2026-01-28,https://legiscan.com/AZ/bill/HB2915/2026
AZ,2088708,,Traffic schools; instructors; fingerprint clearance,Traffic schools; instructors; fingerprint clearance,2,2026-02-26,https://legiscan.com/AZ/bill/HB2916/2026
AZ,2088294,,Firefighter cancer registry,Firefighter cancer registry,2,2026-02-26,https://legiscan.com/AZ/bill/HB2917/2026
AZ,2088488,,Renewable energy equipment; valuation; depreciation,Renewable energy equipment; valuation; depreciation,2,2026-03-04,https://legiscan.com/AZ/bill/HB2918/2026
AZ,2088902,,Appropriation; food bank; distribution,Appropriation; food bank; distribution,1,2026-01-28,https://legiscan.com/AZ/bill/HB2919/2026
AZ,2088584,,Software applications; minors; requirements,Software applications; minors; requirements,1,2026-01-27,https://legiscan.com/AZ/bill/HB2920/2026
AZ,2090670,,Physical education instruction; public schools,Physical education instruction; public schools,1,2026-01-28,https://legiscan.com/AZ/bill/HB2921/2026
AZ,2090636,,Obstructing criminal investigations; homeowner exemption,Obstructing criminal investigations; homeowner exemption,1,2026-01-27,https://legiscan.com/AZ/bill/HB2922/2026
AZ,2090698,,Court-ordered treatment; judicial review,Court-ordered treatment; judicial review,2,2026-03-09,https://legiscan.com/AZ/bill/HB2923/2026
AZ,2090203,,TPT; exemption; fire apparatus,TPT; exemption; fire apparatus,1,2026-01-28,https://legiscan.com/AZ/bill/HB2924/2026
AZ,2090426,,Prohibited possessor; interference; judicial proceedings,Prohibited possessor; interference; judicial proceedings,1,2026-01-27,https://legiscan.com/AZ/bill/HB2925/2026
AZ,2090548,,Housing; contractors; bonds; taxes,Housing; contractors; bonds; taxes,2,2026-02-26,https://legiscan.com/AZ/bill/HB2926/2026
AZ,2090573,,Elevator requirements; construction project; employees,Elevator requirements; construction project; employees,1,2026-01-28,https://legiscan.com/AZ/bill/HB2927/2026
AZ,2090710,,Working conditions; heat illness; prevention,Working conditions; heat illness; prevention,1,2026-01-28,https://legiscan.com/AZ/bill/HB2928/2026
AZ,2093549,,Perimenopause; menopause; task force,Perimenopause; menopause; task force,1,2026-01-28,https://legiscan.com/AZ/bill/HB2929/2026
AZ,2093559,,Broadband; internet protocol services; commission,Broadband; internet protocol services; commission,1,2026-01-28,https://legiscan.com/AZ/bill/HB2930/2026
AZ,2093470,,Civil rights advisory board; continuation,Civil rights advisory board; continuation,2,2026-03-18,https://legiscan.com/AZ/bill/HB2931/2026
AZ,2093623,,Groundwater transportation fee; website; posting,Groundwater transportation fee; website; posting,2,2026-02-23,https://legiscan.com/AZ/bill/HB2932/2026
AZ,2093642,,Groundwater transportation fee; counties; fund,Groundwater transportation fee; counties; fund,2,2026-02-23,https://legiscan.com/AZ/bill/HB2933/2026
AZ,2093851,,Harquahala; groundwater transportation fee,Harquahala; groundwater transportation fee,1,2026-02-04,https://legiscan.com/AZ/bill/HB2934/2026
AZ,2093828,,Income tax; subtraction; down payment,Income tax; subtraction; down payment,1,2026-02-02,https://legiscan.com/AZ/bill/HB2935/2026
AZ,2093658,,Public policy; wage contracts; repeal.,Public policy; wage contracts; repeal.,1,2026-01-28,https://legiscan.com/AZ/bill/HB2936/2026
AZ,2093765,,Nuclear power plant; employees; requirements,Nuclear power plant; employees; requirements,1,2026-02-09,https://legiscan.com/AZ/bill/HB2937/2026
AZ,2093762,,Mandatory rounding method; cash transactions,Mandatory rounding method; cash transactions,4,2026-03-12,https://legiscan.com/AZ/bill/HB2938/2026
AZ,2093649,,Qualified facilities; tax credit; amount,Qualified facilities; tax credit; amount,2,2026-03-03,https://legiscan.com/AZ/bill/HB2939/2026
AZ,2093702,,AHCCCS; eligibility; verification; SNAP; contractors,AHCCCS; eligibility; verification; SNAP; contractors,2,2026-03-03,https://legiscan.com/AZ/bill/HB2940/2026
AZ,2093669,,Motorcycles; reckless driving,Motorcycles; reckless driving,2,2026-03-02,https://legiscan.com/AZ/bill/HB2941/2026
AZ,2093805,,Appropriation; DES; rehabilitation group homes,Appropriation; DES; rehabilitation group homes,1,2026-01-28,https://legiscan.com/AZ/bill/HB2942/2026
AZ,2094708,,State land oversight board; establishment,State land oversight board; establishment,2,2026-02-23,https://legiscan.com/AZ/bill/HB2943/2026
AZ,2094640,,Impaired persons; court-ordered stabilization,Impaired persons; court-ordered stabilization,1,2026-02-02,https://legiscan.com/AZ/bill/HB2944/2026
AZ,2094547,,Coverage; family and medical leave,Coverage; family and medical leave,1,2026-02-02,https://legiscan.com/AZ/bill/HB2945/2026
AZ,2094718,,Municipalities; counties; development fees,Municipalities; counties; development fees,2,2026-03-11,https://legiscan.com/AZ/bill/HB2946/2026
AZ,2094753,,Public schools; student discipline; absenteeism,Public schools; student discipline; absenteeism,1,2026-02-02,https://legiscan.com/AZ/bill/HB2947/2026
AZ,2094861,,Pricing; covered goods; requirements,Pricing; covered goods; requirements,1,2026-02-02,https://legiscan.com/AZ/bill/HB2948/2026
AZ,2094839,,Energy costs; large data centers,Energy costs; large data centers,1,2026-02-04,https://legiscan.com/AZ/bill/HB2949/2026
AZ,2094823,,Tourism improvement areas; municipalities; counties,Tourism improvement areas; municipalities; counties,2,2026-03-16,https://legiscan.com/AZ/bill/HB2950/2026
AZ,2094983,,Contracts; automatic subscription renewals; requirements,Contracts; automatic subscription renewals; requirements,2,2026-03-05,https://legiscan.com/AZ/bill/HB2951/2026
AZ,2095677,,Deeds; identification; forgery; notice; notaries.,Deeds; identification; forgery; notice; notaries.,1,2026-02-04,https://legiscan.com/AZ/bill/HB2952/2026
AZ,2095558,,Pharmacy board; civil penalties.,Pharmacy board; civil penalties.,2,2026-02-23,https://legiscan.com/AZ/bill/HB2953/2026
AZ,2095597,,State land advisory board; establishment.,State land advisory board; establishment.,1,2026-02-04,https://legiscan.com/AZ/bill/HB2954/2026
AZ,2099627,,Gasoline formulations; air quality,Gasoline formulations; air quality,2,2026-02-26,https://legiscan.com/AZ/bill/HB2955/2026
AZ,2096624,,State trust lands; public auction,State trust lands; public auction,1,2026-02-04,https://legiscan.com/AZ/bill/HB2956/2026
AZ,2097528,,Driver license; enhanced; mobile; prohibition,Driver license; enhanced; mobile; prohibition,2,2026-02-26,https://legiscan.com/AZ/bill/HB2957/2026
AZ,2096022,,AHCCCS; dental care; pregnant women,AHCCCS; dental care; pregnant women,1,2026-02-02,https://legiscan.com/AZ/bill/HB2958/2026
AZ,2098728,,Special plates; kindness charity,Special plates; kindness charity,1,2026-02-02,https://legiscan.com/AZ/bill/HB2959/2026
AZ,2100531,,Veterans' court fund; grant program,Veterans' court fund; grant program,2,2026-03-09,https://legiscan.com/AZ/bill/HB2960/2026
AZ,2100668,,Special plate; returning warrior,Special plate; returning warrior,1,2026-02-02,https://legiscan.com/AZ/bill/HB2961/2026
AZ,2100735,,Rental housing; discrimination; income source,Rental housing; discrimination; income source,1,2026-02-02,https://legiscan.com/AZ/bill/HB2962/2026
AZ,2100854,,Landlord tenant; settlement conferences,Landlord tenant; settlement conferences,1,2026-02-02,https://legiscan.com/AZ/bill/HB2963/2026
AZ,2100836,,Cancer screening; coverage; gene mutation,Cancer screening; coverage; gene mutation,1,2026-02-04,https://legiscan.com/AZ/bill/HB2964/2026
AZ,2100699,,Covered entities; 340B drugs; distribution,Covered entities; 340B drugs; distribution,1,2026-02-04,https://legiscan.com/AZ/bill/HB2965/2026
AZ,2101657,,Dangerous crimes against children; probation.,Dangerous crimes against children; probation.,2,2026-02-23,https://legiscan.com/AZ/bill/HB2966/2026
AZ,2101742,,Custodial interference,Custodial interference,1,2026-02-04,https://legiscan.com/AZ/bill/HB2967/2026
AZ,2101674,,Family court; admissibility; evidence,Family court; admissibility; evidence,2,2026-03-10,https://legiscan.com/AZ/bill/HB2968/2026
AZ,2101878,,Behavioral health crisis; temporary orders,Behavioral health crisis; temporary orders,1,2026-02-05,https://legiscan.com/AZ/bill/HB2969/2026
AZ,2101907,,Fraudulent schemes; artifices; jurisdiction,Fraudulent schemes; artifices; jurisdiction,2,2026-02-26,https://legiscan.com/AZ/bill/HB2970/2026
AZ,2101790,,Occupational licensing; fee deferment,Occupational licensing; fee deferment,1,2026-02-02,https://legiscan.com/AZ/bill/HB2971/2026
AZ,2101662,,Protected persons; jury trial right,Protected persons; jury trial right,1,2026-02-02,https://legiscan.com/AZ/bill/HB2972/2026
AZ,2101804,,Property tax; exemption; income limit,Property tax; exemption; income limit,1,2026-02-02,https://legiscan.com/AZ/bill/HB2973/2026
AZ,2101730,,Biologic weapons prohibition; crime,Biologic weapons prohibition; crime,1,2026-02-09,https://legiscan.com/AZ/bill/HB2974/2026
AZ,2101717,,State lands; solar score; maps,State lands; solar score; maps,2,2026-02-26,https://legiscan.com/AZ/bill/HB2975/2026
AZ,2101686,,Justice courts; administration; due process,Justice courts; administration; due process,2,2026-03-11,https://legiscan.com/AZ/bill/HB2976/2026
AZ,2101748,,Law enforcement; face coverings; prohibition..,Law enforcement; face coverings; prohibition..,0,,https://legiscan.com/AZ/bill/HB2977/2026
AZ,2102118,,Appropriation; Prescott; northeast airport ramp,Appropriation; Prescott; northeast airport ramp,1,2026-02-02,https://legiscan.com/AZ/bill/HB2978/2026
AZ,2103937,,Credit unions; certificates; powers; committee,Credit unions; certificates; powers; committee,2,2026-02-26,https://legiscan.com/AZ/bill/HB2979/2026
AZ,2103891,,Home; community-based services; mental illness.,Home; community-based services; mental illness.,1,2026-02-09,https://legiscan.com/AZ/bill/HB2980/2026
AZ,2104308,,Technical correction; housing trust fund,Technical correction; housing trust fund,0,,https://legiscan.com/AZ/bill/HB2981/2026
AZ,2104096,,Appropriation; Klagetoh Chapter; capital improvements,Appropriation; Klagetoh Chapter; capital improvements,1,2026-02-05,https://legiscan.com/AZ/bill/HB2982/2026
AZ,2104170,,Appropriation; Houck Chapter; capital improvements,Appropriation; Houck Chapter; capital improvements,1,2026-02-05,https://legiscan.com/AZ/bill/HB2983/2026
AZ,2104197,,Sales tax credit; tribal taxes,Sales tax credit; tribal taxes,1,2026-02-05,https://legiscan.com/AZ/bill/HB2984/2026
AZ,2104289,,CAP water; state land; allocation,CAP water; state land; allocation,2,2026-02-23,https://legiscan.com/AZ/bill/HB2985/2026
AZ,2104074,,Department of environmental quality; programs,Department of environmental quality; programs,2,2026-02-26,https://legiscan.com/AZ/bill/HB2986/2026
AZ,2103775,,Income tax credit; historic preservation,Income tax credit; historic preservation,1,2026-02-05,https://legiscan.com/AZ/bill/HB2987/2026
AZ,2104185,,Municipal tax increment financing; infrastructure,Municipal tax increment financing; infrastructure,1,2026-02-05,https://legiscan.com/AZ/bill/HB2988/2026
AZ,2104244,,Family court; records; access; confidentiality,Family court; records; access; confidentiality,1,2026-02-04,https://legiscan.com/AZ/bill/HB2989/2026
AZ,2104121,,Rural groundwater management areas; establishment,Rural groundwater management areas; establishment,0,,https://legiscan.com/AZ/bill/HB2990/2026
AZ,2104064,,Social media; online content; minors,Social media; online content; minors,2,2026-03-05,https://legiscan.com/AZ/bill/HB2991/2026
AZ,2104461,,Pilot program; sexual abuse prevention,Pilot program; sexual abuse prevention,2,2026-03-18,https://legiscan.com/AZ/bill/HB2992/2026
AZ,2104371,,DPS; legal representation; appropriation,DPS; legal representation; appropriation,5,2026-03-12,https://legiscan.com/AZ/bill/HB2993/2026
AZ,2104966,,Healthy Arizona study committee,Healthy Arizona study committee,1,2026-02-09,https://legiscan.com/AZ/bill/HB2994/2026
AZ,2107203,,Domestic relations; domestic violence,Domestic relations; domestic violence,2,2026-02-26,https://legiscan.com/AZ/bill/HB2995/2026
AZ,2107383,,DIFI; certificates of insurance,DIFI; certificates of insurance,2,2026-02-26,https://legiscan.com/AZ/bill/HB2996/2026
AZ,2107388,,Animal abuse; animal neglect; classification,Animal abuse; animal neglect; classification,1,2026-02-09,https://legiscan.com/AZ/bill/HB2997/2026
AZ,2107734,,Special plate; youth education,Special plate; youth education,1,2026-02-04,https://legiscan.com/AZ/bill/HB2998/2026
AZ,2107618,,Infrastructure finance districts,Infrastructure finance districts,2,2026-03-17,https://legiscan.com/AZ/bill/HB2999/2026
AZ,2107503,,Alternative nicotine products; regulation.,Alternative nicotine products; regulation.,2,2026-03-16,https://legiscan.com/AZ/bill/HB4001/2026
AZ,2107927,,Vacation rentals; short-term rentals; notice,Vacation rentals; short-term rentals; notice,0,,https://legiscan.com/AZ/bill/HB4002/2026
AZ,2107939,,Family court; false statements; penalties,Family court; false statements; penalties,1,2026-02-09,https://legiscan.com/AZ/bill/HB4003/2026
AZ,2107914,,DCS; abuse investigation; protective parent,DCS; abuse investigation; protective parent,2,2026-03-09,https://legiscan.com/AZ/bill/HB4004/2026
AZ,2107900,,Artificial intelligence; course; public schools,Artificial intelligence; course; public schools,2,2026-03-03,https://legiscan.com/AZ/bill/HB4005/2026
AZ,2107863,,Defamation actions; sexual offenses,Defamation actions; sexual offenses,1,2026-02-09,https://legiscan.com/AZ/bill/HB4006/2026
AZ,2108004,,Municipal tax increment financing,Municipal tax increment financing,1,2026-02-05,https://legiscan.com/AZ/bill/HB4007/2026
AZ,2108017,,Crime-free lease addendum; renters,Crime-free lease addendum; renters,1,2026-02-09,https://legiscan.com/AZ/bill/HB4008/2026
AZ,2107854,,Data centers; state lands; map,Data centers; state lands; map,1,2026-02-09,https://legiscan.com/AZ/bill/HB4009/2026
AZ,2107888,,Genetic counselors; board; licensure,Genetic counselors; board; licensure,2,2026-03-04,https://legiscan.com/AZ/bill/HB4010/2026
AZ,2107978,,HOAs; duties,HOAs; duties,2,2026-02-26,https://legiscan.com/AZ/bill/HB4011/2026
AZ,2107966,,Special needs patients; health facilities,Special needs patients; health facilities,1,2026-02-09,https://legiscan.com/AZ/bill/HB4012/2026
AZ,2107952,,Interstate agreement; national popular vote,Interstate agreement; national popular vote,1,2026-02-09,https://legiscan.com/AZ/bill/HB4013/2026
AZ,2107991,,State land; foreign entities; prohibition,State land; foreign entities; prohibition,1,2026-02-10,https://legiscan.com/AZ/bill/HB4014/2026
AZ,2107874,,Prisoners; contracts; telecommute,Prisoners; contracts; telecommute,1,2026-02-09,https://legiscan.com/AZ/bill/HB4015/2026
AZ,2108662,,Special plate; community well-being,Special plate; community well-being,1,2026-02-09,https://legiscan.com/AZ/bill/HB4016/2026
AZ,2108884,,Pet ownership limits; planned communities.,Pet ownership limits; planned communities.,2,2026-02-26,https://legiscan.com/AZ/bill/HB4017/2026
AZ,2108890,,Sheriff; exclusive authority; auxiliary,Sheriff; exclusive authority; auxiliary,2,2026-03-11,https://legiscan.com/AZ/bill/HB4018/2026
AZ,2109380,,Veterinary practices; ownership; oversight,Veterinary practices; ownership; oversight,1,2026-02-10,https://legiscan.com/AZ/bill/HB4019/2026
AZ,2109290,,Insurance; fraud unit; assessment; increase,Insurance; fraud unit; assessment; increase,2,2026-02-26,https://legiscan.com/AZ/bill/HB4020/2026
AZ,2109559,,Appropriation; medical marijuana; veterans; fees,Appropriation; medical marijuana; veterans; fees,1,2026-02-09,https://legiscan.com/AZ/bill/HB4021/2026
AZ,2109152,,Public works employment; wages; regulation,Public works employment; wages; regulation,1,2026-02-09,https://legiscan.com/AZ/bill/HB4022/2026
AZ,2108929,,Ethnic studies; academic standards; commission,Ethnic studies; academic standards; commission,1,2026-02-09,https://legiscan.com/AZ/bill/HB4023/2026
AZ,2109196,,Family child care providers; exemption,Family child care providers; exemption,1,2026-02-09,https://legiscan.com/AZ/bill/HB4024/2026
AZ,2109422,,Study committee; gas; petroleum; refinery,Study committee; gas; petroleum; refinery,1,2026-02-10,https://legiscan.com/AZ/bill/HB4025/2026
AZ,2109470,,Public infrastructure improvements; distribution limit,Public infrastructure improvements; distribution limit,2,2026-03-04,https://legiscan.com/AZ/bill/HB4026/2026
AZ,2109105,,Charlie Kirk Loop 202,Charlie Kirk Loop 202,2,2026-03-04,https://legiscan.com/AZ/bill/HB4027/2026
AZ,2109514,,Accessory dwelling units; requirements,Accessory dwelling units; requirements,1,2026-02-09,https://legiscan.com/AZ/bill/HB4028/2026
AZ,2109241,,Income tax changes; notification; forms,Income tax changes; notification; forms,2,2026-02-26,https://legiscan.com/AZ/bill/HB4029/2026
AZ,2108971,,Rates; fees; taxes; increase; moratorium,Rates; fees; taxes; increase; moratorium,1,2026-02-09,https://legiscan.com/AZ/bill/HB4030/2026
AZ,2109017,,Special plate; historic electric vehicle,Special plate; historic electric vehicle,1,2026-02-09,https://legiscan.com/AZ/bill/HB4031/2026
AZ,2109691,,Alternative nicotine; vapor products; tax.,Alternative nicotine; vapor products; tax.,1,2026-02-09,https://legiscan.com/AZ/bill/HB4032/2026
AZ,2109919,,School bonding; ballot language,School bonding; ballot language,2,2026-03-04,https://legiscan.com/AZ/bill/HB4033/2026
AZ,2109834,,CTEDs; ADM; apportionment; responsibilities,CTEDs; ADM; apportionment; responsibilities,1,2026-02-09,https://legiscan.com/AZ/bill/HB4034/2026
AZ,2109661,,Superior court judges; petitions; addresses,Superior court judges; petitions; addresses,1,2026-02-09,https://legiscan.com/AZ/bill/HB4035/2026
AZ,2109608,,Bulk drug substances; prohibitions,Bulk drug substances; prohibitions,1,2026-02-09,https://legiscan.com/AZ/bill/HB4036/2026
AZ,2109804,,Individual income tax; credit; education,Individual income tax; credit; education,1,2026-02-09,https://legiscan.com/AZ/bill/HB4037/2026
AZ,2109748,,Public schools; first day; restriction,Public schools; first day; restriction,1,2026-02-09,https://legiscan.com/AZ/bill/HB4038/2026
AZ,2109635,,Human embryos; disposition,Human embryos; disposition,0,,https://legiscan.com/AZ/bill/HB4039/2026
AZ,2109776,,Public schools; universities; AI policies,Public schools; universities; AI policies,0,,https://legiscan.com/AZ/bill/HB4040/2026
AZ,2109719,,K-3 reading plan; cash balances,K-3 reading plan; cash balances,1,2026-02-09,https://legiscan.com/AZ/bill/HB4041/2026
AZ,2110906,,Termination; parent-child relationship; service,Termination; parent-child relationship; service,2,2026-02-26,https://legiscan.com/AZ/bill/HB4042/2026
AZ,2110765,,Training; AEDs; CPR; school personnel,Training; AEDs; CPR; school personnel,2,2026-03-10,https://legiscan.com/AZ/bill/HB4043/2026
AZ,2110624,,Public safety parity fund,Public safety parity fund,2,2026-03-09,https://legiscan.com/AZ/bill/HB4044/2026
AZ,2111196,,Construction defects; repairs; replacements; reports,Construction defects; repairs; replacements; reports,1,2026-02-11,https://legiscan.com/AZ/bill/HB4045/2026
AZ,2111338,,Campaign finance; lobbyists; election funding,Campaign finance; lobbyists; election funding,1,2026-02-10,https://legiscan.com/AZ/bill/HB4046/2026
AZ,2111643,,Medical spas; licensure; regulation,Medical spas; licensure; regulation,1,2026-02-10,https://legiscan.com/AZ/bill/HB4047/2026
AZ,2111697,,Military children; special education; enrollment,Military children; special education; enrollment,1,2026-02-10,https://legiscan.com/AZ/bill/HB4048/2026
AZ,2111749,,Attorney general; legal counsel; exemption,Attorney general; legal counsel; exemption,2,2026-03-02,https://legiscan.com/AZ/bill/HB4049/2026
AZ,2111981,,Homeowners' associations; foreclosure process.,Homeowners' associations; foreclosure process.,1,2026-02-10,https://legiscan.com/AZ/bill/HB4050/2026
AZ,2111874,,Technical correction; seller; disclosure,Technical correction; seller; disclosure,0,,https://legiscan.com/AZ/bill/HB4051/2026
AZ,2111926,,ESAs; quarterly reports; expenses; prices,ESAs; quarterly reports; expenses; prices,0,,https://legiscan.com/AZ/bill/HB4052/2026
AZ,2111849,,High schools; elective credits; CTE,High schools; elective credits; CTE,1,2026-02-10,https://legiscan.com/AZ/bill/HB4053/2026
AZ,2111823,,Veterans' reinvestment fund; appropriation,Veterans' reinvestment fund; appropriation,1,2026-02-16,https://legiscan.com/AZ/bill/HB4054/2026
AZ,2111837,,Appropriation; veterans' services; mental health,Appropriation; veterans' services; mental health,1,2026-02-10,https://legiscan.com/AZ/bill/HB4055/2026
AZ,2111914,,Legislators; public records; fees; exemption,Legislators; public records; fees; exemption,2,2026-03-03,https://legiscan.com/AZ/bill/HB4056/2026
AZ,2111966,,Social media platforms; requirements; minors,Social media platforms; requirements; minors,1,2026-02-10,https://legiscan.com/AZ/bill/HB4057/2026
AZ,2111894,,Voting; ranking; ballot format,Voting; ranking; ballot format,0,,https://legiscan.com/AZ/bill/HB4058/2026
AZ,2111993,,Open primary election,Open primary election,0,,https://legiscan.com/AZ/bill/HB4059/2026
AZ,2111940,,Accessible early voting,Accessible early voting,0,,https://legiscan.com/AZ/bill/HB4060/2026
AZ,2111806,,Clean elections; statewide; legislative candidates,Clean elections; statewide; legislative candidates,1,2026-02-10,https://legiscan.com/AZ/bill/HB4061/2026
AZ,2111813,,Appropriation; Arizona historical society; operations,Appropriation; Arizona historical society; operations,1,2026-02-10,https://legiscan.com/AZ/bill/HB4062/2026
AZ,2111952,,Law enforcement agencies; study committee,Law enforcement agencies; study committee,1,2026-02-10,https://legiscan.com/AZ/bill/HB4063/2026
AZ,2112199,,Municipal improvement districts; petitions,Municipal improvement districts; petitions,2,2026-03-10,https://legiscan.com/AZ/bill/HB4064/2026
AZ,2112184,,DES; continuation,DES; continuation,1,2026-02-11,https://legiscan.com/AZ/bill/HB4065/2026
AZ,2112232,,Municipal development fees; proportional fees,Municipal development fees; proportional fees,1,2026-02-10,https://legiscan.com/AZ/bill/HB4066/2026
AZ,2112075,,Voter registration status; inactive,Voter registration status; inactive,2,2026-03-02,https://legiscan.com/AZ/bill/HB4067/2026
AZ,2112039,,Special plate; elk and wildlife,Special plate; elk and wildlife,1,2026-02-10,https://legiscan.com/AZ/bill/HB4068/2026
AZ,2112224,,Special plate: police service dogs,Special plate: police service dogs,1,2026-02-10,https://legiscan.com/AZ/bill/HB4069/2026
AZ,2112050,,Nonprofits; facilitation; trafficking offenses; penalties,Nonprofits; facilitation; trafficking offenses; penalties,2,2026-03-05,https://legiscan.com/AZ/bill/HB4070/2026
AZ,2112101,,Spousal maintenance; domestic violence,Spousal maintenance; domestic violence,1,2026-02-16,https://legiscan.com/AZ/bill/HB4071/2026
AZ,2112131,,Tattooing; body piercing; registration,Tattooing; body piercing; registration,1,2026-02-11,https://legiscan.com/AZ/bill/HB4072/2026
AZ,2112105,,Gestational surrogacy; agreements,Gestational surrogacy; agreements,1,2026-02-10,https://legiscan.com/AZ/bill/HB4073/2026
AZ,2112043,,Historic structures; improper demolition; penalties,Historic structures; improper demolition; penalties,1,2026-02-10,https://legiscan.com/AZ/bill/HB4074/2026
AZ,2112247,,Civil rights; right to vote,Civil rights; right to vote,1,2026-02-10,https://legiscan.com/AZ/bill/HB4075/2026
AZ,2112123,,Merchants; delivery of goods; warranty,Merchants; delivery of goods; warranty,1,2026-02-11,https://legiscan.com/AZ/bill/HB4076/2026
AZ,2112016,,ASDB; capital improvements; financing; authority.,ASDB; capital improvements; financing; authority.,1,2026-02-10,https://legiscan.com/AZ/bill/HB4077/2026
AZ,2112233,,Charter schools; employment contracts; publication,Charter schools; employment contracts; publication,0,,https://legiscan.com/AZ/bill/HB4078/2026
AZ,2112208,,Charter schools; closure; property transfer,Charter schools; closure; property transfer,1,2026-02-10,https://legiscan.com/AZ/bill/HB4079/2026
AZ,2112166,,Artificial intelligence; nursing tasks; pilot,Artificial intelligence; nursing tasks; pilot,0,,https://legiscan.com/AZ/bill/HB4080/2026
AZ,2112085,,Technical correction; revenue bond authority,Technical correction; revenue bond authority,0,,https://legiscan.com/AZ/bill/HB4081/2026
AZ,2112024,,Social media platforms; user restrictions,Social media platforms; user restrictions,1,2026-02-11,https://legiscan.com/AZ/bill/HB4082/2026
AZ,2112186,,Bailable offenses; requirements; release,Bailable offenses; requirements; release,1,2026-02-10,https://legiscan.com/AZ/bill/HB4083/2026
AZ,2112114,,Indigent defense fund; eviction cases,Indigent defense fund; eviction cases,1,2026-02-16,https://legiscan.com/AZ/bill/HB4084/2026
AZ,2112172,,Referral agencies; fees,Referral agencies; fees,1,2026-02-10,https://legiscan.com/AZ/bill/HB4085/2026
AZ,2112048,,Escrow agents; notice; property sale,Escrow agents; notice; property sale,1,2026-02-10,https://legiscan.com/AZ/bill/HB4086/2026
AZ,2112189,,Barbara Leff; memorial,Barbara Leff; memorial,2,2026-02-26,https://legiscan.com/AZ/bill/HB4087/2026
AZ,2112065,,Commercial motor vehicle; liability insurance,Commercial motor vehicle; liability insurance,1,2026-02-10,https://legiscan.com/AZ/bill/HB4088/2026
AZ,2112052,,Worker retention; requirements; state contracts,Worker retention; requirements; state contracts,1,2026-02-11,https://legiscan.com/AZ/bill/HB4089/2026
AZ,2112239,,Liquor licenses; issuance; prohibition,Liquor licenses; issuance; prohibition,1,2026-02-11,https://legiscan.com/AZ/bill/HB4090/2026
AZ,2112057,,Tribal government; law enforcement fund,Tribal government; law enforcement fund,1,2026-02-11,https://legiscan.com/AZ/bill/HB4091/2026
AZ,2112147,,Peace officers; cameras; disclosures; recordings,Peace officers; cameras; disclosures; recordings,1,2026-02-10,https://legiscan.com/AZ/bill/HB4092/2026
AZ,2112126,,Attorney general; immigration officers; violations,Attorney general; immigration officers; violations,1,2026-02-16,https://legiscan.com/AZ/bill/HB4093/2026
AZ,2112112,,Prisoners; release credits,Prisoners; release credits,1,2026-02-10,https://legiscan.com/AZ/bill/HB4094/2026
AZ,2112162,,Income tax; additional rate; education,Income tax; additional rate; education,1,2026-02-11,https://legiscan.com/AZ/bill/HB4095/2026
AZ,2112210,,Appropriation; diminished value; Phoenix; damages,Appropriation; diminished value; Phoenix; damages,1,2026-02-11,https://legiscan.com/AZ/bill/HB4096/2026
AZ,2112136,,Large customer energy supply,Large customer energy supply,1,2026-02-12,https://legiscan.com/AZ/bill/HB4097/2026
AZ,2112241,,Artificial intelligence business; attorney general,Artificial intelligence business; attorney general,1,2026-02-10,https://legiscan.com/AZ/bill/HB4098/2026
AZ,2112077,,Child care; state lottery fund,Child care; state lottery fund,1,2026-02-11,https://legiscan.com/AZ/bill/HB4099/2026
AZ,2112217,,Municipal water providers; notice; rates,Municipal water providers; notice; rates,1,2026-02-11,https://legiscan.com/AZ/bill/HB4100/2026
AZ,2112159,,DES; SNAP; waiver; prepared foods,DES; SNAP; waiver; prepared foods,1,2026-02-11,https://legiscan.com/AZ/bill/HB4101/2026
AZ,2112151,,Administrative procedures; revisions,Administrative procedures; revisions,1,2026-02-16,https://legiscan.com/AZ/bill/HB4102/2026
AZ,2112194,,School districts; property; bonding authority,School districts; property; bonding authority,2,2026-03-03,https://legiscan.com/AZ/bill/HB4103/2026
AZ,2112079,,Appropriation; Arizona arts trust fund,Appropriation; Arizona arts trust fund,1,2026-02-11,https://legiscan.com/AZ/bill/HB4104/2026
AZ,2112069,,School districts; policies; weapons; limitations,School districts; policies; weapons; limitations,1,2026-02-10,https://legiscan.com/AZ/bill/HB4105/2026
AZ,2112141,,One Arizona fellowship program,One Arizona fellowship program,1,2026-02-10,https://legiscan.com/AZ/bill/HB4106/2026
AZ,2112157,,School open enrollment; tribal students,School open enrollment; tribal students,1,2026-02-10,https://legiscan.com/AZ/bill/HB4107/2026
AZ,2112103,,Appropriation; irrigation grandfathered rights; retirement,Appropriation; irrigation grandfathered rights; retirement,1,2026-02-10,https://legiscan.com/AZ/bill/HB4108/2026
AZ,2112220,,Safety; school procedures; criminal classification,Safety; school procedures; criminal classification,2,2026-03-11,https://legiscan.com/AZ/bill/HB4109/2026
AZ,2112067,,Sheriff's officers; correctional officers; training,Sheriff's officers; correctional officers; training,1,2026-02-10,https://legiscan.com/AZ/bill/HB4110/2026
AZ,2112144,,Immigration; customs officers; body cameras,Immigration; customs officers; body cameras,1,2026-02-10,https://legiscan.com/AZ/bill/HB4111/2026
AZ,2112196,,Governing board members; training requirements,Governing board members; training requirements,1,2026-02-10,https://legiscan.com/AZ/bill/HB4112/2026
AZ,2112149,,ESAs; audits; transparency portal; reporting,ESAs; audits; transparency portal; reporting,0,,https://legiscan.com/AZ/bill/HB4113/2026
AZ,2112034,,Board members; qualifications; training requirements,Board members; qualifications; training requirements,1,2026-02-10,https://legiscan.com/AZ/bill/HB4114/2026
AZ,2112154,,Ballot measures; circulators; revenue; disclosure.,Ballot measures; circulators; revenue; disclosure.,5,2026-03-12,https://legiscan.com/AZ/bill/HB4115/2026
AZ,2112090,,TPT; use tax; exemption; batteries,TPT; use tax; exemption; batteries,1,2026-02-11,https://legiscan.com/AZ/bill/HB4116/2026
AZ,2112202,,Disturbing religious services; worship,Disturbing religious services; worship,2,2026-02-26,https://legiscan.com/AZ/bill/HB4117/2026
AZ,2112168,,Insurance; fraud unit; assessment; increase.,Insurance; fraud unit; assessment; increase.,1,2026-02-10,https://legiscan.com/AZ/bill/HB4118/2026
AZ,2112205,,Arizona jazz day,Arizona jazz day,1,2026-02-16,https://legiscan.com/AZ/bill/HB4119/2026
AZ,2112059,,ADE; high school graduates; verification,ADE; high school graduates; verification,1,2026-02-11,https://legiscan.com/AZ/bill/HB4120/2026
AZ,2112222,,Property tax; appeals; valuation; notice,Property tax; appeals; valuation; notice,1,2026-02-11,https://legiscan.com/AZ/bill/HB4121/2026
AZ,2112014,,Tenants; notice; fees; disclosure; remedies,Tenants; notice; fees; disclosure; remedies,1,2026-02-11,https://legiscan.com/AZ/bill/HB4122/2026
AZ,2112022,,Homelessness rights; criminal liability,Homelessness rights; criminal liability,1,2026-02-16,https://legiscan.com/AZ/bill/HB4123/2026
AZ,2112245,,Health insurance; pharmacy; reimbursement rates,Health insurance; pharmacy; reimbursement rates,1,2026-02-11,https://legiscan.com/AZ/bill/HB4124/2026
AZ,2112032,,Marriage; minimum age,Marriage; minimum age,0,,https://legiscan.com/AZ/bill/HB4125/2026
AZ,2112062,,Individual savings plan program; appropriation,Individual savings plan program; appropriation,1,2026-02-11,https://legiscan.com/AZ/bill/HB4126/2026
AZ,2112176,,Firearm transfers; offenses; domestic violence,Firearm transfers; offenses; domestic violence,1,2026-02-16,https://legiscan.com/AZ/bill/HB4127/2026
AZ,2112041,,Technical correction; adoption,Technical correction; adoption,0,,https://legiscan.com/AZ/bill/HB4128/2026
AZ,2112230,,DPS; mental health; wellness; appropriation,DPS; mental health; wellness; appropriation,1,2026-02-11,https://legiscan.com/AZ/bill/HB4129/2026
AZ,2112026,,Budgets; municipalities; amendments,Budgets; municipalities; amendments,2,2026-03-10,https://legiscan.com/AZ/bill/HB4130/2026
AZ,2112213,,Technical correction; veterans,Technical correction; veterans,0,,https://legiscan.com/AZ/bill/HB4131/2026
AZ,2112087,,ESAs; expenditures; enrollment; limitations.,ESAs; expenditures; enrollment; limitations.,0,,https://legiscan.com/AZ/bill/HB4132/2026
AZ,2112082,,Changing stations; public entities,Changing stations; public entities,1,2026-02-11,https://legiscan.com/AZ/bill/HB4133/2026
AZ,2112237,,Fire service station fund; appropriation,Fire service station fund; appropriation,1,2026-02-11,https://legiscan.com/AZ/bill/HB4134/2026
AZ,2112129,,Income tax; credit; child care,Income tax; credit; child care,1,2026-02-11,https://legiscan.com/AZ/bill/HB4135/2026
AZ,2112018,,Unlawful entry; vulnerable adults; vagrants,Unlawful entry; vulnerable adults; vagrants,1,2026-02-11,https://legiscan.com/AZ/bill/HB4136/2026
AZ,2112181,,African-American legislative day,African-American legislative day,1,2026-02-16,https://legiscan.com/AZ/bill/HB4137/2026
AZ,2060197,,Health workforce well-being day,Health workforce well-being day,4,2026-03-18,https://legiscan.com/AZ/bill/HR2001/2026
AZ,2070001,,Recognizing Judea and Samaria,Recognizing Judea and Samaria,4,2026-02-24,https://legiscan.com/AZ/bill/HR2002/2026
AZ,2083411,,Route 66 centennial,Route 66 centennial,4,2026-02-24,https://legiscan.com/AZ/bill/HR2003/2026
AZ,2104784,,Disapproval; attorney general; public statements,Disapproval; attorney general; public statements,4,2026-02-05,https://legiscan.com/AZ/bill/HR2004/2026
AZ,2112110,,Gun violence; public health crisis,Gun violence; public health crisis,0,,https://legiscan.com/AZ/bill/HR2005/2026
AZ,2118889,,Yvonne Fedderson; death resolution,Yvonne Fedderson; death resolution,4,2026-02-18,https://legiscan.com/AZ/bill/HR2006/2026
AZ,2132405,,Death resolution; Sheila Mattox,Death resolution; Sheila Mattox,4,2026-03-19,https://legiscan.com/AZ/bill/HR2007/2026
AZ,2052663,,Citizenship; identification; contributions; early voting,Citizenship; identification; contributions; early voting,2,2026-02-09,https://legiscan.com/AZ/bill/HCR2001/2026
AZ,2056663,,Legislature; lifetime term limits; salary,Legislature; lifetime term limits; salary,0,,https://legiscan.com/AZ/bill/HCR2002/2026
AZ,2060121,,Interscholastic; intramural athletics; biological sex,Interscholastic; intramural athletics; biological sex,2,2026-02-23,https://legiscan.com/AZ/bill/HCR2003/2026
AZ,2061247,,Photo enforcement systems; prohibition.,Photo enforcement systems; prohibition.,2,2026-03-03,https://legiscan.com/AZ/bill/HCR2004/2026
AZ,2061375,,Legislative session; adjournment,Legislative session; adjournment,2,2026-03-02,https://legiscan.com/AZ/bill/HCR2005/2026
AZ,2067140,,Environment; natural resources; preservation; maintenance,Environment; natural resources; preservation; maintenance,1,2026-01-22,https://legiscan.com/AZ/bill/HCR2006/2026
AZ,2069113,,Reporting; teacher salary increases; schools,Reporting; teacher salary increases; schools,1,2026-02-19,https://legiscan.com/AZ/bill/HCR2007/2026
AZ,2069090,,Education funding; teacher compensation program,Education funding; teacher compensation program,0,,https://legiscan.com/AZ/bill/HCR2008/2026
AZ,2069820,,Senior property valuation; application; income,Senior property valuation; application; income,1,2026-01-15,https://legiscan.com/AZ/bill/HCR2009/2026
AZ,2069802,,Medical records; parental rights,Medical records; parental rights,1,2026-01-15,https://legiscan.com/AZ/bill/HCR2010/2026
AZ,2071748,,Higher education; expenditures; appropriation; limits,Higher education; expenditures; appropriation; limits,1,2026-01-15,https://legiscan.com/AZ/bill/HCR2011/2026
AZ,2071913,,Annual taxes; technical correction,Annual taxes; technical correction,0,,https://legiscan.com/AZ/bill/HCR2012/2026
AZ,2072656,,Celebrate life month,Celebrate life month,2,2026-03-02,https://legiscan.com/AZ/bill/HCR2013/2026
AZ,2073840,,Legislature; terms; limits; lobbying,Legislature; terms; limits; lobbying,0,,https://legiscan.com/AZ/bill/HCR2014/2026
AZ,2079637,,Public schools; activity; nutrition; support,Public schools; activity; nutrition; support,2,2026-02-26,https://legiscan.com/AZ/bill/HCR2015/2026
AZ,2080343,,Voting centers; precinct voting,Voting centers; precinct voting,2,2026-02-23,https://legiscan.com/AZ/bill/HCR2016/2026
AZ,2079871,,Property tax; exemption; primary residence,Property tax; exemption; primary residence,1,2026-01-22,https://legiscan.com/AZ/bill/HCR2017/2026
AZ,2080134,,Municipal tax; exemption; food,Municipal tax; exemption; food,0,,https://legiscan.com/AZ/bill/HCR2018/2026
AZ,2080246,,Firearm sales; transfers; background checks,Firearm sales; transfers; background checks,1,2026-01-22,https://legiscan.com/AZ/bill/HCR2019/2026
AZ,2080100,,For-sale housing; development; groundwater replenishment,For-sale housing; development; groundwater replenishment,2,2026-02-26,https://legiscan.com/AZ/bill/HCR2020/2026
AZ,2081429,,Minimum wage; increase; definitions,Minimum wage; increase; definitions,1,2026-01-20,https://legiscan.com/AZ/bill/HCR2021/2026
AZ,2081350,,Right to work; repeal,Right to work; repeal,1,2026-01-20,https://legiscan.com/AZ/bill/HCR2022/2026
AZ,2080672,,Expenditure limitation; school districts; 2027-2028,Expenditure limitation; school districts; 2027-2028,1,2026-01-22,https://legiscan.com/AZ/bill/HCR2023/2026
AZ,2082344,,Constitutional right to vote,Constitutional right to vote,1,2026-01-22,https://legiscan.com/AZ/bill/HCR2024/2026
AZ,2081833,,Salary; legislators,Salary; legislators,1,2026-01-21,https://legiscan.com/AZ/bill/HCR2025/2026
AZ,2082007,,Controlled substances; paraphernalia; probation eligibility,Controlled substances; paraphernalia; probation eligibility,1,2026-01-21,https://legiscan.com/AZ/bill/HCR2026/2026
AZ,2081919,,In-state student status; postsecondary education,In-state student status; postsecondary education,1,2026-01-22,https://legiscan.com/AZ/bill/HCR2027/2026
AZ,2082410,,Permanent funds; land trust; distributions.,Permanent funds; land trust; distributions.,0,,https://legiscan.com/AZ/bill/HCR2028/2026
AZ,2082436,,Marijuana; unincorporated areas; reservations; prohibition,Marijuana; unincorporated areas; reservations; prohibition,0,,https://legiscan.com/AZ/bill/HCR2029/2026
AZ,2081853,,Technical correction; state school fund,Technical correction; state school fund,0,,https://legiscan.com/AZ/bill/HCR2030/2026
AZ,2082117,,Technical correction; state lands; price,Technical correction; state lands; price,0,,https://legiscan.com/AZ/bill/HCR2031/2026
AZ,2082572,,State trust lands; technical correction,State trust lands; technical correction,0,,https://legiscan.com/AZ/bill/HCR2032/2026
AZ,2082089,,Aircraft license tax; technical correction,Aircraft license tax; technical correction,0,,https://legiscan.com/AZ/bill/HCR2033/2026
AZ,2082566,,Schools; English language learners; requirements,Schools; English language learners; requirements,1,2026-01-22,https://legiscan.com/AZ/bill/HCR2034/2026
AZ,2082543,,School districts; aggregate expenditure limitation.,School districts; aggregate expenditure limitation.,1,2026-01-22,https://legiscan.com/AZ/bill/HCR2035/2026
AZ,2083284,,Ratification; equal rights amendment.,Ratification; equal rights amendment.,1,2026-01-21,https://legiscan.com/AZ/bill/HCR2036/2026
AZ,2082780,,Marijuana; conviction exclusion; cultivation,Marijuana; conviction exclusion; cultivation,0,,https://legiscan.com/AZ/bill/HCR2037/2026
AZ,2082724,,Colorado River; seven-state agreement,Colorado River; seven-state agreement,2,2026-02-26,https://legiscan.com/AZ/bill/HCR2038/2026
AZ,2082826,,Property tax; primary residences; exemptions,Property tax; primary residences; exemptions,1,2026-01-22,https://legiscan.com/AZ/bill/HCR2039/2026
AZ,2082665,,School districts; labor organizations; resources,School districts; labor organizations; resources,2,2026-03-02,https://legiscan.com/AZ/bill/HCR2040/2026
AZ,2083539,,Tuition rates; students; citizenship; requirements,Tuition rates; students; citizenship; requirements,1,2026-01-22,https://legiscan.com/AZ/bill/HCR2041/2026
AZ,2083455,,Expenditure limitation; school districts; repeal.,Expenditure limitation; school districts; repeal.,0,,https://legiscan.com/AZ/bill/HCR2042/2026
AZ,2083520,,Congressional term limits; convention,Congressional term limits; convention,2,2026-02-04,https://legiscan.com/AZ/bill/HCR2043/2026
AZ,2083495,,Preferential treatment; discrimination; prohibited acts,Preferential treatment; discrimination; prohibited acts,2,2026-02-26,https://legiscan.com/AZ/bill/HCR2044/2026
AZ,2089344,,Raúl Grijalva death resolution,Raúl Grijalva death resolution,4,2026-01-28,https://legiscan.com/AZ/bill/HCR2045/2026
AZ,2095714,,State land trust; best interest.,State land trust; best interest.,1,2026-02-04,https://legiscan.com/AZ/bill/HCR2046/2026
AZ,2101919,,Legitimacy; Judea and Samaria; recognition,Legitimacy; Judea and Samaria; recognition,2,2026-02-23,https://legiscan.com/AZ/bill/HCR2047/2026
AZ,2102159,,Elected officials; salary; prohibition,Elected officials; salary; prohibition,2,2026-03-02,https://legiscan.com/AZ/bill/HCR2048/2026
AZ,2106622,,Reporting; teacher salary increases; schools..,Reporting; teacher salary increases; schools..,0,,https://legiscan.com/AZ/bill/HCR2049/2026
AZ,2107293,,Education funding; teacher compensation program..,Education funding; teacher compensation program..,0,,https://legiscan.com/AZ/bill/HCR2050/2026
AZ,2109063,,Ballot measures; circulators; revenue; disclosure,Ballot measures; circulators; revenue; disclosure,2,2026-03-03,https://legiscan.com/AZ/bill/HCR2051/2026
AZ,2109337,,Rates; fees; taxes; increases; moratorium,Rates; fees; taxes; increases; moratorium,1,2026-02-09,https://legiscan.com/AZ/bill/HCR2052/2026
AZ,2109862,,Brad Brauer; death resolution,Brad Brauer; death resolution,0,,https://legiscan.com/AZ/bill/HCR2053/2026
AZ,2109891,,Sheila Mattox; death resolution,Sheila Mattox; death resolution,0,,https://legiscan.com/AZ/bill/HCR2054/2026
AZ,2111048,,Victor E. Hardy; death resolution,Victor E. Hardy; death resolution,4,2026-02-17,https://legiscan.com/AZ/bill/HCR2055/2026
AZ,2111799,,Medical mandates; right to refuse,Medical mandates; right to refuse,2,2026-03-02,https://legiscan.com/AZ/bill/HCR2056/2026
AZ,2111884,,Supporting geothermal energy,Supporting geothermal energy,2,2026-02-26,https://legiscan.com/AZ/bill/HCR2057/2026
AZ,2112095,,AHCCCS; comprehensive claims audit,AHCCCS; comprehensive claims audit,2,2026-03-03,https://legiscan.com/AZ/bill/HCR2058/2026
AZ,2112030,,County sheriffs; expressing support,County sheriffs; expressing support,2,2026-03-02,https://legiscan.com/AZ/bill/HCR2059/2026
AZ,2112121,,Honorable George Cunningham; death resolution,Honorable George Cunningham; death resolution,4,2026-02-19,https://legiscan.com/AZ/bill/HCR2060/2026
AZ,2112178,,State officeholders; dual citizenship; prohibition,State officeholders; dual citizenship; prohibition,1,2026-02-11,https://legiscan.com/AZ/bill/HCR2061/2026
AZ,2112139,,Same-sex marriage; constitutional right.,Same-sex marriage; constitutional right.,0,,https://legiscan.com/AZ/bill/HCR2062/2026
AZ,2118272,,Yvonne Fedderson; death resolution,Yvonne Fedderson; death resolution,0,,https://legiscan.com/AZ/bill/HCR2063/2026
AZ,2119206,,Barbara Leff; death resolution,Barbara Leff; death resolution,4,2026-03-09,https://legiscan.com/AZ/bill/HCR2064/2026
AZ,2052789,,Withdrawal; United Nations; urging Congress,Withdrawal; United Nations; urging Congress,4,2026-02-26,https://legiscan.com/AZ/bill/HM2001/2026
AZ,2052806,,USMCA; withdrawal; urging Congress,USMCA; withdrawal; urging Congress,1,2026-01-12,https://legiscan.com/AZ/bill/HM2002/2026
AZ,2052797,,Defund BIS; interim final rule,Defund BIS; interim final rule,1,2026-01-12,https://legiscan.com/AZ/bill/HM2003/2026
AZ,2052785,,Urging Congress to defund IMF,Urging Congress to defund IMF,1,2026-01-12,https://legiscan.com/AZ/bill/HM2004/2026
AZ,2054411,,Muslim Brotherhood; designation; terrorist organization,Muslim Brotherhood; designation; terrorist organization,2,2026-02-26,https://legiscan.com/AZ/bill/HCM2001/2026
AZ,2054470,,CAIR; terrorist organization; urging designation,CAIR; terrorist organization; urging designation,2,2026-02-26,https://legiscan.com/AZ/bill/HCM2002/2026
AZ,2066097,,Campaign finance; state authority,Campaign finance; state authority,1,2026-01-13,https://legiscan.com/AZ/bill/HCM2003/2026
AZ,2066114,,Urging Congress; repeal NVRA,Urging Congress; repeal NVRA,1,2026-01-12,https://legiscan.com/AZ/bill/HCM2004/2026
AZ,2067748,,Property ownership; communist country; restrictions,Property ownership; communist country; restrictions,2,2026-02-26,https://legiscan.com/AZ/bill/HCM2005/2026
AZ,2068939,,Endangered species act; urging reform,Endangered species act; urging reform,2,2026-02-26,https://legiscan.com/AZ/bill/HCM2006/2026
AZ,2079921,,State route 69; urge renaming,State route 69; urge renaming,2,2026-02-23,https://legiscan.com/AZ/bill/HCM2007/2026
AZ,2080571,,Gas tax elimination,Gas tax elimination,2,2026-03-02,https://legiscan.com/AZ/bill/HCM2008/2026
AZ,2083132,,Subsurface minerals; access; federal policy,Subsurface minerals; access; federal policy,2,2026-03-17,https://legiscan.com/AZ/bill/HCM2009/2026
AZ,2083148,,Constitutional amendment; U.S. senators; repeal,Constitutional amendment; U.S. senators; repeal,1,2026-01-22,https://legiscan.com/AZ/bill/HCM2010/2026
AZ,2101847,,Mexican wolf; delist; urging support,Mexican wolf; delist; urging support,2,2026-02-26,https://legiscan.com/AZ/bill/HCM2011/2026
AZ,2104052,,Leupp Road; renaming; Kachina Point,Leupp Road; renaming; Kachina Point,2,2026-03-04,https://legiscan.com/AZ/bill/HCM2012/2026
AZ,2104209,,Gold-backed trust bonds; urging authorization,Gold-backed trust bonds; urging authorization,1,2026-02-05,https://legiscan.com/AZ/bill/HCM2013/2026
AZ,2104027,,Arizona national monuments,Arizona national monuments,1,2026-02-16,https://legiscan.com/AZ/bill/HCM2014/2026
AZ,2111859,,Urging Congress; resources; fighting fentanyl,Urging Congress; resources; fighting fentanyl,0,,https://legiscan.com/AZ/bill/HCM2015/2026
AZ,2112117,,Chief Barboncito Highway; Route 191,Chief Barboncito Highway; Route 191,2,2026-03-10,https://legiscan.com/AZ/bill/HCM2016/2026
AZ,2112098,,Major Richard Star Act,Major Richard Star Act,1,2026-02-11,https://legiscan.com/AZ/bill/HCM2017/2026
AZ,2052809,,Appropriation; older individuals; blind,Appropriation; older individuals; blind,2,2026-03-11,https://legiscan.com/AZ/bill/SB1001/2026
AZ,2053925,,SNAP; TANF; public welfare; verification,SNAP; TANF; public welfare; verification,5,2026-02-20,https://legiscan.com/AZ/bill/SB1002/2026
AZ,2053963,,Elections; canvass; certification; acknowledgment,Elections; canvass; certification; acknowledgment,2,2026-02-23,https://legiscan.com/AZ/bill/SB1003/2026
AZ,2054105,,Excessive absences; exemptions,Excessive absences; exemptions,2,2026-03-02,https://legiscan.com/AZ/bill/SB1004/2026
AZ,2055110,,Cosmetics sales; animal testing; prohibitions,Cosmetics sales; animal testing; prohibitions,2,2026-03-03,https://legiscan.com/AZ/bill/SB1005/2026
AZ,2055153,,Campaign finance; aggregate report; amount,Campaign finance; aggregate report; amount,2,2026-02-23,https://legiscan.com/AZ/bill/SB1006/2026
AZ,2056022,,Sanitary districts; directors; payment,Sanitary districts; directors; payment,1,2026-01-12,https://legiscan.com/AZ/bill/SB1007/2026
AZ,2056157,,Bicycles; mobility devices; speed limits,Bicycles; mobility devices; speed limits,0,,https://legiscan.com/AZ/bill/SB1008/2026
AZ,2056674,,High school students; AED training,High school students; AED training,2,2026-03-16,https://legiscan.com/AZ/bill/SB1009/2026
AZ,2057477,,Charlie Kirk Loop 202,Charlie Kirk Loop 202,3,2026-03-25,https://legiscan.com/AZ/bill/SB1010/2026
AZ,2057753,,Medical examiners; sudden infant death,Medical examiners; sudden infant death,2,2026-03-17,https://legiscan.com/AZ/bill/SB1011/2026
AZ,2057597,,Concealed weapons; notice; repeal,Concealed weapons; notice; repeal,2,2026-03-09,https://legiscan.com/AZ/bill/SB1012/2026
AZ,2057817,,Public employees; merit; hiring practices,Public employees; merit; hiring practices,2,2026-03-02,https://legiscan.com/AZ/bill/SB1013/2026
AZ,2057687,,Insurance; gender surgeries; documentation; reports,Insurance; gender surgeries; documentation; reports,2,2026-03-18,https://legiscan.com/AZ/bill/SB1014/2026
AZ,2057575,,Gender transition procedures; provider liability,Gender transition procedures; provider liability,2,2026-02-23,https://legiscan.com/AZ/bill/SB1015/2026
AZ,2057708,,Employers; medical products; religious exemption,Employers; medical products; religious exemption,2,2026-03-18,https://legiscan.com/AZ/bill/SB1016/2026
AZ,2057620,,Informed consent; signatures,Informed consent; signatures,2,2026-03-17,https://legiscan.com/AZ/bill/SB1017/2026
AZ,2057643,,Foreign law; sharia law; prohibition,Foreign law; sharia law; prohibition,2,2026-03-02,https://legiscan.com/AZ/bill/SB1018/2026
AZ,2057797,,Public water systems; fluoride; prohibition,Public water systems; fluoride; prohibition,1,2026-01-12,https://legiscan.com/AZ/bill/SB1019/2026
AZ,2057775,,Special plate; Arizona space commission,Special plate; Arizona space commission,2,2026-02-12,https://legiscan.com/AZ/bill/SB1020/2026
AZ,2057731,,Chiropractic board; complaints; training; authority,Chiropractic board; complaints; training; authority,2,2026-03-02,https://legiscan.com/AZ/bill/SB1021/2026
AZ,2057665,,Public records; exemption; photos,Public records; exemption; photos,0,,https://legiscan.com/AZ/bill/SB1022/2026
AZ,2058361,,Optometrists; eye exams; prescriptions,Optometrists; eye exams; prescriptions,3,2026-03-25,https://legiscan.com/AZ/bill/SB1023/2026
AZ,2058544,,Roadable aircraft; registration; license plates,Roadable aircraft; registration; license plates,2,2026-02-24,https://legiscan.com/AZ/bill/SB1024/2026
AZ,2058508,,Science curricula; evolution; intelligent design,Science curricula; evolution; intelligent design,1,2026-01-12,https://legiscan.com/AZ/bill/SB1025/2026
AZ,2058525,,Alternative schools; continuous operations; requirements,Alternative schools; continuous operations; requirements,2,2026-02-25,https://legiscan.com/AZ/bill/SB1026/2026
AZ,2058861,,Public notices; government website posting,Public notices; government website posting,1,2026-01-12,https://legiscan.com/AZ/bill/SB1027/2026
AZ,2059137,,Firearms; homicide; mandatory destruction,Firearms; homicide; mandatory destruction,0,,https://legiscan.com/AZ/bill/SB1028/2026
AZ,2059338,,Candidate committees; posthumous closure,Candidate committees; posthumous closure,3,2026-03-25,https://legiscan.com/AZ/bill/SB1029/2026
AZ,2059273,,Noncitizen; alien; terminology,Noncitizen; alien; terminology,0,,https://legiscan.com/AZ/bill/SB1030/2026
AZ,2059368,,Immigration; law enforcement; repeal,Immigration; law enforcement; repeal,0,,https://legiscan.com/AZ/bill/SB1031/2026
AZ,2059496,,Appropriation; independent correctional oversight office,Appropriation; independent correctional oversight office,2,2026-02-12,https://legiscan.com/AZ/bill/SB1032/2026
AZ,2059539,,Local TPT; residential property; exemption,Local TPT; residential property; exemption,1,2026-01-12,https://legiscan.com/AZ/bill/SB1033/2026
AZ,2059520,,Animal abuse; database,Animal abuse; database,1,2026-01-12,https://legiscan.com/AZ/bill/SB1034/2026
AZ,2060246,,State department of corrections; appropriation,State department of corrections; appropriation,1,2026-01-12,https://legiscan.com/AZ/bill/SB1035/2026
AZ,2060421,,Unemployment benefits; requirements; disqualifications; determinations,Unemployment benefits; requirements; disqualifications; determinations,5,2026-02-20,https://legiscan.com/AZ/bill/SB1036/2026
AZ,2060439,,Voting; equipment; internet; custody; violation,Voting; equipment; internet; custody; violation,2,2026-02-23,https://legiscan.com/AZ/bill/SB1037/2026
AZ,2060447,,Cast vote record; public record,Cast vote record; public record,2,2026-02-17,https://legiscan.com/AZ/bill/SB1038/2026
AZ,2060434,,Attorney discipline investigations; costs,Attorney discipline investigations; costs,2,2026-02-25,https://legiscan.com/AZ/bill/SB1039/2026
AZ,2060426,,Voter registration rolls; internet access,Voter registration rolls; internet access,2,2026-02-23,https://legiscan.com/AZ/bill/SB1040/2026
AZ,2060492,,Appropriation; Arizona trail fund,Appropriation; Arizona trail fund,2,2026-03-05,https://legiscan.com/AZ/bill/SB1041/2026
AZ,2060471,,Public monies; investment; virtual currency,Public monies; investment; virtual currency,2,2026-02-25,https://legiscan.com/AZ/bill/SB1042/2026
AZ,2060570,,State agencies; virtual currency payments,State agencies; virtual currency payments,2,2026-02-25,https://legiscan.com/AZ/bill/SB1043/2026
AZ,2060457,,Property tax; exemption; virtual currency,Property tax; exemption; virtual currency,2,2026-02-25,https://legiscan.com/AZ/bill/SB1044/2026
AZ,2060508,,Blockchain technology; tax; fee; prohibition,Blockchain technology; tax; fee; prohibition,2,2026-02-25,https://legiscan.com/AZ/bill/SB1045/2026
AZ,2060514,,Telecommunications infrastructure; equipment requirements,Telecommunications infrastructure; equipment requirements,2,2026-03-16,https://legiscan.com/AZ/bill/SB1046/2026
AZ,2060557,,National guard; active duty; requirements,National guard; active duty; requirements,1,2026-01-12,https://legiscan.com/AZ/bill/SB1047/2026
AZ,2060484,,Appropriation; juvenile services; Coconino county,Appropriation; juvenile services; Coconino county,1,2026-01-12,https://legiscan.com/AZ/bill/SB1048/2026
AZ,2060521,,Spousal maintenance; income; property,Spousal maintenance; income; property,2,2026-02-23,https://legiscan.com/AZ/bill/SB1049/2026
AZ,2060527,,Veterans; lifetime state park pass,Veterans; lifetime state park pass,2,2026-03-18,https://legiscan.com/AZ/bill/SB1050/2026
AZ,2060463,,Hospitals; patient immigration status; reporting,Hospitals; patient immigration status; reporting,5,2026-02-20,https://legiscan.com/AZ/bill/SB1051/2026
AZ,2060542,,Assisted living; hyperbaric oxygen therapy,Assisted living; hyperbaric oxygen therapy,2,2026-02-25,https://legiscan.com/AZ/bill/SB1052/2026
AZ,2060549,,Concealed weapons permits; fees,Concealed weapons permits; fees,2,2026-02-23,https://legiscan.com/AZ/bill/SB1053/2026
AZ,2060564,,Municipalities; emergency measures; vote,Municipalities; emergency measures; vote,2,2026-03-18,https://legiscan.com/AZ/bill/SB1054/2026
AZ,2060534,,Arrestees; unlawfully present; reporting,Arrestees; unlawfully present; reporting,2,2026-02-23,https://legiscan.com/AZ/bill/SB1055/2026
AZ,2060654,,Budget unit; vacant positions; reporting,Budget unit; vacant positions; reporting,5,2026-02-20,https://legiscan.com/AZ/bill/SB1056/2026
AZ,2060624,,Fraud countermeasures; paper ballots,Fraud countermeasures; paper ballots,2,2026-02-23,https://legiscan.com/AZ/bill/SB1057/2026
AZ,2060643,,Firearms transactions; merchant codes; prohibition,Firearms transactions; merchant codes; prohibition,2,2026-02-23,https://legiscan.com/AZ/bill/SB1058/2026
AZ,2060664,,Appropriation; ADOT; turn lane,Appropriation; ADOT; turn lane,2,2026-02-24,https://legiscan.com/AZ/bill/SB1059/2026
AZ,2060609,,Voter registration; temporary absence,Voter registration; temporary absence,2,2026-02-23,https://legiscan.com/AZ/bill/SB1060/2026
AZ,2060657,,Fentanyl; sale amount; nine grams,Fentanyl; sale amount; nine grams,2,2026-02-24,https://legiscan.com/AZ/bill/SB1061/2026
AZ,2060603,,Appropriation; Route 60; intersection improvements,Appropriation; Route 60; intersection improvements,2,2026-03-19,https://legiscan.com/AZ/bill/SB1062/2026
AZ,2060631,,Appropriation; Route 70; safety improvements,Appropriation; Route 70; safety improvements,2,2026-03-19,https://legiscan.com/AZ/bill/SB1063/2026
AZ,2060617,,Appropriation; U.S. Route 66; improvements,Appropriation; U.S. Route 66; improvements,2,2026-03-19,https://legiscan.com/AZ/bill/SB1064/2026
AZ,2060661,,Appropriation; hyperbaric oxygen therapy; veterans,Appropriation; hyperbaric oxygen therapy; veterans,2,2026-03-19,https://legiscan.com/AZ/bill/SB1065/2026
AZ,2060649,,Civil liability; fraudulent scientific research,Civil liability; fraudulent scientific research,1,2026-01-15,https://legiscan.com/AZ/bill/SB1066/2026
AZ,2060606,,County abatement liens; notice; priority,County abatement liens; notice; priority,2,2026-02-27,https://legiscan.com/AZ/bill/SB1067/2026
AZ,2060626,,Disruption; educational institution; concealed weapon,Disruption; educational institution; concealed weapon,2,2026-02-25,https://legiscan.com/AZ/bill/SB1068/2026
AZ,2060668,,Prohibited weapons; muffling device; repeal,Prohibited weapons; muffling device; repeal,2,2026-02-24,https://legiscan.com/AZ/bill/SB1069/2026
AZ,2060641,,Trump Derangement Syndrome; research; report,Trump Derangement Syndrome; research; report,1,2026-01-12,https://legiscan.com/AZ/bill/SB1070/2026
AZ,2060701,,Arizona rangers; repeal,Arizona rangers; repeal,2,2026-03-23,https://legiscan.com/AZ/bill/SB1071/2026
AZ,2060722,,Reimbursement rate increases; appropriations,Reimbursement rate increases; appropriations,2,2026-03-11,https://legiscan.com/AZ/bill/SB1072/2026
AZ,2060772,,Speed limits; bicycles; sidewalk; paths,Speed limits; bicycles; sidewalk; paths,1,2026-01-12,https://legiscan.com/AZ/bill/SB1073/2026
AZ,2060782,,Classroom management; students; temporary removal,Classroom management; students; temporary removal,2,2026-02-25,https://legiscan.com/AZ/bill/SB1074/2026
AZ,2061048,,Foreign entities; land; review commission,Foreign entities; land; review commission,2,2026-02-24,https://legiscan.com/AZ/bill/SB1075/2026
AZ,2061089,,Vacation rentals; maximum number; distance,Vacation rentals; maximum number; distance,1,2026-01-12,https://legiscan.com/AZ/bill/SB1076/2026
AZ,2061056,,Interactive computer service; prostitution; violation,Interactive computer service; prostitution; violation,2,2026-03-02,https://legiscan.com/AZ/bill/SB1077/2026
AZ,2061107,,Public records; review standard,Public records; review standard,2,2026-02-25,https://legiscan.com/AZ/bill/SB1078/2026
AZ,2061177,,Firearms; mandatory destruction; homicides,Firearms; mandatory destruction; homicides,1,2026-01-12,https://legiscan.com/AZ/bill/SB1079/2026
AZ,2061156,,School districts; property; housing developments,School districts; property; housing developments,1,2026-01-12,https://legiscan.com/AZ/bill/SB1080/2026
AZ,2061257,,DCS cases; attorney appearances,DCS cases; attorney appearances,2,2026-03-03,https://legiscan.com/AZ/bill/SB1081/2026
AZ,2061306,,Petting zoos; handwashing; supervision,Petting zoos; handwashing; supervision,1,2026-01-12,https://legiscan.com/AZ/bill/SB1082/2026
AZ,2061321,,Homeowner's associations; address lights,Homeowner's associations; address lights,2,2026-02-12,https://legiscan.com/AZ/bill/SB1083/2026
AZ,2064965,,Online home sharing; repeal,Online home sharing; repeal,1,2026-01-12,https://legiscan.com/AZ/bill/SB1084/2026
AZ,2065285,,Public records; hiring process documents,Public records; hiring process documents,1,2026-01-12,https://legiscan.com/AZ/bill/SB1085/2026
AZ,2065236,,AHCCCS; noncontracting providers; reimbursement,AHCCCS; noncontracting providers; reimbursement,2,2026-03-16,https://legiscan.com/AZ/bill/SB1086/2026
AZ,2065260,,Helium exploration; aquifer protection permit,Helium exploration; aquifer protection permit,1,2026-01-12,https://legiscan.com/AZ/bill/SB1087/2026
AZ,2065309,,Appropriation; Arizona homeland security; cybersecurity,Appropriation; Arizona homeland security; cybersecurity,2,2026-03-19,https://legiscan.com/AZ/bill/SB1088/2026
AZ,2065611,,Technical correction; juvenile court; records,Technical correction; juvenile court; records,1,2026-01-12,https://legiscan.com/AZ/bill/SB1089/2026
AZ,2065633,,Savings and loan; technical correction,Savings and loan; technical correction,1,2026-01-12,https://legiscan.com/AZ/bill/SB1090/2026
AZ,2065589,,Public offices; holidays; technical correction,Public offices; holidays; technical correction,1,2026-01-12,https://legiscan.com/AZ/bill/SB1091/2026
AZ,2065677,,Dangerous crimes against children; probation,Dangerous crimes against children; probation,2,2026-03-04,https://legiscan.com/AZ/bill/SB1092/2026
AZ,2065927,,Riot; planning; participation; racketeering,Riot; planning; participation; racketeering,2,2026-02-23,https://legiscan.com/AZ/bill/SB1093/2026
AZ,2065873,,Civil liability; gender reassignment surgery,Civil liability; gender reassignment surgery,2,2026-02-27,https://legiscan.com/AZ/bill/SB1094/2026
AZ,2065907,,Gender transition; minors; prohibitions,Gender transition; minors; prohibitions,2,2026-02-23,https://legiscan.com/AZ/bill/SB1095/2026
AZ,2066682,,Religious institutions; allowed use; zoning,Religious institutions; allowed use; zoning,1,2026-01-12,https://legiscan.com/AZ/bill/SB1096/2026
AZ,2066565,,Appropriation; named claimants,Appropriation; named claimants,2,2026-02-19,https://legiscan.com/AZ/bill/SB1097/2026
AZ,2066921,,Climate; weather; modification; prohibition; penalties,Climate; weather; modification; prohibition; penalties,1,2026-01-12,https://legiscan.com/AZ/bill/SB1098/2026
AZ,2067525,,Defamation; elements,Defamation; elements,2,2026-02-27,https://legiscan.com/AZ/bill/SB1099/2026
AZ,2067568,,Patient rights; health care services,Patient rights; health care services,2,2026-02-27,https://legiscan.com/AZ/bill/SB1100/2026
AZ,2067483,,Pilot programs; STEM teachers; districts,Pilot programs; STEM teachers; districts,1,2026-01-12,https://legiscan.com/AZ/bill/SB1101/2026
AZ,2067880,,Early childhood education; providers; appropriation,Early childhood education; providers; appropriation,1,2026-01-12,https://legiscan.com/AZ/bill/SB1102/2026
AZ,2068499,,Alternative nicotine products; regulation,Alternative nicotine products; regulation,1,2026-01-15,https://legiscan.com/AZ/bill/SB1103/2026
AZ,2068801,,Justice courts; actions against veterinarians,Justice courts; actions against veterinarians,1,2026-01-15,https://legiscan.com/AZ/bill/SB1104/2026
AZ,2068650,,Rental; accessory dwelling units; prohibition,Rental; accessory dwelling units; prohibition,1,2026-01-15,https://legiscan.com/AZ/bill/SB1105/2026
AZ,2068574,,Internal revenue code; conformity; deductions,Internal revenue code; conformity; deductions,5,2026-01-16,https://legiscan.com/AZ/bill/SB1106/2026
AZ,2069538,,Peace officer certification; alternative pathway,Peace officer certification; alternative pathway,2,2026-02-12,https://legiscan.com/AZ/bill/SB1107/2026
AZ,2069636,,Cash transactions; mandatory rounding method,Cash transactions; mandatory rounding method,1,2026-01-15,https://legiscan.com/AZ/bill/SB1108/2026
AZ,2069942,,Transition program; eligibility; dangerous offenses,Transition program; eligibility; dangerous offenses,1,2026-01-20,https://legiscan.com/AZ/bill/SB1109/2026
AZ,2070083,,Home confinement; eligibility; electronic monitoring.,Home confinement; eligibility; electronic monitoring.,2,2026-03-03,https://legiscan.com/AZ/bill/SB1110/2026
AZ,2069969,,License plate readers; privacy; violations,License plate readers; privacy; violations,1,2026-01-15,https://legiscan.com/AZ/bill/SB1111/2026
AZ,2070086,,Mental health; hearings; acquaintance witnesses,Mental health; hearings; acquaintance witnesses,2,2026-03-02,https://legiscan.com/AZ/bill/SB1112/2026
AZ,2070052,,Service of process; evaluation agencies,Service of process; evaluation agencies,2,2026-02-27,https://legiscan.com/AZ/bill/SB1113/2026
AZ,2070023,,Appropriation; behavioral health patient brokering,Appropriation; behavioral health patient brokering,2,2026-02-27,https://legiscan.com/AZ/bill/SB1114/2026
AZ,2069973,,AHCCCS; remote work; prohibition,AHCCCS; remote work; prohibition,2,2026-02-25,https://legiscan.com/AZ/bill/SB1115/2026
AZ,2070065,,AHCCCS; claims review; behavioral health,AHCCCS; claims review; behavioral health,2,2026-03-02,https://legiscan.com/AZ/bill/SB1116/2026
AZ,2070055,,Appropriation; DPS crime lab,Appropriation; DPS crime lab,1,2026-01-15,https://legiscan.com/AZ/bill/SB1117/2026
AZ,2070068,,Rural hospitals; radiation protection grants,Rural hospitals; radiation protection grants,2,2026-03-05,https://legiscan.com/AZ/bill/SB1118/2026
AZ,2069929,,State parks; admission fees; exemption,State parks; admission fees; exemption,1,2026-01-15,https://legiscan.com/AZ/bill/SB1119/2026
AZ,2070030,,Radiation protection systems; installation requirement,Radiation protection systems; installation requirement,2,2026-03-02,https://legiscan.com/AZ/bill/SB1120/2026
AZ,2070106,,Radiation protection systems; medical procedures,Radiation protection systems; medical procedures,2,2026-03-02,https://legiscan.com/AZ/bill/SB1121/2026
AZ,2070096,,AHCCCS; prior authorization; behavioral health,AHCCCS; prior authorization; behavioral health,2,2026-02-27,https://legiscan.com/AZ/bill/SB1122/2026
AZ,2070014,,Medical examiners; authorized persons,Medical examiners; authorized persons,2,2026-02-10,https://legiscan.com/AZ/bill/SB1123/2026
AZ,2070129,,Health boards; evaluations; notice,Health boards; evaluations; notice,2,2026-02-27,https://legiscan.com/AZ/bill/SB1124/2026
AZ,2069993,,DCS; memorandum of understanding; tribes,DCS; memorandum of understanding; tribes,2,2026-02-10,https://legiscan.com/AZ/bill/SB1125/2026
AZ,2070078,,DCS caseworkers; schools; required disclosures,DCS caseworkers; schools; required disclosures,2,2026-02-16,https://legiscan.com/AZ/bill/SB1126/2026
AZ,2070124,,Duty to report; abuse; neglect,Duty to report; abuse; neglect,2,2026-02-24,https://legiscan.com/AZ/bill/SB1127/2026
AZ,2070073,,Study committee; scrap metal theft,Study committee; scrap metal theft,2,2026-02-24,https://legiscan.com/AZ/bill/SB1128/2026
AZ,2070145,,Occupational disease; proximate cause; melanoma,Occupational disease; proximate cause; melanoma,1,2026-01-15,https://legiscan.com/AZ/bill/SB1129/2026
AZ,2069935,,Property tax; exemption; widows; widowers,Property tax; exemption; widows; widowers,1,2026-01-15,https://legiscan.com/AZ/bill/SB1130/2026
AZ,2070100,,Public schools; automated defibrillators; appropriation,Public schools; automated defibrillators; appropriation,2,2026-03-05,https://legiscan.com/AZ/bill/SB1131/2026
AZ,2070027,,Appropriation; Arizona state hospital,Appropriation; Arizona state hospital,1,2026-01-15,https://legiscan.com/AZ/bill/SB1132/2026
AZ,2069948,,Candidate financial disclosures; public officers,Candidate financial disclosures; public officers,2,2026-02-17,https://legiscan.com/AZ/bill/SB1133/2026
AZ,2070019,,Political signs; dates,Political signs; dates,2,2026-03-10,https://legiscan.com/AZ/bill/SB1134/2026
AZ,2070043,,Death benefits; burial costs,Death benefits; burial costs,2,2026-02-27,https://legiscan.com/AZ/bill/SB1135/2026
AZ,2070092,,Workers' compensation; death benefits; remarriage,Workers' compensation; death benefits; remarriage,2,2026-03-03,https://legiscan.com/AZ/bill/SB1136/2026
AZ,2071109,,Underground facilities; excavations; notification,Underground facilities; excavations; notification,2,2026-02-25,https://legiscan.com/AZ/bill/SB1137/2026
AZ,2071281,,Automated license plate readers,Automated license plate readers,1,2026-01-15,https://legiscan.com/AZ/bill/SB1138/2026
AZ,2071447,,Family court; therapeutic intervention; experts,Family court; therapeutic intervention; experts,2,2026-02-25,https://legiscan.com/AZ/bill/SB1139/2026
AZ,2071090,,Expungement of misdemeanor records,Expungement of misdemeanor records,2,2026-03-05,https://legiscan.com/AZ/bill/SB1140/2026
AZ,2071218,,Presidential electors; presidential candidates; vacancy,Presidential electors; presidential candidates; vacancy,2,2026-02-23,https://legiscan.com/AZ/bill/SB1141/2026
AZ,2071426,,Federal tax credit; authorization; scholarships,Federal tax credit; authorization; scholarships,2,2026-02-25,https://legiscan.com/AZ/bill/SB1142/2026
AZ,2071048,,Public schools; safety; reporting requirements,Public schools; safety; reporting requirements,2,2026-02-25,https://legiscan.com/AZ/bill/SB1143/2026
AZ,2071344,,Veterinary technicians; certification; education alternative,Veterinary technicians; certification; education alternative,2,2026-02-25,https://legiscan.com/AZ/bill/SB1144/2026
AZ,2071302,,Behavior analysts; committee; regulatory authority,Behavior analysts; committee; regulatory authority,2,2026-02-10,https://legiscan.com/AZ/bill/SB1145/2026
AZ,2071365,,DCS; periodic review hearing; report,DCS; periodic review hearing; report,2,2026-03-03,https://legiscan.com/AZ/bill/SB1146/2026
AZ,2071197,,Family court; post decree; experts,Family court; post decree; experts,2,2026-02-25,https://legiscan.com/AZ/bill/SB1147/2026
AZ,2071469,,Supreme court; attorney licensing,Supreme court; attorney licensing,2,2026-02-25,https://legiscan.com/AZ/bill/SB1148/2026
AZ,2071510,,DCS; periodic review hearings,DCS; periodic review hearings,2,2026-02-25,https://legiscan.com/AZ/bill/SB1149/2026
AZ,2071028,,Family court; judicial training,Family court; judicial training,1,2026-01-15,https://legiscan.com/AZ/bill/SB1150/2026
AZ,2071700,,Homeowners' associations; open meetings,Homeowners' associations; open meetings,1,2026-01-15,https://legiscan.com/AZ/bill/SB1151/2026
AZ,2071537,,Immigration verification; public benefits; asylum,Immigration verification; public benefits; asylum,1,2026-01-15,https://legiscan.com/AZ/bill/SB1152/2026
AZ,2071557,,Special plate; Grand Canyon,Special plate; Grand Canyon,2,2026-02-19,https://legiscan.com/AZ/bill/SB1153/2026
AZ,2071866,,Appropriation; State Route 64; study,Appropriation; State Route 64; study,2,2026-03-19,https://legiscan.com/AZ/bill/SB1154/2026
AZ,2071815,,G&F; complimentary licenses; veterans,G&F; complimentary licenses; veterans,1,2026-01-15,https://legiscan.com/AZ/bill/SB1155/2026
AZ,2071546,,Appropriation; short-term detention holds,Appropriation; short-term detention holds,2,2026-03-19,https://legiscan.com/AZ/bill/SB1156/2026
AZ,2071552,,Appropriation; fencing; border; high-crossing areas,Appropriation; fencing; border; high-crossing areas,2,2026-03-19,https://legiscan.com/AZ/bill/SB1157/2026
AZ,2071823,,Dispute resolution process; real estate,Dispute resolution process; real estate,1,2026-01-15,https://legiscan.com/AZ/bill/SB1158/2026
AZ,2073089,,Health insurers; savings incentive program,Health insurers; savings incentive program,1,2026-01-15,https://legiscan.com/AZ/bill/SB1159/2026
AZ,2072785,,Drones; entertainment events; prohibition,Drones; entertainment events; prohibition,2,2026-02-23,https://legiscan.com/AZ/bill/SB1160/2026
AZ,2072700,,Appropriation; lapsing exemption; Yuma county,Appropriation; lapsing exemption; Yuma county,2,2026-03-05,https://legiscan.com/AZ/bill/SB1161/2026
AZ,2073456,,Health care institutions; licensing; compliance,Health care institutions; licensing; compliance,2,2026-03-02,https://legiscan.com/AZ/bill/SB1162/2026
AZ,2073561,,Municipalities; budgets; amendments,Municipalities; budgets; amendments,1,2026-01-15,https://legiscan.com/AZ/bill/SB1163/2026
AZ,2073438,,ALTCS; providers; change of ownership,ALTCS; providers; change of ownership,2,2026-03-03,https://legiscan.com/AZ/bill/SB1164/2026
AZ,2073806,,Insurance; cost sharing; breast exams,Insurance; cost sharing; breast exams,2,2026-03-02,https://legiscan.com/AZ/bill/SB1165/2026
AZ,2073683,,Accommodation schools; high school equivalency,Accommodation schools; high school equivalency,2,2026-02-24,https://legiscan.com/AZ/bill/SB1166/2026
AZ,2073769,,Cities; towns; counties; posting; website,Cities; towns; counties; posting; website,2,2026-02-24,https://legiscan.com/AZ/bill/SB1167/2026
AZ,2073822,,Ballots; categories; count,Ballots; categories; count,2,2026-02-23,https://legiscan.com/AZ/bill/SB1168/2026
AZ,2078303,,Appropriations; graduate medical education program,Appropriations; graduate medical education program,2,2026-03-11,https://legiscan.com/AZ/bill/SB1169/2026
AZ,2079528,,Narcotic drugs; sales; minor; sentencing,Narcotic drugs; sales; minor; sentencing,2,2026-03-17,https://legiscan.com/AZ/bill/SB1170/2026
AZ,2078410,,AHCCCS; dual enrollment; notice,AHCCCS; dual enrollment; notice,2,2026-02-24,https://legiscan.com/AZ/bill/SB1171/2026
AZ,2078824,,DCS; intake hotline; multiple reports,DCS; intake hotline; multiple reports,2,2026-02-17,https://legiscan.com/AZ/bill/SB1172/2026
AZ,2078494,,Behavioral health facilities; fingerprinting,Behavioral health facilities; fingerprinting,2,2026-03-17,https://legiscan.com/AZ/bill/SB1173/2026
AZ,2078658,,DCS; intake hotline: case history,DCS; intake hotline: case history,2,2026-02-24,https://legiscan.com/AZ/bill/SB1174/2026
AZ,2078440,,DCS caseworkers; investigations; child photographs,DCS caseworkers; investigations; child photographs,2,2026-02-17,https://legiscan.com/AZ/bill/SB1175/2026
AZ,2078710,,Stormwater storage; replenishment credits,Stormwater storage; replenishment credits,2,2026-02-27,https://legiscan.com/AZ/bill/SB1176/2026
AZ,2078902,,Public monies; gender transition; prohibition,Public monies; gender transition; prohibition,2,2026-03-18,https://legiscan.com/AZ/bill/SB1177/2026
AZ,2079124,,Naturopathic physicians; drug administration,Naturopathic physicians; drug administration,2,2026-03-02,https://legiscan.com/AZ/bill/SB1178/2026
AZ,2078550,,Group home monitoring program; continuation,Group home monitoring program; continuation,2,2026-03-02,https://legiscan.com/AZ/bill/SB1179/2026
AZ,2079014,,DOR; income tax forms; conformity,DOR; income tax forms; conformity,2,2026-02-24,https://legiscan.com/AZ/bill/SB1180/2026
AZ,2079452,,Certified public accountants; certification; alternative,Certified public accountants; certification; alternative,2,2026-02-27,https://legiscan.com/AZ/bill/SB1181/2026
AZ,2078277,,Underrepresented communities; instruction; public schools,Underrepresented communities; instruction; public schools,1,2026-01-20,https://legiscan.com/AZ/bill/SB1182/2026
AZ,2079317,,Accessory dwelling units; fire sprinklers,Accessory dwelling units; fire sprinklers,1,2026-01-20,https://legiscan.com/AZ/bill/SB1183/2026
AZ,2080275,,HOAs; uniformed services division flags,HOAs; uniformed services division flags,2,2026-02-25,https://legiscan.com/AZ/bill/SB1184/2026
AZ,2079876,,Public notices; publication; errors; omissions,Public notices; publication; errors; omissions,1,2026-01-20,https://legiscan.com/AZ/bill/SB1185/2026
AZ,2080242,,Document retention; proposals; donations,Document retention; proposals; donations,2,2026-03-02,https://legiscan.com/AZ/bill/SB1186/2026
AZ,2079937,,Active management areas; technical correction,Active management areas; technical correction,0,,https://legiscan.com/AZ/bill/SB1187/2026
AZ,2080311,,Approved medications; scheduling; prescription authority,Approved medications; scheduling; prescription authority,2,2026-02-24,https://legiscan.com/AZ/bill/SB1188/2026
AZ,2080257,,Campaign spending; personal security,Campaign spending; personal security,2,2026-02-16,https://legiscan.com/AZ/bill/SB1189/2026
AZ,2080111,,Registrar of contractors; successors; discipline,Registrar of contractors; successors; discipline,1,2026-01-20,https://legiscan.com/AZ/bill/SB1190/2026
AZ,2080120,,Medicare supplement insurance; ALS; ESRD.,Medicare supplement insurance; ALS; ESRD.,1,2026-01-20,https://legiscan.com/AZ/bill/SB1191/2026
AZ,2080445,,License exemption; basic first aid.,License exemption; basic first aid.,2,2026-02-27,https://legiscan.com/AZ/bill/SB1192/2026
AZ,2080333,,Personal identifying information; disclosure; prohibition,Personal identifying information; disclosure; prohibition,2,2026-02-25,https://legiscan.com/AZ/bill/SB1193/2026
AZ,2080423,,Vaccination status; denial; prohibition,Vaccination status; denial; prohibition,2,2026-03-18,https://legiscan.com/AZ/bill/SB1194/2026
AZ,2081159,,Appropriation; legal assistance services aid,Appropriation; legal assistance services aid,1,2026-01-20,https://legiscan.com/AZ/bill/SB1195/2026
AZ,2081586,,Technical correction; child hearing programs,Technical correction; child hearing programs,0,,https://legiscan.com/AZ/bill/SB1196/2026
AZ,2081866,,Subsequent AMAs; groundwater portability,Subsequent AMAs; groundwater portability,1,2026-01-20,https://legiscan.com/AZ/bill/SB1197/2026
AZ,2081880,,Arizona beef council; continuation,Arizona beef council; continuation,2,2026-02-12,https://legiscan.com/AZ/bill/SB1198/2026
AZ,2081716,,Veterinary medical examining board; continuation,Veterinary medical examining board; continuation,2,2026-02-27,https://legiscan.com/AZ/bill/SB1199/2026
AZ,2082320,,Assured water supply; certificate; model.,Assured water supply; certificate; model.,2,2026-02-27,https://legiscan.com/AZ/bill/SB1200/2026
AZ,2082415,,Long-term storage credits; shortage; prohibition.,Long-term storage credits; shortage; prohibition.,1,2026-01-20,https://legiscan.com/AZ/bill/SB1201/2026
AZ,2081790,,Supply and demand; assessment; groundwater.,Supply and demand; assessment; groundwater.,2,2026-02-24,https://legiscan.com/AZ/bill/SB1202/2026
AZ,2081674,,Income tax; subtractions; standard deduction.,Income tax; subtractions; standard deduction.,1,2026-01-20,https://legiscan.com/AZ/bill/SB1203/2026
AZ,2082066,,Appropriation; U.S. 60; SR 303,Appropriation; U.S. 60; SR 303,2,2026-03-19,https://legiscan.com/AZ/bill/SB1204/2026
AZ,2082392,,Motor vehicle booting; fees; regulation,Motor vehicle booting; fees; regulation,2,2026-02-25,https://legiscan.com/AZ/bill/SB1205/2026
AZ,2081606,,Storm related insurance claims; adjusters,Storm related insurance claims; adjusters,2,2026-03-10,https://legiscan.com/AZ/bill/SB1206/2026
AZ,2082242,,Appropriation; study; transportation infrastructure,Appropriation; study; transportation infrastructure,2,2026-03-19,https://legiscan.com/AZ/bill/SB1207/2026
AZ,2081649,,Lifetime probation; early termination,Lifetime probation; early termination,1,2026-01-20,https://legiscan.com/AZ/bill/SB1208/2026
AZ,2082460,,Nonoperating identification; fees; homeless exemption,Nonoperating identification; fees; homeless exemption,2,2026-03-05,https://legiscan.com/AZ/bill/SB1209/2026
AZ,2081635,,Private postsecondary education; nondomiciled institutions,Private postsecondary education; nondomiciled institutions,2,2026-02-19,https://legiscan.com/AZ/bill/SB1210/2026
AZ,2082260,,Aggravated harassment; lifetime injunctions,Aggravated harassment; lifetime injunctions,3,2026-03-25,https://legiscan.com/AZ/bill/SB1211/2026
AZ,2082373,,Health insurance; reimbursement rates; vaccines,Health insurance; reimbursement rates; vaccines,2,2026-03-10,https://legiscan.com/AZ/bill/SB1212/2026
AZ,2082534,,Probation; immigration enforcement; court notification,Probation; immigration enforcement; court notification,2,2026-03-09,https://legiscan.com/AZ/bill/SB1213/2026
AZ,2081679,,Stem cells; regenerative therapy,Stem cells; regenerative therapy,2,2026-03-04,https://legiscan.com/AZ/bill/SB1214/2026
AZ,2082562,,Firefighters; occupational disease; cancers,Firefighters; occupational disease; cancers,2,2026-03-02,https://legiscan.com/AZ/bill/SB1215/2026
AZ,2082165,,Traumatic event counseling,Traumatic event counseling,2,2026-02-27,https://legiscan.com/AZ/bill/SB1216/2026
AZ,2081818,,Water supply development fund; cap,Water supply development fund; cap,0,,https://legiscan.com/AZ/bill/SB1217/2026
AZ,2081660,,Abortion; repeals,Abortion; repeals,1,2026-01-20,https://legiscan.com/AZ/bill/SB1218/2026
AZ,2082126,,Unborn children; rights; privileges; repeal,Unborn children; rights; privileges; repeal,1,2026-01-20,https://legiscan.com/AZ/bill/SB1219/2026
AZ,2081724,,Abortion; notarized consent; repeal,Abortion; notarized consent; repeal,1,2026-01-20,https://legiscan.com/AZ/bill/SB1220/2026
AZ,2082133,,Tax laws; interpretation; application; hearing,Tax laws; interpretation; application; hearing,2,2026-02-24,https://legiscan.com/AZ/bill/SB1221/2026
AZ,2081630,,Light rail; public monies; prohibition,Light rail; public monies; prohibition,1,2026-01-20,https://legiscan.com/AZ/bill/SB1222/2026
AZ,2083216,,Authorized transporters; minimum standards; registration,Authorized transporters; minimum standards; registration,1,2026-01-20,https://legiscan.com/AZ/bill/SB1223/2026
AZ,2082948,,DES; child care; pilot program,DES; child care; pilot program,1,2026-01-20,https://legiscan.com/AZ/bill/SB1224/2026
AZ,2083128,,Pharmacies; cost sharing requirement; rebates,Pharmacies; cost sharing requirement; rebates,1,2026-01-20,https://legiscan.com/AZ/bill/SB1225/2026
AZ,2082687,,Pricing; covered goods; requirements.,Pricing; covered goods; requirements.,1,2026-01-20,https://legiscan.com/AZ/bill/SB1226/2026
AZ,2083053,,Prior authorization; gold card exemption,Prior authorization; gold card exemption,1,2026-01-20,https://legiscan.com/AZ/bill/SB1227/2026
AZ,2082887,,Health insurers; provisional provider credentialing,Health insurers; provisional provider credentialing,1,2026-01-20,https://legiscan.com/AZ/bill/SB1228/2026
AZ,2083272,,Early voting; identification; emergency voting,Early voting; identification; emergency voting,1,2026-01-20,https://legiscan.com/AZ/bill/SB1229/2026
AZ,2082721,,Motor vehicle dealer; advertising; restriction,Motor vehicle dealer; advertising; restriction,1,2026-01-20,https://legiscan.com/AZ/bill/SB1230/2026
AZ,2082809,,Firearms; mandatory destruction; criminal offenses,Firearms; mandatory destruction; criminal offenses,1,2026-01-20,https://legiscan.com/AZ/bill/SB1231/2026
AZ,2082860,,Signs; military compatibility permit zoning,Signs; military compatibility permit zoning,2,2026-02-27,https://legiscan.com/AZ/bill/SB1232/2026
AZ,2084316,,Administrative deficiencies; cure period,Administrative deficiencies; cure period,2,2026-02-25,https://legiscan.com/AZ/bill/SB1233/2026
AZ,2084636,,Juvenile court proceedings; appointment; attorney,Juvenile court proceedings; appointment; attorney,2,2026-03-17,https://legiscan.com/AZ/bill/SB1234/2026
AZ,2086322,,EMS reciprocity; compact.,EMS reciprocity; compact.,2,2026-03-03,https://legiscan.com/AZ/bill/SB1235/2026
AZ,2087313,,AHCCCS; enrollment verification; presumptive eligibility.,AHCCCS; enrollment verification; presumptive eligibility.,1,2026-01-21,https://legiscan.com/AZ/bill/SB1236/2026
AZ,2086542,,Election procedures manual; consultation,Election procedures manual; consultation,2,2026-02-23,https://legiscan.com/AZ/bill/SB1237/2026
AZ,2087363,,Physician assistants; licensure compact.,Physician assistants; licensure compact.,1,2026-01-21,https://legiscan.com/AZ/bill/SB1238/2026
AZ,2086430,,Sex offenders; statute of limitations,Sex offenders; statute of limitations,2,2026-03-03,https://legiscan.com/AZ/bill/SB1239/2026
AZ,2086517,,Probation success incentive payments; calculation,Probation success incentive payments; calculation,2,2026-03-03,https://legiscan.com/AZ/bill/SB1240/2026
AZ,2086462,,Municipalities; counties; private permitting providers,Municipalities; counties; private permitting providers,1,2026-01-21,https://legiscan.com/AZ/bill/SB1241/2026
AZ,2086572,,Mental health; hearings; audiovisual technology,Mental health; hearings; audiovisual technology,2,2026-02-19,https://legiscan.com/AZ/bill/SB1242/2026
AZ,2087098,,Court-ordered treatment; guardians; notice; release,Court-ordered treatment; guardians; notice; release,2,2026-02-24,https://legiscan.com/AZ/bill/SB1243/2026
AZ,2086404,,Court-ordered treatment; continuation,Court-ordered treatment; continuation,2,2026-03-02,https://legiscan.com/AZ/bill/SB1244/2026
AZ,2087305,,Appropriation; ADOT; Rodeo Road,Appropriation; ADOT; Rodeo Road,2,2026-03-19,https://legiscan.com/AZ/bill/SB1245/2026
AZ,2087354,,HOAs; expense liens; special assessment,HOAs; expense liens; special assessment,2,2026-02-27,https://legiscan.com/AZ/bill/SB1246/2026
AZ,2087187,,Assisted living; occupants,Assisted living; occupants,2,2026-02-17,https://legiscan.com/AZ/bill/SB1247/2026
AZ,2087380,,Juvenile detention centers; education programs.,Juvenile detention centers; education programs.,2,2026-02-27,https://legiscan.com/AZ/bill/SB1248/2026
AZ,2087144,,Alzheimer's disease state plan; appropriation,Alzheimer's disease state plan; appropriation,2,2026-03-05,https://legiscan.com/AZ/bill/SB1249/2026
AZ,2087345,,Appropriation; State Route 87,Appropriation; State Route 87,2,2026-03-19,https://legiscan.com/AZ/bill/SB1250/2026
AZ,2087333,,Appropriation; department of gaming; telehealth,Appropriation; department of gaming; telehealth,1,2026-01-21,https://legiscan.com/AZ/bill/SB1251/2026
AZ,2087126,,Uniform assignment; benefit of creditors,Uniform assignment; benefit of creditors,2,2026-02-12,https://legiscan.com/AZ/bill/SB1252/2026
AZ,2087135,,Safe haven providers; hospital deliveries,Safe haven providers; hospital deliveries,2,2026-02-27,https://legiscan.com/AZ/bill/SB1253/2026
AZ,2087245,,Real property conveyances; formal requirements,Real property conveyances; formal requirements,2,2026-02-25,https://legiscan.com/AZ/bill/SB1254/2026
AZ,2087393,,Arizona jazz day; observed,Arizona jazz day; observed,1,2026-01-21,https://legiscan.com/AZ/bill/SB1255/2026
AZ,2087294,,Consumer fraud; technical correction,Consumer fraud; technical correction,0,,https://legiscan.com/AZ/bill/SB1256/2026
AZ,2087439,,Technical correction; marriage; property rights,Technical correction; marriage; property rights,0,,https://legiscan.com/AZ/bill/SB1257/2026
AZ,2087236,,Technical correction; retirement; death benefits,Technical correction; retirement; death benefits,0,,https://legiscan.com/AZ/bill/SB1258/2026
AZ,2087086,,Campaigns; protected residential addresses,Campaigns; protected residential addresses,2,2026-02-12,https://legiscan.com/AZ/bill/SB1259/2026
AZ,2087324,,HOAs; complaints; dispositions; online access,HOAs; complaints; dispositions; online access,1,2026-01-21,https://legiscan.com/AZ/bill/SB1260/2026
AZ,2087177,,Short-term rentals; vacation rentals; occupancy,Short-term rentals; vacation rentals; occupancy,1,2026-01-21,https://legiscan.com/AZ/bill/SB1261/2026
AZ,2087078,,Voting centers; early voting; security.,Voting centers; early voting; security.,1,2026-01-22,https://legiscan.com/AZ/bill/SB1262/2026
AZ,2087276,,Law enforcement; identification; masks; prohibitions.,Law enforcement; identification; masks; prohibitions.,1,2026-01-21,https://legiscan.com/AZ/bill/SB1263/2026
AZ,2087069,,ESA program; performance review; termination,ESA program; performance review; termination,1,2026-01-21,https://legiscan.com/AZ/bill/SB1264/2026
AZ,2087216,,Weights and measures; food; appropriation,Weights and measures; food; appropriation,1,2026-01-21,https://legiscan.com/AZ/bill/SB1265/2026
AZ,2087196,,Dolores Huerta; Cesar Chavez; holidays.,Dolores Huerta; Cesar Chavez; holidays.,1,2026-01-21,https://legiscan.com/AZ/bill/SB1266/2026
AZ,2087107,,Candidate petitions; circulators,Candidate petitions; circulators,1,2026-01-22,https://legiscan.com/AZ/bill/SB1267/2026
AZ,2087265,,Property tax; exemption; veterans.,Property tax; exemption; veterans.,1,2026-01-26,https://legiscan.com/AZ/bill/SB1268/2026
AZ,2087061,,Fire districts; formation; county supervisors,Fire districts; formation; county supervisors,1,2026-01-21,https://legiscan.com/AZ/bill/SB1269/2026
AZ,2087286,,Correctional officers; supplemental contributions,Correctional officers; supplemental contributions,2,2026-02-27,https://legiscan.com/AZ/bill/SB1270/2026
AZ,2087153,,Businesses; crime reporting; penalty; prohibition,Businesses; crime reporting; penalty; prohibition,2,2026-02-27,https://legiscan.com/AZ/bill/SB1271/2026
AZ,2087421,,Appropriation; Douglas port of entry,Appropriation; Douglas port of entry,2,2026-03-04,https://legiscan.com/AZ/bill/SB1272/2026
AZ,2087412,,Appropriation; Olga Frontage Road,Appropriation; Olga Frontage Road,2,2026-03-17,https://legiscan.com/AZ/bill/SB1273/2026
AZ,2087118,,Special plate; police foundation,Special plate; police foundation,2,2026-03-17,https://legiscan.com/AZ/bill/SB1274/2026
AZ,2087372,,Diversion program; military members; veterans,Diversion program; military members; veterans,2,2026-03-17,https://legiscan.com/AZ/bill/SB1275/2026
AZ,2088158,,Technical correction; privacy policies; agencies,Technical correction; privacy policies; agencies,0,,https://legiscan.com/AZ/bill/SB1276/2026
AZ,2087739,,Technical correction; heritage fund; audit,Technical correction; heritage fund; audit,0,,https://legiscan.com/AZ/bill/SB1277/2026
AZ,2088038,,Solar radiation management; prohibition; enforcement.,Solar radiation management; prohibition; enforcement.,2,2026-02-25,https://legiscan.com/AZ/bill/SB1278/2026
AZ,2087857,,Weather modification; license; rules.,Weather modification; license; rules.,1,2026-01-22,https://legiscan.com/AZ/bill/SB1279/2026
AZ,2087977,,Public monies; Mexican wolf; prohibition,Public monies; Mexican wolf; prohibition,2,2026-02-24,https://legiscan.com/AZ/bill/SB1280/2026
AZ,2087918,,Federal government; land acquisition; consent,Federal government; land acquisition; consent,2,2026-02-25,https://legiscan.com/AZ/bill/SB1281/2026
AZ,2088099,,Technical correction; vehicle refueling apparatus,Technical correction; vehicle refueling apparatus,0,,https://legiscan.com/AZ/bill/SB1282/2026
AZ,2087682,,Appeals court; division two; elimination,Appeals court; division two; elimination,1,2026-01-21,https://legiscan.com/AZ/bill/SB1283/2026
AZ,2088805,,Moving violations; red light,Moving violations; red light,2,2026-03-10,https://legiscan.com/AZ/bill/SB1284/2026
AZ,2088878,,Prisoners; correctional facilities; sentencing,Prisoners; correctional facilities; sentencing,1,2026-01-22,https://legiscan.com/AZ/bill/SB1285/2026
AZ,2088922,,Veterinarian visits; electronic means; prescriptions,Veterinarian visits; electronic means; prescriptions,2,2026-03-16,https://legiscan.com/AZ/bill/SB1286/2026
AZ,2088246,,Stock watering; active management areas,Stock watering; active management areas,2,2026-02-24,https://legiscan.com/AZ/bill/SB1287/2026
AZ,2088681,,Assured water supply; analysis; availability,Assured water supply; analysis; availability,1,2026-01-22,https://legiscan.com/AZ/bill/SB1288/2026
AZ,2088535,,Foreign donations; election administration; certification,Foreign donations; election administration; certification,2,2026-02-23,https://legiscan.com/AZ/bill/SB1289/2026
AZ,2088631,,Agricultural property; inspections; notice.,Agricultural property; inspections; notice.,2,2026-03-02,https://legiscan.com/AZ/bill/SB1290/2026
AZ,2088511,,Agricultural property; classification; inspection.,Agricultural property; classification; inspection.,2,2026-03-02,https://legiscan.com/AZ/bill/SB1291/2026
AZ,2088830,,PSPRS; investments,PSPRS; investments,2,2026-02-27,https://legiscan.com/AZ/bill/SB1292/2026
AZ,2088657,,GPLET; abatement; limitation,GPLET; abatement; limitation,2,2026-02-24,https://legiscan.com/AZ/bill/SB1293/2026
AZ,2088781,,Property tax assessment; destroyed property,Property tax assessment; destroyed property,2,2026-02-24,https://legiscan.com/AZ/bill/SB1294/2026
AZ,2088732,,Inmates; medical institution; release,Inmates; medical institution; release,1,2026-01-26,https://legiscan.com/AZ/bill/SB1295/2026
AZ,2088606,,Health insurance; private employers; coverage,Health insurance; private employers; coverage,1,2026-01-26,https://legiscan.com/AZ/bill/SB1296/2026
AZ,2088417,,Unemployment benefits; waiting period.,Unemployment benefits; waiting period.,1,2026-01-22,https://legiscan.com/AZ/bill/SB1297/2026
AZ,2088556,,Well drilling application; location; GPS,Well drilling application; location; GPS,1,2026-01-22,https://legiscan.com/AZ/bill/SB1298/2026
AZ,2088441,,Bleed control kits; school districts,Bleed control kits; school districts,1,2026-01-22,https://legiscan.com/AZ/bill/SB1299/2026
AZ,2088369,,Interstate agreement; national popular vote.,Interstate agreement; national popular vote.,1,2026-01-22,https://legiscan.com/AZ/bill/SB1300/2026
AZ,2088319,,Business relocation; notice; penalty,Business relocation; notice; penalty,1,2026-01-22,https://legiscan.com/AZ/bill/SB1301/2026
AZ,2088855,,Excavation; contractor's license; safety.,Excavation; contractor's license; safety.,1,2026-01-22,https://legiscan.com/AZ/bill/SB1302/2026
AZ,2089169,,Electricians; registration; requirements,Electricians; registration; requirements,0,,https://legiscan.com/AZ/bill/SB1303/2026
AZ,2089031,,Mental illness; prisoners; diagnosis; treatment,Mental illness; prisoners; diagnosis; treatment,1,2026-01-22,https://legiscan.com/AZ/bill/SB1304/2026
AZ,2088936,,ESAs; personnel; ADE; reporting requirements,ESAs; personnel; ADE; reporting requirements,1,2026-01-26,https://legiscan.com/AZ/bill/SB1305/2026
AZ,2089444,,ESAs; expenditures; enrollment; limitations,ESAs; expenditures; enrollment; limitations,1,2026-01-26,https://legiscan.com/AZ/bill/SB1306/2026
AZ,2089375,,Appropriation; DES; emergency shelters,Appropriation; DES; emergency shelters,1,2026-01-22,https://legiscan.com/AZ/bill/SB1307/2026
AZ,2089479,,Foreign adversary fraud office; appropriation,Foreign adversary fraud office; appropriation,2,2026-02-23,https://legiscan.com/AZ/bill/SB1308/2026
AZ,2089097,,Pharmacists; care standard; prescriptions,Pharmacists; care standard; prescriptions,1,2026-01-27,https://legiscan.com/AZ/bill/SB1309/2026
AZ,2089204,,Dentists; dental hygienists; compact,Dentists; dental hygienists; compact,1,2026-01-22,https://legiscan.com/AZ/bill/SB1310/2026
AZ,2089272,,Technical correction; conservation easements; applicability,Technical correction; conservation easements; applicability,0,,https://legiscan.com/AZ/bill/SB1311/2026
AZ,2089411,,Certificate of election; technical correction,Certificate of election; technical correction,0,,https://legiscan.com/AZ/bill/SB1312/2026
AZ,2088996,,Fuel formulations; waiver; posting; confidentiality,Fuel formulations; waiver; posting; confidentiality,1,2026-01-26,https://legiscan.com/AZ/bill/SB1313/2026
AZ,2089309,,Appropriations; criminal justice; salary increases,Appropriations; criminal justice; salary increases,1,2026-01-22,https://legiscan.com/AZ/bill/SB1314/2026
AZ,2089238,,Public schools; interoperable communications; requirements,Public schools; interoperable communications; requirements,2,2026-03-03,https://legiscan.com/AZ/bill/SB1315/2026
AZ,2089064,,Arizona rural health transformation fund,Arizona rural health transformation fund,2,2026-02-10,https://legiscan.com/AZ/bill/SB1316/2026
AZ,2088967,,Appropriation; coordinated reentry program,Appropriation; coordinated reentry program,2,2026-03-16,https://legiscan.com/AZ/bill/SB1317/2026
AZ,2089134,,Mammography results; notice; repeal,Mammography results; notice; repeal,2,2026-02-27,https://legiscan.com/AZ/bill/SB1318/2026
AZ,2090031,,Sentence reductions; offenders under twenty-one,Sentence reductions; offenders under twenty-one,1,2026-01-26,https://legiscan.com/AZ/bill/SB1319/2026
AZ,2089862,,Children; incarcerated parents task force,Children; incarcerated parents task force,1,2026-01-26,https://legiscan.com/AZ/bill/SB1320/2026
AZ,2089767,,Misdemeanor expungement; requirements; procedure,Misdemeanor expungement; requirements; procedure,1,2026-01-26,https://legiscan.com/AZ/bill/SB1321/2026
AZ,2089897,,Price regulation; abnormal market disruptions,Price regulation; abnormal market disruptions,1,2026-01-26,https://legiscan.com/AZ/bill/SB1322/2026
AZ,2090127,,Peace officer violence victims' rights,Peace officer violence victims' rights,1,2026-01-26,https://legiscan.com/AZ/bill/SB1323/2026
AZ,2089734,,Unlawful employment practices; damages,Unlawful employment practices; damages,1,2026-01-26,https://legiscan.com/AZ/bill/SB1324/2026
AZ,2089800,,Elevator requirements; construction project; employees.,Elevator requirements; construction project; employees.,1,2026-01-26,https://legiscan.com/AZ/bill/SB1325/2026
AZ,2089998,,Victims' rights; attorney fees; costs,Victims' rights; attorney fees; costs,2,2026-02-25,https://legiscan.com/AZ/bill/SB1326/2026
AZ,2090525,,ABOR; research security policy,ABOR; research security policy,2,2026-03-04,https://legiscan.com/AZ/bill/SB1327/2026
AZ,2090228,,Domestic relations; parents' rights,Domestic relations; parents' rights,2,2026-02-25,https://legiscan.com/AZ/bill/SB1328/2026
AZ,2090440,,Family court; professional personnel; liability,Family court; professional personnel; liability,2,2026-02-27,https://legiscan.com/AZ/bill/SB1329/2026
AZ,2089932,,Family court; right to jury,Family court; right to jury,2,2026-02-27,https://legiscan.com/AZ/bill/SB1330/2026
AZ,2089962,,SNAP; mandatory employment and training..,SNAP; mandatory employment and training..,5,2026-02-20,https://legiscan.com/AZ/bill/SB1331/2026
AZ,2090157,,Light rail expansion; feasibility review,Light rail expansion; feasibility review,2,2026-03-17,https://legiscan.com/AZ/bill/SB1332/2026
AZ,2090063,,SNAP; error rate; forensic audit.,SNAP; error rate; forensic audit.,2,2026-02-11,https://legiscan.com/AZ/bill/SB1333/2026
AZ,2089830,,SNAP; work requirement waivers; exemptions.,SNAP; work requirement waivers; exemptions.,5,2026-02-20,https://legiscan.com/AZ/bill/SB1334/2026
AZ,2090192,,Water banking; annual report; posting,Water banking; annual report; posting,2,2026-02-27,https://legiscan.com/AZ/bill/SB1335/2026
AZ,2090684,,State land department; continuation; oversight,State land department; continuation; oversight,2,2026-03-10,https://legiscan.com/AZ/bill/SB1336/2026
AZ,2090503,,Technical correction; air pollution; orders,Technical correction; air pollution; orders,0,,https://legiscan.com/AZ/bill/SB1337/2026
AZ,2090390,,State; local public benefits; eligibility,State; local public benefits; eligibility,2,2026-02-27,https://legiscan.com/AZ/bill/SB1338/2026
AZ,2090758,,Fire districts; county supervisors; formation,Fire districts; county supervisors; formation,1,2026-01-26,https://legiscan.com/AZ/bill/SB1339/2026
AZ,2090745,,Public records; digital media; copies,Public records; digital media; copies,1,2026-01-27,https://legiscan.com/AZ/bill/SB1340/2026
AZ,2090647,,Antidiscrimination; employment; housing; public accommodations..,Antidiscrimination; employment; housing; public accommodations..,1,2026-01-26,https://legiscan.com/AZ/bill/SB1341/2026
AZ,2090279,,Immigration; government agencies; prohibited acts,Immigration; government agencies; prohibited acts,1,2026-01-26,https://legiscan.com/AZ/bill/SB1342/2026
AZ,2090291,,State voting rights act,State voting rights act,1,2026-01-26,https://legiscan.com/AZ/bill/SB1343/2026
AZ,2090252,,Permanent early voting list,Permanent early voting list,1,2026-01-26,https://legiscan.com/AZ/bill/SB1344/2026
AZ,2090239,,Health facilities; anonymous complaints; prohibition,Health facilities; anonymous complaints; prohibition,2,2026-02-25,https://legiscan.com/AZ/bill/SB1345/2026
AZ,2090328,,AHCCCS; fee-for-service; claims,AHCCCS; fee-for-service; claims,2,2026-02-25,https://legiscan.com/AZ/bill/SB1346/2026
AZ,2090657,,Health insurance; fertility preservation; coverage,Health insurance; fertility preservation; coverage,2,2026-03-02,https://legiscan.com/AZ/bill/SB1347/2026
AZ,2090378,,Tourism; sports authority; technical correction,Tourism; sports authority; technical correction,0,,https://legiscan.com/AZ/bill/SB1348/2026
AZ,2090511,,Director; gaming; technical correction,Director; gaming; technical correction,0,,https://legiscan.com/AZ/bill/SB1349/2026
AZ,2090450,,Outdoor-based therapy programs; grants,Outdoor-based therapy programs; grants,1,2026-01-26,https://legiscan.com/AZ/bill/SB1350/2026
AZ,2090217,,Energy measuring; reporting prohibition; repeal.,Energy measuring; reporting prohibition; repeal.,1,2026-01-26,https://legiscan.com/AZ/bill/SB1351/2026
AZ,2090776,,Domestic violence; definition; animal abuse,Domestic violence; definition; animal abuse,1,2026-01-26,https://legiscan.com/AZ/bill/SB1352/2026
AZ,2090768,,Monitoring program; fish contaminants; appropriation,Monitoring program; fish contaminants; appropriation,1,2026-01-26,https://legiscan.com/AZ/bill/SB1353/2026
AZ,2090587,,Auxiliary containers; regulation; prohibition; repeal.,Auxiliary containers; regulation; prohibition; repeal.,1,2026-01-26,https://legiscan.com/AZ/bill/SB1354/2026
AZ,2090314,,Antidiscrimination; employment; housing; public accommodations.,Antidiscrimination; employment; housing; public accommodations.,1,2026-01-26,https://legiscan.com/AZ/bill/SB1355/2026
AZ,2090537,,Community land trusts; study committee,Community land trusts; study committee,1,2026-01-26,https://legiscan.com/AZ/bill/SB1356/2026
AZ,2090364,,Large electronics; recycling; programs,Large electronics; recycling; programs,1,2026-01-26,https://legiscan.com/AZ/bill/SB1357/2026
AZ,2090611,,Polling places; drop boxes; campuses,Polling places; drop boxes; campuses,1,2026-01-26,https://legiscan.com/AZ/bill/SB1358/2026
AZ,2090600,,Firearms; destruction by state,Firearms; destruction by state,1,2026-01-26,https://legiscan.com/AZ/bill/SB1359/2026
AZ,2090621,,ESAs; contract renewal; account closure,ESAs; contract renewal; account closure,1,2026-01-26,https://legiscan.com/AZ/bill/SB1360/2026
AZ,2090470,,Empowerment scholarship accounts; postsecondary education,Empowerment scholarship accounts; postsecondary education,1,2026-01-26,https://legiscan.com/AZ/bill/SB1361/2026
AZ,2090340,,Appropriation; resilience plan,Appropriation; resilience plan,1,2026-01-26,https://legiscan.com/AZ/bill/SB1362/2026
AZ,2090351,,Marijuana; rural opportunity initiative,Marijuana; rural opportunity initiative,1,2026-01-26,https://legiscan.com/AZ/bill/SB1363/2026
AZ,2090403,,Technical correction; employment of aliens,Technical correction; employment of aliens,0,,https://legiscan.com/AZ/bill/SB1364/2026
AZ,2090561,,Property tax; exemption; veterans; disabilities,Property tax; exemption; veterans; disabilities,2,2026-03-10,https://legiscan.com/AZ/bill/SB1365/2026
AZ,2090490,,Study committee; towing,Study committee; towing,2,2026-03-02,https://legiscan.com/AZ/bill/SB1366/2026
AZ,2090180,,Vapor products,Vapor products,0,,https://legiscan.com/AZ/bill/SB1367/2026
AZ,2090415,,SNAP; allowed purchases; waiver.,SNAP; allowed purchases; waiver.,2,2026-02-11,https://legiscan.com/AZ/bill/SB1368/2026
AZ,2090302,,County medical examiner; reports; access,County medical examiner; reports; access,1,2026-01-27,https://legiscan.com/AZ/bill/SB1369/2026
AZ,2090265,,Patriotic youth groups; school access,Patriotic youth groups; school access,1,2026-01-26,https://legiscan.com/AZ/bill/SB1370/2026
AZ,2091126,,Commerce authority; qualified facility; definition,Commerce authority; qualified facility; definition,1,2026-02-02,https://legiscan.com/AZ/bill/SB1371/2026
AZ,2091007,,Medicaid; dental benefit study committee,Medicaid; dental benefit study committee,2,2026-03-03,https://legiscan.com/AZ/bill/SB1372/2026
AZ,2090802,,Appropriation; summer youth employment program,Appropriation; summer youth employment program,1,2026-01-26,https://legiscan.com/AZ/bill/SB1373/2026
AZ,2090859,,Licenses; tax number; consular cards,Licenses; tax number; consular cards,1,2026-01-26,https://legiscan.com/AZ/bill/SB1374/2026
AZ,2091095,,Immigration; courts; hospitals; schools; daycares.,Immigration; courts; hospitals; schools; daycares.,1,2026-01-26,https://legiscan.com/AZ/bill/SB1375/2026
AZ,2090904,,Special plate; civic leadership development,Special plate; civic leadership development,1,2026-01-26,https://legiscan.com/AZ/bill/SB1376/2026
AZ,2091037,,Working conditions; heat illness; prevention.,Working conditions; heat illness; prevention.,1,2026-01-26,https://legiscan.com/AZ/bill/SB1377/2026
AZ,2090920,,Domestic violence; firearm transfers,Domestic violence; firearm transfers,1,2026-01-26,https://legiscan.com/AZ/bill/SB1378/2026
AZ,2090978,,Study committee; scrap metal theft.,Study committee; scrap metal theft.,1,2026-01-26,https://legiscan.com/AZ/bill/SB1379/2026
AZ,2091196,,Large load customers; energy costs,Large load customers; energy costs,1,2026-01-26,https://legiscan.com/AZ/bill/SB1380/2026
AZ,2091065,,State lands; leases; groundwater use.,State lands; leases; groundwater use.,1,2026-01-26,https://legiscan.com/AZ/bill/SB1381/2026
AZ,2090874,,Groundwater pumping; measuring; reporting,Groundwater pumping; measuring; reporting,1,2026-01-26,https://legiscan.com/AZ/bill/SB1382/2026
AZ,2091185,,Greenhouse gas programs; repeal; prohibition.,Greenhouse gas programs; repeal; prohibition.,1,2026-01-26,https://legiscan.com/AZ/bill/SB1383/2026
AZ,2090993,,Utilities; contributions; nonrecoverable expenses; lobbying,Utilities; contributions; nonrecoverable expenses; lobbying,1,2026-01-27,https://legiscan.com/AZ/bill/SB1384/2026
AZ,2090845,,Public utilities; renewable energy resources,Public utilities; renewable energy resources,1,2026-01-27,https://legiscan.com/AZ/bill/SB1385/2026
AZ,2090963,,Watershed health; survey; use,Watershed health; survey; use,1,2026-01-27,https://legiscan.com/AZ/bill/SB1386/2026
AZ,2091169,,Long-term storage accounts; credits; percentage,Long-term storage accounts; credits; percentage,1,2026-01-27,https://legiscan.com/AZ/bill/SB1387/2026
AZ,2091111,,Aquifer management; conservation; priority,Aquifer management; conservation; priority,1,2026-01-27,https://legiscan.com/AZ/bill/SB1388/2026
AZ,2091140,,Subsequent active management area; designation.,Subsequent active management area; designation.,1,2026-01-27,https://legiscan.com/AZ/bill/SB1389/2026
AZ,2090890,,Appropriation; mass casualty incident preparedness,Appropriation; mass casualty incident preparedness,1,2026-01-26,https://legiscan.com/AZ/bill/SB1390/2026
AZ,2090948,,Stress management pilot program; appropriation,Stress management pilot program; appropriation,2,2026-02-27,https://legiscan.com/AZ/bill/SB1391/2026
AZ,2090832,,Governing body; election canvass; access,Governing body; election canvass; access,1,2026-01-26,https://legiscan.com/AZ/bill/SB1392/2026
AZ,2091022,,Mobile homes; removal; contents,Mobile homes; removal; contents,1,2026-01-26,https://legiscan.com/AZ/bill/SB1393/2026
AZ,2091154,,Fertility treatment; access.,Fertility treatment; access.,1,2026-01-26,https://legiscan.com/AZ/bill/SB1394/2026
AZ,2090933,,Abortion reporting requirements; repeal.,Abortion reporting requirements; repeal.,1,2026-01-26,https://legiscan.com/AZ/bill/SB1395/2026
AZ,2091052,,Contraception; rights; limits.,Contraception; rights; limits.,1,2026-01-26,https://legiscan.com/AZ/bill/SB1396/2026
AZ,2090817,,Pregnant employees; reasonable accommodation.,Pregnant employees; reasonable accommodation.,1,2026-01-26,https://legiscan.com/AZ/bill/SB1397/2026
AZ,2093372,,AHCCCS; redeterminations; eligibility verification; report,AHCCCS; redeterminations; eligibility verification; report,2,2026-03-18,https://legiscan.com/AZ/bill/SB1398/2026
AZ,2093410,,Prepaid capitated contractors; cost reports,Prepaid capitated contractors; cost reports,2,2026-03-05,https://legiscan.com/AZ/bill/SB1399/2026
AZ,2093536,,Public safety employees; counseling; wellness,Public safety employees; counseling; wellness,2,2026-03-04,https://legiscan.com/AZ/bill/SB1400/2026
AZ,2093516,,Special plate; golf tournament charity,Special plate; golf tournament charity,2,2026-02-19,https://legiscan.com/AZ/bill/SB1401/2026
AZ,2093487,,Crimes against children; probation; monitoring,Crimes against children; probation; monitoring,2,2026-03-03,https://legiscan.com/AZ/bill/SB1402/2026
AZ,2093496,,Workforce Arizona council; report,Workforce Arizona council; report,1,2026-01-28,https://legiscan.com/AZ/bill/SB1403/2026
AZ,2093491,,Provider benefits; employees; injuries; provider,Provider benefits; employees; injuries; provider,1,2026-01-27,https://legiscan.com/AZ/bill/SB1404/2026
AZ,2093466,,Environment; citizen suits,Environment; citizen suits,1,2026-02-05,https://legiscan.com/AZ/bill/SB1405/2026
AZ,2093521,,Citizen suits committee; solid waste,Citizen suits committee; solid waste,1,2026-01-28,https://legiscan.com/AZ/bill/SB1406/2026
AZ,2093602,,ADEQ; tribal consultations,ADEQ; tribal consultations,1,2026-01-28,https://legiscan.com/AZ/bill/SB1407/2026
AZ,2093474,,Appropriation; public schools; trees,Appropriation; public schools; trees,1,2026-01-26,https://legiscan.com/AZ/bill/SB1408/2026
AZ,2093503,,Feminine hygiene products; school; appropriation,Feminine hygiene products; school; appropriation,1,2026-01-27,https://legiscan.com/AZ/bill/SB1409/2026
AZ,2093453,,Charter schools; financial records,Charter schools; financial records,1,2026-01-27,https://legiscan.com/AZ/bill/SB1410/2026
AZ,2093482,,Auditor general; charter schools,Auditor general; charter schools,1,2026-01-27,https://legiscan.com/AZ/bill/SB1411/2026
AZ,2093455,,Arizona online instruction; cost study,Arizona online instruction; cost study,1,2026-01-27,https://legiscan.com/AZ/bill/SB1412/2026
AZ,2093586,,Moving violation; restitution cap removal,Moving violation; restitution cap removal,2,2026-02-27,https://legiscan.com/AZ/bill/SB1413/2026
AZ,2093570,,Insurance; time-limited offer; settlement demand,Insurance; time-limited offer; settlement demand,1,2026-01-28,https://legiscan.com/AZ/bill/SB1414/2026
AZ,2093591,,Insurance adjuster license; eligibility,Insurance adjuster license; eligibility,2,2026-02-23,https://legiscan.com/AZ/bill/SB1415/2026
AZ,2093532,,Missing; kidnapped children; reporting requirements,Missing; kidnapped children; reporting requirements,2,2026-03-09,https://legiscan.com/AZ/bill/SB1416/2026
AZ,2093597,,Autonomous vehicles; safety; data,Autonomous vehicles; safety; data,1,2026-01-27,https://legiscan.com/AZ/bill/SB1417/2026
AZ,2093583,,Corporation commission; small modular reactors,Corporation commission; small modular reactors,2,2026-03-03,https://legiscan.com/AZ/bill/SB1418/2026
AZ,2093554,,Solar energy; inspection; contractors,Solar energy; inspection; contractors,2,2026-03-02,https://legiscan.com/AZ/bill/SB1419/2026
AZ,2093566,,Public nuisance; pigeons,Public nuisance; pigeons,1,2026-01-28,https://legiscan.com/AZ/bill/SB1420/2026
AZ,2093508,,Undocumented aliens; financial services,Undocumented aliens; financial services,2,2026-02-25,https://legiscan.com/AZ/bill/SB1421/2026
AZ,2093541,,Credit enhancement eligibility board; continuation,Credit enhancement eligibility board; continuation,2,2026-02-27,https://legiscan.com/AZ/bill/SB1422/2026
AZ,2093525,,WICHE; continuation,WICHE; continuation,2,2026-03-03,https://legiscan.com/AZ/bill/SB1423/2026
AZ,2093620,,Firearm safety instruction; public schools,Firearm safety instruction; public schools,2,2026-02-27,https://legiscan.com/AZ/bill/SB1424/2026
AZ,2093799,,Elections; July primary; curing; observers.,Elections; July primary; curing; observers.,1,2026-01-28,https://legiscan.com/AZ/bill/SB1425/2026
AZ,2093692,,Unlawful occupants; forcible entry; detainer,Unlawful occupants; forcible entry; detainer,2,2026-02-27,https://legiscan.com/AZ/bill/SB1426/2026
AZ,2093706,,E-verify program; license; penalties; employment,E-verify program; license; penalties; employment,1,2026-02-02,https://legiscan.com/AZ/bill/SB1427/2026
AZ,2093768,,Board of supervisors; membership,Board of supervisors; membership,2,2026-02-27,https://legiscan.com/AZ/bill/SB1428/2026
AZ,2093786,,Board of directors; commerce authority.,Board of directors; commerce authority.,2,2026-02-24,https://legiscan.com/AZ/bill/SB1429/2026
AZ,2093617,,Tax corrections act of 2026,Tax corrections act of 2026,2,2026-02-19,https://legiscan.com/AZ/bill/SB1430/2026
AZ,2093638,,Municipalities; planned communities; design; prohibition,Municipalities; planned communities; design; prohibition,2,2026-03-02,https://legiscan.com/AZ/bill/SB1431/2026
AZ,2093629,,Central bank digital currency; ban,Central bank digital currency; ban,2,2026-02-25,https://legiscan.com/AZ/bill/SB1432/2026
AZ,2093614,,Maricopa county; division; new counties,Maricopa county; division; new counties,1,2026-01-27,https://legiscan.com/AZ/bill/SB1433/2026
AZ,2093730,,Maricopa county; new counties; division,Maricopa county; new counties; division,1,2026-01-28,https://legiscan.com/AZ/bill/SB1434/2026
AZ,2093710,,Schools; libraries; explicit materials; training,Schools; libraries; explicit materials; training,2,2026-02-24,https://legiscan.com/AZ/bill/SB1435/2026
AZ,2093700,,School districts; bonds; overrides; ballots,School districts; bonds; overrides; ballots,2,2026-03-03,https://legiscan.com/AZ/bill/SB1436/2026
AZ,2093721,,Public records; format; fees,Public records; format; fees,2,2026-02-24,https://legiscan.com/AZ/bill/SB1437/2026
AZ,2093742,,HOA voting; elections; ballot measures,HOA voting; elections; ballot measures,1,2026-01-28,https://legiscan.com/AZ/bill/SB1438/2026
AZ,2093750,,Charlie Kirk memorial; special plate,Charlie Kirk memorial; special plate,5,2026-03-06,https://legiscan.com/AZ/bill/SB1439/2026
AZ,2093686,,HOAs; condominiums; enforcement; due process,HOAs; condominiums; enforcement; due process,1,2026-01-28,https://legiscan.com/AZ/bill/SB1440/2026
AZ,2093809,,Single-family residence purchases; limitations.,Single-family residence purchases; limitations.,1,2026-01-28,https://legiscan.com/AZ/bill/SB1441/2026
AZ,2093689,,Single-family residences; corporate buyer restrictions.,Single-family residences; corporate buyer restrictions.,1,2026-01-28,https://legiscan.com/AZ/bill/SB1442/2026
AZ,2093736,,Noise pollution; environmental nuisances,Noise pollution; environmental nuisances,1,2026-01-28,https://legiscan.com/AZ/bill/SB1443/2026
AZ,2093672,,Deportation task force; appropriation,Deportation task force; appropriation,1,2026-01-27,https://legiscan.com/AZ/bill/SB1444/2026
AZ,2093855,,Water quality; testing; on-site,Water quality; testing; on-site,2,2026-02-25,https://legiscan.com/AZ/bill/SB1445/2026
AZ,2093783,,Social workers; documentation; dialysis centers,Social workers; documentation; dialysis centers,2,2026-03-04,https://legiscan.com/AZ/bill/SB1446/2026
AZ,2093826,,Groundwater withdrawal fee; Pinal AMA,Groundwater withdrawal fee; Pinal AMA,2,2026-02-27,https://legiscan.com/AZ/bill/SB1447/2026
AZ,2093635,,Aggravated assault; utility workers,Aggravated assault; utility workers,2,2026-02-27,https://legiscan.com/AZ/bill/SB1448/2026
AZ,2093745,,Asbestos program; rules; fees,Asbestos program; rules; fees,1,2026-02-02,https://legiscan.com/AZ/bill/SB1449/2026
AZ,2093725,,Condominiums; construction defects; actions; procedures,Condominiums; construction defects; actions; procedures,0,,https://legiscan.com/AZ/bill/SB1450/2026
AZ,2093831,,Appropriation; behavioral health provider rates,Appropriation; behavioral health provider rates,1,2026-01-27,https://legiscan.com/AZ/bill/SB1451/2026
AZ,2093654,,Cargo theft task force,Cargo theft task force,2,2026-02-19,https://legiscan.com/AZ/bill/SB1452/2026
AZ,2093813,,Technical correction; power authority; monies,Technical correction; power authority; monies,0,,https://legiscan.com/AZ/bill/SB1453/2026
AZ,2093858,,Technical correction; bulk food; applicability,Technical correction; bulk food; applicability,0,,https://legiscan.com/AZ/bill/SB1454/2026
AZ,2093820,,Appropriation; State Route 24; extension,Appropriation; State Route 24; extension,2,2026-03-19,https://legiscan.com/AZ/bill/SB1455/2026
AZ,2093836,,ADOT; primitive roads; designation,ADOT; primitive roads; designation,2,2026-02-27,https://legiscan.com/AZ/bill/SB1456/2026
AZ,2093848,,Air mobility fund; border security,Air mobility fund; border security,2,2026-03-19,https://legiscan.com/AZ/bill/SB1457/2026
AZ,2093839,,Pharmacy board; civil penalties,Pharmacy board; civil penalties,2,2026-03-03,https://legiscan.com/AZ/bill/SB1458/2026
AZ,2093816,,Public employees; collective bargaining,Public employees; collective bargaining,1,2026-01-29,https://legiscan.com/AZ/bill/SB1459/2026
AZ,2093773,,Agricultural improvement districts; mail ballots,Agricultural improvement districts; mail ballots,1,2026-01-29,https://legiscan.com/AZ/bill/SB1460/2026
AZ,2093718,,Allied health care workforce; appropriation,Allied health care workforce; appropriation,2,2026-03-19,https://legiscan.com/AZ/bill/SB1461/2026
AZ,2094296,,Animal control officers; mandatory training,Animal control officers; mandatory training,1,2026-01-29,https://legiscan.com/AZ/bill/SB1462/2026
AZ,2094369,,Data centers; tax relief; repeal..,Data centers; tax relief; repeal..,1,2026-01-29,https://legiscan.com/AZ/bill/SB1463/2026
AZ,2094445,,Coverage; family and medical leave.,Coverage; family and medical leave.,1,2026-01-29,https://legiscan.com/AZ/bill/SB1464/2026
AZ,2094406,,Employment; labor relations; occupations; leave,Employment; labor relations; occupations; leave,1,2026-01-29,https://legiscan.com/AZ/bill/SB1465/2026
AZ,2094480,,Tax expenditures; credits; review schedule,Tax expenditures; credits; review schedule,1,2026-01-29,https://legiscan.com/AZ/bill/SB1466/2026
AZ,2094333,,Data centers; tax relief; repeal.,Data centers; tax relief; repeal.,1,2026-01-29,https://legiscan.com/AZ/bill/SB1467/2026
AZ,2094257,,JLBC; income tax review; report,JLBC; income tax review; report,1,2026-01-29,https://legiscan.com/AZ/bill/SB1468/2026
AZ,2094605,,Municipal self-certification; approvals; population,Municipal self-certification; approvals; population,1,2026-02-02,https://legiscan.com/AZ/bill/SB1469/2026
AZ,2094523,,Voter registration changes; text notices,Voter registration changes; text notices,1,2026-02-02,https://legiscan.com/AZ/bill/SB1470/2026
AZ,2094675,,School mapping data; requirements; accessibility,School mapping data; requirements; accessibility,2,2026-03-03,https://legiscan.com/AZ/bill/SB1471/2026
AZ,2094571,,Mayors; council members; resignation notices,Mayors; council members; resignation notices,1,2026-01-29,https://legiscan.com/AZ/bill/SB1472/2026
AZ,2094629,,Assisted living homes; occupancy; zoning,Assisted living homes; occupancy; zoning,2,2026-02-25,https://legiscan.com/AZ/bill/SB1473/2026
AZ,2094498,,Immigration laws; local enforcement; training,Immigration laws; local enforcement; training,2,2026-03-09,https://legiscan.com/AZ/bill/SB1474/2026
AZ,2094509,,Interscholastic activities; criminal offenses; ineligibility,Interscholastic activities; criminal offenses; ineligibility,2,2026-03-02,https://legiscan.com/AZ/bill/SB1475/2026
AZ,2094686,,Child neglect; prenatal substance exposure,Child neglect; prenatal substance exposure,2,2026-02-27,https://legiscan.com/AZ/bill/SB1476/2026
AZ,2094583,,Assisted living facilities; referral agents,Assisted living facilities; referral agents,2,2026-02-25,https://legiscan.com/AZ/bill/SB1477/2026
AZ,2094558,,Liquor; policies; procedures,Liquor; policies; procedures,2,2026-02-25,https://legiscan.com/AZ/bill/SB1478/2026
AZ,2094536,,Deeds; identification; forgery; notice; notaries,Deeds; identification; forgery; notice; notaries,2,2026-03-02,https://legiscan.com/AZ/bill/SB1479/2026
AZ,2094490,,Crime-free lease addendum; renters.,Crime-free lease addendum; renters.,0,,https://legiscan.com/AZ/bill/SB1480/2026
AZ,2094650,,Elevator contractors; mechanics; certification,Elevator contractors; mechanics; certification,1,2026-01-29,https://legiscan.com/AZ/bill/SB1481/2026
AZ,2094618,,Appropriation; Fort Defiance senior center,Appropriation; Fort Defiance senior center,1,2026-01-29,https://legiscan.com/AZ/bill/SB1482/2026
AZ,2094593,,Appropriation; Navajo technical university; laboratory,Appropriation; Navajo technical university; laboratory,1,2026-01-29,https://legiscan.com/AZ/bill/SB1483/2026
AZ,2094698,,Appropriation; Sawmill; intergenerational learning center,Appropriation; Sawmill; intergenerational learning center,1,2026-01-29,https://legiscan.com/AZ/bill/SB1484/2026
AZ,2094662,,Appropriation; multipurpose complex; Tuba City,Appropriation; multipurpose complex; Tuba City,1,2026-01-29,https://legiscan.com/AZ/bill/SB1485/2026
AZ,2094880,,Appropriation; recreation center; Coalmine Canyon,Appropriation; recreation center; Coalmine Canyon,1,2026-01-29,https://legiscan.com/AZ/bill/SB1486/2026
AZ,2094806,,Hopi Tribe; special plates; extension,Hopi Tribe; special plates; extension,2,2026-02-27,https://legiscan.com/AZ/bill/SB1487/2026
AZ,2094949,,Appropriation; coal-impacted workforce; study,Appropriation; coal-impacted workforce; study,2,2026-03-11,https://legiscan.com/AZ/bill/SB1488/2026
AZ,2094930,,Ballot measures; circulators; revenue; disclosure,Ballot measures; circulators; revenue; disclosure,1,2026-02-02,https://legiscan.com/AZ/bill/SB1489/2026
AZ,2095007,,Pool review; fee; authority,Pool review; fee; authority,1,2026-01-29,https://legiscan.com/AZ/bill/SB1490/2026
AZ,2094851,,Air quality fee; rules; applicability,Air quality fee; rules; applicability,1,2026-01-29,https://legiscan.com/AZ/bill/SB1491/2026
AZ,2094762,,Kratom products; packaging; advertising,Kratom products; packaging; advertising,1,2026-01-29,https://legiscan.com/AZ/bill/SB1492/2026
AZ,2095000,,Law enforcement; reinstatement; costs,Law enforcement; reinstatement; costs,2,2026-02-27,https://legiscan.com/AZ/bill/SB1493/2026
AZ,2094831,,Health insurance; patient steering; prohibition,Health insurance; patient steering; prohibition,2,2026-03-10,https://legiscan.com/AZ/bill/SB1494/2026
AZ,2094814,,Liquor; liability; technical correction,Liquor; liability; technical correction,0,,https://legiscan.com/AZ/bill/SB1495/2026
AZ,2094787,,DCS; policies; procedures,DCS; policies; procedures,2,2026-02-27,https://legiscan.com/AZ/bill/SB1496/2026
AZ,2094975,,School districts; insurance quotes,School districts; insurance quotes,2,2026-03-10,https://legiscan.com/AZ/bill/SB1497/2026
AZ,2095011,,Appropriation; police department; training center,Appropriation; police department; training center,2,2026-03-02,https://legiscan.com/AZ/bill/SB1498/2026
AZ,2094903,,Telecommunication providers; rural areas,Telecommunication providers; rural areas,1,2026-01-29,https://legiscan.com/AZ/bill/SB1499/2026
AZ,2094798,,Condominiums; planned communities; assessments,Condominiums; planned communities; assessments,1,2026-01-29,https://legiscan.com/AZ/bill/SB1500/2026
AZ,2094745,,Agencies; statutory authority,Agencies; statutory authority,2,2026-03-03,https://legiscan.com/AZ/bill/SB1501/2026
AZ,2094914,,Unlawful flight; reckless endangerment; violation.,Unlawful flight; reckless endangerment; violation.,2,2026-03-02,https://legiscan.com/AZ/bill/SB1502/2026
AZ,2094894,,Public pensions; proxy voting,Public pensions; proxy voting,2,2026-03-10,https://legiscan.com/AZ/bill/SB1503/2026
AZ,2094867,,PSPRS; service requirement; cost-of-living adjustment,PSPRS; service requirement; cost-of-living adjustment,1,2026-01-29,https://legiscan.com/AZ/bill/SB1504/2026
AZ,2094940,,Transitional housing; grant program; appropriation.,Transitional housing; grant program; appropriation.,1,2026-01-29,https://legiscan.com/AZ/bill/SB1505/2026
AZ,2094922,,Recording fees; unlawful restrictions; exemption,Recording fees; unlawful restrictions; exemption,1,2026-01-29,https://legiscan.com/AZ/bill/SB1506/2026
AZ,2094991,,School districts; receivership; mandatory consolidation,School districts; receivership; mandatory consolidation,1,2026-02-02,https://legiscan.com/AZ/bill/SB1507/2026
AZ,2094778,,Utilities; annual disclosure requirements; commission,Utilities; annual disclosure requirements; commission,1,2026-01-29,https://legiscan.com/AZ/bill/SB1508/2026
AZ,2094956,,Campaign finance; lobbyists; reporting,Campaign finance; lobbyists; reporting,1,2026-02-02,https://legiscan.com/AZ/bill/SB1509/2026
AZ,2094770,,Nondisclosure agreements; information; prohibition,Nondisclosure agreements; information; prohibition,1,2026-01-29,https://legiscan.com/AZ/bill/SB1510/2026
AZ,2094966,,Nondomiciled commercial drivers license; validity,Nondomiciled commercial drivers license; validity,2,2026-03-09,https://legiscan.com/AZ/bill/SB1511/2026
AZ,2095637,,Vulnerable adults; theft; definitions,Vulnerable adults; theft; definitions,2,2026-03-03,https://legiscan.com/AZ/bill/SB1512/2026
AZ,2097227,,Temporary vehicle registration plates; design,Temporary vehicle registration plates; design,1,2026-02-02,https://legiscan.com/AZ/bill/SB1513/2026
AZ,2099028,,Groundwater permits; technical correction,Groundwater permits; technical correction,0,,https://legiscan.com/AZ/bill/SB1514/2026
AZ,2099927,,Industrial commission; revisions,Industrial commission; revisions,2,2026-03-03,https://legiscan.com/AZ/bill/SB1515/2026
AZ,2095722,,TPT; registration; exemption; aircraft,TPT; registration; exemption; aircraft,1,2026-02-02,https://legiscan.com/AZ/bill/SB1516/2026
AZ,2099327,,Appropriation; barbering and cosmetology board,Appropriation; barbering and cosmetology board,2,2026-03-05,https://legiscan.com/AZ/bill/SB1517/2026
AZ,2098429,,Barbering and cosmetology board; revision,Barbering and cosmetology board; revision,1,2026-02-05,https://legiscan.com/AZ/bill/SB1518/2026
AZ,2098128,,Off-highway vehicles; weight; enforcement fund,Off-highway vehicles; weight; enforcement fund,2,2026-03-04,https://legiscan.com/AZ/bill/SB1519/2026
AZ,2096323,,Agencies; immigration; data sharing,Agencies; immigration; data sharing,2,2026-02-25,https://legiscan.com/AZ/bill/SB1520/2026
AZ,2096925,,Appropriation; Diné College; remedial education,Appropriation; Diné College; remedial education,1,2026-02-02,https://legiscan.com/AZ/bill/SB1521/2026
AZ,2097829,,Arizona tribal flags; display.,Arizona tribal flags; display.,1,2026-02-02,https://legiscan.com/AZ/bill/SB1522/2026
AZ,2100446,,Appropriation; waterline project; Ganado,Appropriation; waterline project; Ganado,2,2026-03-11,https://legiscan.com/AZ/bill/SB1523/2026
AZ,2100751,,Appropriation; Navajo Route 8070; improvements,Appropriation; Navajo Route 8070; improvements,1,2026-02-02,https://legiscan.com/AZ/bill/SB1524/2026
AZ,2100395,,Technical correction; AHCCCS; application process,Technical correction; AHCCCS; application process,0,,https://legiscan.com/AZ/bill/SB1525/2026
AZ,2100651,,Technical correction; AHCCCS; capitation rates,Technical correction; AHCCCS; capitation rates,0,,https://legiscan.com/AZ/bill/SB1526/2026
AZ,2100785,,Technical correction; ALTCS insurance; exemption,Technical correction; ALTCS insurance; exemption,0,,https://legiscan.com/AZ/bill/SB1527/2026
AZ,2100635,,Contracts; public works; employees; apprenticeships..,Contracts; public works; employees; apprenticeships..,1,2026-02-02,https://legiscan.com/AZ/bill/SB1528/2026
AZ,2100496,,Water; residential dwelling units,Water; residential dwelling units,1,2026-02-02,https://legiscan.com/AZ/bill/SB1529/2026
AZ,2100410,,Assured water supply; building permits,Assured water supply; building permits,1,2026-02-02,https://legiscan.com/AZ/bill/SB1530/2026
AZ,2100293,,Special plate; distracted driving,Special plate; distracted driving,2,2026-03-11,https://legiscan.com/AZ/bill/SB1531/2026
AZ,2100769,,Continuation; ASDB,Continuation; ASDB,1,2026-02-02,https://legiscan.com/AZ/bill/SB1532/2026
AZ,2100601,,Health insurance; claims; consumer assistance,Health insurance; claims; consumer assistance,1,2026-02-02,https://legiscan.com/AZ/bill/SB1533/2026
AZ,2100344,,Rural hospitals; stability assessment; distribution,Rural hospitals; stability assessment; distribution,1,2026-02-02,https://legiscan.com/AZ/bill/SB1534/2026
AZ,2100918,,Prostitution; assessment; anti-human trafficking fund.,Prostitution; assessment; anti-human trafficking fund.,1,2026-02-02,https://legiscan.com/AZ/bill/SB1535/2026
AZ,2100804,,Street lighting improvement districts; consolidation,Street lighting improvement districts; consolidation,2,2026-02-27,https://legiscan.com/AZ/bill/SB1536/2026
AZ,2100617,,Peace officer fund; commission; repeal,Peace officer fund; commission; repeal,2,2026-03-03,https://legiscan.com/AZ/bill/SB1537/2026
AZ,2100684,,Moving violations; AZPOST-certified officer; prosecutors,Moving violations; AZPOST-certified officer; prosecutors,2,2026-02-27,https://legiscan.com/AZ/bill/SB1538/2026
AZ,2100719,,Animal breeders; dogs; cats; taxes,Animal breeders; dogs; cats; taxes,1,2026-02-02,https://legiscan.com/AZ/bill/SB1539/2026
AZ,2100582,,Motor fuel theft; classifications,Motor fuel theft; classifications,2,2026-02-27,https://legiscan.com/AZ/bill/SB1540/2026
AZ,2100462,,Budget stabilization fund; public safety salaries,Budget stabilization fund; public safety salaries,1,2026-02-02,https://legiscan.com/AZ/bill/SB1541/2026
AZ,2100377,,Controlled substances; approval; use; research,Controlled substances; approval; use; research,1,2026-02-02,https://legiscan.com/AZ/bill/SB1542/2026
AZ,2100549,,Felony conviction; sentence completion; designation.,Felony conviction; sentence completion; designation.,1,2026-02-03,https://legiscan.com/AZ/bill/SB1543/2026
AZ,2100361,,Probation records; disclosure; exemptions,Probation records; disclosure; exemptions,2,2026-03-17,https://legiscan.com/AZ/bill/SB1544/2026
AZ,2100429,,Pharmacy benefit managers; pharmacy permits,Pharmacy benefit managers; pharmacy permits,0,,https://legiscan.com/AZ/bill/SB1545/2026
AZ,2100325,,Religious institutions; charitable services,Religious institutions; charitable services,1,2026-02-03,https://legiscan.com/AZ/bill/SB1546/2026
AZ,2100903,,Alternative fuel tax,Alternative fuel tax,1,2026-02-03,https://legiscan.com/AZ/bill/SB1547/2026
AZ,2100276,,Juvenile; natural life; parole eligibility,Juvenile; natural life; parole eligibility,0,,https://legiscan.com/AZ/bill/SB1548/2026
AZ,2100513,,Ultralight vehicles; definition,Ultralight vehicles; definition,2,2026-03-09,https://legiscan.com/AZ/bill/SB1549/2026
AZ,2100869,,Appropriation; Queen Creek; law enforcement,Appropriation; Queen Creek; law enforcement,2,2026-03-16,https://legiscan.com/AZ/bill/SB1550/2026
AZ,2100309,,Budget stabilization fund; transportation fund,Budget stabilization fund; transportation fund,1,2026-02-03,https://legiscan.com/AZ/bill/SB1551/2026
AZ,2100932,,ADOT; revisions.,ADOT; revisions.,2,2026-02-27,https://legiscan.com/AZ/bill/SB1552/2026
AZ,2100885,,Technical correction; game and fish,Technical correction; game and fish,0,,https://legiscan.com/AZ/bill/SB1553/2026
AZ,2100261,,Chiropractors; imaging,Chiropractors; imaging,2,2026-03-02,https://legiscan.com/AZ/bill/SB1554/2026
AZ,2100481,,Property tax increment; affordable housing,Property tax increment; affordable housing,1,2026-02-03,https://legiscan.com/AZ/bill/SB1555/2026
AZ,2100819,,Forged or fraudulent deeds; exclusion,Forged or fraudulent deeds; exclusion,1,2026-02-03,https://legiscan.com/AZ/bill/SB1556/2026
AZ,2100566,,Informed consent; medical interventions,Informed consent; medical interventions,2,2026-03-17,https://legiscan.com/AZ/bill/SB1557/2026
AZ,2101474,,Mobile home parks; utilities; remedies,Mobile home parks; utilities; remedies,1,2026-02-03,https://legiscan.com/AZ/bill/SB1558/2026
AZ,2101078,,Rural groundwater management; work groups,Rural groundwater management; work groups,2,2026-02-27,https://legiscan.com/AZ/bill/SB1559/2026
AZ,2101393,,Cap; water supply development fund,Cap; water supply development fund,2,2026-02-27,https://legiscan.com/AZ/bill/SB1560/2026
AZ,2101155,,Assisted living; notice; study committee,Assisted living; notice; study committee,2,2026-03-03,https://legiscan.com/AZ/bill/SB1561/2026
AZ,2101553,,Public buildings; state fire code,Public buildings; state fire code,1,2026-02-05,https://legiscan.com/AZ/bill/SB1562/2026
AZ,2101631,,Barbering and cosmetology board; continuation,Barbering and cosmetology board; continuation,2,2026-03-05,https://legiscan.com/AZ/bill/SB1563/2026
AZ,2101233,,Electronic monitoring; long-term care,Electronic monitoring; long-term care,2,2026-03-05,https://legiscan.com/AZ/bill/SB1564/2026
AZ,2101312,,Registrar of contractors; recovery fund,Registrar of contractors; recovery fund,1,2026-02-05,https://legiscan.com/AZ/bill/SB1565/2026
AZ,2101860,,Malicious delay; enforcement; penalty,Malicious delay; enforcement; penalty,2,2026-03-02,https://legiscan.com/AZ/bill/SB1566/2026
AZ,2101811,,Sexually explicit materials; government; prohibition,Sexually explicit materials; government; prohibition,2,2026-02-24,https://legiscan.com/AZ/bill/SB1567/2026
AZ,2101930,,Election systems; software; timekeeping; requirements,Election systems; software; timekeeping; requirements,2,2026-02-27,https://legiscan.com/AZ/bill/SB1568/2026
AZ,2101944,,Special election boards; voter registration,Special election boards; voter registration,1,2026-02-03,https://legiscan.com/AZ/bill/SB1569/2026
AZ,2101781,,Diversity; equity; inclusion; training; prohibition,Diversity; equity; inclusion; training; prohibition,1,2026-02-03,https://legiscan.com/AZ/bill/SB1570/2026
AZ,2101962,,School district budgets; two years,School district budgets; two years,1,2026-02-03,https://legiscan.com/AZ/bill/SB1571/2026
AZ,2101736,,Public schools; civics instruction requirement,Public schools; civics instruction requirement,2,2026-02-27,https://legiscan.com/AZ/bill/SB1572/2026
AZ,2101834,,Judicial determinations; religious sectarian laws,Judicial determinations; religious sectarian laws,2,2026-03-09,https://legiscan.com/AZ/bill/SB1573/2026
AZ,2101681,,Immunization rates; disclosure; public schools,Immunization rates; disclosure; public schools,0,,https://legiscan.com/AZ/bill/SB1574/2026
AZ,2101955,,Corporate tax; business income; allocation,Corporate tax; business income; allocation,1,2026-02-03,https://legiscan.com/AZ/bill/SB1575/2026
AZ,2101767,,Certification requirements; private school teachers,Certification requirements; private school teachers,1,2026-02-03,https://legiscan.com/AZ/bill/SB1576/2026
AZ,2101712,,Private clubs; exemption; websites,Private clubs; exemption; websites,1,2026-02-03,https://legiscan.com/AZ/bill/SB1577/2026
AZ,2101668,,Income tax; standard deduction; 2025,Income tax; standard deduction; 2025,1,2026-02-03,https://legiscan.com/AZ/bill/SB1578/2026
AZ,2101725,,Appropriations; law enforcement; records management,Appropriations; law enforcement; records management,1,2026-02-03,https://legiscan.com/AZ/bill/SB1579/2026
AZ,2101842,,Appropriation; fire incident management,Appropriation; fire incident management,2,2026-03-16,https://legiscan.com/AZ/bill/SB1580/2026
AZ,2101693,,Appropriations; public safety equipment,Appropriations; public safety equipment,1,2026-02-03,https://legiscan.com/AZ/bill/SB1581/2026
AZ,2101697,,Appropriation; school safety program,Appropriation; school safety program,2,2026-03-16,https://legiscan.com/AZ/bill/SB1582/2026
AZ,2101899,,School safety interoperability monies; return,School safety interoperability monies; return,2,2026-02-25,https://legiscan.com/AZ/bill/SB1583/2026
AZ,2101873,,Appropriation; DOC; recruitment; retention,Appropriation; DOC; recruitment; retention,2,2026-03-10,https://legiscan.com/AZ/bill/SB1584/2026
AZ,2101959,,Sex offenders; fund; assessment; subcommittee,Sex offenders; fund; assessment; subcommittee,2,2026-03-17,https://legiscan.com/AZ/bill/SB1585/2026
AZ,2101823,,State agencies; guidance; website,State agencies; guidance; website,2,2026-02-25,https://legiscan.com/AZ/bill/SB1586/2026
AZ,2101867,,Dissolution of marriage; companion animals,Dissolution of marriage; companion animals,1,2026-02-03,https://legiscan.com/AZ/bill/SB1587/2026
AZ,2101887,,Legislative vacancies; appointment,Legislative vacancies; appointment,1,2026-02-03,https://legiscan.com/AZ/bill/SB1588/2026
AZ,2101755,,School personnel; reporting; drug offenses,School personnel; reporting; drug offenses,1,2026-02-03,https://legiscan.com/AZ/bill/SB1589/2026
AZ,2101650,,Housing trust fund; unclaimed property.,Housing trust fund; unclaimed property.,1,2026-02-03,https://legiscan.com/AZ/bill/SB1590/2026
AZ,2101797,,Housing trust fund; appropriation,Housing trust fund; appropriation,1,2026-02-03,https://legiscan.com/AZ/bill/SB1591/2026
AZ,2101854,,Noncertificated school employees; due process,Noncertificated school employees; due process,1,2026-02-03,https://legiscan.com/AZ/bill/SB1592/2026
AZ,2101645,,Appropriation; adult protective services,Appropriation; adult protective services,1,2026-02-03,https://legiscan.com/AZ/bill/SB1593/2026
AZ,2101937,,Schools; corporal punishment; prohibition,Schools; corporal punishment; prohibition,1,2026-02-03,https://legiscan.com/AZ/bill/SB1594/2026
AZ,2101925,,Public schools; teachers; lunch breaks,Public schools; teachers; lunch breaks,1,2026-02-03,https://legiscan.com/AZ/bill/SB1595/2026
AZ,2101774,,Appropriation; homeless shelter services fund,Appropriation; homeless shelter services fund,1,2026-02-03,https://legiscan.com/AZ/bill/SB1596/2026
AZ,2101828,,Child care; waiting list; appropriation,Child care; waiting list; appropriation,1,2026-02-03,https://legiscan.com/AZ/bill/SB1597/2026
AZ,2101787,,Appropriation; schools; community gardens,Appropriation; schools; community gardens,2,2026-03-05,https://legiscan.com/AZ/bill/SB1598/2026
AZ,2101760,,Textbooks; adverse representation; prohibition,Textbooks; adverse representation; prohibition,1,2026-02-03,https://legiscan.com/AZ/bill/SB1599/2026
AZ,2101914,,Unlawful securing of firearms; minors,Unlawful securing of firearms; minors,1,2026-02-03,https://legiscan.com/AZ/bill/SB1600/2026
AZ,2101892,,Zoning; housing; historic neighborhoods,Zoning; housing; historic neighborhoods,1,2026-02-03,https://legiscan.com/AZ/bill/SB1601/2026
AZ,2101705,,Kinship foster care stipend; increase,Kinship foster care stipend; increase,2,2026-03-11,https://legiscan.com/AZ/bill/SB1602/2026
AZ,2102195,,Temporary assistance; child only case,Temporary assistance; child only case,1,2026-02-03,https://legiscan.com/AZ/bill/SB1603/2026
AZ,2102103,,Insurance coverage; autologous breast reconstruction,Insurance coverage; autologous breast reconstruction,1,2026-02-03,https://legiscan.com/AZ/bill/SB1604/2026
AZ,2102169,,Appropriation; area agencies on aging,Appropriation; area agencies on aging,1,2026-02-03,https://legiscan.com/AZ/bill/SB1605/2026
AZ,2102145,,Plug in solar energy; requirements,Plug in solar energy; requirements,1,2026-02-03,https://legiscan.com/AZ/bill/SB1606/2026
AZ,2102212,,Consumer assistance; health insurance claims,Consumer assistance; health insurance claims,1,2026-02-03,https://legiscan.com/AZ/bill/SB1607/2026
AZ,2102277,,Landlords; habitable conditions; temperatures,Landlords; habitable conditions; temperatures,1,2026-02-09,https://legiscan.com/AZ/bill/SB1608/2026
AZ,2102137,,New political parties; party name,New political parties; party name,1,2026-02-03,https://legiscan.com/AZ/bill/SB1609/2026
AZ,2102269,,Groundwater; transporting requirements; technical correction,Groundwater; transporting requirements; technical correction,0,,https://legiscan.com/AZ/bill/SB1610/2026
AZ,2101815,,American Indian health program; administration,American Indian health program; administration,1,2026-02-03,https://legiscan.com/AZ/bill/SB1611/2026
AZ,2102031,,Biological sex; team designations; repeal,Biological sex; team designations; repeal,1,2026-02-03,https://legiscan.com/AZ/bill/SB1612/2026
AZ,2102110,,Reviser's technical corrections; 2026,Reviser's technical corrections; 2026,2,2026-02-19,https://legiscan.com/AZ/bill/SB1613/2026
AZ,2102203,,Horse racing; advance deposit wagering,Horse racing; advance deposit wagering,1,2026-02-09,https://legiscan.com/AZ/bill/SB1614/2026
AZ,2102000,,State-owned properties; review board,State-owned properties; review board,1,2026-02-03,https://legiscan.com/AZ/bill/SB1615/2026
AZ,2102042,,Business entities; licensees; exemptions,Business entities; licensees; exemptions,2,2026-03-03,https://legiscan.com/AZ/bill/SB1616/2026
AZ,2102093,,Campaign finance; penalties; suspensions; terminations,Campaign finance; penalties; suspensions; terminations,1,2026-02-03,https://legiscan.com/AZ/bill/SB1617/2026
AZ,2102186,,Military affairs commission,Military affairs commission,2,2026-02-27,https://legiscan.com/AZ/bill/SB1618/2026
AZ,2101984,,Municipal zoning; maximum density; residential,Municipal zoning; maximum density; residential,1,2026-02-03,https://legiscan.com/AZ/bill/SB1619/2026
AZ,2102009,,Arizona space commission; board; membership,Arizona space commission; board; membership,2,2026-02-27,https://legiscan.com/AZ/bill/SB1620/2026
AZ,2102252,,Obesity; prevention; treatment; advisory council,Obesity; prevention; treatment; advisory council,2,2026-03-11,https://legiscan.com/AZ/bill/SB1621/2026
AZ,2102126,,Behavioral health technicians; definition; duties,Behavioral health technicians; definition; duties,1,2026-02-03,https://legiscan.com/AZ/bill/SB1622/2026
AZ,2102230,,Credit cards; interest rate; requirements,Credit cards; interest rate; requirements,1,2026-02-03,https://legiscan.com/AZ/bill/SB1623/2026
AZ,2102017,,Photo radar enforcement; civil penalty,Photo radar enforcement; civil penalty,2,2026-02-27,https://legiscan.com/AZ/bill/SB1624/2026
AZ,2102177,,Moving violation; citation; AZPOST-certified officer.,Moving violation; citation; AZPOST-certified officer.,1,2026-02-03,https://legiscan.com/AZ/bill/SB1625/2026
AZ,2102076,,Slow vehicles; left lane; violation,Slow vehicles; left lane; violation,1,2026-02-03,https://legiscan.com/AZ/bill/SB1626/2026
AZ,2102261,,Schools; prohibition; unmanned aircraft,Schools; prohibition; unmanned aircraft,2,2026-03-04,https://legiscan.com/AZ/bill/SB1627/2026
AZ,2101992,,Claims denial; prior authorization; reporting,Claims denial; prior authorization; reporting,2,2026-02-27,https://legiscan.com/AZ/bill/SB1628/2026
AZ,2102220,,Behavioral health; contracts; network adequacy,Behavioral health; contracts; network adequacy,2,2026-03-05,https://legiscan.com/AZ/bill/SB1629/2026
AZ,2102059,,Home; community-based services; mental illness,Home; community-based services; mental illness,2,2026-03-04,https://legiscan.com/AZ/bill/SB1630/2026
AZ,2102152,,DCS; sexual abuse allegations; interviews,DCS; sexual abuse allegations; interviews,2,2026-02-25,https://legiscan.com/AZ/bill/SB1631/2026
AZ,2102067,,DES; credentialing; application; deficiencies,DES; credentialing; application; deficiencies,2,2026-03-10,https://legiscan.com/AZ/bill/SB1632/2026
AZ,2102085,,Income tax; subtraction; primary residence,Income tax; subtraction; primary residence,2,2026-02-27,https://legiscan.com/AZ/bill/SB1633/2026
AZ,2102025,,Driver license voter registration; signature,Driver license voter registration; signature,2,2026-03-09,https://legiscan.com/AZ/bill/SB1634/2026
AZ,2102236,,Unlawful alert; arrests,Unlawful alert; arrests,2,2026-03-02,https://legiscan.com/AZ/bill/SB1635/2026
AZ,2102746,,Subsequent irrigation; non-expansion areas; procedures.,Subsequent irrigation; non-expansion areas; procedures.,1,2026-02-03,https://legiscan.com/AZ/bill/SB1636/2026
AZ,2102882,,Dentists' responsibility; sedation; informed consent,Dentists' responsibility; sedation; informed consent,1,2026-02-03,https://legiscan.com/AZ/bill/SB1637/2026
AZ,2102976,,Conformity; internal revenue code; deductions.,Conformity; internal revenue code; deductions.,1,2026-02-03,https://legiscan.com/AZ/bill/SB1638/2026
AZ,2102755,,School security projects; capital finance,School security projects; capital finance,1,2026-02-09,https://legiscan.com/AZ/bill/SB1639/2026
AZ,2102796,,Marijuana; qualifying illnesses; testing; complaints,Marijuana; qualifying illnesses; testing; complaints,1,2026-02-09,https://legiscan.com/AZ/bill/SB1640/2026
AZ,2102840,,Marijuana producers; licensure,Marijuana producers; licensure,2,2026-03-11,https://legiscan.com/AZ/bill/SB1641/2026
AZ,2103053,,Technical correction; additional judges,Technical correction; additional judges,0,,https://legiscan.com/AZ/bill/SB1642/2026
AZ,2103024,,Firearms; sales; regulation.,Firearms; sales; regulation.,1,2026-02-03,https://legiscan.com/AZ/bill/SB1643/2026
AZ,2103400,,Mandatory reporting; family court,Mandatory reporting; family court,2,2026-02-27,https://legiscan.com/AZ/bill/SB1644/2026
AZ,2103346,,Performance audits; auditor general,Performance audits; auditor general,2,2026-03-03,https://legiscan.com/AZ/bill/SB1645/2026
AZ,2103420,,Absence; state elected officials,Absence; state elected officials,2,2026-03-03,https://legiscan.com/AZ/bill/SB1646/2026
AZ,2103324,,Elections; foreign contributions prohibited,Elections; foreign contributions prohibited,2,2026-03-09,https://legiscan.com/AZ/bill/SB1647/2026
AZ,2103305,,Compensation; elderly; best interests,Compensation; elderly; best interests,2,2026-03-02,https://legiscan.com/AZ/bill/SB1648/2026
AZ,2103368,,Digital assets strategic reserve fund,Digital assets strategic reserve fund,2,2026-03-09,https://legiscan.com/AZ/bill/SB1649/2026
AZ,2103411,,Judicial immunity; exception,Judicial immunity; exception,1,2026-02-09,https://legiscan.com/AZ/bill/SB1650/2026
AZ,2103338,,State elected officials; absence; protection,State elected officials; absence; protection,1,2026-02-09,https://legiscan.com/AZ/bill/SB1651/2026
AZ,2103442,,Technical correction; overtaking bicycles,Technical correction; overtaking bicycles,0,,https://legiscan.com/AZ/bill/SB1652/2026
AZ,2103375,,Family court; fees; costs; award,Family court; fees; costs; award,2,2026-03-02,https://legiscan.com/AZ/bill/SB1653/2026
AZ,2103432,,Appropriations; end-point monitoring; elections,Appropriations; end-point monitoring; elections,2,2026-03-10,https://legiscan.com/AZ/bill/SB1654/2026
AZ,2103299,,Juror summons; election worker option,Juror summons; election worker option,2,2026-03-10,https://legiscan.com/AZ/bill/SB1655/2026
AZ,2103388,,Family court; professional personnel; requirements,Family court; professional personnel; requirements,2,2026-03-02,https://legiscan.com/AZ/bill/SB1656/2026
AZ,2103451,,Family court; attorney fees; cap,Family court; attorney fees; cap,2,2026-03-03,https://legiscan.com/AZ/bill/SB1657/2026
AZ,2103314,,Legal decision-making; jury trial,Legal decision-making; jury trial,2,2026-03-02,https://legiscan.com/AZ/bill/SB1658/2026
AZ,2103357,,Homeowners' associations; rulemaking,Homeowners' associations; rulemaking,1,2026-02-05,https://legiscan.com/AZ/bill/SB1659/2026
AZ,2104030,,Attorney general; policies; immigration.,Attorney general; policies; immigration.,1,2026-02-03,https://legiscan.com/AZ/bill/SB1660/2026
AZ,2104098,,Paternity; genetic testing; support obligation,Paternity; genetic testing; support obligation,1,2026-02-09,https://legiscan.com/AZ/bill/SB1661/2026
AZ,2103922,,Probation supervision; reasonably necessary conditions,Probation supervision; reasonably necessary conditions,2,2026-03-10,https://legiscan.com/AZ/bill/SB1662/2026
AZ,2103980,,Freedom of speech monument; committee,Freedom of speech monument; committee,2,2026-02-27,https://legiscan.com/AZ/bill/SB1663/2026
AZ,2103767,,Signatures required; nomination petitions,Signatures required; nomination petitions,2,2026-03-09,https://legiscan.com/AZ/bill/SB1664/2026
AZ,2103805,,State agencies; hiring practices; appeals,State agencies; hiring practices; appeals,2,2026-02-25,https://legiscan.com/AZ/bill/SB1665/2026
AZ,2104151,,In-state custodial interference; penalty,In-state custodial interference; penalty,2,2026-03-03,https://legiscan.com/AZ/bill/SB1666/2026
AZ,2103861,,Juvenile records; lifetime injunctions,Juvenile records; lifetime injunctions,1,2026-02-09,https://legiscan.com/AZ/bill/SB1667/2026
AZ,2104159,,Disposition; remains; authorization; legal decision-making,Disposition; remains; authorization; legal decision-making,2,2026-03-03,https://legiscan.com/AZ/bill/SB1668/2026
AZ,2104199,,Sexual offenses; victim; evidence,Sexual offenses; victim; evidence,2,2026-03-03,https://legiscan.com/AZ/bill/SB1669/2026
AZ,2104125,,Municipalities; counties; occupation; licensure; prohibition,Municipalities; counties; occupation; licensure; prohibition,2,2026-02-27,https://legiscan.com/AZ/bill/SB1670/2026
AZ,2104284,,Gaming; racing; boxing; conflict-of-interest continuation,Gaming; racing; boxing; conflict-of-interest continuation,2,2026-03-02,https://legiscan.com/AZ/bill/SB1671/2026
AZ,2104090,,AHCCCS; antipsychotic drugs; authorization,AHCCCS; antipsychotic drugs; authorization,2,2026-03-11,https://legiscan.com/AZ/bill/SB1672/2026
AZ,2103924,,Appropriation; crime victim notification fund,Appropriation; crime victim notification fund,2,2026-03-05,https://legiscan.com/AZ/bill/SB1673/2026
AZ,2104012,,Homeowners' associations; rules; enforcement,Homeowners' associations; rules; enforcement,1,2026-02-05,https://legiscan.com/AZ/bill/SB1674/2026
AZ,2103823,,Unlawful sale; animals,Unlawful sale; animals,1,2026-02-09,https://legiscan.com/AZ/bill/SB1675/2026
AZ,2104102,,Definition; defenses; sexual offenses,Definition; defenses; sexual offenses,1,2026-02-05,https://legiscan.com/AZ/bill/SB1676/2026
AZ,2104047,,Appropriation; salt cedar mitigation,Appropriation; salt cedar mitigation,2,2026-03-11,https://legiscan.com/AZ/bill/SB1677/2026
AZ,2104127,,Residential healthcare; emergencies; study committee,Residential healthcare; emergencies; study committee,2,2026-03-03,https://legiscan.com/AZ/bill/SB1678/2026
AZ,2104119,,Registrar of contractors,Registrar of contractors,1,2026-02-09,https://legiscan.com/AZ/bill/SB1679/2026
AZ,2103875,,Grazing; agriculture; county zoning,Grazing; agriculture; county zoning,1,2026-02-05,https://legiscan.com/AZ/bill/SB1680/2026
AZ,2104078,,Medical marijuana; registration certificates,Medical marijuana; registration certificates,1,2026-02-09,https://legiscan.com/AZ/bill/SB1681/2026
AZ,2103851,,Treasurer; qualified Arizona-based investment managers,Treasurer; qualified Arizona-based investment managers,1,2026-02-09,https://legiscan.com/AZ/bill/SB1682/2026
AZ,2103880,,Landownership; foreign adversary; prohibition,Landownership; foreign adversary; prohibition,2,2026-03-04,https://legiscan.com/AZ/bill/SB1683/2026
AZ,2103856,,School liability; bullying; serious injury,School liability; bullying; serious injury,2,2026-02-27,https://legiscan.com/AZ/bill/SB1684/2026
AZ,2103904,,Arizona Latino affairs; commission.,Arizona Latino affairs; commission.,1,2026-02-09,https://legiscan.com/AZ/bill/SB1685/2026
AZ,2103976,,Charlie Kirk; Don Bolles; memorial,Charlie Kirk; Don Bolles; memorial,2,2026-03-04,https://legiscan.com/AZ/bill/SB1686/2026
AZ,2104274,,Voter access; elections; primary date,Voter access; elections; primary date,2,2026-02-27,https://legiscan.com/AZ/bill/SB1687/2026
AZ,2104187,,Membership associations; fees; disclosures,Membership associations; fees; disclosures,2,2026-02-27,https://legiscan.com/AZ/bill/SB1688/2026
AZ,2104261,,Home equity revolving loan; lenders,Home equity revolving loan; lenders,1,2026-02-05,https://legiscan.com/AZ/bill/SB1689/2026
AZ,2103815,,Visually impaired voters; access procedures,Visually impaired voters; access procedures,1,2026-02-09,https://legiscan.com/AZ/bill/SB1690/2026
AZ,2104246,,ESAs; assessments; standards; accreditation,ESAs; assessments; standards; accreditation,1,2026-02-05,https://legiscan.com/AZ/bill/SB1691/2026
AZ,2103911,,ESAs; tutors; safety; rules,ESAs; tutors; safety; rules,1,2026-02-05,https://legiscan.com/AZ/bill/SB1692/2026
AZ,2103890,,School district superintendents; certification; requirements,School district superintendents; certification; requirements,1,2026-02-05,https://legiscan.com/AZ/bill/SB1693/2026
AZ,2104264,,Charter schools; meeting; reporting; audits,Charter schools; meeting; reporting; audits,1,2026-02-05,https://legiscan.com/AZ/bill/SB1694/2026
AZ,2104088,,Expenditure limitation; school districts; repeal,Expenditure limitation; school districts; repeal,1,2026-02-05,https://legiscan.com/AZ/bill/SB1695/2026
AZ,2103790,,School districts; aggregate expenditure limitation,School districts; aggregate expenditure limitation,1,2026-02-05,https://legiscan.com/AZ/bill/SB1696/2026
AZ,2104148,,School meals; school personnel; requirements,School meals; school personnel; requirements,1,2026-02-05,https://legiscan.com/AZ/bill/SB1697/2026
AZ,2103763,,ESAs; children with disabilities; evaluations,ESAs; children with disabilities; evaluations,1,2026-02-05,https://legiscan.com/AZ/bill/SB1698/2026
AZ,2104174,,Empowerment scholarship accounts; distribution; intervals,Empowerment scholarship accounts; distribution; intervals,1,2026-02-05,https://legiscan.com/AZ/bill/SB1699/2026
AZ,2104072,,Qualified schools; fingerprinting requirements; penalties,Qualified schools; fingerprinting requirements; penalties,1,2026-02-05,https://legiscan.com/AZ/bill/SB1700/2026
AZ,2103918,,Attorney general; counsel; fees,Attorney general; counsel; fees,1,2026-02-05,https://legiscan.com/AZ/bill/SB1701/2026
AZ,2104025,,Qualified schools; audits; reporting requirements,Qualified schools; audits; reporting requirements,1,2026-02-05,https://legiscan.com/AZ/bill/SB1702/2026
AZ,2103786,,ESAs; parental notification; waived rights,ESAs; parental notification; waived rights,1,2026-02-05,https://legiscan.com/AZ/bill/SB1703/2026
AZ,2103770,,ESAs; children with disabilities; requirements,ESAs; children with disabilities; requirements,1,2026-02-05,https://legiscan.com/AZ/bill/SB1704/2026
AZ,2104296,,Class size limits; policies; appropriations,Class size limits; policies; appropriations,1,2026-02-05,https://legiscan.com/AZ/bill/SB1705/2026
AZ,2103774,,Full-day kindergarten students; ADM,Full-day kindergarten students; ADM,1,2026-02-05,https://legiscan.com/AZ/bill/SB1706/2026
AZ,2103963,,Appropriation; artificial intelligence; border security,Appropriation; artificial intelligence; border security,1,2026-02-05,https://legiscan.com/AZ/bill/SB1707/2026
AZ,2103888,,Property use; immigration enforcement; prohibition,Property use; immigration enforcement; prohibition,1,2026-02-05,https://legiscan.com/AZ/bill/SB1708/2026
AZ,2103928,,Dangerous crimes; children; probation revocation,Dangerous crimes; children; probation revocation,2,2026-03-16,https://legiscan.com/AZ/bill/SB1709/2026
AZ,2104050,,Pharmacy benefits; patient steering; prohibition,Pharmacy benefits; patient steering; prohibition,0,,https://legiscan.com/AZ/bill/SB1710/2026
AZ,2103772,,Age-appropriate resources; inappropriate contact; schools,Age-appropriate resources; inappropriate contact; schools,2,2026-03-10,https://legiscan.com/AZ/bill/SB1711/2026
AZ,2103829,,Obsessive political preoccupation; research; report,Obsessive political preoccupation; research; report,1,2026-02-05,https://legiscan.com/AZ/bill/SB1712/2026
AZ,2104054,,AHCCCS; procurement; contracting,AHCCCS; procurement; contracting,2,2026-02-27,https://legiscan.com/AZ/bill/SB1713/2026
AZ,2103865,,Pricing; emergency; enforcement; attorney general,Pricing; emergency; enforcement; attorney general,1,2026-02-05,https://legiscan.com/AZ/bill/SB1714/2026
AZ,2104002,,Distressed residential real estate,Distressed residential real estate,1,2026-02-05,https://legiscan.com/AZ/bill/SB1715/2026
AZ,2104201,,Clozapine; access; monitoring modifications,Clozapine; access; monitoring modifications,1,2026-02-05,https://legiscan.com/AZ/bill/SB1716/2026
AZ,2104114,,Biometric identifiers; commercial use; prohibitions,Biometric identifiers; commercial use; prohibitions,1,2026-02-05,https://legiscan.com/AZ/bill/SB1717/2026
AZ,2103824,,Special plate; public education foundation,Special plate; public education foundation,1,2026-02-05,https://legiscan.com/AZ/bill/SB1718/2026
AZ,2104235,,Nonprofit corporations; audits,Nonprofit corporations; audits,1,2026-02-05,https://legiscan.com/AZ/bill/SB1719/2026
AZ,2103788,,Equal parenting time; best interests,Equal parenting time; best interests,2,2026-03-04,https://legiscan.com/AZ/bill/SB1720/2026
AZ,2104291,,Prevailing wage contracts; agreements,Prevailing wage contracts; agreements,1,2026-02-05,https://legiscan.com/AZ/bill/SB1721/2026
AZ,2104306,,Homeowners' associations; meetings; quorum,Homeowners' associations; meetings; quorum,1,2026-02-05,https://legiscan.com/AZ/bill/SB1722/2026
AZ,2104228,,Domestic violence; release conditions,Domestic violence; release conditions,2,2026-03-10,https://legiscan.com/AZ/bill/SB1723/2026
AZ,2103808,,Property valuation; splits; subdivisions; consolidations,Property valuation; splits; subdivisions; consolidations,1,2026-02-05,https://legiscan.com/AZ/bill/SB1724/2026
AZ,2103942,,Marijuana smoke; public; private nuisance,Marijuana smoke; public; private nuisance,2,2026-03-09,https://legiscan.com/AZ/bill/SB1725/2026
AZ,2104018,,STOs; scholarship reporting; identification numbers,STOs; scholarship reporting; identification numbers,1,2026-02-05,https://legiscan.com/AZ/bill/SB1726/2026
AZ,2103956,,Child care; assistance; eligibility,Child care; assistance; eligibility,1,2026-02-05,https://legiscan.com/AZ/bill/SB1727/2026
AZ,2103821,,JCCR; members; designee,JCCR; members; designee,1,2026-02-05,https://legiscan.com/AZ/bill/SB1728/2026
AZ,2104069,,Pet ownership limits; planned communities,Pet ownership limits; planned communities,1,2026-02-05,https://legiscan.com/AZ/bill/SB1729/2026
AZ,2104216,,Kachina Point Road,Kachina Point Road,1,2026-02-05,https://legiscan.com/AZ/bill/SB1730/2026
AZ,2104283,,Office of Indian education; appropriation,Office of Indian education; appropriation,1,2026-02-05,https://legiscan.com/AZ/bill/SB1731/2026
AZ,2104136,,Appropriation; city of Page; roundabout,Appropriation; city of Page; roundabout,1,2026-02-05,https://legiscan.com/AZ/bill/SB1732/2026
AZ,2103854,,Appropriation; senior facilities; tribal nations,Appropriation; senior facilities; tribal nations,1,2026-02-05,https://legiscan.com/AZ/bill/SB1733/2026
AZ,2104133,,Appropriation; Dennehotso pedestrian path,Appropriation; Dennehotso pedestrian path,1,2026-02-05,https://legiscan.com/AZ/bill/SB1734/2026
AZ,2104044,,Appropriation; Navajo Route 8090; improvements,Appropriation; Navajo Route 8090; improvements,1,2026-02-05,https://legiscan.com/AZ/bill/SB1735/2026
AZ,2104255,,Appropriation; Navajo water supply,Appropriation; Navajo water supply,1,2026-02-05,https://legiscan.com/AZ/bill/SB1736/2026
AZ,2104205,,Appropriation; Navajo Route 8009,Appropriation; Navajo Route 8009,1,2026-02-05,https://legiscan.com/AZ/bill/SB1737/2026
AZ,2103972,,Coconino county; juvenile services; appropriation,Coconino county; juvenile services; appropriation,1,2026-02-05,https://legiscan.com/AZ/bill/SB1738/2026
AZ,2103947,,Appropriation; DES; domestic violence shelters,Appropriation; DES; domestic violence shelters,1,2026-02-05,https://legiscan.com/AZ/bill/SB1739/2026
AZ,2103817,,Turquoise alerts; statewide; training,Turquoise alerts; statewide; training,2,2026-03-11,https://legiscan.com/AZ/bill/SB1740/2026
AZ,2103986,,Public schools; released time courses,Public schools; released time courses,2,2026-02-25,https://legiscan.com/AZ/bill/SB1741/2026
AZ,2104146,,Rural groundwater management areas; establishment.,Rural groundwater management areas; establishment.,1,2026-02-05,https://legiscan.com/AZ/bill/SB1742/2026
AZ,2104219,,Campaign finance; individual contributor information,Campaign finance; individual contributor information,2,2026-03-10,https://legiscan.com/AZ/bill/SB1743/2026
AZ,2103995,,TPT; exemption; fire trucks; ambulance,TPT; exemption; fire trucks; ambulance,1,2026-02-05,https://legiscan.com/AZ/bill/SB1744/2026
AZ,2103838,,Local excise taxes; rate limit,Local excise taxes; rate limit,1,2026-02-05,https://legiscan.com/AZ/bill/SB1745/2026
AZ,2104116,,Elections; voting centers; polling places,Elections; voting centers; polling places,2,2026-03-09,https://legiscan.com/AZ/bill/SB1746/2026
AZ,2103858,,Social media; online content; minors.,Social media; online content; minors.,2,2026-03-10,https://legiscan.com/AZ/bill/SB1747/2026
AZ,2103958,,Victims' rights; opt in process,Victims' rights; opt in process,2,2026-03-03,https://legiscan.com/AZ/bill/SB1748/2026
AZ,2104056,,Raffles; real property,Raffles; real property,1,2026-02-05,https://legiscan.com/AZ/bill/SB1749/2026
AZ,2103796,,Veterinary medical examining board; continuation.,Veterinary medical examining board; continuation.,1,2026-02-05,https://legiscan.com/AZ/bill/SB1750/2026
AZ,2104109,,Death sentence; choice; firing squad.,Death sentence; choice; firing squad.,2,2026-03-18,https://legiscan.com/AZ/bill/SB1751/2026
AZ,2104184,,Mescaline; possession; sale; commercial use,Mescaline; possession; sale; commercial use,2,2026-03-11,https://legiscan.com/AZ/bill/SB1752/2026
AZ,2103948,,Employment; housing; public accommodations; antidiscrimination,Employment; housing; public accommodations; antidiscrimination,1,2026-02-05,https://legiscan.com/AZ/bill/SB1753/2026
AZ,2103841,,ADE; special education; parent complaints,ADE; special education; parent complaints,2,2026-03-05,https://legiscan.com/AZ/bill/SB1754/2026
AZ,2103876,,Judges; law practice prohibition; exceptions,Judges; law practice prohibition; exceptions,1,2026-02-05,https://legiscan.com/AZ/bill/SB1755/2026
AZ,2104085,,Standards; Arizona plane coordinate system,Standards; Arizona plane coordinate system,1,2026-02-05,https://legiscan.com/AZ/bill/SB1756/2026
AZ,2103847,,Foreign principals; lobbyists; registration; fund,Foreign principals; lobbyists; registration; fund,1,2026-02-05,https://legiscan.com/AZ/bill/SB1757/2026
AZ,2104222,,State lands; improvements; reimbursement; ineligibility,State lands; improvements; reimbursement; ineligibility,1,2026-02-05,https://legiscan.com/AZ/bill/SB1758/2026
AZ,2103953,,Wildlife; unlawful taking; civil penalty,Wildlife; unlawful taking; civil penalty,1,2026-02-05,https://legiscan.com/AZ/bill/SB1759/2026
AZ,2104161,,ASDB; capital improvements; financing; authority,ASDB; capital improvements; financing; authority,1,2026-02-05,https://legiscan.com/AZ/bill/SB1760/2026
AZ,2103812,,Appropriations; university of Arizona; agriculture,Appropriations; university of Arizona; agriculture,2,2026-03-16,https://legiscan.com/AZ/bill/SB1761/2026
AZ,2104138,,State land auction; park; appropriation,State land auction; park; appropriation,1,2026-02-05,https://legiscan.com/AZ/bill/SB1762/2026
AZ,2104067,,School districts; funds; financial reports,School districts; funds; financial reports,2,2026-03-04,https://legiscan.com/AZ/bill/SB1763/2026
AZ,2104007,,Property tax; definitions,Property tax; definitions,1,2026-02-05,https://legiscan.com/AZ/bill/SB1764/2026
AZ,2104104,,Event wagering; problem gambling fund,Event wagering; problem gambling fund,1,2026-02-05,https://legiscan.com/AZ/bill/SB1765/2026
AZ,2104022,,Inmate labor; wages,Inmate labor; wages,1,2026-02-05,https://legiscan.com/AZ/bill/SB1766/2026
AZ,2104278,,ADOC; director; educational programs,ADOC; director; educational programs,1,2026-02-05,https://legiscan.com/AZ/bill/SB1767/2026
AZ,2103809,,Foster care; scholarship; tribal members,Foster care; scholarship; tribal members,1,2026-02-05,https://legiscan.com/AZ/bill/SB1768/2026
AZ,2104163,,Adult immunizations; reporting requirements,Adult immunizations; reporting requirements,1,2026-02-05,https://legiscan.com/AZ/bill/SB1769/2026
AZ,2104287,,Juveniles; parole eligibility; release presumption,Juveniles; parole eligibility; release presumption,1,2026-02-05,https://legiscan.com/AZ/bill/SB1770/2026
AZ,2104270,,Health insurance; requirements; essential benefits,Health insurance; requirements; essential benefits,1,2026-02-05,https://legiscan.com/AZ/bill/SB1771/2026
AZ,2104193,,State agencies; tribal liaison,State agencies; tribal liaison,1,2026-02-05,https://legiscan.com/AZ/bill/SB1772/2026
AZ,2104299,,Peace officers; cameras; disclosures; recordings.,Peace officers; cameras; disclosures; recordings.,1,2026-02-09,https://legiscan.com/AZ/bill/SB1773/2026
AZ,2104251,,Voting rights; restoration.,Voting rights; restoration.,1,2026-02-05,https://legiscan.com/AZ/bill/SB1774/2026
AZ,2104168,,Inmate telephone system service contracts.,Inmate telephone system service contracts.,1,2026-02-05,https://legiscan.com/AZ/bill/SB1775/2026
AZ,2104081,,Traditional healing services; AHCCCS,Traditional healing services; AHCCCS,2,2026-03-11,https://legiscan.com/AZ/bill/SB1776/2026
AZ,2104005,,Indian tribes; event wagering; other events,Indian tribes; event wagering; other events,1,2026-02-05,https://legiscan.com/AZ/bill/SB1777/2026
AZ,2104157,,Juvenile sentenced as adult; sentencing,Juvenile sentenced as adult; sentencing,1,2026-02-05,https://legiscan.com/AZ/bill/SB1778/2026
AZ,2104142,,Mandatory inclusionary zoning; prohibition,Mandatory inclusionary zoning; prohibition,1,2026-02-05,https://legiscan.com/AZ/bill/SB1779/2026
AZ,2104095,,SNAP eligibility; probation compliance,SNAP eligibility; probation compliance,1,2026-02-05,https://legiscan.com/AZ/bill/SB1780/2026
AZ,2103867,,Law enforcement; training; alert systems,Law enforcement; training; alert systems,1,2026-02-05,https://legiscan.com/AZ/bill/SB1781/2026
AZ,2104230,,Runaways; alert systems,Runaways; alert systems,1,2026-02-05,https://legiscan.com/AZ/bill/SB1782/2026
AZ,2104042,,TANF; lifetime limit; drug testing,TANF; lifetime limit; drug testing,1,2026-02-05,https://legiscan.com/AZ/bill/SB1783/2026
AZ,2103840,,Juveniles; sentence reduction; hearing,Juveniles; sentence reduction; hearing,1,2026-02-05,https://legiscan.com/AZ/bill/SB1784/2026
AZ,2104149,,Water storage facility; withdrawals; area,Water storage facility; withdrawals; area,2,2026-03-03,https://legiscan.com/AZ/bill/SB1785/2026
AZ,2103835,,Artificial intelligence; content verification,Artificial intelligence; content verification,2,2026-03-03,https://legiscan.com/AZ/bill/SB1786/2026
AZ,2103926,,Exactions; individualized determinations; appeal,Exactions; individualized determinations; appeal,2,2026-02-27,https://legiscan.com/AZ/bill/SB1787/2026
AZ,2104266,,Homeowners; renters; insurance; cancellation; nonrenewal,Homeowners; renters; insurance; cancellation; nonrenewal,1,2026-02-09,https://legiscan.com/AZ/bill/SB1788/2026
AZ,2103978,,Pet stores; pet dealers,Pet stores; pet dealers,1,2026-02-05,https://legiscan.com/AZ/bill/SB1789/2026
AZ,2103934,,Personal data collection; business; requirements,Personal data collection; business; requirements,1,2026-02-09,https://legiscan.com/AZ/bill/SB1790/2026
AZ,2103913,,Ballot delivery; collection.,Ballot delivery; collection.,1,2026-02-05,https://legiscan.com/AZ/bill/SB1791/2026
AZ,2103794,,Automatic voter registration; same day,Automatic voter registration; same day,1,2026-02-05,https://legiscan.com/AZ/bill/SB1792/2026
AZ,2104113,,Election equipment; data; access limitation,Election equipment; data; access limitation,1,2026-02-05,https://legiscan.com/AZ/bill/SB1793/2026
AZ,2103765,,Election officers; privacy protections.,Election officers; privacy protections.,1,2026-02-05,https://legiscan.com/AZ/bill/SB1794/2026
AZ,2103885,,Worker's compensation; database; notice; commission,Worker's compensation; database; notice; commission,1,2026-02-09,https://legiscan.com/AZ/bill/SB1795/2026
AZ,2104182,,DNA match tracking system; DPS,DNA match tracking system; DPS,1,2026-02-09,https://legiscan.com/AZ/bill/SB1796/2026
AZ,2103902,,Essential drugs; price increases; limits.,Essential drugs; price increases; limits.,1,2026-02-05,https://legiscan.com/AZ/bill/SB1797/2026
AZ,2103939,,FAFSA; financial aid awareness program,FAFSA; financial aid awareness program,2,2026-03-19,https://legiscan.com/AZ/bill/SB1798/2026
AZ,2103792,,Commerce authority; tax incentives; certification,Commerce authority; tax incentives; certification,1,2026-02-05,https://legiscan.com/AZ/bill/SB1799/2026
AZ,2103900,,Income tax; additional rate; schools,Income tax; additional rate; schools,1,2026-02-05,https://legiscan.com/AZ/bill/SB1800/2026
AZ,2104252,,Event wagering; data,Event wagering; data,1,2026-02-05,https://legiscan.com/AZ/bill/SB1801/2026
AZ,2103960,,Juveniles; hearing; sentence reduction,Juveniles; hearing; sentence reduction,1,2026-02-05,https://legiscan.com/AZ/bill/SB1802/2026
AZ,2104077,,Veterans' benefits; claims; prohibition,Veterans' benefits; claims; prohibition,2,2026-03-10,https://legiscan.com/AZ/bill/SB1803/2026
AZ,2103801,,Law enforcement; cameras; data storage,Law enforcement; cameras; data storage,1,2026-02-05,https://legiscan.com/AZ/bill/SB1804/2026
AZ,2104268,,Quitclaim deeds; notaries; county recorder,Quitclaim deeds; notaries; county recorder,2,2026-02-27,https://legiscan.com/AZ/bill/SB1805/2026
AZ,2104298,,Homeowner's associations; declaration amendment,Homeowner's associations; declaration amendment,1,2026-02-05,https://legiscan.com/AZ/bill/SB1806/2026
AZ,2103910,,Encumbered monies; unauthorized use; withholding,Encumbered monies; unauthorized use; withholding,1,2026-02-05,https://legiscan.com/AZ/bill/SB1807/2026
AZ,2104000,,Homeowners' associations; allied countries' flags,Homeowners' associations; allied countries' flags,2,2026-02-27,https://legiscan.com/AZ/bill/SB1808/2026
AZ,2103915,,National guard; education; reimbursement,National guard; education; reimbursement,1,2026-02-05,https://legiscan.com/AZ/bill/SB1809/2026
AZ,2104310,,Eighth grade; social studies; civics,Eighth grade; social studies; civics,1,2026-02-05,https://legiscan.com/AZ/bill/SB1810/2026
AZ,2103832,,School policies; internet; wireless devices,School policies; internet; wireless devices,2,2026-03-11,https://legiscan.com/AZ/bill/SB1811/2026
AZ,2103779,,Luxury tax; ready-to-drink spirits product,Luxury tax; ready-to-drink spirits product,1,2026-02-05,https://legiscan.com/AZ/bill/SB1812/2026
AZ,2104238,,State hospital; bed availability,State hospital; bed availability,2,2026-02-27,https://legiscan.com/AZ/bill/SB1813/2026
AZ,2104220,,Substance use disorder treatment; committee,Substance use disorder treatment; committee,2,2026-02-27,https://legiscan.com/AZ/bill/SB1814/2026
AZ,2104304,,Personal data; consumers; controllers; requirements,Personal data; consumers; controllers; requirements,1,2026-02-09,https://legiscan.com/AZ/bill/SB1815/2026
AZ,2104195,,School districts; optimal square footage,School districts; optimal square footage,1,2026-02-05,https://legiscan.com/AZ/bill/SB1816/2026
AZ,2104258,,Technical correction; oil; gas; enforcement,Technical correction; oil; gas; enforcement,0,,https://legiscan.com/AZ/bill/SB1817/2026
AZ,2103871,,Wayfinding signs; cities and towns,Wayfinding signs; cities and towns,2,2026-03-10,https://legiscan.com/AZ/bill/SB1818/2026
AZ,2104280,,Vertiports; design; zoning,Vertiports; design; zoning,1,2026-02-05,https://legiscan.com/AZ/bill/SB1819/2026
AZ,2104224,,Criminal monetary thresholds; offense classifications,Criminal monetary thresholds; offense classifications,1,2026-02-05,https://legiscan.com/AZ/bill/SB1820/2026
AZ,2104234,,DCS; training; child placement; management,DCS; training; child placement; management,2,2026-03-02,https://legiscan.com/AZ/bill/SB1821/2026
AZ,2103878,,Property owners; adverse possession,Property owners; adverse possession,1,2026-02-05,https://legiscan.com/AZ/bill/SB1822/2026
AZ,2104032,,K-12; school funding; revisions,K-12; school funding; revisions,1,2026-02-05,https://legiscan.com/AZ/bill/SB1823/2026
AZ,2103970,,Blindness compensatory skills; teaching certificates,Blindness compensatory skills; teaching certificates,1,2026-02-05,https://legiscan.com/AZ/bill/SB1824/2026
AZ,2104172,,Precinct committeemen; vacancy; application,Precinct committeemen; vacancy; application,2,2026-03-02,https://legiscan.com/AZ/bill/SB1825/2026
AZ,2104065,,Advanced air mobility; appropriation,Advanced air mobility; appropriation,2,2026-03-04,https://legiscan.com/AZ/bill/SB1826/2026
AZ,2104211,,Office of advanced air mobility,Office of advanced air mobility,2,2026-03-10,https://legiscan.com/AZ/bill/SB1827/2026
AZ,2104129,,Forfeiture of office; technical correction,Forfeiture of office; technical correction,0,,https://legiscan.com/AZ/bill/SB1828/2026
AZ,2104028,,Probation; dangerous crimes against children,Probation; dangerous crimes against children,2,2026-03-04,https://legiscan.com/AZ/bill/SB1829/2026
AZ,2103845,,Turquoise alert; runaways,Turquoise alert; runaways,1,2026-02-05,https://legiscan.com/AZ/bill/SB1830/2026
AZ,2102049,,Lung cancer awareness month,Lung cancer awareness month,0,,https://legiscan.com/AZ/bill/SR1001/2026
AZ,2138199,,Salvatore Carpitano; death resolution,Salvatore Carpitano; death resolution,0,,https://legiscan.com/AZ/bill/SR1002/2026
AZ,2101949,,Attorney general; public statements; disapproval,Attorney general; public statements; disapproval,4,2026-01-29,https://legiscan.com/AZ/bill/SR1036/2026
AZ,2052662,,Citizenship; identification; contributions; early voting.,Citizenship; identification; contributions; early voting.,2,2026-02-17,https://legiscan.com/AZ/bill/SCR1001/2026
AZ,2057409,,Campaign finance; aggregate report; amount,Campaign finance; aggregate report; amount,2,2026-02-23,https://legiscan.com/AZ/bill/SCR1002/2026
AZ,2060501,,Property tax; exemption; virtual currency,Property tax; exemption; virtual currency,2,2026-02-25,https://legiscan.com/AZ/bill/SCR1003/2026
AZ,2060636,,Photo enforcement systems; voter approval,Photo enforcement systems; voter approval,2,2026-02-27,https://legiscan.com/AZ/bill/SCR1004/2026
AZ,2061069,,Elections; foreign contributions; prohibition,Elections; foreign contributions; prohibition,2,2026-03-09,https://legiscan.com/AZ/bill/SCR1005/2026
AZ,2061335,,Schools; biological sex; requirements,Schools; biological sex; requirements,2,2026-02-23,https://legiscan.com/AZ/bill/SCR1006/2026
AZ,2066043,,Technical correction; racing commission; prohibition,Technical correction; racing commission; prohibition,1,2026-01-12,https://legiscan.com/AZ/bill/SCR1007/2026
AZ,2065959,,Technical correction; marriage,Technical correction; marriage,0,,https://legiscan.com/AZ/bill/SCR1008/2026
AZ,2071906,,Universities; colleges; campuses; memorial plazas,Universities; colleges; campuses; memorial plazas,1,2026-01-20,https://legiscan.com/AZ/bill/SCR1009/2026
AZ,2071530,,Impeachable offenses,Impeachable offenses,2,2026-02-23,https://legiscan.com/AZ/bill/SCR1010/2026
AZ,2087431,,Congressional term limits; convention.,Congressional term limits; convention.,1,2026-01-21,https://legiscan.com/AZ/bill/SCR1011/2026
AZ,2087256,,Community college students; teachers academy,Community college students; teachers academy,2,2026-03-02,https://legiscan.com/AZ/bill/SCR1012/2026
AZ,2088345,,Elections; foreign contributions; certification,Elections; foreign contributions; certification,2,2026-02-23,https://legiscan.com/AZ/bill/SCR1013/2026
AZ,2088394,,Foreign contributions; early voting; tabulation,Foreign contributions; early voting; tabulation,2,2026-02-23,https://legiscan.com/AZ/bill/SCR1014/2026
AZ,2090096,,City charter; review board; prohibition,City charter; review board; prohibition,1,2026-01-26,https://legiscan.com/AZ/bill/SCR1015/2026
AZ,2090721,,Public utility commission,Public utility commission,1,2026-01-26,https://legiscan.com/AZ/bill/SCR1016/2026
AZ,2090460,,Environment; constitutional amendment,Environment; constitutional amendment,1,2026-01-27,https://legiscan.com/AZ/bill/SCR1017/2026
AZ,2090732,,Same-sex marriage; constitutional right,Same-sex marriage; constitutional right,1,2026-01-26,https://legiscan.com/AZ/bill/SCR1018/2026
AZ,2091081,,Ratification; equal rights amendment,Ratification; equal rights amendment,0,,https://legiscan.com/AZ/bill/SCR1019/2026
AZ,2091908,,Compensation; elective state officers; inflation,Compensation; elective state officers; inflation,2,2026-03-11,https://legiscan.com/AZ/bill/SCR1020/2026
AZ,2093575,,Pickleball; official state sport,Pickleball; official state sport,1,2026-01-29,https://legiscan.com/AZ/bill/SCR1021/2026
AZ,2093665,,Legislature; ninety house districts,Legislature; ninety house districts,2,2026-03-17,https://legiscan.com/AZ/bill/SCR1022/2026
AZ,2093754,,Independent redistricting commission; membership,Independent redistricting commission; membership,2,2026-03-09,https://legiscan.com/AZ/bill/SCR1023/2026
AZ,2093796,,Legislature; district residency,Legislature; district residency,2,2026-02-27,https://legiscan.com/AZ/bill/SCR1024/2026
AZ,2093646,,Legislative sessions; opening date,Legislative sessions; opening date,2,2026-03-03,https://legiscan.com/AZ/bill/SCR1025/2026
AZ,2093789,,General appropriation bill; continuing appropriation,General appropriation bill; continuing appropriation,1,2026-01-27,https://legiscan.com/AZ/bill/SCR1026/2026
AZ,2093713,,General election day; all offices,General election day; all offices,2,2026-03-09,https://legiscan.com/AZ/bill/SCR1027/2026
AZ,2093678,,Revenue increases; administrative fee authorization,Revenue increases; administrative fee authorization,2,2026-02-25,https://legiscan.com/AZ/bill/SCR1028/2026
AZ,2093682,,Mine inspector; four-year term,Mine inspector; four-year term,2,2026-03-03,https://legiscan.com/AZ/bill/SCR1029/2026
AZ,2093626,,Citizenship; identification; contributions; early voting..,Citizenship; identification; contributions; early voting..,0,,https://legiscan.com/AZ/bill/SCR1030/2026
AZ,2093661,,Legislative districts; population; census; citizenship,Legislative districts; population; census; citizenship,2,2026-02-24,https://legiscan.com/AZ/bill/SCR1031/2026
AZ,2093733,,Instructional expenses; operational spending; enforcement,Instructional expenses; operational spending; enforcement,2,2026-03-23,https://legiscan.com/AZ/bill/SCR1032/2026
AZ,2093845,,State retirement systems; digital assets,State retirement systems; digital assets,2,2026-02-25,https://legiscan.com/AZ/bill/SCR1033/2026
AZ,2093757,,Election; superior court judges; districts,Election; superior court judges; districts,1,2026-01-29,https://legiscan.com/AZ/bill/SCR1034/2026
AZ,2093792,,Right to work; repeal,Right to work; repeal,1,2026-01-29,https://legiscan.com/AZ/bill/SCR1035/2026
AZ,2094887,,SR 1036: attorney general; public statements; disapproval,SR 1036: attorney general; public statements; disapproval,1,2026-01-27,https://legiscan.com/AZ/bill/SCR1036/2026
AZ,2101978,,World hearing day,World hearing day,0,,https://legiscan.com/AZ/bill/SCR1037/2026
AZ,2102244,,Public buildings; accommodations; requirements,Public buildings; accommodations; requirements,1,2026-02-05,https://legiscan.com/AZ/bill/SCR1038/2026
AZ,2102632,,Water withdrawal fee; state lands,Water withdrawal fee; state lands,1,2026-02-05,https://legiscan.com/AZ/bill/SCR1039/2026
AZ,2102929,,Justices; judges; mandatory retirement age,Justices; judges; mandatory retirement age,2,2026-03-02,https://legiscan.com/AZ/bill/SCR1040/2026
AZ,2103784,,Reporting; teacher salary increases; schools.,Reporting; teacher salary increases; schools.,1,2026-02-05,https://legiscan.com/AZ/bill/SCR1041/2026
AZ,2103989,,Expenditure limitation; school districts; repeal,Expenditure limitation; school districts; repeal,1,2026-02-05,https://legiscan.com/AZ/bill/SCR1042/2026
AZ,2103762,,School districts; aggregate expenditure limitation,School districts; aggregate expenditure limitation,1,2026-02-05,https://legiscan.com/AZ/bill/SCR1043/2026
AZ,2103893,,Expenditure limitation; local revenues; exception,Expenditure limitation; local revenues; exception,1,2026-02-05,https://legiscan.com/AZ/bill/SCR1044/2026
AZ,2103965,,Permanent funds; land trust; distributions,Permanent funds; land trust; distributions,1,2026-02-05,https://legiscan.com/AZ/bill/SCR1045/2026
AZ,2104301,,Public schools; English learners; requirements,Public schools; English learners; requirements,1,2026-02-05,https://legiscan.com/AZ/bill/SCR1046/2026
AZ,2103998,,Predatory agreement; marijuana establishment license,Predatory agreement; marijuana establishment license,1,2026-02-05,https://legiscan.com/AZ/bill/SCR1047/2026
AZ,2104046,,Public; private nuisance; marijuana smoke,Public; private nuisance; marijuana smoke,1,2026-02-05,https://legiscan.com/AZ/bill/SCR1048/2026
AZ,2104241,,Death sentence; choice; firing squad,Death sentence; choice; firing squad,2,2026-03-18,https://legiscan.com/AZ/bill/SCR1049/2026
AZ,2103991,,Legislature; members; qualifications,Legislature; members; qualifications,1,2026-02-05,https://legiscan.com/AZ/bill/SCR1050/2026
AZ,2104009,,Education funding; teacher compensation program.,Education funding; teacher compensation program.,1,2026-02-05,https://legiscan.com/AZ/bill/SCR1051/2026
AZ,2104011,,Superior court jurisdiction; technical correction,Superior court jurisdiction; technical correction,0,,https://legiscan.com/AZ/bill/SCR1052/2026
AZ,2103950,,Corporations; entities; political spending; prohibitions,Corporations; entities; political spending; prohibitions,1,2026-02-05,https://legiscan.com/AZ/bill/SCR1053/2026
AZ,2128063,,Mark Brnovich; death resolution,Mark Brnovich; death resolution,4,2026-03-03,https://legiscan.com/AZ/bill/SCR1054/2026
AZ,2060477,,Donald J. Trump highway,Donald J. Trump highway,1,2026-01-12,https://legiscan.com/AZ/bill/SCM1001/2026
AZ,2060614,,L.F. Quinn memorial highway,L.F. Quinn memorial highway,2,2026-02-27,https://legiscan.com/AZ/bill/SCM1002/2026
AZ,2061077,,Campaign finance; state authority.,Campaign finance; state authority.,2,2026-02-23,https://legiscan.com/AZ/bill/SCM1003/2026
AZ,2073753,,Clean air act; EPA powers,Clean air act; EPA powers,2,2026-02-27,https://legiscan.com/AZ/bill/SCM1004/2026
AZ,2093459,,Urging Congress; safeguard election integrity,Urging Congress; safeguard election integrity,1,2026-01-29,https://legiscan.com/AZ/bill/SCM1005/2026
AZ,2093776,,PFC Michael Noline memorial highway,PFC Michael Noline memorial highway,2,2026-03-09,https://legiscan.com/AZ/bill/SCM1006/2026
AZ,2104020,,San Carlos irrigation project; divestiture,San Carlos irrigation project; divestiture,2,2026-03-03,https://legiscan.com/AZ/bill/SCM1007/2026
