state,bill_id,bill_number,title,description,status,status_date,url
CT,2130136,,An Act Concerning Absentee Voting For All And Various Other Reforms To The Administration Of Elections.,"To (1) remove the statutory restrictions on eligibility for absentee voting, (2) allow municipalities to provide by charter for quadrennial municipal elections, (3) authorize the Secretary of the State to recommend changes to procedures for in-person voter registration of disabled individuals, (4) permit assistant municipal clerks running for municipal clerk to perform their official duties on the day of an election, (5) provide for jointly temporarily relieving the registrars of voters of a municipality, (6) allow for Attorney General involvement in matters relating to subpoenas, warrants, other requests and alleged interference at elections, (7) permit the use of high-speed voting tabulators for recanvasses, (8) replace certain references to the Federal Election Commission with references to the Election Assistance Commission, (9) allow seventeen-year-olds who will attain the age of eighteen by the day of an election to vote early or by absentee at such election, (10) address applicability and Americans with Disabilities Act compliance of party rules filed with the Secretary, (11) provide for electronic ballot delivery and return for certain absentee voters, (12) amend the retrieval requirement for absentee ballots from drop boxes, (13) modify the availability time of primary petitions for certain municipal candidates, (14) amend the reasons for which, and the process by which, municipal clerks may be removed from office, (15) amend deadlines for the submission of municipal election returns and the conduct of post-election audits, (16) implement the recommendations of the risk-limiting audits working group, (17) authorize the State Elections Enforcement Commission to also investigate violations of elections-related regulations and not just violations of elections-related statutes, and (18) repeal a training requirement for registrars of voters.",1,2026-03-06,https://legiscan.com/CT/bill/HB05001/2026
CT,2124263,,"An Act Concerning Education Funding, Special Education And Early Childhood Programs.","To make revisions to (1) the foundation amount, the education cost sharing grant, the choice program grant and the charter school funding grant, (2) clarify the process for developing the rate schedule for private providers of special education services, and (3) provide spaces in early childhood programs under Early Start CT for families who become ineligible under the income standards for the Care 4 Kids program.",1,2026-02-26,https://legiscan.com/CT/bill/HB05002/2026
CT,2124499,,An Act Concerning Workforce Development And Working Conditions In The State.,To increase workforce development efforts and improve working conditions in the state.,1,2026-02-26,https://legiscan.com/CT/bill/HB05003/2026
CT,2124477,,An Act Concerning Child Welfare Accountability And Transparency.,To implement various policies concerning the provision and oversight of child welfare services in the state.,1,2026-02-26,https://legiscan.com/CT/bill/HB05004/2026
CT,2106681,,An Act Concerning The Sales Price Threshold Of Motor Vehicles Subject To A Higher Sales And Use Taxes Rate.,To increase to more than seventy-five thousand dollars the sales price threshold for a motor vehicle subject to the seven and three-fourths per cent sales and use taxes rate.,1,2026-02-04,https://legiscan.com/CT/bill/HB05005/2026
CT,2106694,,"An Act Concerning The Sales And Use Taxes Imposed On Meals Sold By An Eating Establishment, Caterer Or Grocery Store.","To eliminate the additional one per cent sales and use taxes imposed on meals sold by eating establishments, caterers or grocery stores.",1,2026-02-04,https://legiscan.com/CT/bill/HB05006/2026
CT,2106722,,An Act Fully Reimbursing Municipalities For Revenue Loss Associated With A Veterans Property Tax Credit.,To require the state to fully reimburse each municipality for the revenue loss caused by a property tax exemption for veterans pursuant to subdivision (83) of section 12-81 of the general statutes.,1,2026-02-04,https://legiscan.com/CT/bill/HB05007/2026
CT,2106790,,An Act Establishing A Small Business Tax Credit.,To establish a tax credit for small businesses of two thousand eighty dollars per full-time equivalent employee.,1,2026-02-04,https://legiscan.com/CT/bill/HB05008/2026
CT,2106775,,An Act Increasing And Expanding The Property Tax Credit Against The Personal Income Tax For A Primary Residence Or Motor Vehicle.,"To (1) increase the maximum allowable credit against the personal income tax for a person's primary residence or motor vehicle to one thousand dollars, (2) increase the minimum allowable credit threshold, and (3) expand eligibility for the credit by increasing the qualifying Connecticut adjusted gross income thresholds set forth in section 12-704c of the general statutes.",1,2026-02-04,https://legiscan.com/CT/bill/HB05009/2026
CT,2106703,,An Act Exempting Tips Or Gratuities And Overtime Pay From The Personal Income Tax.,To exempt the amount of tips or gratuities declared by a taxpayer and overtime pay from the personal income tax.,1,2026-02-04,https://legiscan.com/CT/bill/HB05010/2026
CT,2106720,,An Act Eliminating The Highway Use Tax.,To eliminate the highway use tax.,1,2026-02-04,https://legiscan.com/CT/bill/HB05011/2026
CT,2106707,,An Act Eliminating The Qualifying Income Thresholds For The Personal Income Tax Deductions For Social Security Benefits.,To eliminate the qualifying income thresholds for the personal income tax deductions for Social Security benefits.,1,2026-02-04,https://legiscan.com/CT/bill/HB05012/2026
CT,2106659,,An Act Establishing A Fee And Tax Related To Electric Vehicles.,"To (1) establish a registration fee for electric vehicles and plug-in hybrid electric vehicles and a per-kilowatt-hour tax on electricity purchased at public electric vehicle charging stations, and (2) require the revenue generated from such tax and fee to be deposited in the Special Transportation Fund.",1,2026-02-04,https://legiscan.com/CT/bill/HB05013/2026
CT,2106715,,An Act Establishing An Information Technology Apprenticeship Tax Credit.,To establish a credit against the tax imposed under chapter 208 of the general statutes for apprenticeships in information technology commenced by a taxpayer under a qualified apprenticeship training program.,1,2026-02-04,https://legiscan.com/CT/bill/HB05014/2026
CT,2106641,,An Act Eliminating The Higher Sales And Use Taxes Rate For Certain Motor Vehicles.,To eliminate the higher sales and use taxes rate for motor vehicles with a sales price of less than one hundred thousand dollars.,1,2026-02-04,https://legiscan.com/CT/bill/HB05015/2026
CT,2106830,,An Act Increasing The Amount Of The Personal Income Tax Deduction For Contributions To State-established 529 Qualified State Tuition Programs.,To increase the amount of the personal income tax deduction for contributions to accounts for 529 qualified state tuition programs established and maintained by the state.,1,2026-02-04,https://legiscan.com/CT/bill/HB05016/2026
CT,2106667,,An Act Concerning The Property Tax Credit Against The Personal Income Tax For A Primary Residence Or Motor Vehicle.,"To double the amount of (1) the maximum allowable credit against the personal income tax for a person's primary residence or motor vehicle, and (2) each qualifying Connecticut adjusted gross income threshold set forth in section 12-704c of the general statutes.",1,2026-02-04,https://legiscan.com/CT/bill/HB05017/2026
CT,2106827,,An Act Establishing A Personal Income Tax Deduction For Certain Payments Received From An Insurance Company.,"To establish a personal income tax deduction for the portion of any payment from an insurance company received by a taxpayer (1) in exchange for a buyout or cancellation of a long-term care insurance policy, and (2) that is properly includable in gross income for federal income tax purposes.",1,2026-02-04,https://legiscan.com/CT/bill/HB05018/2026
CT,2106823,,An Act Establishing A Personal Income Tax Deduction For Full-time Home Health Care Costs.,"To establish a personal income tax deduction of up to sixty thousand dollars for the cost of full-time home health care, including, but not limited to, the cost of medical supplies and in-home services.",1,2026-02-04,https://legiscan.com/CT/bill/HB05019/2026
CT,2106798,,"An Act Concerning The Sales And Use Taxes Imposed On Meals Sold By An Eating Establishment, Caterer Or Grocery Store.","To eliminate the additional one per cent sales and use taxes imposed on meals sold by eating establishments, caterers or grocery stores.",1,2026-02-04,https://legiscan.com/CT/bill/HB05020/2026
CT,2106764,,An Act Exempting Certain Articles Of Children's Clothing From The Sales And Use Taxes.,To exempt articles of children's clothing costing under one hundred dollars from the sales and use taxes.,1,2026-02-04,https://legiscan.com/CT/bill/HB05021/2026
CT,2106783,,"An Act Eliminating The Qualifying Income Thresholds For The Personal Income Tax Deductions For Social Security Benefits, Pension Or Annuity Income And Certain Individual Retirement Account Distributions.","To eliminate the qualifying income thresholds for the personal income tax deductions for Social Security benefits, pension or annuity income and distributions from individual retirement accounts.",1,2026-02-04,https://legiscan.com/CT/bill/HB05022/2026
CT,2106741,,An Act Reducing Fees For Small Business Filings With The Secretary Of The State.,To reduce fees for small business filings with the Secretary of the State.,1,2026-02-04,https://legiscan.com/CT/bill/HB05023/2026
CT,2106757,,"An Act Concerning The Sales And Use Taxes Imposed On Meals Sold By An Eating Establishment, Caterer Or Grocery Store.","To eliminate the additional one per cent sales and use taxes imposed on meals sold by eating establishments, caterers or grocery stores.",1,2026-02-04,https://legiscan.com/CT/bill/HB05024/2026
CT,2106737,,An Act Eliminating The Highway Use Tax.,To eliminate the highway use tax.,1,2026-02-04,https://legiscan.com/CT/bill/HB05025/2026
CT,2106662,,An Act Establishing A Personal Income Tax Deduction For Long-term Care Insurance Premium Payments.,To establish a personal income tax deduction for premiums paid for long-term care insurance.,1,2026-02-04,https://legiscan.com/CT/bill/HB05026/2026
CT,2106746,,An Act Authorizing Legislative Franking Privileges For Digital Advertising.,To reduce mailing expenses and improve constituent outreach by permitting legislators to purchase digital advertising in lieu of traditional mailings for official legislative communications.,1,2026-02-04,https://legiscan.com/CT/bill/HB05027/2026
CT,2106779,,An Act Removing The Public Benefits Charge From Electric Bills.,"To remove the ""Combined Public Benefits Charge"" from electric customer bills and pay the costs of such charges from the General Fund.",1,2026-02-04,https://legiscan.com/CT/bill/HB05028/2026
CT,2106679,,An Act Concerning Medicaid Rate Increases.,To increase Medicaid provider rates and improve access to quality health care.,1,2026-02-04,https://legiscan.com/CT/bill/HB05029/2026
CT,2107924,,An Act Implementing The Governor's Budget Recommendations For General Government.,To implement the Governor's budget recommendations.,1,2026-02-05,https://legiscan.com/CT/bill/HB05030/2026
CT,2107857,,"An Act Making Deficiency Appropriations For The Fiscal Year Ending June 30, 2026.",To implement the Governor's budget recommendations.,1,2026-02-05,https://legiscan.com/CT/bill/HB05031/2026
CT,2108000,,"An Act Adjusting The State Budget For The Biennium Ending June 30, 2027.",To implement the Governor's budget recommendations.,1,2026-02-05,https://legiscan.com/CT/bill/HB05032/2026
CT,2107860,,An Act Implementing The Governor's Budget Recommendations For Education.,To implement the Governor's budget recommendations.,1,2026-02-05,https://legiscan.com/CT/bill/HB05033/2026
CT,2107867,,An Act Reducing Testing Burdens And Enhancing The Math Curriculum.,To implement the Governor's budget recommendations.,1,2026-02-05,https://legiscan.com/CT/bill/HB05034/2026
CT,2107887,,An Act Requiring School Districts To Ban Cellular Phones In The Classroom.,To implement the Governor's budget recommendations.,1,2026-02-05,https://legiscan.com/CT/bill/HB05035/2026
CT,2107899,,An Act Streamlining Residential Solar Permitting And Energy Infrastructure.,To implement the Governor's budget recommendations.,1,2026-02-05,https://legiscan.com/CT/bill/HB05036/2026
CT,2107983,,An Act Promoting The Safety Of Minors On Social Media Platforms.,To implement the Governor's budget recommendations.,1,2026-02-05,https://legiscan.com/CT/bill/HB05037/2026
CT,2107959,,An Act Prohibiting Prediction Market Platforms From Allowing Use By Or Advertising To Consumers Under The Age Of Twenty-one.,To implement the Governor's budget recommendations.,1,2026-02-05,https://legiscan.com/CT/bill/HB05038/2026
CT,2108015,,An Act Requiring Transparency And Additional Oversight Of The Distribution Of Certain Legislatively Directed Funds.,To implement the Governor's budget recommendations.,1,2026-02-05,https://legiscan.com/CT/bill/HB05039/2026
CT,2108022,,An Act Implementing The Governor's Budget Recommendations For Health And Human Services.,To implement the Governor's budget recommendations.,1,2026-02-05,https://legiscan.com/CT/bill/HB05040/2026
CT,2108003,,An Act Expanding Health Care Coverage.,To implement the Governor's budget recommendations.,1,2026-02-05,https://legiscan.com/CT/bill/HB05041/2026
CT,2107882,,An Act Protecting Renters From Rent Increases Upon Change Of Ownership.,To implement the Governor's budget recommendations.,1,2026-02-05,https://legiscan.com/CT/bill/HB05042/2026
CT,2107933,,An Act Prohibiting The Manufacture And Sale Of Convertible Pistols.,To implement the Governor's budget recommendations.,1,2026-02-05,https://legiscan.com/CT/bill/HB05043/2026
CT,2107910,,An Act Establishing Connecticut Vaccine Standards.,To implement the Governor's budget recommendations.,1,2026-02-05,https://legiscan.com/CT/bill/HB05044/2026
CT,2107971,,An Act Streamlining Health Care Facility Approvals.,To implement the Governor's budget recommendations.,1,2026-02-05,https://legiscan.com/CT/bill/HB05045/2026
CT,2107965,,An Act Supporting Firefighter And Police Officer Recruitment And Retention.,To implement the Governor's budget recommendations.,1,2026-02-05,https://legiscan.com/CT/bill/HB05046/2026
CT,2109934,,An Act Concerning Funding For Maintenance Of Helicopters Used In Search And Rescue Operations.,To provide critical funding for helicopter search and rescue.,1,2026-02-06,https://legiscan.com/CT/bill/HB05047/2026
CT,2109821,,An Act Requiring The Removal Of The Public Benefits Charge From Consumer Electric Bills.,To remove the combined public benefits charge from electric customer bills and pay the costs of such charge from the General Fund.,1,2026-02-06,https://legiscan.com/CT/bill/HB05048/2026
CT,2109847,,An Act Concerning Additional Voluntary Personal Income Tax Payments.,To allow a taxpayer to pay more than the amount owed on the taxpayer's personal income tax return filing.,1,2026-02-06,https://legiscan.com/CT/bill/HB05049/2026
CT,2109620,,An Act Concerning The Sales Price Threshold Of Motor Vehicles Subject To A Higher Sales And Use Taxes Rate.,To increase to more than seventy-five thousand dollars the sales price threshold for a motor vehicle subject to the seven and three-fourths per cent sales and use taxes rate.,1,2026-02-06,https://legiscan.com/CT/bill/HB05050/2026
CT,2109784,,An Act Establishing A Personal Income Tax Deduction For Tips Or Gratuities And Overtime Pay.,To establish a personal income tax deduction for the amount of tips or gratuities and overtime pay properly deductible for federal income tax purposes.,1,2026-02-06,https://legiscan.com/CT/bill/HB05051/2026
CT,2109695,,An Act Establishing A Personal Income Tax Deduction For Charitable Contributions Reported On A Taxpayer's Federal Income Tax Return.,To establish a personal income tax deduction for the amount of charitable contributions reported by a taxpayer on such taxpayer's federal income tax return.,1,2026-02-06,https://legiscan.com/CT/bill/HB05052/2026
CT,2109907,,An Act Establishing A Tax Credit For Donations Made To Connecticut-based Charities.,To establish a tax credit for donations made by a taxpayer to Connecticut-based charities.,1,2026-02-06,https://legiscan.com/CT/bill/HB05053/2026
CT,2109794,,An Act Establishing A Personal Income Tax Deduction For Student Loan Payments.,To establish a personal income tax deduction of up to one thousand dollars for student loan payments made by a taxpayer for a taxable year.,1,2026-02-06,https://legiscan.com/CT/bill/HB05054/2026
CT,2109706,,An Act Exempting Health And Athletic Club Services From The Sales And Use Taxes.,To exempt health and athletic club services from the sales and use taxes.,1,2026-02-06,https://legiscan.com/CT/bill/HB05055/2026
CT,2109611,,"An Act Eliminating The Additional One Per Cent Sales And Use Taxes Imposed On Meals Sold By An Eating Establishment, Caterer Or Grocery Store.","To eliminate the additional one per cent sales and use taxes imposed on meals sold by an eating establishment, caterer or grocery store.",1,2026-02-06,https://legiscan.com/CT/bill/HB05056/2026
CT,2109633,,An Act Establishing A Personal Income Tax Deduction For Tips Or Gratuities.,To establish a personal income tax deduction for the amount of tips or gratuities declared by a taxpayer for the taxable year.,1,2026-02-06,https://legiscan.com/CT/bill/HB05057/2026
CT,2109807,,An Act Eliminating The Highway Use Tax.,To eliminate the highway use tax.,1,2026-02-06,https://legiscan.com/CT/bill/HB05058/2026
CT,2109832,,An Act Establishing A Research And Development Tax Credit For Pass-through Entities.,To establish a credit against the personal income tax in the amount of six per cent of the research and development expenses paid or incurred for a taxable year by pass-through entities.,1,2026-02-06,https://legiscan.com/CT/bill/HB05059/2026
CT,2109745,,An Act Concerning The Apprenticeship Training Tax Credit.,To increase the maximum amount of the corporation business tax credit for wages paid to apprentices in the construction trades from four thousand dollars to seven thousand five hundred dollars per apprentice.,1,2026-02-06,https://legiscan.com/CT/bill/HB05060/2026
CT,2109858,,An Act Concerning The Property Tax Credit Against The Personal Income Tax For A Primary Residence Or Motor Vehicle.,"To (1) increase the maximum allowable credit against the personal income tax for a person's primary residence or motor vehicle from three hundred dollars to one thousand dollars, (2) increase the minimum allowable credit threshold, and (3) expand eligibility for the credit by increasing the qualifying Connecticut adjusted gross income thresholds set forth in section 12-704c of the general statutes.",1,2026-02-06,https://legiscan.com/CT/bill/HB05061/2026
CT,2109768,,An Act Eliminating The Highway Use Tax.,To eliminate the highway use tax.,1,2026-02-06,https://legiscan.com/CT/bill/HB05062/2026
CT,2109643,,An Act Reducing The Sales And Use Taxes Rate Applicable To Certain Construction And Building Materials.,"To reduce to two per cent the sales and use taxes rate applicable to the sale of and the storage, use or other consumption in the state of construction or building materials for the construction or rehabilitation of housing.",1,2026-02-06,https://legiscan.com/CT/bill/HB05063/2026
CT,2109732,,An Act Establishing A Tax Credit For Food Donated By Farmers To Charitable Organizations.,To establish a tax credit for food donated by farmers to charitable organizations.,1,2026-02-06,https://legiscan.com/CT/bill/HB05064/2026
CT,2109755,,An Act Establishing A Personal Income Tax Deduction For Stipends Paid To Volunteer Firefighters And Volunteer Ambulance Members.,"To establish a personal income tax deduction for any stipend paid by a municipality, a volunteer fire department of a municipality or a volunteer ambulance association of a municipality, to a volunteer firefighter or volunteer ambulance member.",1,2026-02-06,https://legiscan.com/CT/bill/HB05065/2026
CT,2109921,,An Act Concerning Personal Income Tax Deductions For Seniors.,"To require that, for seniors, the qualifying income threshold for any personal income tax deduction be indexed to reflect the rate of inflation.",1,2026-02-06,https://legiscan.com/CT/bill/HB05066/2026
CT,2109868,,An Act Establishing A Personal Income Tax Deduction For Certain Unreimbursed Medical Expenses.,To establish a personal income tax deduction for the amount of unreimbursed medical expenses that exceed seven and one-half per cent of a taxpayer's adjusted gross income.,1,2026-02-06,https://legiscan.com/CT/bill/HB05067/2026
CT,2109680,,An Act Concerning Reimbursements To Municipalities For Revenue Loss Associated With A Veterans Property Tax Credit.,To require the state to partially reimburse municipalities for the cost associated with administering a veterans property tax credit.,1,2026-02-06,https://legiscan.com/CT/bill/HB05068/2026
CT,2109884,,An Act Authorizing Bonds Of The State For Road Work In The Town Of New Milford.,To provide funding for road work recommended in the Department of Transportation's New Milford Road Safety Audit report dated October 2024.,1,2026-02-06,https://legiscan.com/CT/bill/HB05069/2026
CT,2109668,,An Act Reestablishing The Job Expansion Tax Credit Program.,To reestablish the job expansion tax credit program.,1,2026-02-06,https://legiscan.com/CT/bill/HB05070/2026
CT,2111306,,An Act Concerning Funding To Increase Medicaid Rates For Private Providers.,To increase funding for Medicaid rates in accordance with the Medicaid rate study.,1,2026-02-09,https://legiscan.com/CT/bill/HB05071/2026
CT,2111364,,An Act Concerning Funding For Vocational Agricultural Programs In Schools.,To assist school districts with funding for vocational agricultural programs in schools.,1,2026-02-09,https://legiscan.com/CT/bill/HB05072/2026
CT,2111412,,An Act Appropriating Funds For Grants To Municipalities For Early Voting Costs.,To assist municipalities with mitigating increased costs in administering early voting.,1,2026-02-09,https://legiscan.com/CT/bill/HB05073/2026
CT,2111214,,An Act Concerning Funding For Farmland Preservation.,To increase funding for farmland preservation.,1,2026-02-09,https://legiscan.com/CT/bill/HB05074/2026
CT,2111356,,An Act Concerning The School Building Project At Windham High School.,To provide the town of Windham with a ninety-five per cent reimbursement rate for its school building project at Windham High School.,1,2026-02-09,https://legiscan.com/CT/bill/HB05075/2026
CT,2111459,,An Act Concerning The Rebasing Of The Education Cost Sharing Grant Formula For Purposes Of Property Tax Relief.,To reduce local property taxes by rebasing the education cost-sharing grant formula by increasing the foundation amount and adjusting for inflation.,1,2026-02-09,https://legiscan.com/CT/bill/HB05076/2026
CT,2111268,,An Act Concerning The Rebasing Of The Education Cost Sharing Grant Formula For Purposes Of Property Tax Relief.,To reduce local property taxes by rebasing the education cost-sharing grant formula by increasing the foundation amount and adjusting for inflation.,1,2026-02-09,https://legiscan.com/CT/bill/HB05077/2026
CT,2111481,,"An Act Increasing Funding For Public Schools, Magnet Schools And Charter Schools.",To ensure equitable and adequate funding for schools across the state.,1,2026-02-09,https://legiscan.com/CT/bill/HB05078/2026
CT,2111466,,An Act Repealing The Passport To The Parks Fee.,To repeal the Passport to the Parks fee.,1,2026-02-09,https://legiscan.com/CT/bill/HB05079/2026
CT,2111421,,An Act Requiring The Removal Of The Public Benefits Charge From Electric Bills.,"To remove the ""Combined Public Benefits Charge"" from electric customer bills and pay the costs of such charge from the General Fund.",1,2026-02-09,https://legiscan.com/CT/bill/HB05080/2026
CT,2111314,,An Act Establishing An Additional Marginal Rate For The Personal Income Tax And Dedicating The Revenue Generated To Certain Purposes.,"To (1) establish an additional marginal rate for the personal income tax of at least four per cent on the portion of an individual's taxable income in excess of one million dollars, and (2) dedicate the revenue generated from such tax to certain purposes.",1,2026-02-09,https://legiscan.com/CT/bill/HB05081/2026
CT,2111259,,An Act Concerning The Property Tax Credit Against The Personal Income Tax For A Primary Residence Or Motor Vehicle.,"To (1) increase the maximum allowable credit against the personal income tax for a person's primary residence or motor vehicle from three hundred dollars to one thousand dollars, (2) increase the minimum allowable credit threshold, and (3) expand eligibility for the credit by increasing the qualifying Connecticut adjusted gross income thresholds set forth in section 12-704c of the general statutes.",1,2026-02-09,https://legiscan.com/CT/bill/HB05082/2026
CT,2111336,,An Act Concerning The Sales Price Threshold Of Motor Vehicles Subject To A Higher Sales And Use Taxes Rate And Limiting The Application Of Said Rate.,"To (1) increase to more than seventy-five thousand dollars the sales price threshold for a motor vehicle subject to the seven and three-fourths per cent sales and use taxes rate, and (2) limit the application of said rate to the portion of the sales price exceeding the threshold amount.",1,2026-02-09,https://legiscan.com/CT/bill/HB05083/2026
CT,2111397,,An Act Eliminating The Highway Use Tax.,To eliminate the highway use tax.,1,2026-02-09,https://legiscan.com/CT/bill/HB05084/2026
CT,2111244,,"An Act Concerning The Sales And Use Taxes Imposed On Meals Sold By An Eating Establishment, Caterer Or Grocery Store.","To eliminate the additional one per cent sales and use taxes imposed on meals sold by eating establishments, caterers or grocery stores.",1,2026-02-09,https://legiscan.com/CT/bill/HB05085/2026
CT,2111274,,An Act Fully Reimbursing Municipalities For Revenue Loss Associated With A Veterans Property Tax Credit.,To fully reimburse each municipality for the revenue loss caused by a property tax exemption for veterans pursuant to subdivision (83) of section 12-81 of the general statutes.,1,2026-02-09,https://legiscan.com/CT/bill/HB05086/2026
CT,2111328,,An Act Establishing Personal Income Tax Deductions For Tips Or Gratuities And Overtime Pay.,To establish personal income tax deductions that mirror the federal income tax deductions for tips or gratuities declared by a taxpayer and overtime pay.,1,2026-02-09,https://legiscan.com/CT/bill/HB05087/2026
CT,2111388,,An Act Concerning The Asset Requirement For Mutual Funds To Be Qualified To Pay Exempt-interest Dividends.,"To eliminate the requirement that at least fifty per cent of the assets of a mutual fund consist of state and municipal government obligations for the fund to be qualified to pay exempt dividends, for purposes of the personal income tax.",1,2026-02-09,https://legiscan.com/CT/bill/HB05088/2026
CT,2111444,,"An Act Exempting Overtime Wages, Tips Or Gratuities And Social Security Benefits From The Personal Income Tax.","To exempt overtime wages, tips or gratuities and Social Security benefits from the personal income tax.",1,2026-02-09,https://legiscan.com/CT/bill/HB05089/2026
CT,2111229,,An Act Establishing A Personal Income Tax Deduction For Military Funeral Honor Guard Detail Compensation.,To establish a personal income tax deduction for any compensation received by a taxpayer for attending a funeral as a member of an honor guard detail pursuant to section 27-76 of the general statutes.,1,2026-02-09,https://legiscan.com/CT/bill/HB05090/2026
CT,2111451,,An Act Concerning Medical Assistance For Undocumented Immigrants And Husky C Asset Limits.,To ensure that state medical assistance is targeted to the most vulnerable residents.,1,2026-02-09,https://legiscan.com/CT/bill/HB05091/2026
CT,2111283,,An Act Protecting Renters From Rent Increases Upon The Transfer Of Residential Property.,To implement the Governor's budget recommendations.,1,2026-02-09,https://legiscan.com/CT/bill/HB05092/2026
CT,2111406,,An Act Concerning The Rebasing Of The Education Cost Sharing Grant Formula For Purposes Of Property Tax Relief.,To reduce local property taxes by rebasing the education cost-sharing grant formula by increasing the foundation amount and adjusting for inflation.,1,2026-02-09,https://legiscan.com/CT/bill/HB05093/2026
CT,2111350,,An Act Exempting Social Security Benefits And Pension Or Annuity Income From The Personal Income Tax.,To exempt Social Security benefits and pension or annuity income for all taxpayers from the personal income tax.,1,2026-02-09,https://legiscan.com/CT/bill/HB05094/2026
CT,2111299,,An Act Exempting Pet Grooming Services From The Sales And Use Taxes.,To exempt pet grooming services from the sales and use taxes.,1,2026-02-09,https://legiscan.com/CT/bill/HB05095/2026
CT,2111429,,An Act Eliminating The Highway Use Tax.,To eliminate the highway use tax.,1,2026-02-09,https://legiscan.com/CT/bill/HB05096/2026
CT,2111322,,"An Act Eliminating The Qualifying Income Thresholds For The Personal Income Tax Deductions For Social Security Benefits, Pension Or Annuity Income And Certain Individual Retirement Account Distributions.","To eliminate the qualifying income thresholds for the personal income tax deductions for Social Security benefits, pension or annuity income and distributions from individual retirement accounts.",1,2026-02-09,https://legiscan.com/CT/bill/HB05097/2026
CT,2112211,,"An Act Concerning Funding To Expand The Bus Rapid Transit Service To Connect Hartford, East Hartford, Manchester, Rockville And Storrs.",To expand the bus rapid transit system and provide sustainable transit opportunities for individuals in communities located east of the Connecticut River.,1,2026-02-10,https://legiscan.com/CT/bill/HB05098/2026
CT,2112054,,An Act Concerning Funding For Certain Transportation Services.,To support transportation services in the city of New London.,1,2026-02-10,https://legiscan.com/CT/bill/HB05099/2026
CT,2112226,,An Act Providing Funding For The Microtransit Pilot Program.,To provide funding for the continuation of the Department of Transportation's microtransit pilot program.,1,2026-02-10,https://legiscan.com/CT/bill/HB05100/2026
CT,2112028,,An Act Concerning Funding To Increase The Frequency Of The Cttransit New Haven 255 Bus.,To appropriate additional funds to increase the frequency of the CTTransit New Haven 255 Bus between the Naugatuck Valley and the city of New Haven at certain times.,1,2026-02-10,https://legiscan.com/CT/bill/HB05101/2026
CT,2112122,,An Act Eliminating The Passport To The Parks Program.,To eliminate the Passport to the Parks program.,1,2026-02-10,https://legiscan.com/CT/bill/HB05102/2026
CT,2112236,,An Act Increasing The Amount Of The Personal Income Tax Deduction For Contributions To 529 Qualified State Tuition Programs.,To increase the amount of the personal income tax deduction for contributions to accounts for 529 qualified state tuition programs established and maintained by the state.,1,2026-02-10,https://legiscan.com/CT/bill/HB05103/2026
CT,2112152,,"An Act Concerning The Sales And Use Taxes Imposed On Meals Sold By An Eating Establishment, Caterer Or Grocery Store.","To eliminate the additional one per cent sales and use taxes imposed on meals sold by eating establishments, caterers or grocery stores.",1,2026-02-10,https://legiscan.com/CT/bill/HB05104/2026
CT,2112068,,An Act Exempting Handicap Ramps For Residential Use From The Sales And Use Taxes.,To exempt handicap ramps for residential use from the sales and use taxes.,1,2026-02-10,https://legiscan.com/CT/bill/HB05105/2026
CT,2112088,,An Act Exempting Hospital Beds For Home Health Care Use From The Sales And Use Taxes.,"To exempt from the sales and use taxes the sale of and the storage, use or other consumption in this state of hospital beds for home health care use.",1,2026-02-10,https://legiscan.com/CT/bill/HB05106/2026
CT,2112200,,An Act Eliminating The Highway Use Tax.,To eliminate the highway use tax.,1,2026-02-10,https://legiscan.com/CT/bill/HB05107/2026
CT,2112177,,An Act Authorizing State Bonds For Municipal Commercial Facade Improvements.,"To provide funding to municipalities for commercial facade improvements, encourage beautification programs in downtown corridors and promote foot traffic and economic activity.",1,2026-02-10,https://legiscan.com/CT/bill/HB05108/2026
CT,2112130,,An Act Replacing The Cannabis Total Thc Tax With An Excise Tax.,To replace the cannabis tax based on total THC with an excise tax of ten and seventy-five-hundredths per cent.,1,2026-02-10,https://legiscan.com/CT/bill/HB05109/2026
CT,2112146,,An Act Concerning The Sales And Use Taxes Rates Applicable To Peer-to-peer Car Sharing.,"To (1) specify that vehicles shared through a peer-to-peer car sharing platform or company are subject to the nine and thirty-five-hundredths per cent sales and use taxes rate applicable to the rental or leasing of a passenger motor vehicle under sections 12-408 and 12-411 of the general statutes, and (2) deposit the revenue generated from the tax on vehicles shared through such platform or company in the Special Transportation Fund.",1,2026-02-10,https://legiscan.com/CT/bill/HB05110/2026
CT,2112089,,An Act Exempting Certain Personal Property And Services Used For Burials And Cremations From The Sales And Use Taxes.,"To (1) expand the existing sales and use taxes exemption for personal property used in burials or cremations to ten thousand dollars, and (2) exempt burial and cremation services from the sales and use taxes.",1,2026-02-10,https://legiscan.com/CT/bill/HB05111/2026
CT,2112218,,An Act Exempting From The Personal Income Tax The Amount Of State And Federal Debt Relief Received By A Taxpayer For Student Loans And Medical Debt.,To exempt from the personal income tax the amount of any state and federal debt relief received by a taxpayer for student loans and medical debt.,1,2026-02-10,https://legiscan.com/CT/bill/HB05112/2026
CT,2112099,,"An Act Establishing A Personal Income Tax Deduction For The Amount Of Cancelled Debt And Debt Relief Received By A Taxpayer For Student Loans, Medical Debt And Credit Card Debt.","To establish a personal income tax deduction for the amount of cancelled debt and debt relief received by a taxpayer for student loans, medical debt and credit card debt.",1,2026-02-10,https://legiscan.com/CT/bill/HB05113/2026
CT,2112124,,An Act Establishing A Refundable Credit Against The Personal Income Tax For A Portion Of Annual Rent Payments Made By A Taxpayer For A Primary Residence In The State.,To establish a refundable credit against the personal income tax for a portion of annual rent payments actually made by a taxpayer for a taxable year for a primary residence in the state.,1,2026-02-10,https://legiscan.com/CT/bill/HB05114/2026
CT,2112037,,An Act Establishing A Personal Income Tax Deduction For Certain Losses Incurred As A Result Of Cryptocurrency Investment Fraud Or Wire Fraud.,"To establish a personal income tax deduction for the amount properly deductible, for federal income tax purposes, as a loss resulting from cryptocurrency investment fraud or wire fraud.",1,2026-02-10,https://legiscan.com/CT/bill/HB05115/2026
CT,2112031,,An Act Reducing The Rate Of The Sales And Use Taxes.,To reduce the rate of the sales and use taxes to six per cent.,1,2026-02-10,https://legiscan.com/CT/bill/HB05116/2026
CT,2112169,,An Act Establishing An Additional Marginal Rate For The Personal Income Tax And Dedicating The Revenue Generated To Certain Purposes.,"To (1) establish an additional marginal rate for the personal income tax of at least four per cent on the portion of an individual's taxable income in excess of one million dollars, and (2) dedicate the revenue generated from such tax to education; universal school meals; school construction, repair, capital projects and expenditures; higher education and free public colleges and universities; child care; higher wages for child care workers; baby supplies for parents and guardians of newborn infants; the repair and maintenance of, and access to, roads, bridges and public transportation; and free public transit.",1,2026-02-10,https://legiscan.com/CT/bill/HB05117/2026
CT,2112197,,"An Act Authorizing Bonds Of The State For Repairs And Renovations For Catholic Charities, Inc. In The Town Of Newington.","To provide funding for repairs and renovations to the building and grounds owned and used by Catholic Charities, Inc., in the town of Newington to provide services for persons with intellectual disabilities.",1,2026-02-10,https://legiscan.com/CT/bill/HB05118/2026
CT,2112051,,An Act Authorizing Bonds Of The State For The Lyman Allyn Art Museum In The City Of New London.,To provide funding for a new roof at the Lyman Allyn Art Museum and ensure the valuable art of the museum is in a safe environment.,1,2026-02-10,https://legiscan.com/CT/bill/HB05119/2026
CT,2112246,,An Act Authorizing Bonds Of The State For Installation Of Traffic Calming Measures In The Towns Of Bloomfield And West Hartford.,To provide funding to improve traffic safety and management and roadway conditions in the towns of Bloomfield and West Hartford.,1,2026-02-10,https://legiscan.com/CT/bill/HB05120/2026
CT,2112235,,An Act Authorizing Bonds Of The State For Building Facades And Site Improvements In The City Of New Haven.,To provide funding to the city of New Haven for renovations to building facades and other site improvements in the Hill and Fair Haven neighborhoods.,1,2026-02-10,https://legiscan.com/CT/bill/HB05121/2026
CT,2112193,,An Act Authorizing Bonds Of The State For Infrastructure-related Technological And Electric Upgrades To Municipal Firehouses.,To provide funding to municipal and other local fire departments for infrastructure-related technological and electric upgrades to firehouses.,1,2026-02-10,https://legiscan.com/CT/bill/HB05122/2026
CT,2112182,,An Act Authorizing Bonds Of The State For A Cloud-based Filing System For The Town Of Plymouth.,To provide funding for a cloud-based filing system for the town of Plymouth.,1,2026-02-10,https://legiscan.com/CT/bill/HB05123/2026
CT,2112150,,An Act Fully Reimbursing Municipalities For Revenue Loss Associated With A Certain Veterans Property Tax Exemption.,To fully reimburse each municipality for the revenue loss caused by a property tax exemption for veterans pursuant to subdivision (83) of section 12-81 of the general statutes.,1,2026-02-10,https://legiscan.com/CT/bill/HB05124/2026
CT,2112040,,An Act Concerning Entertainment Event Tickets.,"To (1) specify the circumstances in which a ticket reseller may enter into a contract with, or accept consideration from, a purchaser for the resale of a ticket to an entertainment event, (2) establish and modify various requirements concerning the sale or resale of a ticket to an entertainment event by way of an Internet web site or online technology platform, (3) define various terms concerning tickets to entertainment events, and (4) require a ticket seller or reseller to provide a refund for a cancelled live entertainment event.",1,2026-02-10,https://legiscan.com/CT/bill/HB05125/2026
CT,2112096,,An Act Concerning The Legislative Commissioners' Recommendations For Minor And Technical Revisions To Statutes Concerning Consumer Protection.,To make minor and technical revisions to statutes concerning consumer protection.,1,2026-02-10,https://legiscan.com/CT/bill/HB05126/2026
CT,2112229,,An Act Concerning Medical Credit Cards.,"To (1) provide that no health or veterinary care provider shall (A) advertise, market, solicit, promote or offer a medical credit card to a consumer, (B) receive any financial incentive or compensation in exchange for advertising, marketing, soliciting, promoting or offering a medical credit card to a consumer, (C) assist a consumer in acquiring a medical credit card, or (D) charge a medical credit card for (i) any health care or veterinary service before such service is provided to a patient or animal, or (ii) any ancillary product unless a consumer separately consents to purchase such product, (2) require a health or veterinary care provider to make certain disclosures concerning a medical credit card in response to a consumer's request for financial information concerning a medical credit card, and (3) require a health or veterinary care provider to accept, and provide a full refund for, certain returned ancillary products.",1,2026-02-10,https://legiscan.com/CT/bill/HB05127/2026
CT,2112084,,An Act Concerning Direct-to-consumer Genetic Testing.,"To (1) provide that a consumer has a property right in, and retains the right to exercise exclusive control over, (A) any biological sample that is derived from the consumer's body and provided to, or used by, a direct-to-consumer genetic testing company, and (B) the results of any genetic testing conducted on the consumer's DNA by a direct-to-consumer genetic testing company, and (2) specify various duties and limitations applicable to direct-to-consumer genetic testing companies.",1,2026-02-10,https://legiscan.com/CT/bill/HB05128/2026
CT,2112238,,An Act Establishing A Surcharge On High-value Recreational Vessels And Concerning The Use Of The Revenue Generated.,To establish a surcharge on high-value recreational vessels and dedicate the revenue generated from such surcharge to reducing and eliminating the property tax on motor vehicles.,1,2026-02-10,https://legiscan.com/CT/bill/HB05129/2026
CT,2112244,,"An Act Concerning The Sales And Use Taxes Imposed On Meals Sold By An Eating Establishment, Caterer Or Grocery Store.","To eliminate the additional one per cent sales and use taxes imposed on meals sold by eating establishments, caterers or grocery stores.",1,2026-02-10,https://legiscan.com/CT/bill/HB05130/2026
CT,2112111,,An Act Establishing A Personal Income Tax Deduction For Principal And Interest Paid On Postsecondary Education Loans.,To establish a personal income tax deduction of up to ten thousand dollars for the amount of principal and interest paid by a taxpayer for a taxable year on a postsecondary education loan.,1,2026-02-10,https://legiscan.com/CT/bill/HB05131/2026
CT,2112175,,An Act Exempting Machinery And Equipment Used In The Process Of Coloring Or Mixing Paint From The Sales And Use Taxes.,To exempt machinery and equipment used in the process of coloring or mixing paint and used by retailers that offer paint for sale from the sales and use taxes.,1,2026-02-10,https://legiscan.com/CT/bill/HB05132/2026
CT,2112142,,An Act Increasing The Highest Marginal Rate Of The Personal Income Tax.,To increase the highest marginal rate of the personal income tax from six and ninety-nine-hundredths per cent to seven and ninety-nine-hundredths per cent.,1,2026-02-10,https://legiscan.com/CT/bill/HB05133/2026
CT,2112214,,An Act Establishing A Refundable Child Tax Credit.,To establish a refundable child tax credit against the personal income tax.,1,2026-02-10,https://legiscan.com/CT/bill/HB05134/2026
CT,2112204,,An Act Authorizing Bonds Of The State For A Youth Center In The Fair Haven Community Of New Haven.,To provide funding for the development of a youth center in the Fair Haven community of New Haven.,1,2026-02-10,https://legiscan.com/CT/bill/HB05135/2026
CT,2112063,,"An Act Dedicating The Revenue Generated From Sales And Use Taxes Imposed On Meals Sold By An Eating Establishment, Caterer Or Grocery Store To Certain Purposes.","To provide that the additional one per cent sales and use taxes imposed on meals sold by an eating establishment, caterer or grocery store be dedicated to (1) distribution to the municipalities in which the revenue was generated, and (2) deposit in the Tourism Fund.",1,2026-02-10,https://legiscan.com/CT/bill/HB05136/2026
CT,2112156,,An Act Establishing A Refundable Tax Credit For News Organizations That Cover Local Communities In The State.,To establish a refundable tax credit to news organizations that cover local communities in the state.,1,2026-02-10,https://legiscan.com/CT/bill/HB05137/2026
CT,2112113,,"An Act Concerning The Sales And Use Taxes Imposed On Meals Sold By An Eating Establishment, Caterer Or Grocery Store Located In Certain Municipalities.","To eliminate the additional one per cent sales and use taxes imposed on meals sold by eating establishments, caterers or grocery stores that are located in municipalities with a population of more than one hundred thousand.",1,2026-02-10,https://legiscan.com/CT/bill/HB05138/2026
CT,2112066,,An Act Establishing An Estate Tax Recapture For Certain Estates And An Alternative Minimum Estate Tax.,"To establish (1) an estate tax recapture for certain estates, and (2) an alternative minimum estate tax to prevent the effective net tax rate from falling below two per cent.",1,2026-02-10,https://legiscan.com/CT/bill/HB05139/2026
CT,2113412,,An Act Concerning A Study Of The Needs Of Senior Citizens.,To study the needs of senior citizens in the state in order to ensure the adequate allocation of resources.,1,2026-02-11,https://legiscan.com/CT/bill/HB05140/2026
CT,2113544,,An Act Requiring Fear Of Retaliation Training For Persons Providing Assisted Living Services In Managed Residential Communities.,To require assisted living services agencies that provide assisted living services in a managed residential community to provide annual in-service training to employees concerning residents' fear of retaliation from employees or others.,1,2026-02-11,https://legiscan.com/CT/bill/HB05141/2026
CT,2113338,,An Act Concerning The Use Of Technology For Virtual Visitation And Monitoring In Nursing Homes And Residential Care Homes.,To extend protections for the use of technology for the purpose of virtual monitoring and virtual visitation to residents of residential care homes and prescribe a penalty for violation of such protections.,1,2026-02-11,https://legiscan.com/CT/bill/HB05142/2026
CT,2113523,,An Act Requiring Training For Homemaker-companion Agency Employees.,"To require homemaker-companion agencies to provide not less than ten hours of (1) initial training to new employees, and (2) continuing education to current employees.",1,2026-02-11,https://legiscan.com/CT/bill/HB05143/2026
CT,2113332,,An Act Concerning Funding For School Meals.,To provide funding to reimburse school districts for the difference between the federal reimbursement rate for reduced-price and fully paid school meals.,1,2026-02-13,https://legiscan.com/CT/bill/HB05144/2026
CT,2113475,,An Act Concerning The Department Of Economic And Community Development.,To require the Commissioner of Economic and Community Development to study economic development issues in the state.,1,2026-02-11,https://legiscan.com/CT/bill/HB05145/2026
CT,2113351,,An Act Concerning A Study Of The Remediation And Development Of Brownfields In This State.,To require the Commissioner of Economic and Community Development to study issues related to the remediation and development of brownfields in the state.,1,2026-02-11,https://legiscan.com/CT/bill/HB05146/2026
CT,2113347,,An Act Implementing The Recommendations Of The Department Of Administrative Services Regarding The School Building Projects Statutes.,To cap the total reimbursement percentage a board of education may receive under the school building project grant program at one hundred per cent and to make revisions to the responsibilities of the School Building Projects Advisory Council to focus on school safety.,1,2026-02-11,https://legiscan.com/CT/bill/HB05147/2026
CT,2113359,,An Act Concerning Schools.,To require the Department of Education to study schools.,1,2026-02-11,https://legiscan.com/CT/bill/HB05148/2026
CT,2113380,,An Act Concerning Phone-free Schools.,To limit the use of cell phones during the school day and to prohibit school districts from using social media as the only means of providing information to families.,1,2026-02-11,https://legiscan.com/CT/bill/HB05149/2026
CT,2113571,,An Act Concerning Authorization Of State Grant Commitments For School Building Projects And Revisions To The School Building Project Statutes.,To authorize state grant commitments for school building projects and make revisions to the school building project statutes.,1,2026-02-11,https://legiscan.com/CT/bill/HB05150/2026
CT,2113522,,An Act Concerning Proposals Derived From The Waste Characterization Study.,To require the submission of proposals derived from the results of the waste characterization study.,1,2026-02-11,https://legiscan.com/CT/bill/HB05151/2026
CT,2113519,,An Act Concerning Certain Authorities Related To The Prevention Of Wildfires.,To augment certain authority of the Department of Energy and Environmental Protection and the Governor concerning measures to prevent wildfires.,1,2026-02-11,https://legiscan.com/CT/bill/HB05152/2026
CT,2113498,,An Act Concerning Minor Revisions To Department Of Energy And Environmental Protection Related Statutes.,To make minor revisions to various statutes under the authority of the Department of Energy and Environmental Protection.,1,2026-02-11,https://legiscan.com/CT/bill/HB05153/2026
CT,2113352,,An Act Concerning Certain Revisions To The Department Of Energy And Environmental Protection's Permitting Authority.,To authorize the issuance of general permits in lieu of individual permits and to provide for the renewal of certain solid waste facility permits.,1,2026-02-11,https://legiscan.com/CT/bill/HB05154/2026
CT,2113421,,An Act Concerning Pesticide Reporting Modernization.,"To require the Department of Energy and Environmental Protection to institute the use of modern technology and methodologies for the reporting of pesticide applications in the state and enable ready knowledge of where pesticides are being used, what pesticides are being used and the quantities of pesticides that are being used.",1,2026-02-11,https://legiscan.com/CT/bill/HB05155/2026
CT,2113574,,An Act Concerning A Climate Change Superfund.,To establish a climate change superfund to be used to fund certain adaptive infrastructure projects.,1,2026-02-11,https://legiscan.com/CT/bill/HB05156/2026
CT,2113341,,An Act Concerning The Tire Stewardship Program.,"To give retailers until July 1, 2027, to participate in the tire stewardship program.",1,2026-02-11,https://legiscan.com/CT/bill/HB05157/2026
CT,2113357,,An Act Prohibiting Scholarship Displacement.,To prohibit an institution of higher education from reducing the amount of financial aid awarded to a student as result of such student receiving a scholarship.,1,2026-02-11,https://legiscan.com/CT/bill/HB05158/2026
CT,2113406,,An Act Funding Journalism Fellowships For Graduates Of Public Institutions Of Higher Education.,To require the Office of Higher Education to establish a journalism fellowship program to fund not fewer than twelve journalism fellowship positions at local news organizations.,1,2026-02-11,https://legiscan.com/CT/bill/HB05159/2026
CT,2113424,,An Act Appropriating Funds To Assist Homeless Persons.,To provide funding to the Department of Housing to assist homeless persons.,1,2026-02-11,https://legiscan.com/CT/bill/HB05160/2026
CT,2113452,,An Act Requiring The Collection Of Identifying Information Of Nonresident Owners Of Residential Property.,To require the collection of identifying information of nonresident owners of residential property.,1,2026-02-11,https://legiscan.com/CT/bill/HB05161/2026
CT,2113353,,An Act Amending An Authorization Of Bonds Of The State For A Grant-in-aid To The Connecticut Housing Finance Authority.,To amend a bond authorization for the Connecticut Housing Finance Authority's emergency mortgage assistance program to permit the funds to also be used to capitalize down payment assistance under the homeownership loan program.,1,2026-02-11,https://legiscan.com/CT/bill/HB05162/2026
CT,2113445,,"An Act Establishing A Task Force To Study Methods And Programs For Improving Affordability For Children, Families And Young Professionals.","To establish a task force to study methods and programs for improving affordability for children, families and young professionals.",1,2026-02-11,https://legiscan.com/CT/bill/HB05163/2026
CT,2113391,,An Act Concerning The Use Of Funds In The Tobacco Settlement Fund.,To require funding of tobacco control programs to prevent and reduce tobacco use at the amount recommended by the Centers for Disease Control and Prevention.,1,2026-02-11,https://legiscan.com/CT/bill/HB05164/2026
CT,2113462,,An Act Requiring An Evaluation Of The Appointment Of A Receiver To Manage Hospitals In Financial Distress Or Operational Crisis.,To require the Commissioner of Public Health to evaluate whether the Attorney General should be authorized to appoint a receiver to manage hospitals in financial distress or operational crisis.,1,2026-02-11,https://legiscan.com/CT/bill/HB05165/2026
CT,2113434,,An Act Concerning Social Work Licensure.,To eliminate the examination requirement for persons seeking licensure as a master social worker.,1,2026-02-11,https://legiscan.com/CT/bill/HB05166/2026
CT,2113401,,An Act Concerning The Disclosure Of Water Quality Test Results For Certain Private And Semipublic Wells.,To permit the disclosure of private well and semipublic well water quality test results to certain individuals without requiring approval of the Commissioner of Public Health.,1,2026-02-11,https://legiscan.com/CT/bill/HB05167/2026
CT,2113483,,An Act Concerning The Secure Transmission Of Safety Plans Of Minor Patients To Schools By Health Care Providers.,To facilitate communication of minor safety plans between health care providers and schools.,1,2026-02-11,https://legiscan.com/CT/bill/HB05168/2026
CT,2113492,,An Act Requiring The Establishment Of An Alert In The State-wide Health Information Exchange Regarding Patients With A History Of Violence Or Combative Behavior Toward A Health Care Provider.,To require the development of a method of alerting health care providers regarding any patient who has been reported in the State-wide Health Information Exchange as being violent with or displaying combative behavior toward a health care provider.,1,2026-02-11,https://legiscan.com/CT/bill/HB05169/2026
CT,2113381,,"An Act Concerning Funding For Survivors Of Homicide, Inc.","To provide funding to Survivors of Homicide, Inc. to provide mental health and supportive counseling to more families after the loss of a loved one to homicide and mitigate a potential loss of funding.",1,2026-02-11,https://legiscan.com/CT/bill/HB05170/2026
CT,2113403,,An Act Concerning Funding For The Connecticut-grown For Connecticut Kids Program.,To provide funding to support the Connecticut-Grown for Connecticut Kids program and offer incentives to local farms and food growers.,1,2026-02-11,https://legiscan.com/CT/bill/HB05171/2026
CT,2113334,,An Act Concerning Funding For The Installation And Maintenance Of Radar Speed Signs On Forest Road In The City Of New Haven.,To reduce speeding and increase safety on Forest Road in the city of New Haven.,1,2026-02-11,https://legiscan.com/CT/bill/HB05172/2026
CT,2113402,,An Act Increasing Funding For Youth Summer Employment Programs.,To increase funding for youth summer employment programs.,1,2026-02-11,https://legiscan.com/CT/bill/HB05173/2026
CT,2113329,,An Act Concerning Funding For The City Of New London For Loss Of Taxes On Private Tax-exempt Property.,To require four million dollars be paid to the city of New London to better reflect the lost property tax revenue from the United States Coast Guard Academy.,1,2026-02-11,https://legiscan.com/CT/bill/HB05174/2026
CT,2113330,,An Act Concerning Funding To Hire Auditors At The Department Of Revenue Services.,To increase appropriation to hire auditors to work for the Department of Revenue Services.,1,2026-02-11,https://legiscan.com/CT/bill/HB05175/2026
CT,2113440,,An Act Increasing Funding For Spanish Community Of Wallingford.,"To provide funding to Spanish Community of Wallingford for education, public health, social services and job training.",1,2026-02-11,https://legiscan.com/CT/bill/HB05176/2026
CT,2113405,,An Act Establishing A Tax Credit For Manufacturers That Donate Equipment Or Supplies To Manufacturing Training Programs At Public Schools.,To encourage the donation of equipment and supplies to public middle schools and public high schools in the state that have manufacturing training programs by allowing manufacturers to receive a tax credit for such donations.,1,2026-02-11,https://legiscan.com/CT/bill/HB05177/2026
CT,2113491,,An Act Authorizing Bonds Of The State For A Culinary Arts Center At Robert E. Fitch High School In The Town Of Groton.,To provide funding for a culinary arts center at Robert E. Fitch High School in the town of Groton.,1,2026-02-11,https://legiscan.com/CT/bill/HB05178/2026
CT,2113335,,An Act Concerning An Increase Of The Per Pupil Foundation Amount For Purposes Of The Education Cost Sharing Grant.,To increase the per pupil foundation amount of the education cost sharing grant formula and adding a process for annual increases of such amount based on certain economic indicators.,1,2026-02-11,https://legiscan.com/CT/bill/HB05179/2026
CT,2113340,,An Act Concerning Charter Schools And Educational Opportunities.,To improve educational opportunities for students by adjusting funding for charter schools.,1,2026-02-11,https://legiscan.com/CT/bill/HB05180/2026
CT,2113499,,An Act Authorizing Bonds Of The State For Capital Improvements To Various Community Organizations In The City Of Norwich.,To provide funding for capital improvements to various community organizations in the city of Norwich.,1,2026-02-11,https://legiscan.com/CT/bill/HB05181/2026
CT,2113467,,An Act Authorizing Bonds Of The State For Capital Improvements To Fire Service Organizations In The City Of Norwich.,"To provide funding for capital improvements at Laurel Hill Volunteer Fire Company, East Great Plain Volunteer Fire Department and Norwich Fire Department in the city of Norwich.",1,2026-02-11,https://legiscan.com/CT/bill/HB05182/2026
CT,2113422,,An Act Authorizing Bonds Of The State For An Exhaust System Upgrade At The Yantic Fire Engine Company In The City Of Norwich.,To provide funding to the Yantic Fire Engine Company in the city of Norwich for an exhaust system upgrade.,1,2026-02-11,https://legiscan.com/CT/bill/HB05183/2026
CT,2113506,,An Act Authorizing Bonds Of The State For Improvements And Renovations To Castle Church In The City Of Norwich.,To provide funding to complete improvements and renovations to Castle Church in the city of Norwich.,1,2026-02-11,https://legiscan.com/CT/bill/HB05184/2026
CT,2113555,,An Act Establishing A Capital Gains And Dividends Surcharge.,To establish a capital gains and dividends surcharge on taxpayers subject to the highest marginal personal income tax rate.,1,2026-02-11,https://legiscan.com/CT/bill/HB05185/2026
CT,2113468,,An Act Concerning The Affected Business Entity Tax And The Credit Related Thereto And Establishing A Surcharge On The Amount Of Federal Qualified Business Income Deductions Claimed By Certain Filers.,"To (1) establish a surcharge on the affected business entity tax and adjust, for certain personal income tax marginal rates, the amount of the credit allowed against said tax, and (2) establish a surcharge on the amount of the qualified business income deduction claimed for federal income tax purposes by filers subject to the highest marginal rate under section 12-700 of the general statutes.",1,2026-02-11,https://legiscan.com/CT/bill/HB05186/2026
CT,2113472,,An Act Adjusting The Fiscal Guardrails.,To adjust the methodology used to calculate the threshold amounts for volatility funds transfers and increase the maximum capacity of the Budget Reserve Fund.,1,2026-02-11,https://legiscan.com/CT/bill/HB05187/2026
CT,2113457,,An Act Authorizing Bonds Of The State For Construction Of The Uss Groton Sail Monument.,To provide funding for the construction of the USS Groton Sail Monument.,1,2026-02-11,https://legiscan.com/CT/bill/HB05188/2026
CT,2113474,,An Act Authorizing Bonds Of The State For The Holy Trinity Greek Orthodox Church In The City Of Norwich.,To provide funding for capital improvements to the Holy Trinity Greek Orthodox Church in the city of Norwich.,1,2026-02-11,https://legiscan.com/CT/bill/HB05189/2026
CT,2113443,,An Act Authorizing Bonds Of The State For The Veterans Rally Point In The City Of Norwich.,To provide funding for capital improvements to the Veterans Rally Point in the city of Norwich.,1,2026-02-11,https://legiscan.com/CT/bill/HB05190/2026
CT,2113533,,An Act Authorizing Bonds Of The State For A Fire Service Dispatch System For The City Of Norwich.,To provide funding for a fire dispatch system for the city of Norwich.,1,2026-02-11,https://legiscan.com/CT/bill/HB05191/2026
CT,2113482,,An Act Establishing A Personal Income Tax Deduction For Tips Or Gratuities.,To establish a personal income tax deduction for the amount of tips or gratuities declared by a taxpayer for a taxable year.,1,2026-02-11,https://legiscan.com/CT/bill/HB05192/2026
CT,2113565,,An Act Authorizing Bonds Of The State For Capital Improvements To Camp Oakdale In The Town Of Montville.,To provide funding for capital improvements to Camp Oakdale in the town of Montville.,1,2026-02-11,https://legiscan.com/CT/bill/HB05193/2026
CT,2113502,,An Act Authorizing Bonds Of The State For The New England Science And Sailing Foundation.,To provide funding to the New England Science and Sailing Foundation to ensure its facilities are compliant with physical accessibility guidelines under the federal Americans with Disabilities Act.,1,2026-02-11,https://legiscan.com/CT/bill/HB05194/2026
CT,2113542,,An Act Establishing A Tax Credit For Businesses That Install A Meadow In Lieu Of A Lawn.,To establish a tax credit for businesses that install a meadow in lieu of a lawn on their business properties.,1,2026-02-11,https://legiscan.com/CT/bill/HB05195/2026
CT,2113503,,An Act Authorizing Bonds Of The State For The Groton Community Center.,To provide funding for planning and engineering the Groton Community Center.,1,2026-02-11,https://legiscan.com/CT/bill/HB05196/2026
CT,2113363,,An Act Equalizing Adult Access To Medicaid.,To provide equal access to Medicaid-funded health care for older adults and adults with disabilities.,1,2026-02-11,https://legiscan.com/CT/bill/HB05197/2026
CT,2113537,,An Act Disregarding The Value Of Life Insurance Benefits In Eligibility Determinations For Public Assistance Programs.,To disregard the value of life insurance policies in eligibility determinations for state-administered public assistance programs.,1,2026-02-11,https://legiscan.com/CT/bill/HB05198/2026
CT,2113441,,An Act Concerning Reduced Medicaid Reimbursements For Multiple Home Health Visits To The Same Housing Facility.,To provide the same Medicaid reimbursement rate for each behavioral health home visit to a building housing more than one resident rather than reduced rates for subsequent visits to the same building by the same behavioral health practitioner.,1,2026-02-11,https://legiscan.com/CT/bill/HB05199/2026
CT,2113531,,An Act Concerning Medicaid Reimbursement For Safety Escorts.,To ensure the safety of behavioral health nurses who provide community-based care to Medicaid beneficiaries.,1,2026-02-11,https://legiscan.com/CT/bill/HB05200/2026
CT,2113551,,An Act Increasing Funding For Certain Transition Services Offered To Students.,To expand the availability of transition services for students under Project SEARCH.,1,2026-02-11,https://legiscan.com/CT/bill/HB05201/2026
CT,2114454,,An Act Concerning Funding For Emergency Housing.,"To fund Continuum of Care, Inc.'s emergency housing program.",1,2026-02-13,https://legiscan.com/CT/bill/HB05202/2026
CT,2114565,,An Act Establishing A Qualified Production Property Deduction.,To establish a state tax deduction for the amount of the federal qualified production property deduction claim.,1,2026-02-13,https://legiscan.com/CT/bill/HB05203/2026
CT,2114491,,An Act Dedicating A Portion Of The Room Occupancy Tax On Short-term Rental Properties To Municipalities.,To dedicate a portion of the room occupancy tax received by the state from short-term rentals to the municipalities in which such rentals are situated.,1,2026-02-13,https://legiscan.com/CT/bill/HB05204/2026
CT,2114528,,An Act Dedicating A Portion Of The Room Occupancy Tax On Short-term Rental Properties To Municipalities.,To dedicate a portion of the room occupancy tax received by the state from short-term rentals to the municipalities in which such rentals are situated.,1,2026-02-13,https://legiscan.com/CT/bill/HB05205/2026
CT,2114598,,An Act Establishing A Tax Credit Against The Personal Income Tax For Volunteer Firefighters Who Meet Certain Service Requirements.,To establish a tax credit for volunteer firefighters who meet certain service requirements.,1,2026-02-13,https://legiscan.com/CT/bill/HB05206/2026
CT,2117040,,An Act Concerning The Full Funding Of The Special Education And Expansion Development Grant.,To fully fund the special education and expansion development grant.,1,2026-02-17,https://legiscan.com/CT/bill/HB05207/2026
CT,2118502,,An Act Requiring A Study Concerning Financial Transactions In The State.,To require the Department of Banking to study and submit a report concerning financial transactions in the state.,1,2026-02-18,https://legiscan.com/CT/bill/HB05208/2026
CT,2118298,,An Act Establishing Various Requirements Regarding Shared Appreciation Agreements.,To establish various requirements regarding shared appreciation agreements.,1,2026-02-18,https://legiscan.com/CT/bill/HB05209/2026
CT,2118347,,An Act Establishing Various Data Security Requirements Applicable To Certain Financial Institutions.,To establish various data security requirements applicable to certain financial institutions.,1,2026-02-18,https://legiscan.com/CT/bill/HB05210/2026
CT,2118322,,An Act Concerning Commercial Financing.,"To redefine ""commercial financing"", require commercial financing providers to disclose estimated annual percentage rates and revise and establish certain requirements applicable to commercial financing contracts.",1,2026-02-18,https://legiscan.com/CT/bill/HB05211/2026
CT,2118410,,An Act Requiring Acceptance Of Periodic And Partial Payments On Certain Mortgage Loans Issued By Connecticut Banks And Connecticut Credit Unions.,"To require certain payments on mortgage loans issued by Connecticut banks and Connecticut credit unions on and after October 1, 2026, to be accepted and credited or treated as credited.",1,2026-02-18,https://legiscan.com/CT/bill/HB05212/2026
CT,2118307,,An Act Establishing A Working Group To Evaluate Payroll Processing Methods Employed By Financial Institutions.,To establish a working group to evaluate payroll processing methods employed by financial institutions and the time required for payroll checks to clear.,1,2026-02-18,https://legiscan.com/CT/bill/HB05213/2026
CT,2118463,,An Act Concerning School Meals.,To provide free school breakfasts to all students in the state and to provide free school lunches for all students who are eligible for free or reduced priced lunches in the state.,1,2026-02-18,https://legiscan.com/CT/bill/HB05214/2026
CT,2118394,,An Act Concerning The Legislative Commissioners' Recommendations For Technical Revisions To The Education And Early Childhood Statutes.,To make technical revisions to the education and early childhood statutes.,1,2026-02-18,https://legiscan.com/CT/bill/HB05215/2026
CT,2118311,,An Act Concerning Stipends For Student Teachers.,To require payment of stipends to student teachers for each week of student teaching experience at a public school in the state.,1,2026-02-18,https://legiscan.com/CT/bill/HB05216/2026
CT,2118399,,An Act Establishing The Commissioner Of Education As The Department Head Of The Department Of Education.,To make the Commissioner of Education the department head of the Department of Education.,1,2026-02-18,https://legiscan.com/CT/bill/HB05217/2026
CT,2118369,,An Act Concerning Teachers.,"To (1) establish a just cause standard for teacher termination decisions, (2) make the decision of a neutral arbitrator in a termination hearing binding, and (3) provide full workers' compensation coverage for teachers injured by students in the course of their employment.",1,2026-02-18,https://legiscan.com/CT/bill/HB05218/2026
CT,2118478,,An Act Concerning The Order Of Gubernatorial Succession Under Certain Permanent And Temporary Circumstances.,To expand upon the order of gubernatorial succession set forth in the state Constitution under certain permanent and temporary circumstances.,1,2026-02-18,https://legiscan.com/CT/bill/HB05219/2026
CT,2118366,,An Act Increasing The Membership And Compensation Of The State Properties Review Board.,To increase the membership of the State Properties Review Board from six members to eight members and increase the compensation of members of the board.,1,2026-02-18,https://legiscan.com/CT/bill/HB05220/2026
CT,2118495,,An Act Reestablishing The Legislative Program Review And Investigations Committee.,To reestablish the Legislative Program Review and Investigations Committee.,1,2026-02-18,https://legiscan.com/CT/bill/HB05221/2026
CT,2118487,,An Act Concerning The Department Of Consumer Protection's Recommendations Regarding Various Statutes Concerning Consumer Protection.,"To implement the Department of Consumer Protection's recommendations regarding (1) the Board of Accountancy, (2) professional engineers and land surveyors, (3) real estate brokers and real estate salespersons, (4) plumbing and piping work, (5) businesses engaged in providing certain skilled trade work or services, (6) interior designers, (7) adulterated or misbranded foods, beverages and ingredients, (8) donation bins, (9) funeral service contracts, (10) apartment listing services, and (11) various minor, technical and conforming changes to statutes concerning consumer protection.",1,2026-02-18,https://legiscan.com/CT/bill/HB05222/2026
CT,2118382,,An Act Establishing A Task Force To Study Issues Concerning Grocery Store Beer Permits.,To establish a task force to study issues concerning grocery store beer permits.,1,2026-02-18,https://legiscan.com/CT/bill/HB05223/2026
CT,2118457,,An Act Concerning The Department Of Consumer Protection's Recommendations Regarding Various Guaranty Funds.,"To (1) transfer to the Department of Consumer Protection various duties concerning the Real Estate and Connecticut Health Club Guaranty Funds, (2) with respect to the Real Estate Guaranty Fund, (A) provide that no application to recover compensation from said fund shall be brought later than two years from final determination of, or expiration of time for appeal in connection with, a binding arbitration decision or a court order or decree, and (B) subrogate the department to the rights of the creditor under a decision, order or decree, (3) require an applicant for payment from the Home Improvement Guaranty Fund to attest that the applicant made a good faith effort to satisfy a decision, judgment order or decree against a contractor or proprietor, (4) provide that interest shall not accrue on a debt owed to the Real Estate, Home Improvement, Connecticut Health Club or New Home Construction Guaranty Fund after such debt has been referred to the Department of Administrative Services for collection, and (5) repeal a provision concerning the Connecticut Real Estate Commission's procedure following receipt of a notice concerning the Real Estate Guaranty Fund.",1,2026-02-18,https://legiscan.com/CT/bill/HB05224/2026
CT,2118352,,"An Act Prohibiting Certain Licensees And Registrants From Selling, Dispensing, Transferring Or Delivering Any Drug Or Device To Execute A Sentence Of Death.","To provide that no manufacturer, wholesaler, pharmacist, prescribing practitioner or pharmacy shall sell, dispense, transfer or deliver, as applicable, any drug or device with actual knowledge that the person purchasing or receiving such drug or device directly from such manufacturer, wholesaler, pharmacist, prescribing practitioner or pharmacy intends to use such drug or device to execute a sentence of death.",1,2026-02-18,https://legiscan.com/CT/bill/HB05225/2026
CT,2118340,,An Act Concerning Mobile Manufactured Homes And Mobile Manufactured Home Parks.,"To (1) require a regional council of governments to establish a fair rent commission if a mobile manufactured home park is located in any municipality that is a member of such council, (2) require a mobile manufactured home park owner to make available, on a disclosure statement, an enumeration of all considerations payable by a resident to the owner, including, but not limited to, all periodic fees, usage fees and penalty fees payable by the resident to the owner, (3) modify the amount of relocation expenses paid to mobile manufactured home park residents, (4) modify the process by which, and terms upon which, an association of resident owners may exercise its right to purchase a mobile manufactured home park, (5) require the Department of Consumer Protection to promptly acknowledge receipt of a complaint submitted by a mobile manufactured home park resident, and (6) require a mobile manufactured home park owner to deliver a written notice of a proposed rent increase to a resident at least ninety days before the start of a new rental agreement.",1,2026-02-18,https://legiscan.com/CT/bill/HB05226/2026
CT,2118441,,An Act Concerning Mold Remediation.,"To (1) require persons performing mold remediation for compensation in the state to register with the Department of Consumer Protection, (2) establish standards for the performance of mold remediation, and (3) provide that no certificate shall be given under the Home Improvement Act to any person who holds such person out to be a contractor that performs mold remediation unless such person provides evidence, satisfactory to the Commissioner of Consumer Protection, that the contractor is certified as a mold remediator.",1,2026-02-18,https://legiscan.com/CT/bill/HB05227/2026
CT,2118314,,An Act Concerning Cigarette Dealers And Electronic Nicotine Delivery System And Vapor Product Dealers.,"To provide that (1) the Department of Revenue Services shall not issue a cigarette dealer's license, or renew any such license, for certain applicants who exceed certain limitations concerning annual gross sales and the use of retail sales area, and (2) the Department of Consumer Protection shall not issue an electronic nicotine delivery system certificate of dealer registration, or renew any such registration, for certain applicants who (A) exceed certain limitations concerning annual gross revenue and the use of retail sales area, or (B) are located in a town that already includes one dealer for every two thousand five hundred residents.",1,2026-02-18,https://legiscan.com/CT/bill/HB05228/2026
CT,2118439,,An Act Concerning Gaming.,"To restrict gaming advertising at college and university campuses, establish requirements regarding withdrawal of funds from gaming accounts, require gaming licensees to maintain customer service telephone numbers and bar the use of artificial intelligence for targeting certain bets to customers making online sports wagers.",1,2026-02-18,https://legiscan.com/CT/bill/HB05229/2026
CT,2118284,,An Act Exempting Income Of Up To One Hundred Thousand Dollars Earned By A Child Under The Age Of Twenty-four From Inclusion In The Parent's Gross Income For Determination Of The Parent's Eligibility To Participate In The Rental Assistance Program.,To exempt income of up to one hundred thousand dollars earned by a child living with a parent from such parent's gross income for the purpose of determining the parent's eligibility to participate in the rental assistance program.,1,2026-02-18,https://legiscan.com/CT/bill/HB05230/2026
CT,2118471,,An Act Expanding A Personal Income Tax Deduction To Include Certain Members Of The Uniformed Services.,To expand a personal income tax deduction for certain retirement pay to include retirees of the National Oceanic and Atmospheric Administration and the Public Health Service.,1,2026-02-18,https://legiscan.com/CT/bill/HB05231/2026
CT,2118285,,An Act Authorizing Bonds Of The State For A Youth Baseball And Softball Indoor Training Facility In The Town Of Manchester.,To provide funding for an indoor training facility and increase the after-school opportunities for youth in the town of Manchester.,1,2026-02-18,https://legiscan.com/CT/bill/HB05232/2026
CT,2118428,,An Act Authorizing Bonds Of The State For Improvements To Water And Sewer Infrastructure In The Town Of Manchester.,To provided funding for improvements to the water and sewer infrastructure in the north end of the town of Manchester.,1,2026-02-18,https://legiscan.com/CT/bill/HB05233/2026
CT,2118444,,An Act Establishing A Fee On Short-term Rental Properties.,To establish a fee on short-term rental properties and distribute the revenue generated from the fee proportionally to municipalities.,1,2026-02-18,https://legiscan.com/CT/bill/HB05234/2026
CT,2118420,,An Act Concerning A Plan And Coordinated Response To Persons Experiencing Homelessness On Property Under The Control Of The Department Of Transportation.,To require the Commissioner of Transportation to develop a plan to respond to temporary encampments by persons experiencing homelessness on any state highway right-of-way or real property in the custody of the Department of Transportation.,1,2026-02-18,https://legiscan.com/CT/bill/HB05235/2026
CT,2118372,,"An Act Concerning Workplace Health, Safety And Violence Prevention For Public Transit Workers.","To (1) establish a Public Transit Workplace Health, Safety and Violence Prevention Committee, and (2) require each public transit bus operated by the Department of Transportation or a transit district to be equipped with a security barrier for the protection and safety of public transit bus operators.",1,2026-02-18,https://legiscan.com/CT/bill/HB05236/2026
CT,2118391,,An Act Implementing Recommendations By The Department Of Motor Vehicles.,"To implement recommendations by the Department of Motor Vehicles regarding (1) records relating to vessels, (2) the definition of ""commissioner"", (3) the replacement of a certificate of title, and (4) the proclamation of an Accessible Parking Awareness Day.",1,2026-02-18,https://legiscan.com/CT/bill/HB05237/2026
CT,2118302,,An Act Studying Access To Parking For Home Health Care Service Providers.,To require the Commissioner of Emergency Services and Public Protection to establish a working group to study access to parking for home health care service providers.,1,2026-02-18,https://legiscan.com/CT/bill/HB05238/2026
CT,2118386,,An Act Concerning The Department Of Developmental Services' Recommendations Regarding The Independent Mortality Review Board And Fatality Review Board.,To codify the duties and responsibilities of the Independent Mortality Review Board and avoid duplication of such duties and responsibilities in the Fatality Review Board.,1,2026-02-18,https://legiscan.com/CT/bill/HB05239/2026
CT,2118404,,An Act Concerning The Department Of Developmental Services' Recommendations Regarding Various Revisions To Developmental Services Statutes.,To make various revisions to developmental services statutes.,1,2026-02-18,https://legiscan.com/CT/bill/HB05240/2026
CT,2118328,,An Act Establishing A Triple Bottom Line Justice Demonstration Pilot Program.,To establish a Triple Bottom Line Justice demonstration pilot program.,1,2026-02-18,https://legiscan.com/CT/bill/HB05241/2026
CT,2118354,,An Act Requiring Certain Health Care Facilities To Allow Terminally Ill Qualifying Patients To Use Cannabis.,To require certain health care facilities to allow terminally ill qualifying patients to use medical marijuana.,1,2026-02-18,https://legiscan.com/CT/bill/HB05242/2026
CT,2119395,,An Act Concerning Economic Development Of The Greater Mystic Area.,To facilitate economic development in the greater Mystic area.,1,2026-02-19,https://legiscan.com/CT/bill/HB05243/2026
CT,2119357,,An Act Concerning The Department Of Economic And Community Development's Recommendations Regarding The Agency Financial Assistance Cap And Employment Promissory Notes.,"To (1) increase the financial assistance cap provided in section 32-462, and (2) create an exception to the employment promissory note prohibition in section 31-51r.",1,2026-02-19,https://legiscan.com/CT/bill/HB05244/2026
CT,2119236,,An Act Concerning Municipal Electric Aggregation Programs.,"To allow a municipality, or two or more municipalities acting jointly, to establish municipal aggregation programs.",1,2026-02-19,https://legiscan.com/CT/bill/HB05245/2026
CT,2119370,,An Act Concerning The Legislative Commissioners' Recommendations For Technical Revisions To Statutes Concerning Energy And Technology.,To make minor and technical revisions to statutes concerning energy and technology.,1,2026-02-19,https://legiscan.com/CT/bill/HB05246/2026
CT,2119284,,An Act Concerning A Test Bed Technologies Program And The Jobsct Tax Rebate Program.,"To (1) facilitate the consideration of cost-saving technology by evaluating testing such technology by state agencies, and (2) amend eligibility criteria for the JobsCT tax rebate program.",1,2026-02-19,https://legiscan.com/CT/bill/HB05247/2026
CT,2119249,,An Act Concerning Energy Efficiency And Transmission Planning.,"To (1) allow the Commissioner of Energy and Environmental Protection to adopt efficiency standards for certain new products if determined necessary by the commissioner, and (2) require the Connecticut Siting Council to consider future electric grid reliability needs when determining whether to approve certain facilities.",1,2026-02-19,https://legiscan.com/CT/bill/HB05248/2026
CT,2119319,,An Act Amending The Charter Of The South Central Connecticut Regional Water Authority Concerning The Potential Acquisition Of A Water Company.,To amend the charter of the South Central Connection Regional Water Authority concerning the potential acquisition of a water company.,1,2026-02-19,https://legiscan.com/CT/bill/HB05249/2026
CT,2119412,,An Act Implementing The Recommendations Of The Freedom Of Information Commission For Revisions To The Freedom Of Information Act.,"To make revisions to the Freedom of Information Act recommended by the Freedom of Information Commission, including concerning the application of the definition of ""governmental function"", which statutory provisions require training by the commission, redefining ""hand-held scanner"", electronic notice of special meetings and appeals for denial of access to certain public records.",1,2026-02-19,https://legiscan.com/CT/bill/HB05250/2026
CT,2119386,,An Act Concerning Reporting On Implementation Of Certain Consultant Report Recommendations.,To require the reporting of state agency implementation of certain consultant reports.,1,2026-02-19,https://legiscan.com/CT/bill/HB05251/2026
CT,2119381,,An Act Requiring The Auditors Of Public Accounts And Office Of Policy And Management To Review The Costs Of Providing Certain Public And Private Services To Individuals With Intellectual Disabilities.,To require the Auditors of Public Accounts and the Secretary of the Office of Policy and Management to review the costs of providing public versus private services to individuals with intellectual disabilities.,1,2026-02-19,https://legiscan.com/CT/bill/HB05252/2026
CT,2119440,,An Act Concerning Voting Procedures For And State Elections Enforcement Commission Oversight Of Fire Districts.,"To (1) require certain voting procedures for the transaction of business at meetings of fire districts, and (2) authorize State Elections Enforcement Commission jurisdiction over fire districts in matters relating to the conduct of such meetings, including such voting procedures.",1,2026-02-19,https://legiscan.com/CT/bill/HB05253/2026
CT,2119479,,An Act Concerning The Process And Timetable For The Review Of Existing Regulations Of Connecticut State Agencies.,"To make modifications to the process for reviewing agency regulations to determine whether they are obsolete, inconsistent or ineffective and change the deadlines for such review.",1,2026-02-19,https://legiscan.com/CT/bill/HB05254/2026
CT,2119466,,An Act Implementing The Recommendations Of The Auditors Of Public Accounts Concerning Oversight Of State Agency Grants.,"To implement the recommendations of the Auditors of Public Accounts requiring the developing of standard requirements for the award and subaward of state grant funds and subsequent monitoring of the use of such grant funds, training of state agency employees in such standards and annual reporting concerning such awards and subawards.",1,2026-02-19,https://legiscan.com/CT/bill/HB05255/2026
CT,2119296,,An Act Concerning The Process For Initiating Local Legislation In The General Assembly.,"To remove the requirement that a copy of the resolution or petition of a town, city, borough or other local government to initiate local legislation in the General Assembly be filed with the Secretary of the State.",1,2026-02-19,https://legiscan.com/CT/bill/HB05256/2026
CT,2119312,,An Act Prohibiting A Landlord From Requiring A Security Deposit In Excess Of One Month's Rent From Any Tenant.,To prohibit landlords from requiring a security deposit in excess of one month's rent from any tenant.,1,2026-02-19,https://legiscan.com/CT/bill/HB05257/2026
CT,2119364,,An Act Concerning Tenant Organizational Activities.,To require landlords to permit certain tenant organizational activities in residential property.,1,2026-02-19,https://legiscan.com/CT/bill/HB05258/2026
CT,2119379,,An Act Concerning The Education Of Homeless Children And Youth.,"To codify rights pertaining to school district choice, transportation, notice and appeal for students experiencing homelessness and their guardians.",1,2026-02-19,https://legiscan.com/CT/bill/HB05259/2026
CT,2119429,,An Act Prohibiting A Municipality From Imposing A Penalty For The Performance Of Certain Activities Of Daily Living.,To prohibit municipalities from enacting or enforcing a prohibition on the performance of certain activities of daily living.,1,2026-02-19,https://legiscan.com/CT/bill/HB05260/2026
CT,2119235,,An Act Permitting Municipalities To Prohibit Rent Increases In The Event Of Multiple State Building Code Violations.,To allow municipalities to prohibit rent increases on residential properties with multiple outstanding State Building Code violations.,1,2026-02-19,https://legiscan.com/CT/bill/HB05261/2026
CT,2119432,,"An Act Concerning Certain Electronic Notice Requirements For Property And Casualty Insurers, The State Insurance And Risk Management Board's Reserve Funding, Review Of The Motor Vehicle Glass Repair National Model, And The Office Of Health Strategy's Reporting Requirements Related To Prescription Drug Formularies.",To: (1) Revise certain electronic notice requirements for property and casualty insurers; (2) allow the State Insurance and Risk Management Board to fund reserves using certain funds; (3) require the Insurance Commissioner to conduct a review of the motor vehicle glass repair national model; and (4) remove the Office of Health Strategy's study and reporting requirement related to prescription drug formularies.,1,2026-02-19,https://legiscan.com/CT/bill/HB05262/2026
CT,2119240,,"An Act Concerning The Assignment Of Post-loss Homeowners And Commercial Property Insurance Benefits, Consumer Bill Of Rights And Revising Disclosure Requirements For Home Improvement Contractors And Salespersons.","To: (1) Establish a process for the assignment of post-loss benefits under homeowners and commercial property insurance policies; (2) modify the required terms of home improvement contracts; (3) preclude home improvement contractors from engaging in certain conduct to induce owners to enter into home improvement contracts; (4) require home improvement contractors to notify the commissioner regarding changes in their business names, trade names and addresses; (5) require home improvement contractors to maintain additional types of insurance coverage; (6) expand the required content of the application for a certificate of registration as a home improvement contractor; (7) modify the grounds on which the Commissioner of Consumer Protection may (A) reprimand or place a home improvement contractor or salesperson on probation, or (B) revoke, suspend, or refuse to issue or renew a certificate of registration as a home improvement contractor or salesperson; and (8) require the Insurance Commissioner to create a consumer bill of rights.",1,2026-02-19,https://legiscan.com/CT/bill/HB05263/2026
CT,2119399,,"An Act Concerning Service Animals In Insurance Underwriting, The Appointment Of An Advocate In Proceedings Concerning The Welfare Or Custody Of Companion Animals, Assault Of A Domestic Animal And Establishing An Animal Abuse Task Force.","To: (1) Prohibit any homeowners insurance or tenants insurance policy from discriminating based on owning any dog that is a dog trained or being trained as a service animal to assist blind, deaf or mobility impaired persons or is a therapy animal, (2) allow the court to appoint an advocate in proceedings concerning the welfare or custody of companion animals, (3) expand assault in the third degree to include domestic animals, and (4) establish an animal abuse task force.",1,2026-02-19,https://legiscan.com/CT/bill/HB05264/2026
CT,2119346,,"An Act Concerning Court-ordered Accountings Of Common Interest Community Financial Records, Lender Questionnaires And Revising The Disclosure Requirements Relating To Common Interest Communities.","To (1) allow unit owners of common interest communities to petition the Superior Court for an accounting of such association's financial records, (2) revise the disclosure requirements relating to common interest communities, and (3) impose a cap on the fee imposed for the preparation and recordation of a lender questionnaire.",1,2026-02-19,https://legiscan.com/CT/bill/HB05265/2026
CT,2119332,,An Act Adopting The Uniform Real Property Transfer On Death Act.,To adopt the Uniform Real Property Transfer on Death Act.,1,2026-02-19,https://legiscan.com/CT/bill/HB05266/2026
CT,2119280,,An Act Concerning Eligibility For Incapacity Benefits Under The Workers' Compensation Act.,To preclude an employee from seeking incapacity benefits when the employee elects to retire from the workforce and experiences the incapacity after such retirement.,1,2026-02-19,https://legiscan.com/CT/bill/HB05267/2026
CT,2119426,,An Act Authorizing The Department Of Public Health To Release Information Relating To An Acknowledgment Of Parentage To The Department Of Children And Families.,To authorize the Department of Public Health to release information relating to an acknowledgment of parentage to the Department of Children and Families.,1,2026-02-19,https://legiscan.com/CT/bill/HB05268/2026
CT,2119423,,An Act Establishing A Working Group To Study Energy Drink Consumption By Children And Requiring Certain Signage At The Point Of Sale Of Such Drinks.,To establish a working group to study the consumption of energy drinks by children and require signage concerning risks associated with such consumption at the point of sale of such drinks.,1,2026-02-19,https://legiscan.com/CT/bill/HB05269/2026
CT,2119353,,An Act Extending Financial Assistance For The Postsecondary Education Expenses Of Foster Youth.,To require the Department of Children and Families to continue to provide financial aid for the postsecondary education expenses for foster youth until such youth reaches twenty-eight years of age.,1,2026-02-19,https://legiscan.com/CT/bill/HB05270/2026
CT,2119449,,An Act Requiring The Office Of The Child Advocate To Hire Certain Additional Employees.,To require the Office of the Child Advocate to hire one or more full-time employees to assist in the oversight of children in the care of the Department of Children and Families.,1,2026-02-19,https://legiscan.com/CT/bill/HB05271/2026
CT,2119443,,An Act Concerning Children's Health.,To require the Commissioner of Children and Families to conduct a study to determine whether policy and procedural changes within the Department of Children and Families may improve the health of children.,1,2026-02-19,https://legiscan.com/CT/bill/HB05272/2026
CT,2119405,,"An Act Requiring Children Under The Age Of Twelve To Wear Personal Flotation Devices On Docks, Wharfs And Piers.","To require children under the age of twelve to wear personal flotation devices while on any dock, wharf or pier.",1,2026-02-19,https://legiscan.com/CT/bill/HB05273/2026
CT,2119326,,An Act Concerning The Workers' Compensation System.,To require the Workers' Compensation Commission to study the workers' compensation system in the state.,1,2026-02-19,https://legiscan.com/CT/bill/HB05274/2026
CT,2119286,,An Act Concerning A Contractor's Responsibility For Unpaid Wages On A Construction Contract.,To make a contractor liable for unpaid wages owed to an employee of a subcontractor at any tier who performs work on any portion of a construction contract.,1,2026-02-19,https://legiscan.com/CT/bill/HB05275/2026
CT,2119356,,An Act Concerning Volunteer Fire Departments And The Definition Of Employer Under The State Occupational Health And Safety Act.,To ensure volunteer fire departments and ambulance companies are considered under CONN-OSHA jurisdiction.,1,2026-02-19,https://legiscan.com/CT/bill/HB05276/2026
CT,2119276,,An Act Concerning The Posting Of Veterans' Information And Services For Display In The Workplace.,"To require the Labor Commissioner and the Chief Manufacturing Officer, in consultation with the Commissioner of Veterans Affairs, to post information on the Internet web sites of the Labor Department and the Office of Manufacturing available for download by employers to display in the workplace.",1,2026-02-19,https://legiscan.com/CT/bill/HB05277/2026
CT,2119368,,An Act Requiring Uninsured And Underinsured Motorist Coverage For Department Of Transportation Employees.,To require the state to provide uninsured and underinsured motorist coverage to employees of the Department of Transportation.,1,2026-02-19,https://legiscan.com/CT/bill/HB05278/2026
CT,2119448,,An Act Adding Witnessing A Serious Physical Injury As A Qualifying Event For Purposes Of Post-traumatic Stress Injury Workers' Compensation Coverage.,To add witnessing a serious physical injury that does not result in the death or permanent disfigurement of such person as a qualifying event for an employee to be eligible for workers' compensation coverage for a post-traumatic stress injury.,1,2026-02-19,https://legiscan.com/CT/bill/HB05279/2026
CT,2119471,,An Act Concerning A Noncharge For Employees Paid Benefits Through The Shared Work Program During Periods Of High Unemployment.,To allow for a noncharge to an employer's experience account for employees who were paid benefits through the shared work program for claims filed in a week in which the state is in an extended benefit period or a high unemployment period.,1,2026-02-19,https://legiscan.com/CT/bill/HB05280/2026
CT,2119315,,An Act Concerning Planning And Development.,To clarify certain publication requirements of actions or decisions of a planning commission.,1,2026-02-19,https://legiscan.com/CT/bill/HB05281/2026
CT,2119477,,An Act Implementing The Recommendations Of The Continuing Legislative Committee On Planning And Development Concerning The State Plan Of Conservation And Development.,"To increase cost thresholds relating to certain actions required to be undertaken consistent with the state plan of conservation and development, eliminate a requirement that certain acquisitions by state agencies be consistent with such plan and eliminate priority funding areas.",1,2026-02-19,https://legiscan.com/CT/bill/HB05282/2026
CT,2119291,,"An Act Authorizing Municipalities To Prohibit The Sale Of Dogs, Cats And Rabbits In Pet Shops.",To authorize municipalities to prohibit the sale of certain animals in pet shops.,1,2026-02-19,https://legiscan.com/CT/bill/HB05283/2026
CT,2119214,,An Act Concerning Property Tax Abatement For Certain First-time Homebuyers.,To authorize municipalities to abate up to five hundred dollars per assessment year of property taxes for certain first-time homebuyers who obtain a loan from the Connecticut Housing Finance Authority.,1,2026-02-19,https://legiscan.com/CT/bill/HB05284/2026
CT,2119402,,An Act Concerning The Assessment Of Certain Motor Vehicles.,"To specify that older motor vehicles shall be assessed at a rate of ten per cent of the manufacturer's suggested retail price or five hundred dollars, whichever is less, except that in a municipality that has elected to adopt a modified depreciation schedule, such motor vehicles shall be assessed at a rate of fifteen per cent of the manufacturer's suggested retail price or five hundred dollars, whichever is less.",1,2026-02-19,https://legiscan.com/CT/bill/HB05285/2026
CT,2119451,,"An Act Concerning A Municipal Tax Abatement For Surviving Domestic Partners Of Police Officers, Firefighters And Emergency Medical Technicians.",To extend a property tax abatement for surviving spouses of certain first responders who die in the performance of duty to the domestic partners of such first responders.,1,2026-02-19,https://legiscan.com/CT/bill/HB05286/2026
CT,2119462,,An Act Concerning The Legislative Commissioners' Recommendations For Technical Revisions To Statutes Relating To Planning And Development.,To make technical revisions to statutes relating to planning and development.,1,2026-02-19,https://legiscan.com/CT/bill/HB05287/2026
CT,2119302,,An Act Concerning Utility Connections For Accessory Dwelling Units.,"To (1) change statutory references to ""accessory apartments"" to ""accessory dwelling units"", and (2) specify that towns, districts or utilities may not require separate utility connections for accessory apartments pursuant to special act zoning regulations.",1,2026-02-19,https://legiscan.com/CT/bill/HB05288/2026
CT,2119371,,An Act Concerning The Publication Of Municipal Legal Notices.,To require municipalities to publish legal notices on their Internet web sites.,1,2026-02-19,https://legiscan.com/CT/bill/HB05289/2026
CT,2119226,,An Act Concerning Coastal Site Plan Reviews For Certain Single-family Residential Structures.,To allow zoning commissions to exempt certain single-family residential structures from requirements concerning coastal site plan reviews and instead submit quarterly reports to the Commissioner of Energy and Environmental Protection concerning the approval of such structures.,1,2026-02-19,https://legiscan.com/CT/bill/HB05290/2026
CT,2119218,,An Act Concerning The Department Of Emergency Services And Public Protection's Recommendations Regarding Various Statutes Relating To Public Safety.,"To implement various recommendations of the Department of Emergency Services and Public Protection concerning (1) the appointment of new or interim fire chiefs, (2) chemical tests of criminal defendants' breath, (3) blood or other biological samples for DNA analysis required from certain arrested or convicted persons, (4) a study of lawfully owed DNA, (5) the membership of the Police Officer Standards and Training Council, (6) standards for determining the proposed level of staffing for the Division of State Police, (7) the school security infrastructure competitive grant program, (8) certificates of competency regarding fireworks and special effects, (9) the holding of firearms or other deadly weapons and ammunition seized pursuant to certain warrants, (10) security officers, and (11) professional bondsmen, surety bail bond agents and bail enforcement agents.",1,2026-02-19,https://legiscan.com/CT/bill/HB05291/2026
CT,2119294,,An Act Exempting Certain Sales To Military And Veterans-related Organizations From The Sales And Use Taxes.,"To exempt from the sales and use taxes the sale of and the storage, use or other consumption in this state of tangible personal property or services to certain military and veterans-related organizations described in Section 501(c)(19) of the Internal Revenue Code.",1,2026-02-19,https://legiscan.com/CT/bill/HB05292/2026
CT,2119311,,An Act Concerning The Department Of Veterans Affairs And A Connecticut Veterans Cemetery.,"To require the Department of Veterans Affairs to, not later than July 1, 2027, designate or acquire land as an appropriate final resting place for deceased Connecticut veterans.",1,2026-02-19,https://legiscan.com/CT/bill/HB05293/2026
CT,2119337,,An Act Concerning The Adjutant General's Recommendations Regarding Service In The Militia.,"To (1) specify that all citizens and state residents intending to become United States citizens, between the ages of eighteen and forty-five, are subject to state military duty, (2) provide for greater discretion in the appointment of the Governor's military staff, and (3) rename the state military training facility in Niantic as Camp Nett.",1,2026-02-19,https://legiscan.com/CT/bill/HB05294/2026
CT,2119421,,An Act Naming The Connecticut National Guard Readiness Center In The Town Of Putnam.,To name the Connecticut National Guard Readiness Center in Putnam in honor of former Governor John Dempsey.,1,2026-02-19,https://legiscan.com/CT/bill/HB05295/2026
CT,2119273,,An Act Establishing A Personal Income Tax Deduction For National Guard State Active Duty Pay.,To establish a personal income tax deduction for pay received by National Guard members as a result of orders to active duty.,1,2026-02-19,https://legiscan.com/CT/bill/HB05296/2026
CT,2119375,,An Act Concerning Qualified Veterans' Charitable Organizations And The Department Of Veterans Affairs Internet Web Site.,To require the Commissioner of Veterans Affairs to annually solicit organizations for inclusion on the list of qualified veterans' charitable organizations published on the Internet web site of the Department of Veterans Affairs.,1,2026-02-19,https://legiscan.com/CT/bill/HB05297/2026
CT,2119232,,An Act Establishing A Grant Program For Capital Expenditure Projects To Place Or Maintain War Or Veterans' Memorials Or Monuments.,To establish a grant program to be administered by the Department of Veterans Affairs for the purpose of assisting municipalities and nonprofit veterans' organizations with certain veterans-related capital expenditure projects.,1,2026-02-19,https://legiscan.com/CT/bill/HB05298/2026
CT,2120270,,An Act Allowing Trained Assisted Living Aides To Administer Medication To Assisted Living Residents.,To allow trained assisted living aides to administer medication to assisted living residents.,1,2026-02-19,https://legiscan.com/CT/bill/HB05299/2026
CT,2120106,,An Act Concerning Cost Of Living Adjustments To Long-term Care Facility Residents' Personal Needs Allowance.,To provide cost-of-living adjustments to long-term care facility residents' personal needs allowance.,1,2026-02-19,https://legiscan.com/CT/bill/HB05300/2026
CT,2120534,,"An Act Excluding Spousal Income From Certain Rent, Fee And Cost-sharing Calculations Relating To Home And Community-based Services.",To exclude spousal income from income eligibility determinations relating to home and community-based services waiver programs.,1,2026-02-19,https://legiscan.com/CT/bill/HB05301/2026
CT,2120525,,An Act Concerning Asset Limits For Husky C Beneficiaries.,"To increase the HUSKY C asset limit for (1) an unmarried person from one thousand six hundred dollars to five thousand dollars, and (2) married persons from two thousand four hundred dollars to seven thousand five hundred dollars.",1,2026-02-19,https://legiscan.com/CT/bill/HB05302/2026
CT,2120502,,An Act Allowing Dental Hygienists To Provide Dental Hygiene Services In Private Residences.,To allow dental hygienists to provide dental hygiene services in private residences.,1,2026-02-19,https://legiscan.com/CT/bill/HB05303/2026
CT,2120492,,An Act Concerning Long-term Care Insurance Premium Rates.,"To (1) allow an income tax deduction for long-term care insurance premiums, (2) require the Insurance Department to hold a public hearing for long-term care premium rate increase requests that exceed ten per cent, and (3) require that policyholders are provided advance notice of such hearing.",1,2026-02-19,https://legiscan.com/CT/bill/HB05304/2026
CT,2120590,,An Act Concerning Adult Day Center Transportation.,"To (1) increase the fee schedule effective July 1, 2026, for adult day care services by ten per cent over the fee schedule for adult day care services for the previous fiscal year for the purpose of providing increased funding for adult day care transportation, and (2) provide for annual cost of living increases to such fee schedule.",1,2026-02-19,https://legiscan.com/CT/bill/HB05305/2026
CT,2120456,,"An Act Concerning Sentence Reduction Or Relief For Survivors Of Domestic Violence, Sexual Assault, Stalking Or Human Trafficking.","To permit survivors of domestic violence, sexual assault, stalking or trafficking in persons for whom violence or abuse suffered by such survivors was a contributing factor influencing such survivor to commit an offense to be eligible for a sentence reduction or relief.",1,2026-02-20,https://legiscan.com/CT/bill/HB05306/2026
CT,2120466,,An Act Concerning The Provision Of Notice To A Parent Or Guardian Of A Minor Child Who Has Received Pregnancy-related Health Care Services.,To ensure that the parent or guardian of a minor is provided notice of the minor child having received pregnancy-related health care services.,1,2026-02-20,https://legiscan.com/CT/bill/HB05307/2026
CT,2122609,,An Act Concerning Post-conviction Dna Testing.,"To (1) expand the time period permissible for the filing of a petition for post-conviction DNA testing, and (2) set forth that the denial of such petition is a final judgment for purposes of an appeal.",1,2026-02-24,https://legiscan.com/CT/bill/HB05308/2026
CT,2122648,,An Act Concerning The Provision Of Notice To A Parent Or Guardian Of A Minor Child Who Seeks To Receive Pregnancy-related Health Care Services.,"To (1) require the provision of notice to a parent or guardian of a minor child who seeks to receive pregnancy-related health care services, and (2) establish a court process to determine if such notice must be provided in a situation involving a minor child who does not want such notice to be provided.",1,2026-02-24,https://legiscan.com/CT/bill/HB05309/2026
CT,2123374,,An Act Concerning An Affirmative Defense For A Criminal Violation Of A Protective Order Or A Standing Restraining Order.,To establish an affirmative defense for a criminal violation of a protective order or a standing restraining order in the case of contact being initiated by a protected person.,1,2026-02-25,https://legiscan.com/CT/bill/HB05310/2026
CT,2123333,,An Act Concerning The Nonissuance Of A Standing Criminal Protective Order In The Case Of A Family Violence Crime.,"To require that in the case of a court declining to issue a standing criminal protective order in the case of a family violence crime, the court shall enter into the record the reasons for not issuing such order.",1,2026-02-25,https://legiscan.com/CT/bill/HB05311/2026
CT,2123425,,An Act Establishing A Civil Action For The Office Of The Attorney General And A Private Right Of Action For Victims Of Unlawful Dissemination Of A Synthetically Created Intimate Image.,To establish a private right of action and a civil action for the office of the Attorney General to pursue damages from an operator of an electronic digital platform who fails to take down a synthetically created intimate image when the operator knew or should have known that dissemination of such image was unlawful.,1,2026-02-25,https://legiscan.com/CT/bill/HB05312/2026
CT,2123389,,An Act Concerning The Development And Implementation Of A Plan For The Use Of Uniform State-wide Case Identification Codes In Domestic Violence Cases.,"To require the Chief Court Administrator, or the administrator's designee to develop and implement a plan to facilitate the use of uniform state-wide case identification codes in domestic violence cases.",1,2026-02-25,https://legiscan.com/CT/bill/HB05313/2026
CT,2124552,,"An Act Concerning The ""homes For Ct"" Loan Program.","To (1) establish that loans made by eligible financial institutions participating in the ""Homes for CT"" loan program shall bear interest at a rate that does not exceed the prime rate published by The Wall Street Journal, and (2) revise provisions relating to loans and grants-in-aid that are made or issued by the Connecticut Housing Finance Authority under said loan program.",1,2026-02-26,https://legiscan.com/CT/bill/HB05314/2026
CT,2124318,,An Act Establishing A Working Group To Study Consumer Fraud And Protections Against Such Fraud.,"To (1) establish a working group to study consumer fraud and protections against such fraud, and (2) require such working group to submit a report on its findings and recommendations to the joint standing committee of the General Assembly having cognizance of matters relating to banking.",1,2026-02-26,https://legiscan.com/CT/bill/HB05315/2026
CT,2124728,,An Act Prohibiting Real Estate Investment Trusts From Acquiring Or Increasing Operational Control Over Hospitals Or Health Systems And Prohibiting Hospitals And Health Systems From Entering Into Sale-leaseback Financing Transactions.,"To prohibit (1) a real estate investment trust from acquiring or increasing operational control over a hospital or health system, and (2) a hospital or health system from entering into a sale-leaseback transaction involving hospital or health system-owned real property that constitutes the main campus of a hospital.",1,2026-02-26,https://legiscan.com/CT/bill/HB05316/2026
CT,2124535,,"An Act Defining ""mortgage Loan"" For Purposes Of Certain Notice Provisions Relating To Flood Damage And Insurance.","To define ""mortgage loan"" for purposes of certain notice provisions relating to flood damage and insurance.",1,2026-02-26,https://legiscan.com/CT/bill/HB05317/2026
CT,2124590,,An Act Concerning Committee Banking Accounts.,To require banking institutions to make candidate committee banking accounts available to candidate committees.,1,2026-02-26,https://legiscan.com/CT/bill/HB05318/2026
CT,2124331,,An Act Concerning A Research And Development Tax Credit For Small Businesses.,To require the Department of Economic and Community Development to administer a system of tax credit vouchers to allow qualified small businesses to earn and utilize credits for research and development expenses.,1,2026-02-26,https://legiscan.com/CT/bill/HB05319/2026
CT,2124594,,An Act Concerning A Study Of The Establishment Of A Connecticut Bridge Authority.,To allow the Commissioner of Economic and Community Development to study the feasibility of establishing a Connecticut Bridge Authority tasked with overseeing the funding and construction of a bridge connecting Connecticut to Long Island.,1,2026-02-26,https://legiscan.com/CT/bill/HB05320/2026
CT,2124452,,"An Act Concerning Workforce Shortages, Workforce Development And Workforce Training.","To require the Commissioner of Economic and Community Development to study workforce shortages, workforce development and workforce training availability.",1,2026-02-26,https://legiscan.com/CT/bill/HB05321/2026
CT,2124204,,An Act Concerning A Working Group Regarding Endometriosis.,To establish a working group regarding endometriosis.,1,2026-02-26,https://legiscan.com/CT/bill/HB05322/2026
CT,2124421,,An Act Concerning Various Revisions To The Education Statutes.,To make various revisions to the education statutes.,1,2026-02-26,https://legiscan.com/CT/bill/HB05323/2026
CT,2124309,,An Act Concerning Education Mandate Relief.,To repeal and reduce education mandates.,1,2026-02-26,https://legiscan.com/CT/bill/HB05324/2026
CT,2124364,,An Act Concerning Special Education.,To require cameras in seclusion rooms and make minor revisions to the special education statutes.,1,2026-02-26,https://legiscan.com/CT/bill/HB05325/2026
CT,2124410,,An Act Increasing The Rates For The Birth-to-three Program.,To increase the rates paid to providers for birth-to-three services.,1,2026-02-26,https://legiscan.com/CT/bill/HB05326/2026
CT,2124405,,An Act Authorizing The Disclosure Of An Open Investigation Of Abuse Or Neglect Or Sexual Misconduct In The Hiring Process Of School Employees.,To authorize a former employer to disclose to a hiring school district any open or pending investigation of abuse or neglect or sexual misconduct of an applicant for a position with such hiring school district.,1,2026-02-26,https://legiscan.com/CT/bill/HB05327/2026
CT,2124330,,An Act Establishing A Working Group To Address Islamophobia In Schools.,To establish a working group to address Islamophobia in schools.,1,2026-02-26,https://legiscan.com/CT/bill/HB05328/2026
CT,2124390,,An Act Establishing The Connecticut Education Innovation Grant Program.,To require the establishment of the Connecticut Education Innovation Grant Program to fund educational innovations in schools in the state.,1,2026-02-26,https://legiscan.com/CT/bill/HB05329/2026
CT,2124299,,An Act Concerning Certain Wildlife Action Plans.,To establish a working group to develop a plan for funding the state's conservation program for wildlife not usually harvested.,1,2026-02-26,https://legiscan.com/CT/bill/HB05330/2026
CT,2124679,,An Act Concerning The Air Permits Of Certain Crematories.,To authorize the continued operations of certain crematories in the state while air permits for such crematories are being processed and renewed.,1,2026-02-26,https://legiscan.com/CT/bill/HB05331/2026
CT,2124350,,An Act Concerning Certain Boating Regulations.,"To prohibit the act of extending one's limbs over the gunwale of a vessel while it is in operation, increase the abandoned vessel fine and authorize the recovery of costs associated with abandoned vessels for state and local law enforcement agencies.",1,2026-02-26,https://legiscan.com/CT/bill/HB05332/2026
CT,2124644,,An Act Concerning The Regulation Of Fisheries In The State.,"To clarify penalties for violating regulations concerning the taking of striped bass, prohibit the use of horseshoe crabs as bait, authorize the sale of certain lobsters from out-of-state by food service establishments and prohibit certain bait fishing in the Housatonic River and harvesting of striped bass.",1,2026-02-26,https://legiscan.com/CT/bill/HB05333/2026
CT,2124231,,An Act Concerning Riparian Areas.,To create greater protection and preservation of areas immediately adjacent to watercourses in the state in order to preserve and improve the quality of such watercourses.,1,2026-02-26,https://legiscan.com/CT/bill/HB05334/2026
CT,2124726,,An Act Concerning The Safety Capacity Of Burr Pond State Park In Torrington.,To establish a safety capacity for Burr Pond for the protection of park attendees and the vehicular traffic in the area of said park.,1,2026-02-26,https://legiscan.com/CT/bill/HB05335/2026
CT,2124712,,An Act Concerning Advanced Nuclear Energy.,To require the Connecticut Council for Advancing Nuclear Energy Development to conduct a study and make recommendations concerning skilled labor needs in the advanced nuclear energy industry.,1,2026-02-26,https://legiscan.com/CT/bill/HB05336/2026
CT,2124545,,An Act Concerning District Heating System Incentives.,To require the Commissioner of Energy and Environmental Protection to establish an incentive program for end use customers who connect to a district heating system.,1,2026-02-26,https://legiscan.com/CT/bill/HB05337/2026
CT,2124454,,An Act Concerning The Designation Of Certain Service Providers For Purposes Of The Federal Lifeline Service Benefits.,To authorize the Public Utilities Regulatory Authority to determine which telecommunications service providers are eligible to provide benefits pursuant to the federal lifeline program.,1,2026-02-26,https://legiscan.com/CT/bill/HB05338/2026
CT,2124459,,An Act Concerning The Permitting Of Solar Photovoltaic Systems.,To require the Commissioner of Energy and Environmental Protection to conduct a study of municipal permitting and inspection processes concerning the installation of residential solar photovoltaic systems.,1,2026-02-26,https://legiscan.com/CT/bill/HB05339/2026
CT,2124542,,An Act Concerning Renewable Power Generation.,"To (1) require the Public Utilities Regulatory Authority to develop successor programs for the RRES, NRES and SCEF programs, (2) require a study of consumer protections for solar photovoltaic system leasing and sales, (3) allow the use of portable solar photovoltaic systems, (4) require the Commissioner of Energy and Environmental Protection to implement an agrivoltaics program, and (5) require the Commissioner of Energy and Environmental Protection to establish a pilot program concerning the installation of solar photovoltaic systems in environmental justice communities.",1,2026-02-26,https://legiscan.com/CT/bill/HB05340/2026
CT,2124308,,An Act Establishing An Electronic Portal For Applications For State Grant Programs.,"To require the Secretary of the Office of Policy and Management to establish an electronic portal containing information regarding state grant programs, including applications for such programs.",1,2026-02-26,https://legiscan.com/CT/bill/HB05341/2026
CT,2124505,,An Act Concerning The Use Of Artificial Intelligence And Other Means To Generate Deceptive Synthetic Media And Affect Elections.,To prohibit distribution of certain deceptive synthetic media within the ninety-day period preceding an election or primary.,1,2026-02-26,https://legiscan.com/CT/bill/HB05342/2026
CT,2124319,,An Act Concerning The Reporting Of Advertising Purchased By The State.,To require annual reporting of state agency purchase of advertising.,1,2026-02-26,https://legiscan.com/CT/bill/HB05343/2026
CT,2124619,,An Act Concerning Superior Court Venue For Election Cases.,To require that certain election-related filings be made in the superior court for the judicial district of Hartford or the superior court for the judicial district of Bridgeport.,1,2026-02-26,https://legiscan.com/CT/bill/HB05344/2026
CT,2124473,,An Act Concerning State Contracting For State Employee Health Insurance Coverage And Other Related Services.,"To require additional notices to the Comptroller, the legislative leaders and Health Care Cost Containment Committee concerning the potential termination of participating provider agreements in the employee health insurance plan and to prohibit certain entities that terminate participating provider agreements from participating in future competitive selection processes for a period of time.",1,2026-02-26,https://legiscan.com/CT/bill/HB05345/2026
CT,2124293,,An Act Concerning The Community Investment Fund Board.,To permit members of the Community Investment Fund Board to designate proxies to act in their place when they cannot attend a meeting.,1,2026-02-26,https://legiscan.com/CT/bill/HB05346/2026
CT,2124326,,An Act Requiring A Plan For The Translation And Review Of Forms And Applications Required To Access State Agency Services Or Benefits By Limited-english Proficient Individuals.,"To require (1) the Commissioner of Administrative Services to develop a plan for the translation and review of certain forms and applications into languages spoken by limited-English proficient individuals in the state, and (2) state agencies to adopt and implement such plan and appoint a language access coordinator.",1,2026-02-26,https://legiscan.com/CT/bill/HB05347/2026
CT,2124238,,An Act Requiring Notification To The Legislative Leaders Of The Proposed Adoption Of Agency Regulations And The State Building And Fire Codes.,"To require state agencies to provide electronic notification to the legislative leaders when they begin the process of adopting regulations, the State Building Code, Fire Prevention Code and Fire Safety Code.",1,2026-02-26,https://legiscan.com/CT/bill/HB05348/2026
CT,2124735,,An Act Establishing A Task Force To Study The Operations Of The Department Of Consumer Protection.,To establish a task force to study the operations of the Department of Consumer Protection.,1,2026-02-26,https://legiscan.com/CT/bill/HB05349/2026
CT,2124296,,"An Act Concerning Cannabis, Hemp And Infused Beverage Regulation.","To (1) replace ""marijuana"" with ""cannabis"", (2) redefine ""cannabis"", (3) authorize qualifying out-of-state patients to access the state's palliative use cannabis market, (4) provide that no producer shall be required to staff any transport vehicle with more than one employee, (5) establish a cannabis regulatory working group, (6) prohibit a retailer, hybrid retailer or dispensary facility from borrowing money or receiving credit from a cultivator, micro-cultivator or producer for more than thirty days, (7) authorize the Commissioner of Consumer Protection to order a cultivator, micro-cultivator or producer to issue a written notice of delinquency for any delinquent retailer, hybrid retailer or dispensary facility, (8) require the Commissioner of Consumer Protection to adopt regulations to (A) establish additional licenses and endorsements, and (B) allow for sales of additional palliative use cannabis products to consumers at retailers and hybrid retailers, (9) require the Social Equity Council to review and approve certain sales or transfers involving cannabis establishment licenses issued to social equity applicants, (10) require the Commissioner of Consumer Protection and the Social Equity Council to submit policies and procedures to the joint standing committee of the General Assembly having cognizance of matters relating to consumer protection, (11) provide that no retailer, hybrid retailer or dispensary facility shall retain any personal data obtained for purposes of age verification for longer than twenty-four hours, (12) eliminate provisions requiring a hybrid retailer to (A) maintain a pharmacist at its hybrid retailer location, (B) offer pharmacist consultations, and (C) maintain a private consultation space for pharmacists, (13) allow edible cannabis products to exceed five milligrams of THC in certain circumstances, (14) eliminate the dosage, potency and concentration limits for cannabis concentrates, cannabis flower and other cannabis plant material, (15) provide that cannabis flower or other cannabis plant material shall not be required to undergo stability testing once it is in its final packaging, (16) authorize remediation of cannabis flower and other cannabis plant material by exposure to ionizing radiation and require a disclosure label concerning such remediation, (17) authorize the inclusion of additional branding and colors on cannabis packaging, (18) provide that certain information and documents concerning a material change to a cannabis establishment shall be public records, (19) increase the permissible amount of THC in infused beverages and high-THC beverages, (20) authorize out-of-state laboratories to test infused beverages, (21) modify the labeling requirements applicable to infused beverages, (22) authorize infused beverage wholesalers to sell infused beverages to additional liquor permittees, (23) establish a commercial extractor license, (24) establish an infused beverage on premises consumption endorsement for cer",1,2026-02-26,https://legiscan.com/CT/bill/HB05350/2026
CT,2124366,,An Act Concerning The Social Equity Council's Recommendations Regarding Cannabis Regulation.,"To (1) authorize the Social Equity Council to conduct investigations to carry out its duties, (2) provide that no change shall be made in the ownership or control of certain equity joint ventures during the seven-year period following licensure, (3) require the council to submit an existing quarterly report to the chairperson of the Black and Puerto Rican Caucus of the General Assembly, (4) eliminate a monthly report by the council to said caucus, (5) require the council to issue policies and procedures, and adopt regulations, to implement requirements concerning changes in the ownership and control of certain cannabis establishments, (6) provide that no change shall be made in the ownership or control of an approved social equity applicant during the provisional licensure period or the three-year period following final licensure, and (7) provide that a social equity applicant may apply to replace an original backer.",1,2026-02-26,https://legiscan.com/CT/bill/HB05351/2026
CT,2124260,,An Act Concerning The Authority Of The State Elections Enforcement Commission.,"To exempt from the one-year requirement for completion of commission investigations such investigations of voting-related complaints under chapter 151 and grants the commission the ability to not qualify straw contributions if the certification card, together with external evidence make it likely that the source of the money is different from the name on the certification card.",1,2026-02-26,https://legiscan.com/CT/bill/HB05352/2026
CT,2124610,,An Act Requiring Data Transparency For Self-directed Home Care Programs.,To require the Department of Social Services to report additional data quarterly concerning self-directed home care programs.,1,2026-02-26,https://legiscan.com/CT/bill/HB05353/2026
CT,2124474,,An Act Concerning Medicaid Pharmacy Audits.,To limit burdens on pharmacies subjected to audit under the Medicaid program.,1,2026-02-26,https://legiscan.com/CT/bill/HB05354/2026
CT,2124638,,An Act Concerning Fuel Pricing In The Low Income Home Energy Assistance Program.,To update fuel pricing standards for vendors in the Low Income Home Energy Assistance Program.,1,2026-02-26,https://legiscan.com/CT/bill/HB05355/2026
CT,2124525,,An Act Concerning Nonemergency Medical Transportation.,To improve access to nonemergency medical transportation for Medicaid recipients by reducing regulatory burdens on providers and reviewing reimbursement rates to ensure they are high enough to maintain an adequate pool of drivers.,1,2026-02-26,https://legiscan.com/CT/bill/HB05356/2026
CT,2124487,,An Act Concerning Residential Care Homes.,To support the financial stability of residential care homes by ensuring adequate rates of state reimbursement.,1,2026-02-26,https://legiscan.com/CT/bill/HB05357/2026
CT,2124291,,An Act Concerning The Rebasing Of Rates Of Reimbursement For Certain Residential Facilities.,To require rebasing of rates for certain residential facilities not more often than every two years.,1,2026-02-26,https://legiscan.com/CT/bill/HB05358/2026
CT,2124515,,An Act Concerning Provisions In Residential Rental Agreements.,"To (1) provide for the availability of at least one method of rental payment at no cost to a residential tenant, (2) prohibit the increase of rental charges upon breaches of a rental agreement, (3) prohibit the use of rental agreement clauses providing that the tenant agrees to increased rental payments after the expiration of the lease, and (4) provide for disclosure of late fees.",1,2026-02-26,https://legiscan.com/CT/bill/HB05359/2026
CT,2124418,,An Act Concerning Domestic Violence And Tenant Screening.,To prohibit the denial of a rental application on the basis of credit history when the applicant is a victim of domestic violence.,1,2026-02-26,https://legiscan.com/CT/bill/HB05360/2026
CT,2124657,,An Act Revising A Provision Concerning Housing.,To revise the housing statutes of the state.,1,2026-02-26,https://legiscan.com/CT/bill/HB05361/2026
CT,2124244,,An Act Implementing The Recommendations Of The Majority Leader's Roundtable.,To implement the recommendations of the Majority Leader's Roundtable on Affordable Housing and make other changes to the affordable housing statutes.,1,2026-02-26,https://legiscan.com/CT/bill/HB05362/2026
CT,2124565,,An Act Concerning The Income Threshold For Tenants Renting A Dwelling Unit In A Set-aside Development.,To allow an individual whose income newly exceeds the set-aside development income threshold to continue renting a set-aside dwelling unit at the affordable rate.,1,2026-02-26,https://legiscan.com/CT/bill/HB05363/2026
CT,2124701,,An Act Concerning Tiered Deed Restrictions.,To permit the award of housing unit equivalent points to set-aside developments containing deed restrictions lasting less than forty years.,1,2026-02-26,https://legiscan.com/CT/bill/HB05364/2026
CT,2124270,,An Act Increasing Certain Housing Unit-equivalent Points.,To increase housing unit-equivalent points for deed-restricted units and accessory apartments developed subject to summary review.,1,2026-02-26,https://legiscan.com/CT/bill/HB05365/2026
CT,2124585,,An Act Concerning Municipal Right Of First Refusal.,To permit municipalities to purchase and develop affordable housing on real property identified in an affordable housing development application.,1,2026-02-26,https://legiscan.com/CT/bill/HB05366/2026
CT,2124221,,An Act Concerning The Removal Of Unauthorized Persons From Residential Property.,To allow immediate removal of certain unauthorized persons from residential property.,1,2026-02-26,https://legiscan.com/CT/bill/HB05367/2026
CT,2124276,,An Act Concerning Deeply Affordable Housing.,To direct the Department of Housing to study the availability of certain deed-restricted housing and the potential for a grant program to incentivize the development of such housing.,1,2026-02-26,https://legiscan.com/CT/bill/HB05368/2026
CT,2124398,,An Act Establishing A Task Force On The Calculation Of Affordability In The Affordable Housing Appeals Process.,To establish a task force to study the impact of the ten per cent affordable housing threshold of subsection (k) of section 8-30g of the general statutes.,1,2026-02-26,https://legiscan.com/CT/bill/HB05369/2026
CT,2124677,,An Act Establishing A Medical Respite Pilot Program.,To establish a medical respite pilot program providing supportive care to homeless individuals undergoing medical treatment.,1,2026-02-26,https://legiscan.com/CT/bill/HB05370/2026
CT,2124462,,An Act Concerning Insurance Regulation In The State.,To require the Insurance Commissioner to conduct a study concerning insurance regulation in the state.,1,2026-02-26,https://legiscan.com/CT/bill/HB05371/2026
CT,2124494,,An Act Concerning Health Insurance.,To require the Insurance Commissioner to conduct a study concerning health insurance issues in the state.,1,2026-02-26,https://legiscan.com/CT/bill/HB05372/2026
CT,2124710,,An Act Concerning The Insurance Department's Recommendations For Revisions To The Insurance Statutes.,To implement the Insurance Department's recommendations for revisions to the insurance statutes.,1,2026-02-26,https://legiscan.com/CT/bill/HB05373/2026
CT,2124385,,An Act Concerning Health Coverage Mandates For Certain Health Conditions.,"To: (1) require certain health insurance coverage for individual and group health insurance policies in this state, and (2) require that the Insurance Commissioner conduct a study of mandated health insurance coverage for certain medical treatments or services.",1,2026-02-26,https://legiscan.com/CT/bill/HB05374/2026
CT,2124503,,An Act Concerning The Recommendations Of The Insurance And Real Estate Committee Working Groups.,"To implement the recommendations of (1) the Insurance Fund working group, (2) the nonprofit liability, property and casualty insurance working group, and (3) the pharmacist compensation working group.",1,2026-02-26,https://legiscan.com/CT/bill/HB05375/2026
CT,2124608,,An Act Concerning Real Estate.,"To: (1) Establish a working group to study the need for and viability of creating a streamlined state court appeals process for any person aggrieved by a decision of a historic district commission, and (2) allow a commission to deny or return certain affordable housing applications.",1,2026-02-26,https://legiscan.com/CT/bill/HB05376/2026
CT,2124283,,An Act Concerning Return Of Health Care Provider Payments And Site Of Service Billing Requirements.,"To: (1) Shorten the time period that health carriers may cancel, deny or demand the return of payment from health care providers and to require that health carriers establish an electronic appeal process; and (2) require hospital-based facilities to submit such facility's national provider identifier and tax identification number with each claim for reimbursement.",1,2026-02-26,https://legiscan.com/CT/bill/HB05377/2026
CT,2124370,,An Act Concerning Self-funded Multiple Employer Welfare Arrangements And Requiring A Study Of The Feasibility Of Establishing The Connecticut Option Program And Multiple Employer Welfare Arrangements.,"To (1) authorize self-funded multiple employer welfare arrangements in this state, and (2) study the feasibility of establishing the Connecticut Option program and multiple employer welfare arrangements.",1,2026-02-26,https://legiscan.com/CT/bill/HB05378/2026
CT,2124484,,An Act Requiring Medical Emergency Drills At Certain Child Care Facilities And Youth Camps.,To require the Commissioner of Children and Families to conduct a study to evaluate the efficacy of the programs administered by the Department of Children and Families.,1,2026-02-26,https://legiscan.com/CT/bill/HB05379/2026
CT,2124464,,An Act Concerning The Office Of The Child Advocate.,To make technical changes to a statute relating to the Child Advocate.,1,2026-02-26,https://legiscan.com/CT/bill/HB05380/2026
CT,2125771,,An Act Establishing An Account To Compensate Victims Of Unlawful Funeral Service Practices.,To compensate victims of unlawful funeral service practices.,1,2026-02-27,https://legiscan.com/CT/bill/HB05381/2026
CT,2124347,,An Act Requiring The Comptroller To Conduct A Study Of Health Insurance Coverage For Retired Police Officers And Firefighters.,"To require the Comptroller to conduct a study of health insurance for police officers and firefighters, including, but not limited to, any gaps in, or lack of, health insurance coverage, or diminished health insurance coverage for retired police officers and firefighters in the state.",1,2026-02-26,https://legiscan.com/CT/bill/HB05382/2026
CT,2124211,,An Act Concerning The Legislative Commissioners' Recommendations For Minor And Technical Revisions To Statutes Concerning Labor.,To make minor and technical revisions to statutes concerning labor.,1,2026-02-26,https://legiscan.com/CT/bill/HB05383/2026
CT,2124516,,An Act Concerning Hazard Pensions For Certain Judicial Employees.,"To add investigators in the Division of Public Defender Services, investigators in the Division of Criminal Justice and support service investigators in Support Enforcement Services to the definition of ""hazardous duty member"" for purposes of the State Employee Retirement Act.",1,2026-02-26,https://legiscan.com/CT/bill/HB05384/2026
CT,2124562,,An Act Concerning Undue Delay In Workers' Compensation Claims By Police Officers And Firefighters.,To require the Workers' Compensation Commission to study undue delay in workers' compensation claims filed by police officers and firefighters.,1,2026-02-26,https://legiscan.com/CT/bill/HB05385/2026
CT,2124266,,An Act Requiring Paycheck Transparency.,To require employers to create a guide in order to help employees understand the pay codes used by the employer on employee records of hours worked.,1,2026-02-26,https://legiscan.com/CT/bill/HB05386/2026
CT,2124206,,An Act Concerning Disclosure Of Wage Ranges And Benefits On Public And Internal Job Advertisements.,"To (1) require an employer to disclose the wages or wage range and a general description of the benefits to be offered with a position in a public or internal job posting for such position, (2) require an employer to annually provide an employee with the current wages or wage range and a general description of the benefits currently provided with such employee's current position, (3) prohibit an employer from retaliating or discriminating against an employee or applicant for trying to exercise their rights regarding wage discussion or disclosure, and (4) make other changes to the disclosures required under and damages for a violation of section 31-40z of the general statutes.",1,2026-02-26,https://legiscan.com/CT/bill/HB05387/2026
CT,2124255,,An Act Concerning Processing Fees For Medical Records For Applications For Disability Retirement.,"To prohibit providers from charging a patient for the furnishing of a health record, or part thereof, necessary for the purpose of supporting an application for disability retirement benefits under the state employees retirement system.",1,2026-02-26,https://legiscan.com/CT/bill/HB05388/2026
CT,2124529,,"An Act Concerning A Provider Toolkit For The Diagnosis And Treatment Of Menopause, Perimenopause And Postmenopause.","To require the development and distribution of a provider toolkit for the diagnosis and treatment of menopause, perimenopause and postmenopause.",1,2026-02-26,https://legiscan.com/CT/bill/HB05389/2026
CT,2124569,,An Act Concerning The Regional Planning Incentive Account.,To clarify that a regional council of governments may receive funding from the regional planning incentive account for both a regional stormwater management and flood mitigation coordinator position and a regional municipal solid waste and recycling coordinator position.,1,2026-02-26,https://legiscan.com/CT/bill/HB05390/2026
CT,2124376,,An Act Concerning The Enforcement Of Zoning Regulations.,To specify that municipalities that exercise zoning authority pursuant to a special act may impose certain fines to enforce such regulations.,1,2026-02-26,https://legiscan.com/CT/bill/HB05391/2026
CT,2124476,,An Act Concerning Municipal Agencies.,To make technical changes to provisions concerning filing deadlines for certain appeals to the Commission on Human Rights and Opportunities.,1,2026-02-26,https://legiscan.com/CT/bill/HB05392/2026
CT,2124694,,An Act Concerning Dog Licenses.,"To authorize the issuance of online dog licenses from the Department of Agriculture in addition to the existing town clerk process for issuing such licenses, and to require dog owners to obtain licenses every three years rather than annually.",1,2026-02-26,https://legiscan.com/CT/bill/HB05393/2026
CT,2124278,,An Act Concerning The Uniform Relocation Assistance Act.,To clarify that a municipality may place a lien upon a landlord's real property when the municipality has expended funds for relocation assistance to a tenant of such property.,1,2026-02-26,https://legiscan.com/CT/bill/HB05394/2026
CT,2124733,,An Act Concerning Modular Or Prefabricated Homes.,"To (1) require that zoning regulations allow the development of modular or prefabricated homes as of right on any lot that allows for use as a single-family home, and (2) award one-quarter housing unit-equivalent point for each modular or prefabricated home developed as of right.",1,2026-02-26,https://legiscan.com/CT/bill/HB05395/2026
CT,2124647,,An Act Concerning Affordable Housing Development On Certain Land Owned By A Religious Organization.,To allow the construction of religious organization affordable housing developments subject to summary review.,1,2026-02-26,https://legiscan.com/CT/bill/HB05396/2026
CT,2124669,,An Act Authorizing Municipalities To Regulate Certain Stone Walls.,"To authorize municipalities to, by ordinance, regulate stone walls abutting certain highways or streets.",1,2026-02-26,https://legiscan.com/CT/bill/HB05397/2026
CT,2124393,,"An Act Concerning The Review Of Health Care Entity Transactions, The Expansion Of Equitable Relief And Enforcement Tools Available Under The Connecticut Antitrust Act And The Inclusion Of Additional Information In Hospital Pricemaster Filings.","To (1) strengthen the review of health care entity transactions, (2) expand upon the types of equitable relief and other enforcement tools that may be utilized for violations of the Connecticut Antitrust Act, and (3) require additional information in hospital pricemaster filings.",1,2026-02-26,https://legiscan.com/CT/bill/HB05398/2026
CT,2124444,,An Act Concerning Dentistry.,To make various revisions to the statutes concerning dentistry.,1,2026-02-26,https://legiscan.com/CT/bill/HB05399/2026
CT,2124402,,"An Act Revising The Definition Of ""police Patrol Vehicle"".","To revise the definition of ""police patrol vehicle"" for the purpose of certain statutes regarding body-worn recording equipment and dashboard cameras.",1,2026-02-26,https://legiscan.com/CT/bill/HB05400/2026
CT,2124580,,"An Act Concerning The Procedure For Adopting, Revising And Amending The State Building Code And Requiring Related Training.","To make various revisions relating to the adoption of, and revisions and amendments to, the State Building Code and to establish a one-year implementation period for training and code enforcement education.",1,2026-02-26,https://legiscan.com/CT/bill/HB05401/2026
CT,2124637,,An Act Concerning A Technical Revision To The Public Safety Statutes.,To make a technical revision to the public safety statutes.,1,2026-02-26,https://legiscan.com/CT/bill/HB05402/2026
CT,2124217,,"An Act Concerning Health Insurance Coverage For Survivors Of Unpaid Volunteer Firefighters, Correction Officers And State Marshals.","To provide health insurance coverage for survivors of unpaid volunteer firefighters, correction officers and state marshals.",1,2026-02-26,https://legiscan.com/CT/bill/HB05403/2026
CT,2124234,,An Act Establishing A Job Classification For Part-time Fire Service Instructors.,To establish a job classification for part-time fire service instructors.,1,2026-02-26,https://legiscan.com/CT/bill/HB05404/2026
CT,2124649,,"An Act Concerning Crane Owners, Crane Operators And Hoisting Equipment Operators.","To (1) modify the membership of the Examining Board for Crane Operators, (2) establish that crane owners, crane operators and hoisting equipment operators may be required to produce such owners' and operators' licenses or registrations for verification, (3) establish a procedure regarding the issuance of stop work orders to such owners and operators, (4) modify and establish certain penalty provisions applicable to such owners and operators, and (5) establish the ""investigations and inspections account"".",1,2026-02-26,https://legiscan.com/CT/bill/HB05405/2026
CT,2124432,,An Act Concerning Various Measures Honoring The Heroism Of Veterans And Members Of The Armed Forces.,To make minor and technical revisions to a statute concerning ribbons and medals awarded to certain veterans and armed forces reservists with wartime service.,1,2026-02-26,https://legiscan.com/CT/bill/HB05406/2026
CT,2124381,,An Act Concerning State Reimbursement To Municipalities For Revenue Lost Due To The Property Tax Exemption For Veterans With A One Hundred Per Cent Permanent And Total Disability Rating.,To provide a mechanism for municipalities to submit claims to the Secretary of the Office of Policy and Management for reimbursement of the revenue lost due to the property tax exemption for veterans who have been determined by the United States Department of Veterans Affairs to be permanently and totally disabled based on a service-connected disability rating of one hundred per cent.,1,2026-02-26,https://legiscan.com/CT/bill/HB05407/2026
CT,2124598,,An Act Concerning Training For Veterans' Service Officers And Municipal Providers Of Veterans' Assistance.,"To provide for expanded training to (1) Office of Advocacy and Assistance veterans' services officers, and (2) municipal veterans representatives and other municipal providers of veterans' assistance.",1,2026-02-26,https://legiscan.com/CT/bill/HB05408/2026
CT,2124666,,An Act Concerning Troops-to-trades Initiatives.,To support veterans and members of the armed forces in the transition from military life to the civilian workforce through information sharing of available resources relating to educational and employment opportunities.,1,2026-02-26,https://legiscan.com/CT/bill/HB05409/2026
CT,2124480,,An Act Providing Housing For Certain Impoverished Veterans.,To establish a program for the provision of prefabricated homes to certain impoverished veterans.,1,2026-02-26,https://legiscan.com/CT/bill/HB05410/2026
CT,2124641,,An Act Appropriating Funds To The Department Of Veterans Affairs For Expanded Training To Municipal Providers Of Veterans' Assistance.,To appropriate funds to the Department of Veterans Affairs for expanded training to municipal providers of veterans' assistance.,1,2026-02-26,https://legiscan.com/CT/bill/HB05411/2026
CT,2124501,,An Act Establishing The Military Department Emergency Response Account.,"To (1) establish the Military Department emergency response account, and (2) transfer moneys from the department's Military Relief Fund to said account.",1,2026-02-26,https://legiscan.com/CT/bill/HB05412/2026
CT,2124563,,An Act Establishing A Veterans Dental Care Access Program.,"To establish a program, administered by the Department of Veterans Affairs, for the purpose of assisting eligible veterans in receiving certain dental services.",1,2026-02-26,https://legiscan.com/CT/bill/HB05413/2026
CT,2124267,,An Act Concerning Military Families And Enrollment In The Birth-to-three Program.,To facilitate the transition for children of military families who require access to early intervention services when moving to the state due to servicemembers' relocation orders.,1,2026-02-26,https://legiscan.com/CT/bill/HB05414/2026
CT,2124445,,"An Act Establishing A Veterans' And Military Healthcare Ombudsman For The Coordination And Oversight Of State And Local Resources In Navigating Federal Health Care Benefits For Veterans, Members Of The Armed Forces And Their Families.",To establish a Veterans' Health Care Ombudsman for the coordination and oversight of state and local resources in navigating the health care system administered by the United States Department of Veterans Affairs.,1,2026-02-26,https://legiscan.com/CT/bill/HB05415/2026
CT,2124344,,An Act Concerning Food Assistance For Veterans.,"To (1) provide to veterans the same level of benefits under the supplemental nutrition assistance program that they would have received under such program without a work requirement, prior to the elimination of the veterans work requirement exemption under Public Law 119-21, and (2) establish a Connecticut Farmers' Market/Veteran Nutrition Program to assist veterans deemed to be at nutritional risk.",1,2026-02-26,https://legiscan.com/CT/bill/HB05416/2026
CT,2124612,,An Act Allowing Children Of Veterans To Use Such Veteran's Unused Tuition Waivers And Requiring State Funding For Tuition Waivers.,To allow children of veterans to use such veteran's tuition waiver and requiring state funding for tuition waivers.,1,2026-02-26,https://legiscan.com/CT/bill/HB05417/2026
CT,2124530,,An Act Concerning The Kirklyn M. Kerr Program At The University Of Connecticut.,To establish a grant program to offset the tuition paid by veterinary students and require such students to reside in the state for not fewer than five years after graduation.,1,2026-02-26,https://legiscan.com/CT/bill/HB05418/2026
CT,2124351,,An Act Requiring The Department Of Children And Families To Expand Eligibility For Postsecondary Education Benefits For Certain Youth.,To require the Department of Children and Families to expand eligibility of postsecondary education benefits for foster and adopted youth whose postsecondary education was disrupted by the COVID-19 pandemic.,1,2026-02-26,https://legiscan.com/CT/bill/HB05419/2026
CT,2124388,,An Act Concerning Postsecondary Education In The State.,To study postsecondary education in the state.,1,2026-02-26,https://legiscan.com/CT/bill/HB05420/2026
CT,2125818,,An Act Establishing An Account To Provide Durable Medical Equipment To Health Care Facilities.,To establish an account to assist health care facilities in purchasing durable medical equipment.,1,2026-02-27,https://legiscan.com/CT/bill/HB05421/2026
CT,2125806,,An Act Concerning A Study Of Unidentified Aerial Phenomena.,To require a study of unidentified aerial phenomena.,1,2026-02-27,https://legiscan.com/CT/bill/HB05422/2026
CT,2125716,,An Act Concerning Juvenile Justice Initiatives.,To require a report by the executive director of the Court Support Services Division of the Judicial Branch on the expansion of community support services.,1,2026-02-27,https://legiscan.com/CT/bill/HB05423/2026
CT,2125862,,An Act Concerning Expenditures Of The General Fund.,To review appropriations from the General Fund.,1,2026-02-27,https://legiscan.com/CT/bill/HB05424/2026
CT,2125758,,An Act Concerning Expenditures Of Appropriated Funds Other Than The General Fund.,To review appropriations from funds other than the General Fund.,1,2026-02-27,https://legiscan.com/CT/bill/HB05425/2026
CT,2125796,,An Act Requiring The Availability Of An Advisor During Disciplinary Proceedings At Institutions Of Higher Education.,To require the availability of an advisor or a support person for a student during a disciplinary proceeding at an institution of higher education in the state.,1,2026-02-27,https://legiscan.com/CT/bill/HB05426/2026
CT,2125850,,An Act Expanding The Debt-free Community College Program To Include Workforce Development And Continuing Education Programs.,To expand the debt-free community college program to include workforce development and continuing education programs.,1,2026-02-27,https://legiscan.com/CT/bill/HB05427/2026
CT,2125749,,An Act Concerning The Powers And Duties Of The Office Of The Inspector General.,To amend statutes concerning the powers and duties of the Office of the Inspector General.,1,2026-02-27,https://legiscan.com/CT/bill/HB05428/2026
CT,2125894,,An Act Concerning Enticement Of A Juvenile To Commit A Criminal Act.,To lower the age of culpability for enticement of a juvenile to commit a criminal act.,1,2026-02-27,https://legiscan.com/CT/bill/HB05429/2026
CT,2125783,,An Act Concerning Claims Against The State For Medical Malpractice And Injuries Occurring On Lands Available To The Public For Recreational Purposes.,"To clarify state law provisions relating to (1) bringing a claim against the state for alleged medical malpractice by a state actor, and (2) the state's liability for injuries occurring on land made available to a member of the public for recreational purposes.",1,2026-02-27,https://legiscan.com/CT/bill/HB05430/2026
CT,2125737,,An Act Concerning Cooperative Corporations.,To modernize the state's business cooperative statutes.,1,2026-02-27,https://legiscan.com/CT/bill/HB05431/2026
CT,2125872,,An Act Concerning The Receipt Of Fees By A Party To A Civil Action Affecting Title To Real Property.,To permit a court to award a party to a civil action affecting title to real property the actual expense of an examination of the land records concerning the title to the real property in question.,1,2026-02-27,https://legiscan.com/CT/bill/HB05432/2026
CT,2125839,,An Act Concerning Limitations On The Provision Of Gifts To The Executive Board Members Of The Association Of A Common Interest Community.,To promote integrity in the conducting of elections held by the association of a common interest community.,1,2026-02-27,https://legiscan.com/CT/bill/HB05433/2026
CT,2125902,,An Act Concerning State-wide Recognition Of Minor Parties For Purposes Of Nominating Petitions.,"To provide that, when a political party attains minor party status for a state-wide office at an election, any candidate throughout the state at a subsequent election may apply to appear via nominating petition for any office under such minor party.",1,2026-02-27,https://legiscan.com/CT/bill/HB05434/2026
CT,2127310,,An Act Concerning The Risk Warrant Firearm Holding Period.,To require that any firearm held under a risk protection order or warrant not be destroyed before two years have passed from the date that the person named in the order or warrant last petitioned the court to terminate the order or warrant.,1,2026-03-02,https://legiscan.com/CT/bill/HB05435/2026
CT,2127177,,An Act Amending Certain Firearms Definitions And Concerning The Transfer Of Large Capacity Magazines And Assault Weapons.,"To (1) amend certain definitions concerning firearms, and (2) allow the legal transfer of large capacity magazines possessed under a declaration of possession and assault weapons possessed under a certificate of possession between persons who are legally permitted to possess such magazine or weapon.",1,2026-03-02,https://legiscan.com/CT/bill/HB05436/2026
CT,2127353,,An Act Concerning The Approval Process For Proposed Budgets And Special Assessments In Common Interest Communities And The Availability Of A List Of Names And Addresses Of Unit Owners.,"To (1) require an affirmative vote of a majority of all unit owners in order to secure passage of the proposed budget or a proposed special assessment in a common interest community, and (2) improve the process that permits a unit owner to request and receive a list of names and addresses of the other unit owners.",1,2026-03-02,https://legiscan.com/CT/bill/HB05437/2026
CT,2127797,,An Act Concerning Evidence Considered For The Issuance Of A Restraining Order Or Civil Protection Order.,To clarify that certain evidence may be considered by the court when determining whether to issue a restraining order or civil protection order.,1,2026-03-03,https://legiscan.com/CT/bill/HB05438/2026
CT,2127805,,"An Act Concerning Civil Immigration Detainers For Persons Who Are Charged With The Commission Of A Class A, B Or C Felony Or A Family Violence Crime.","To permit law enforcement to detain for a limited period a person charged, after a finding of probable cause, with a class A, B or C felony or a family violence crime for purposes of a civil immigration detainer.",1,2026-03-03,https://legiscan.com/CT/bill/HB05439/2026
CT,2127850,,An Act Concerning The Award Of Reasonable Attorney's Fees By The Court In Entry And Detainer Cases.,To permit the court to award reasonable attorney's fees in entry and detainer cases.,1,2026-03-03,https://legiscan.com/CT/bill/HB05440/2026
CT,2127817,,An Act Concerning Revocation Of Non-probate Transfers And Appointments By Dissolution Of Marriage.,"To assist divorced individuals who have not updated beneficiary designations, revocable trusts and joint accounts after a dissolution of marriage.",1,2026-03-03,https://legiscan.com/CT/bill/HB05441/2026
CT,2127756,,An Act Concerning The Property Tax Exemption For And Tax Agreements Related To Certain Class I Renewable Energy Sources.,"To specify the applicability of (1) a property tax exemption for certain Class I renewable energy sources and authorize municipalities to amend their 2025 grand list accordingly, and (2) certain tax agreements related to solar photovoltaic systems.",1,2026-03-03,https://legiscan.com/CT/bill/HB05442/2026
CT,2127746,,"An Act Concerning The Sales And Use Taxes Rate For And Applicability To Certain Motor Vehicles, Peer-to-peer Car Sharing, Certain Personal Property Used In Burials And Cremations And Electricity For Biotechnology Businesses, Dedicating Funding For The Tourism Fund And Increasing The Exemption Amount For Sales Tax-free Week.","To (1) increase the sales price threshold for a motor vehicle subject to the seven and three-fourths per cent sales and use taxes rate, (2) specify the sales and use taxes rate applicable to peer-to-peer car sharing, (3) increase the sales and use taxes exemption amount for certain property used in burials and cremations, (4) exempt the sale, furnishing or service of electricity to a biotechnology business from sales and use taxes, (5) dedicate fifty per cent of the additional one per cent sales and use taxes on meals to the Tourism Fund, and (6) increase the exemption amount for, and include backpacks in, Sales Tax-Free Week.",1,2026-03-03,https://legiscan.com/CT/bill/HB05443/2026
CT,2127844,,An Act Concerning The Indexing Of Certain Personal Income Tax Thresholds And Exemption Amounts.,To require certain personal income tax thresholds and exemption amounts to be indexed to inflation.,1,2026-03-03,https://legiscan.com/CT/bill/HB05444/2026
CT,2127835,,An Act Concerning The Amortizable Bond Premium Subtraction For Purposes Of The Personal Income Tax.,To eliminate the requirement that the amortizable bond premium subtraction for purposes of calculating Connecticut adjustable gross income be attributable to a trade or business of the taxpayer.,1,2026-03-03,https://legiscan.com/CT/bill/HB05445/2026
CT,2128439,,An Act Concerning Teachers' Disability And Retirement Benefits And Paraeducators' Salary And Retirement Contributions.,"To (1) require the Teachers' Retirement Board to study changes in teachers' disability and retirement benefits, (2) establish a minimum salary for paraeducators, (3) require the Office of Policy and Management to provide stipends for the difference between the current and required minimum salary for paraeducators, and (4) require boards of education to pay paraeducator employee contributions to the municipal retirement system or any other retirement system in which such board participates.",1,2026-03-04,https://legiscan.com/CT/bill/HB05446/2026
CT,2128345,,An Act Implementing Recommendations Of The Transforming Children's Behavioral Health Policy And Planning Committee And Concerning Temporary Family Assistance Benefits.,To implement the recommendations of the Transforming Children's Behavioral Health Policy and Planning Committee and to provide increased temporary family assistance benefits.,1,2026-03-04,https://legiscan.com/CT/bill/HB05447/2026
CT,2128382,,"An Act Concerning Federal Officers, Employees Or Agents.","To restate the law concerning immunity for actions taken by a federal officer, an employee or an agent and extend prohibitions against hiring a police officer dismissed for malfeasance, or who resigned or retired while under investigation to the hiring of a federal law enforcement official as a police officer.",1,2026-03-04,https://legiscan.com/CT/bill/HB05448/2026
CT,2128492,,An Act Concerning Automated License Plate Reader Systems.,To regulate the use of automated license plate reader systems and safeguard data derived from such systems.,1,2026-03-04,https://legiscan.com/CT/bill/HB05449/2026
CT,2128387,,An Act Dissolving The Brooklyn Fire District.,To dissolve the Brooklyn Fire District and transfer the funds and tangible property of said district to the town of Brooklyn.,1,2026-03-04,https://legiscan.com/CT/bill/HB05450/2026
CT,2128522,,An Act Concerning Possession Of A Firearm On School Grounds By A Peace Officer.,To allow a peace officer to possess a firearm on school grounds regardless of whether such officer is engaged in the performance of the officer's official duties.,1,2026-03-04,https://legiscan.com/CT/bill/HB05451/2026
CT,2128346,,An Act Concerning Municipal Participation In The Connecticut Land Mobile Radio Network And Related Costs.,"To require (1) the Department of Emergency Services and Public Protection to pay all lifecycle costs that municipalities incur as a condition of participating in the Connecticut Land Mobile Radio Network, and (2) the Commissioner of Emergency Services and Public Protection to develop a plan to encourage municipalities to participate in said network.",1,2026-03-04,https://legiscan.com/CT/bill/HB05452/2026
CT,2128370,,An Act Requiring A Study Regarding State-wide Essential Worker And First Responder Job Classifications.,"To require the Commissioner of Administrative Services to (1) conduct a study regarding state-wide ""essential worker"" and ""first responder"" job classifications, and (2) submit a report on the results of such study.",1,2026-03-04,https://legiscan.com/CT/bill/HB05453/2026
CT,2128322,,An Act Concerning The Refund Of Certain Firearm Permit Fees.,"To provide that, if a local permitting authority fails to discharge any obligation applicable to such local permitting authority pursuant to certain firearm permit provisions within the applicable time limits, the local permitting authority shall refund seventy dollars to the applicant.",1,2026-03-04,https://legiscan.com/CT/bill/HB05454/2026
CT,2128366,,An Act Concerning The University Of Connecticut Special Police Forces And Fire Department.,"To (1) require the president of The University of Connecticut to (A) establish a recruitment and retention program for The University of Connecticut special police forces and fire department, and (B) submit a report on the recruitment and retention status of said special police forces and fire department, and (2) modify certain provisions relating to the establishment of classifications for said special police forces by said president.",1,2026-03-04,https://legiscan.com/CT/bill/HB05455/2026
CT,2128475,,An Act Concerning Deputy Commissioners Of The Department Of Emergency Services And Public Protection.,"To (1) increase to three the number of deputy commissioners of the Department of Emergency Services and Public Protection, and (2) establish the responsibilities of such deputy commissioners.",1,2026-03-04,https://legiscan.com/CT/bill/HB05456/2026
CT,2128360,,An Act Concerning Fires And Explosions That Occur At Solar Photovoltaic Facilities.,"To (1) require the local fire marshal to furnish certain reports to the Connecticut Siting Council for any fires or explosions that occur at a solar photovoltaic facility, (2) require said council to determine whether any solar photovoltaic facility equipment was a contributing factor to any such fires or explosions and, if so, to initiate an amendment proceeding to require the owner to adopt a solar photovoltaic facility fire mitigation plan, (3) require the council to determine if there are any similarly situated facilities, and (4) authorize the council to initiate amendment proceedings to require the owners of similarly situated facilities to adopt the same solar photovoltaic facility fire mitigation plan.",1,2026-03-04,https://legiscan.com/CT/bill/HB05457/2026
CT,2128335,,An Act Prohibiting The Division Of State Police And Municipal Police Departments From Accepting Certain Federal Grants Related To Cannabis Grown On Private Land.,"To prohibit the Division of State Police within the Department of Emergency Services and Public Protection and all municipal police departments from accepting federal grants to conduct any program related to the surveillance of, search for or destruction of cannabis grown on private land.",1,2026-03-04,https://legiscan.com/CT/bill/HB05458/2026
CT,2128543,,An Act Concerning The Voluntary Relinquishment Of Firearms.,"To allow any individual, at any time, to relinquish any firearm owned by such individual to a police department or to the Department of Emergency Services and Public Protection.",1,2026-03-04,https://legiscan.com/CT/bill/HB05459/2026
CT,2128537,,An Act Concerning State-wide Fire Protection.,"To establish various state-wide fire protection provisions relating to (1) fire protection services registrations, (2) local fire protection plans, (3) the Commission on Fire Prevention and Control, (4) municipal fire protection requirements, (5) a Deputy State Fire Administrator position, (6) the Connecticut Fire program, (7) regional fire coordinators, (8) collection of dispatch data, (9) a First Responder Health and Benefits Unit, (10) requirements applicable to the State Comptroller, and (11) lights on fire protection vehicles.",1,2026-03-04,https://legiscan.com/CT/bill/HB05460/2026
CT,2128460,,An Act Implementing Recommendations By The Connecticut Port Authority To Eliminate The Fees Associated With The Marine Pilot License.,To eliminate the licensing and renewal fees associated with the marine pilot license.,1,2026-03-04,https://legiscan.com/CT/bill/HB05461/2026
CT,2128488,,An Act Concerning Noise Pollution.,"To (1) establish a solar photovoltaic noise barrier pilot program, and (2) increase the fine associated with the operation of a motor vehicle that creates unnecessary or unusual noise and other mechanical equipment requirement.",1,2026-03-04,https://legiscan.com/CT/bill/HB05462/2026
CT,2128450,,An Act Concerning Highway Safety.,"To (1) specify a video or moving image that is visible to a driver while seated in the normal operating position constitutes distracted driving, and (2) make distracted driving in a highway work zone a reckless driving violation.",1,2026-03-04,https://legiscan.com/CT/bill/HB05463/2026
CT,2128326,,An Act Implementing Recommendations From The Department Of Transportation.,"To implement the recommendations of the Department of Transportation concerning (1) infrastructure and service connections located in the state's right-of-way, (2) diesel-fueled transit buses, (3) electric vehicle parking at state agencies, (4) the Port Eastside Infrastructure Improvement District, (5) dynamic part-time lanes and control systems, (6) the restricted use of highways during extreme weather conditions, and (7) the memorial naming of a certain bridge.",1,2026-03-04,https://legiscan.com/CT/bill/HB05464/2026
CT,2128470,,An Act Concerning The Towing And Storage Of Motor Vehicles.,"To implement various provisions concerning towing and storing motor vehicles, including an electronic portal to locate towed vehicles, addendums to the rates and charges, the Police-Ordered Towing Council, the sale of towed motor vehicles, traffic incident management training, the Towing Advisory Council and the consumer bill of rights.",1,2026-03-04,https://legiscan.com/CT/bill/HB05465/2026
CT,2129448,,An Act Concerning The Angel Investor Tax Credit Program.,To establish a working group to study the angel investor tax credit program established pursuant to section 12-704d of the general statutes.,1,2026-03-05,https://legiscan.com/CT/bill/HB05466/2026
CT,2129240,,An Act Concerning The Office Of Small Business Affairs.,To require the Commissioner of Economic and Community Development to designate an employee of the Office of Small Business Affairs to be responsible for providing concierge services to small businesses in the state.,1,2026-03-05,https://legiscan.com/CT/bill/HB05467/2026
CT,2129349,,An Act Concerning The Provision Of Equivalent Instruction.,To address issues relating to the provision of equivalent instruction in the state.,1,2026-03-05,https://legiscan.com/CT/bill/HB05468/2026
CT,2129193,,An Act Concerning Colocated Electric Suppliers And Large Electric Load Customers.,To require that large electric load customers in the state provide a sufficient source of electricity generation to meet the demands of such customers.,1,2026-03-05,https://legiscan.com/CT/bill/HB05469/2026
CT,2129373,,An Act Concerning Hybrid School Buses.,To allow school districts to utilize hybrid school buses to meet certain fuel and emissions requirements.,1,2026-03-05,https://legiscan.com/CT/bill/HB05470/2026
CT,2129298,,An Act Concerning Community Renewable Generation Sources And Energy Storage Systems.,"To (1) allow shared clean energy subscriber organizations to build, own and operate electrical generation or storage facilities that generate or store electricity from renewable sources, (2) allow any end user of an electric distribution company to enter into a subscription with a shared clean energy subscriber organization, (3) require any electric distribution company to provide billing credits to any end user who enters into such a subscription, (4) establish a working group to study the impacts of the community renewable energy generating system program, and (5) allow electric suppliers to offer guaranteed savings plans.",1,2026-03-05,https://legiscan.com/CT/bill/HB05471/2026
CT,2129234,,An Act Concerning The Safety Of Energy Generation Sources And Energy Storage Systems.,"To require (1) the reporting of major and minor incidents at certain electric generating or storage facilities, (2) the designation of emergency contact persons for such facilities, and (3) the chairperson of the Public Utilities Regulatory Authority to convene a working group to assess the resumption of electric generation at such facilities after an extended shutoff period.",1,2026-03-05,https://legiscan.com/CT/bill/HB05472/2026
CT,2129277,,An Act Concerning The Satisfaction Of Telecommunications Quality Of Service Standards And Settlements In Contested Proceedings Before The Public Utilities Regulatory Authority.,"To (1) require the Public Utilities Regulatory Authority to adopt and enforce quality of service standards concerning telecommunications service, (2) modify requirements concerning settlement agreements approved by the authority in contested proceedings, and (3) modify requirements for the approval of changes in control of utility companies.",1,2026-03-05,https://legiscan.com/CT/bill/HB05473/2026
CT,2129390,,An Act Concerning Oversight Of Medical Care For Persons Who Are Incarcerated At The Department Of Correction.,"To (1) require the Department of Correction to update its plan for medical care for persons who are incarcerated and report various information concerning medical care organized by correctional institution in an annual report, and (2) establish the position of Correction Medical Deputy Ombuds to oversee efforts to obtain Medicaid for eligible persons who are incarcerated prior to discharge from a correctional institution.",1,2026-03-05,https://legiscan.com/CT/bill/HB05474/2026
CT,2129220,,An Act Concerning Oversight Of Permitting Processes Of The Department Of Energy And Environmental Protection.,To require the Commissioner of Energy and Environmental Protection to conduct an assessment of the general and individual permitting processes and whether certain modifications are feasible or recommended.,1,2026-03-05,https://legiscan.com/CT/bill/HB05475/2026
CT,2129205,,An Act Concerning Oversight Of Efforts To Prevent Human Trafficking.,"To establish a Human Trafficking Prevention Coordinator, add additional members to the Trafficking in Persons Council, require all employees of the Department of Children and Families and the Court Support Services Division to undergo training regarding human trafficking, require the Commissioner of Children and Families to assess the security of placement locations, require the Child Advocate to submit an annual report, establish a temporary task force and make various duties of the Department of Children and Families concerning trafficking mandatory.",1,2026-03-05,https://legiscan.com/CT/bill/HB05476/2026
CT,2129266,,An Act Concerning The Well-being Of Employees Of The Department Of Correction And Persons Who Are Incarcerated In Correctional Institutions.,"To institute various measures in correctional institutions concerning the reporting and investigation of sexual abuse incidents, including establishing a hotline for the reporting of such incidents, requiring additional training for correctional officers, modifying the crimes of sexual assault in the second and fourth degree, requiring the Department of Correction to submit additional legislative reports and penalizing Department of Correction employee failure to intervene or report sexual abuse, sexual assault or sexual contact.",1,2026-03-05,https://legiscan.com/CT/bill/HB05477/2026
CT,2129161,,"An Act Supporting ""learn And Earn"" Internship Opportunities.","To (1) require support for paid internship programs at small businesses, (2) provide grants to students who receive federal Pell grants to assist such students in obtaining internships, (3) require institutions of higher education to report about internship opportunities offered through such institutions, (4) establish a state quality seal for quality internships, (5) extend the human capital investment tax credit for salaries paid to interns, and (6) establish a grant program for nonprofit organizations to offset the cost of salaries paid to interns.",1,2026-03-05,https://legiscan.com/CT/bill/HB05478/2026
CT,2129180,,An Act Implementing The University Of Connecticut's Plan To Become A Member Of An Association Of Research Universities.,To require The University of Connecticut to hire not fewer than ten top-tier research faculty within the next three years.,1,2026-03-05,https://legiscan.com/CT/bill/HB05479/2026
CT,2129416,,An Act Concerning Peer Support Services Under The Medicaid Program.,To require Medicaid reimbursement for peer support services.,1,2026-03-05,https://legiscan.com/CT/bill/HB05480/2026
CT,2129242,,An Act Concerning Medical Assistance For Patients Receiving Hospice Care At A Short-term Hospice Specialty Hospital Or A Hospice Facility.,To provide state medical assistance to cover room and board costs for patients receiving hospice care at a short-term hospice specialty hospital or a hospice facility.,1,2026-03-05,https://legiscan.com/CT/bill/HB05481/2026
CT,2129260,,An Act Concerning Twelve--month Coverage For Contraception And Hormone Therapy.,To require public and private insurance coverage of twelve-month contraception and hormone therapy prescriptions.,1,2026-03-05,https://legiscan.com/CT/bill/HB05482/2026
CT,2129394,,An Act Concerning Fertility Care Under The Medicaid Program.,To provide Medicaid coverage consistent with federal law for fertility care.,1,2026-03-05,https://legiscan.com/CT/bill/HB05483/2026
CT,2129332,,An Act Expanding Transportation Options For Home Care Clients.,To provide reimbursement under the Medicaid program for home care providers who provide nonemergency medical transportation for home care clients who are Medicaid beneficiaries.,1,2026-03-05,https://legiscan.com/CT/bill/HB05484/2026
CT,2129445,,An Act Concerning Supported Decision-making.,"To require businesses, government agencies, organizations, medical providers, educational institutions and any entity with whom a decision-maker interacts to obtain goods and services to recognize a supported decision-making agreement.",1,2026-03-05,https://legiscan.com/CT/bill/HB05485/2026
CT,2129128,,An Act Concerning A Diaper Partnership Grant Program.,To provide state funding to support an initiative that provides diapers to needy families.,1,2026-03-05,https://legiscan.com/CT/bill/HB05486/2026
CT,2129169,,An Act Establishing A Career Pipeline Program For American Sign Language Interpreting And Increasing State Assistance For Persons Who Are Blind Or Visually Impaired And Deaf.,To establish an American Sign Language career pipeline program and increase annual amounts spent on specialized services for persons who are blind or visually impaired and deaf.,1,2026-03-05,https://legiscan.com/CT/bill/HB05487/2026
CT,2129319,,An Act Establishing A Task Force To Study Expanding The 2-1-1 Infoline Program.,To establish a task force to study expanding services offered by the 2-1-1 Infoline program.,1,2026-03-05,https://legiscan.com/CT/bill/HB05488/2026
CT,2129273,,An Act Concerning A Study Of The Provisions Of The Workers' Compensation Act.,To establish a working group to study the provisions of chapter 568 of the general statutes.,1,2026-03-05,https://legiscan.com/CT/bill/HB05489/2026
CT,2129244,,An Act Concerning Requirements For Sober Living Homes Operating In The State.,To update reporting requirements with respect to sober living homes operating in the state.,1,2026-03-05,https://legiscan.com/CT/bill/HB05490/2026
CT,2129210,,An Act Concerning Centralization Of Workforce Development Information.,"To require the Labor Commissioner to create a central repository of information, resources and materials regarding workforce development organizations and opportunities.",1,2026-03-05,https://legiscan.com/CT/bill/HB05491/2026
CT,2129294,,An Act Concerning Limitations On The Use On Noncompete Agreements.,To prohibit the use of noncompete agreements and exclusivity agreements unless they meet certain criteria.,1,2026-03-05,https://legiscan.com/CT/bill/HB05492/2026
CT,2129282,,An Act Requiring A Study To Establish A Program To Provide Stipends For The Connecticut Civil Air Patrol.,To require the Comptroller to study the feasibility of establishing a program to provide stipends to members of the civil air patrol.,1,2026-03-05,https://legiscan.com/CT/bill/HB05493/2026
CT,2129132,,An Act Concerning A Study Of Youth Employment Classification.,To require the Labor Commissioner to conduct a study of youth employment classification.,1,2026-03-05,https://legiscan.com/CT/bill/HB05494/2026
CT,2129304,,An Act Concerning Review Of Decisions By The Connecticut State Employees Retirement Commission By The Superior Court And Authorizing Appeals Of Decisions Of The Medical Examining Board.,"To (1) require the medical examining board to hold hearings to determine eligibility for disability retirement allowances, (2) authorize appeals from adverse decisions of the medical examining board concerning eligibility for disability retirement allowances, and (3) require that any review of a decision of the Connecticut State Employees Retirement Commission by the Superior Court be de novo.",1,2026-03-05,https://legiscan.com/CT/bill/HB05495/2026
CT,2129188,,An Act Concerning Workplace Violence Protections For Utility And Public Works Employees.,To implement requirements to protect the safety of certain utility and public works employees.,1,2026-03-05,https://legiscan.com/CT/bill/HB05496/2026
CT,2129357,,An Act Establishing A Task Force To Study The Effects Of Artificial Intelligence On The Trades Industry And Requiring A Study Of A Certified Nursing Assistant Training Program.,To establish a task force to study the effects of the use of artificial intelligence on the trades industry and require the Commissioner of Public Health to study the feasibility of establishing a certified nursing assistant training program.,1,2026-03-05,https://legiscan.com/CT/bill/HB05497/2026
CT,2129335,,An Act Concerning Revisions To Statutes Relating To Municipal Tax Collection.,To make revisions to statutes relating to municipal tax collection.,1,2026-03-05,https://legiscan.com/CT/bill/HB05498/2026
CT,2129353,,An Act Concerning The Worthington Fire District And The Kensington Fire District In The Town Of Berlin.,To repeal two special acts related to the Worthington Fire District and the Kensington Fire District in the town of Berlin.,1,2026-03-05,https://legiscan.com/CT/bill/HB05499/2026
CT,2129378,,An Act Concerning A Waiver Of Interest On Certain Delinquent Municipal Property Taxes.,"To waive interest on certain delinquent property taxes owed by a housing cooperative known as Success Village located in the city of Bridgeport, in part, and the town of Stratford, in part.",1,2026-03-05,https://legiscan.com/CT/bill/HB05500/2026
CT,2129308,,An Act Expanding Permissible Uses For Town Aid Road Grant Funds.,To expand the permissible uses for town aid road grant funds by municipalities.,1,2026-03-05,https://legiscan.com/CT/bill/HB05501/2026
CT,2129315,,An Act Concerning Housing Development On Certain Lots Zoned For Industrial Or Previously Zoned For Residential Use.,To allow the development of certain middle housing or mixed-use developments on certain lots zoned for industrial use or previously zoned for residential use subject only to summary review.,1,2026-03-05,https://legiscan.com/CT/bill/HB05502/2026
CT,2129124,,An Act Requiring Municipalities To Report Excess Wastewater Capacity.,To require the water pollution control authority of a municipality to submit an annual report to the Secretary of Policy and Management detailing the municipality's current wastewater capacity and any projected excess wastewater capacity.,1,2026-03-05,https://legiscan.com/CT/bill/HB05503/2026
CT,2129152,,An Act Amending The Charter Of The Cornfield Point Association.,To amend section 13 of the charter of the Cornfield Point Association.,1,2026-03-05,https://legiscan.com/CT/bill/HB05504/2026
CT,2129407,,An Act Concerning The Use Of Certain Commercial Warehouses For The Housing Or Shelter Of Persons.,To require municipal approval before using a commercial warehouse for the housing or shelter of persons.,1,2026-03-05,https://legiscan.com/CT/bill/HB05505/2026
CT,2129143,,An Act Concerning The Eligibility Of Employees Of Transit Districts For Benefits Under The State Family And Medical Leave Act.,To specify that employees of transit districts are municipal employees exempt from certain provisions of the state family and medical leave act.,1,2026-03-05,https://legiscan.com/CT/bill/HB05506/2026
CT,2129179,,An Act Concerning Accessory Dwelling Units.,"To (1) change statutory references to ""accessory apartments"" to ""accessory dwelling units"", (2) repeal a provision allowing municipalities to opt out of allowing accessory dwelling units on residential lots, (3) prohibit the enforcement of certain residential land use restrictions, and (4) require the Commissioner of Housing to establish a program concerning preapproved accessory dwelling units.",1,2026-03-05,https://legiscan.com/CT/bill/HB05507/2026
CT,2129399,,An Act Concerning Historic Districts And Historic Preservation.,To make various changes to statutes concerning historic district commissions and historic preservation.,1,2026-03-05,https://legiscan.com/CT/bill/HB05508/2026
CT,2129325,,An Act Concerning Justices Of The Peace.,"To (1) require the Secretary of the State to publish a manual concerning the duties of justices of the peace, (2) prohibit misconduct by justices of the peace, (3) specify that a newly created office of justice of the peace may be filled by appointment prior to the next regular election, (4) require a forty-eight hour waiting period before the issuance of a marriage license, and (5) establish a working group concerning justices of the peace.",1,2026-03-05,https://legiscan.com/CT/bill/HB05509/2026
CT,2129147,,An Act Concerning The Department Of Public Health's Recommendations Regarding Unlicensed Institutions And Practices.,To establish penalties for the unlicensed operation of a health care institution and the unlicensed practice of certain medical professions.,1,2026-03-05,https://legiscan.com/CT/bill/HB05510/2026
CT,2129367,,An Act Concerning The Department Of Public Health's Recommendations Regarding Consent Orders.,"To allow the Commissioner of Public Health to (1) impose conditions on the issuance or renewal of any permit, approval, registration, certificate or license, and (2) resolve enforcement actions with an agreed settlement or consent order without need for a formal hearing.",1,2026-03-05,https://legiscan.com/CT/bill/HB05511/2026
CT,2129175,,An Act Concerning The Department Of Public Health's Recommendations Regarding Real Property Change Of Ownership.,To amend the change of ownership approval process for health care facilities to include the real property owner.,1,2026-03-05,https://legiscan.com/CT/bill/HB05512/2026
CT,2129453,,An Act Concerning The Department Of Public Health's Recommendations Regarding Various Revisions To The Public Health Statutes.,To implement the Department of Public Health's recommendations regarding various revisions to the public health statutes.,1,2026-03-05,https://legiscan.com/CT/bill/HB05513/2026
CT,2129223,,An Act Concerning Various Revisions To The Public Health Statutes.,To make various revisions to the public health statutes.,1,2026-03-05,https://legiscan.com/CT/bill/HB05514/2026
CT,2129171,,An Act Concerning The Department Of Mental Health And Addiction Services' Recommendations Regarding Access To Opioid Overdose Reversal Medication.,To remove barriers to access opioid antagonists.,1,2026-03-05,https://legiscan.com/CT/bill/HB05515/2026
CT,2129232,,An Act Concerning Reproductive Rights.,To prohibit adverse actions against health care providers for providing certain health care services.,1,2026-03-05,https://legiscan.com/CT/bill/HB05516/2026
CT,2129269,,An Act Concerning The Department Of Mental Health And Addiction Services' Recommendations Regarding Recovery-friendly Language And Various Revisions To Mental Health And Addiction Statutes.,To implement the Department of Mental Health and Addiction Services' recommendations regarding recovery-friendly language and various revisions to mental health and addiction statutes.,1,2026-03-05,https://legiscan.com/CT/bill/HB05517/2026
CT,2129159,,An Act Concerning The Department Of Public Health's Recommendations Regarding Various Revisions To The Environmental Health And Drinking Water Statutes.,"To implement the Department of Public Health's recommendations regarding various revisions to the environmental health and drinking water statutes, including statutes relating to bottled water, environmental laboratories and asbestos abatement.",1,2026-03-05,https://legiscan.com/CT/bill/HB05518/2026
CT,2129145,,An Act Concerning The Department Of Public Health's Recommendations Regarding On-site Wastewater Specialists And Water Operator Apprentices.,To establish certification and training requirements for on-site wastewater specialists.,1,2026-03-05,https://legiscan.com/CT/bill/HB05519/2026
CT,2130135,,An Act Concerning Fish Passages.,To provide additional means by which fish passages may be provided for on dams and reservoirs and establish standards for such fish passages.,1,2026-03-06,https://legiscan.com/CT/bill/HB05520/2026
CT,2130113,,An Act Concerning Sterile Cultivars.,To authorize the sale and distribution of sterile cultivars of certain plant species and provide for the review of certain energy-related facilities regardless of their use for sterile cultivar propagation.,1,2026-03-06,https://legiscan.com/CT/bill/HB05521/2026
CT,2130095,,An Act Concerning The Sewage Right-to-know Act.,To provide for certain implementation and public availability of the requirements of the sewage right-to-know act.,1,2026-03-06,https://legiscan.com/CT/bill/HB05522/2026
CT,2130103,,An Act Concerning Tribal Comanagement Of Wildlife And Fisheries.,"To establish a cooperative framework between the state and Native American tribes for the shared stewardship of wildlife and fisheries resources and expand conservation participation for tribal members, while supporting tribal food sovereignty and resource management infrastructure.",1,2026-03-06,https://legiscan.com/CT/bill/HB05523/2026
CT,2130065,,An Act Concerning The State's Materials Management System.,"To expand the number of entities required to source-separate organic materials from the solid waste stream, prohibit the use of polystyrene containers by restaurants, prohibit the provision of single-use food service items unless requested by a consumer, prohibit the distribution of single-use straws that contain PFAS at restaurants, require certain entities to prioritize surplus food donation over other means of disposal and establish eligible costs for material management grants issued by the state.",1,2026-03-06,https://legiscan.com/CT/bill/HB05524/2026
CT,2130060,,An Act Concerning A Rapid Response Program For Certain Aquatic Invasive Species.,To establish a rapid response program and protocol for the elimination and containment of hydrilla and other aquatic invasive species in the state.,1,2026-03-06,https://legiscan.com/CT/bill/HB05525/2026
CT,2130046,,An Act Concerning Reciprocity For Certain Inland Waters Fishing Licenses.,To provide for reciprocity of fishing licenses from neighboring states on inland waters of the state.,1,2026-03-06,https://legiscan.com/CT/bill/HB05526/2026
CT,2130116,,An Act Concerning The Publication Of Certain Legal Notices.,To permit the posting of advertisements of legal notices on municipal Internet web sites along with a posted printed copy in public locations in lieu of in a newspaper.,1,2026-03-06,https://legiscan.com/CT/bill/HB05527/2026
CT,2130124,,An Act Requiring Public Agency Employees To Attend Freedom Of Information Act Training.,To require public agency employees to attend Freedom of Information Commission trainings on the provisions of the Freedom of Information Act.,1,2026-03-06,https://legiscan.com/CT/bill/HB05528/2026
CT,2130087,,"An Act Concerning Poll Books For The Checking Of Electors At Elections, Primaries And Referenda.","To require registrars of voters to provide to certain committees notice of at least fourteen days prior to any election, primary or referendum of whether electors on the official checklist to be used at such election, primary or referendum will be checked manually on paper or electronically.",1,2026-03-06,https://legiscan.com/CT/bill/HB05529/2026
CT,2130088,,An Act Concerning A Study Of Absentee Ballot Access In Unconsolidated Cities And Boroughs Within A Town.,"To study obstacles to allowing a voter in an unconsolidated city or borough within a town to be able to apply for an absentee ballot through the Secretary of the State's online application system for an election, primary or referendum held for such unconsolidated city or borough.",1,2026-03-06,https://legiscan.com/CT/bill/HB05530/2026
CT,2130094,,An Act Concerning Faithful Presidential Electors.,"To (1) require candidates for presidential electors, as part of their candidacy filings or registrations, to execute pledges to vote for the Presidential and Vice Presidential candidates associated with such filings or registrations, and (2) modify the process by which meetings of presidential electors are conducted in order to ensure votes are cast consistent with such pledges.",1,2026-03-06,https://legiscan.com/CT/bill/HB05531/2026
CT,2130081,,An Act Implementing The Recommendations Of The Office Of State Ethics For Revisions To The State Codes Of Ethics And Increasing Various Monetary Thresholds In Said Codes.,"To (1) amend the quorum requirements of the Citizen's Ethics Advisory Board, (2) prohibit nepotism by public officials or state employees, (3) permit the filing of the name of certain tax-sheltered annuity retirement plans in lieu of naming specific securities within such statements, (4) apply substantial conflict of interest provisions in the state code of ethics for public officials and state employees to conflicts involving the public official's or state employee's nonstate employer or spouse's nonstate employer, and (5) increase various monetary thresholds in the state codes of ethics.",1,2026-03-06,https://legiscan.com/CT/bill/HB05532/2026
CT,2130125,,"An Act Concerning Protection Of Election Administration Processes, Elections Sites, Election Workers And Electors.","To (1) establish prohibitions on certain conduct, including the possession of a firearm or deadly weapon, at or near certain elections-related locations, (2) impose criminal penalties for harassment of election workers and tampering with or unauthorized sharing of election equipment, and (3) allow for Attorney General involvement in matters relating to subpoenas, warrants, other requests and alleged interference with elections.",1,2026-03-06,https://legiscan.com/CT/bill/HB05533/2026
CT,2130139,,"An Act Designating The State As The Birthplace Of The Boys And Girls Clubs Of America, The State Amphibian, The Town Of Enfield As The Gateway To Connecticut And The State Rock.","To designate the state as the birthplace of the Boys and Girls Clubs of America, the spring peeper as the state amphibian, the town of Enfield as the gateway to Connecticut and Housatonic marble as the state rock.",1,2026-03-06,https://legiscan.com/CT/bill/HB05534/2026
CT,2131388,,An Act Concerning The Duties Of The Office Of The Claims Commissioner And Review Of Wrongful Incarceration Awards By The General Assembly.,"To (1) permit the Office of the Claims Commissioner to hear and decide certain claims for money damages not in excess of fifteen thousand dollars, and (2) extend the time period for review of wrongful incarceration awards by the General Assembly.",1,2026-03-10,https://legiscan.com/CT/bill/HB05535/2026
CT,2131991,,An Act Establishing A State Short-term Rental Registry And Authorizing An Optional Municipal Supplemental Tax On Short-term Rentals.,"To establish a state short-term rental registry, authorize an optional municipal supplemental tax on short-term rentals and require short-term rental return filings to include disaggregated sales tax information.",1,2026-03-11,https://legiscan.com/CT/bill/HB05536/2026
CT,2132001,,"An Act Imposing A Tax On Certain Sweetened Beverages, Syrups And Powders And Dedicating The Revenue Generated To A Universal Free School Meals Program.","To impose a tax on certain sweetened beverages, syrups and powders and dedicate the revenue generated to a universal free school meals program to reimburse local and regional boards of education for the provision of free school breakfasts and lunches to all public school students.",1,2026-03-11,https://legiscan.com/CT/bill/HB05537/2026
CT,2132062,,An Act Concerning A Study Of State Finance Policies.,To require the Commissioners of Economic and Community Development and Revenue Services to study the finance policies of this state and surrounding states.,1,2026-03-11,https://legiscan.com/CT/bill/HB05538/2026
CT,2131909,,An Act Concerning Cigarette And Tobacco Products Distributor And Dealer Licenses And Penalties For Electronic Nicotine Delivery Systems And Vapor Products Violations.,"To (1) require applicants for cigarette and tobacco products distributor and dealer licenses and renewals to provide certain information with such applications, and (2) establish additional penalties for violations of state law regarding the sale, offer for sale or marketing of electronic nicotine delivery systems and vapor products.",1,2026-03-11,https://legiscan.com/CT/bill/HB05539/2026
CT,2132118,,An Act Concerning The Mitigation Of Benefits Cliffs.,To mitigate the loss of temporary family assistance benefits due to certain increases in household income.,1,2026-03-11,https://legiscan.com/CT/bill/HB05540/2026
CT,2131889,,An Act Concerning Community Action Agencies.,To require the Commissioner of Social Services to produce a status report on community action agencies.,1,2026-03-11,https://legiscan.com/CT/bill/HB05541/2026
CT,2131873,,An Act Concerning Criminal And Simple Trespass On School Grounds Or In School Buildings.,To clarify provisions concerning trespassing on school grounds or in school buildings.,1,2026-03-11,https://legiscan.com/CT/bill/HB05542/2026
CT,2132528,,An Act Concerning Certain Revisions To Aggregate And Individual Contribution Amounts Under The Citizens' Election Program.,"To (1) (A) set aggregate contribution amounts under the Citizens' Election Program at their 2022 election cycle levels, and (B) eliminate any inflationary adjustment of such amounts after the conclusion of the 2026 election cycle, and (2) provide that by December fifteenth immediately following the conclusion of a four-year state officer election cycle, or a two-year state legislative election cycle, inflationary adjustments to the individual contribution limits under the Citizens' Election Program shall be made for the next such election cycle.",1,2026-03-12,https://legiscan.com/CT/bill/HB05543/2026
CT,2132419,,An Act Allowing Municipalities To Hold Municipal Elections In Conjunction With State Elections.,"To (1) allow a municipality, by vote of its legislative body, to change from holding its municipal election in the odd-numbered years to holding its municipal election in conjunction with the state election in the even-numbered years, and (2) modify the laws relating to the transitional terms of office whenever such a change is made.",1,2026-03-12,https://legiscan.com/CT/bill/HB05544/2026
CT,2132539,,An Act Making A Technical Change Concerning A Campaign Contribution Limit.,To make a technical change to a statute concerning a campaign contribution limit.,1,2026-03-12,https://legiscan.com/CT/bill/HB05545/2026
CT,2132415,,"An Act Concerning Campaign Finance Laws, Statutorily Recognized Indigenous Tribes And Security For Candidates, Their Families And Their Campaign Staffs.","To, for purposes of the campaign finance laws, (1) redefine ""state contractor"", ""prospective state contractor"" and ""subcontractor"" to exclude statutorily recognized indigenous tribes of this state, and (2) provide that payment for personal security services for a candidate and such candidate's family and campaign staff is a permissible expenditure of a committee.",1,2026-03-12,https://legiscan.com/CT/bill/HB05546/2026
CT,2132464,,An Act Concerning Lobbyist Contributions During Legislative Sessions.,"To prohibit lobbyist contributions during a legislative session to candidates for municipal office and judge of probate, expanding on the current prohibitions as to candidates for state legislator and state-wide office.",1,2026-03-12,https://legiscan.com/CT/bill/HB05547/2026
CT,2132573,,An Act Concerning Revisions To The Freedom Of Information Act Concerning Employee Residential Addresses And Certain Higher Education Records.,"To amend the Freedom of Information Act to (1) revise the prohibition against disclosing the residential address of certain persons contained in personnel, medical or similar files by deleting reference to the employing public agency and expanding the prohibition to other public agency employees for which residency is not a requirement for employment, and (2) exempt certain proprietary records held by a public institution of higher education pertaining to teaching or research from disclosure.",1,2026-03-12,https://legiscan.com/CT/bill/HB05548/2026
CT,2132524,,An Act Concerning Technical Revisions To Statutes Related To Elections.,To make technical revisions to statutes related to elections.,1,2026-03-12,https://legiscan.com/CT/bill/HB05549/2026
CT,2132449,,An Act Concerning A Technical Change Concerning Government Administration And Exempting Course Syllabi From Disclosure Under The Freedom Of Information Act.,To make a technical change to a statute concerning government administration and to exempt course syllabi at an institution of higher education from disclosure under the Freedom of Information Act.,1,2026-03-12,https://legiscan.com/CT/bill/HB05550/2026
CT,2132459,,An Act Concerning Proceedings Of The Siting Council And Other Requirements Concerning Certain Utility Expenditures.,"To modify provisions concerning the Connecticut Siting Council, including by modifying its membership, establishing the Consumer Counsel as a party in proceedings and modifying submission and notification requirements for council applications.",1,2026-03-12,https://legiscan.com/CT/bill/HB05551/2026
CT,2132517,,An Act Concerning Requirements For State Contracts Concerning Automated License Plate Reader Information.,"To impose requirements for contracts entered into by a public agency with an entity that concern automated license plate reader information to govern how the entity may store or use such information, require such information be kept confidential and concerning jurisdiction and choice of law in the event of a dispute.",1,2026-03-12,https://legiscan.com/CT/bill/HB05552/2026
CT,2132600,,An Act Concerning Minor And Technical Changes To An Absentee Voting Statute.,To make minor and technical changes to an absentee voting statute.,1,2026-03-12,https://legiscan.com/CT/bill/HB05553/2026
CT,2132488,,An Act Concerning The Membership Of The Legislative Regulation Review Committee And Agency Reports Concerning A Review Of Regulations.,"To modify the membership and leadership of the legislative regulation review committee, and to require agencies to submit a status report concerning their progress on reviewing their regulations annually.",1,2026-03-12,https://legiscan.com/CT/bill/HB05554/2026
CT,2132425,,An Act Expanding The Address Confidentiality Program Of The Secretary Of The State.,"To expand the address confidentiality program to include applicants who are engaged in the provision, facilitation or promotion of reproductive health care services and gender-affirming health care services and have safety concerns, to expand such program to require persons as well as state agencies to use a program address and to create a process for the shielding of real property records of program participants.",1,2026-03-12,https://legiscan.com/CT/bill/HB05555/2026
CT,2132587,,An Act Concerning Complex Care Service Delivery For Young Adults With Co-occurring Mental Health And Intellectual Disability Or Autism Diagnoses.,To implement recommendations from a study concerning complex care for young adults with co-occurring diagnoses.,1,2026-03-12,https://legiscan.com/CT/bill/HB05556/2026
CT,2132451,,An Act Concerning Eligibility Determinations By The Department Of Developmental Services.,To modify eligibility criteria for assistance programs administered by the Department of Developmental Services.,1,2026-03-12,https://legiscan.com/CT/bill/HB05557/2026
CT,2132549,,An Act Concerning The Department Of Developmental Services' Abuse And Neglect Investigations.,To ensure family members of suspected abuse or neglect victims have access to abuse and neglect investigation reports filed by the Department of Developmental Services unless such family members are suspected of such abuse or neglect and require the department to evaluate and report on the sufficiency of background checks of persons hired to provide services to clients served by the department and whether abuse and neglect investigations are conducted in a prompt and thorough manner.,1,2026-03-12,https://legiscan.com/CT/bill/HB05558/2026
CT,2132454,,An Act Concerning A Basic Health Program.,To expand affordable care options by establishing a basic health program under the Affordable Care Act.,1,2026-03-12,https://legiscan.com/CT/bill/HB05559/2026
CT,2132598,,An Act Concerning Costs And Rates Of Reimbursement For Programs Administered By The Departments Of Developmental And Social Services.,To establish payment parity for nonprofit organizations providing the same services to the Departments of Developmental and Social Services.,1,2026-03-12,https://legiscan.com/CT/bill/HB05560/2026
CT,2132555,,An Act Concerning Medicaid Rate Increases For Certain Providers.,To increase Medicaid rates of reimbursement for certain providers.,1,2026-03-12,https://legiscan.com/CT/bill/HB05561/2026
CT,2132440,,An Act Concerning Various Revisions To Human Services Statutes.,To make technical and other changes to statutes concerning human services.,1,2026-03-12,https://legiscan.com/CT/bill/HB05562/2026
CT,2132494,,An Act Concerning Various Criminal Law Proposals.,"To (1) modify statutory provisions relating to the offenses of organized retail theft and accessory to organized retail theft, (2) establish fostering the sale of stolen property and gift card crime as forms of larceny, (3) modify statutory provisions relating to the civil liability of a person eighteen years of age or older or an emancipated minor who takes possession of certain goods, merchandise or produce without the consent of the owner and with a certain intention, or who alters the price indicia of such goods or merchandise, and (4) modify statutory provisions concerning to whom the Department of Public Health may release information concerning acknowledgment of parentage.",1,2026-03-12,https://legiscan.com/CT/bill/HB05563/2026
CT,2132596,,An Act Concerning Victim Statements And Requirements For Victim Notification.,To better align provisions concerning victim statements and victim notification and update an obsolete provision.,1,2026-03-12,https://legiscan.com/CT/bill/HB05564/2026
CT,2132548,,An Act Concerning A Study Of The Civil And Criminal Laws Of This State.,To study the civil and criminal laws of this state.,1,2026-03-12,https://legiscan.com/CT/bill/HB05565/2026
CT,2132466,,An Act Concerning Accelerated Rehabilitation In The Case Of Animal Cruelty.,To restrict the availability of accelerated rehabilitation for certain crimes involving animal cruelty.,1,2026-03-12,https://legiscan.com/CT/bill/HB05566/2026
CT,2132537,,An Act Concerning Health Care In The Department Of Correction Facilities.,"To (1) establish medical professional positions within the Office of the Correction Ombuds, (2) develop processes to ensure medications are administered as directed in Department of Correction facilities and other safeguards concerning health care provided to persons who are incarcerated, (3) reimburse student loans of persons working with the Department of Correction as nurses, (4) direct an audit of the nutrition and food services of the department, (5) require medical history be transmitted to the department as part of a presentencing report, (6) enhance training for correction officers, (7) establish the Correction Medical and Health Oversight Board, and (8) enact various other proposals supporting the health and well-being of incarcerated persons.",1,2026-03-12,https://legiscan.com/CT/bill/HB05567/2026
CT,2135328,,An Act Increasing The Motor Vehicle Registration Fees For Electric Vehicles.,"To increase the motor vehicle registration fee for battery electric vehicles, fuel cell electric vehicles, range-extended battery electric vehicles and plug-in hybrid electric vehicles.",1,2026-03-18,https://legiscan.com/CT/bill/HB05568/2026
CT,2136261,,An Act Concerning A Small Business Tax Credit For Qualified Local Media Advertising Expenses.,To establish a five-year tax credit for small businesses for qualified local media advertising expenses.,1,2026-03-20,https://legiscan.com/CT/bill/HB05569/2026
CT,2136230,,An Act Concerning A Tax Credit For Milk Producers.,To establish a refundable credit for milk producers against the tax imposed under chapter 208 or 229 of the general statutes for the months when the federal pay price for milk is below the minimum sustainable monthly cost of production.,1,2026-03-20,https://legiscan.com/CT/bill/HB05570/2026
CT,2136247,,An Act Establishing A Tax Credit For Qualified Operators And A Working Group To Examine Market-based Sourcing For Certain Investment Assets Income And Concerning The Angel Investor Tax Credit And The Definitions For Certain Tax Credits.,"To (1) establish a tax credit for qualified operators that have entered into certain agreements, (2) establish a working group to examine the state's application of market-based sourcing to income from investment assets for financial institutions, (3) revise certain requirements for the angel investor tax credit, (4) update the definition of ""research and experimental expenditures"" in section 12-217j of the general statutes to account for changes made at the federal level, and (5) revise the definition of ""eligible farmer"" for purposes of the tax credit for farm investment property.",1,2026-03-20,https://legiscan.com/CT/bill/HB05571/2026
CT,2138319,,An Act Conveying A Parcel Of State Land To The Town Of Woodbury.,To convey a parcel of state land to the town of Woodbury for purposes of a commemorative memorial green.,1,2026-03-26,https://legiscan.com/CT/bill/HB05572/2026
CT,2138222,,An Act Conveying A Parcel Of State Land In The City Of Torrington.,To convey a parcel of state land in the city of Torrington for purposes of relocating a trail to the site of said parcel.,1,2026-03-26,https://legiscan.com/CT/bill/HB05573/2026
CT,2138336,,An Act Amending A Conveyance Of A Parcel Of State Land To The Town Of Hamden.,To extend the deadline for a conveyance of a parcel of state land to the town of Hamden by one year.,1,2026-03-26,https://legiscan.com/CT/bill/HB05574/2026
CT,2138280,,An Act Conveying A Parcel Of State Land To The City Of Shelton.,To convey a parcel of state land to the city of Shelton for three hundred fifty thousand dollars.,1,2026-03-26,https://legiscan.com/CT/bill/HB05575/2026
CT,2138328,,An Act Amending A Prior Conveyance Of Parcels Of State Land To The City Of New Haven.,"To amend a prior conveyance of parcels of state land to the city of New Haven to delete a requirement for a memorandum of understanding between the city and APT Foundation, Inc.",1,2026-03-26,https://legiscan.com/CT/bill/HB05576/2026
CT,2138378,,An Act Amending A Conveyance Of A Parcel Of Land To The Town Of Somers.,"To amend a prior conveyance of land to the town of Somers to (1) specify that the conveyance shall be for administrative costs, (2) require a deed restriction concerning the use of said land for public safety purposes, and (3) make technical corrections to the property description.",1,2026-03-26,https://legiscan.com/CT/bill/HB05577/2026
CT,2138365,,An Act Amending A Conveyance Of A Parcel Of State Land To The Chesprocott Health District.,To amend a prior conveyance of land to the Chesprocott Health District to expand the permissible uses of such land.,1,2026-03-26,https://legiscan.com/CT/bill/HB05578/2026
CT,2138252,,An Act Amending A Conveyance Of Parcels Of State Land To The Town Of Cheshire.,To amend a prior conveyance of state land to the town of Cheshire to expand the permissible uses for which such land may be sold by the town and extend the deadline for such sale an additional five years.,1,2026-03-26,https://legiscan.com/CT/bill/HB05579/2026
CT,2138259,,"An Act Amending A Prior Conveyance Of A Parcel Of State Land To The Town Of Stratford To Permit The Parcel To Be Sold, Transferred Or Leased.","To amend a prior conveyance of state land to the town of Stratford to permit the parcel to be sold, transferred or leased.",1,2026-03-26,https://legiscan.com/CT/bill/HB05580/2026
CT,2138213,,An Act Amending A Prior Conveyance Of A Parcel Of State Land To The Town Of Rocky Hill To Change The Acreage And Identification Of Said Parcel.,To amend a prior conveyance of a parcel of state land to the town of Rocky Hill to change the acreage and identification of said parcel.,1,2026-03-26,https://legiscan.com/CT/bill/HB05581/2026
CT,2138347,,An Act Amending A Prior Conveyance To Convey An Additional Portion Of A Parcel Of State Land To The Town Of Stratford.,"To amend a prior conveyance of a parcel of state land to the town of Stratford to require that a portion of said parcel that was retained by the state be conveyed to the town of Stratford, subject to an agreement with the town that the parcel continue to be used by the state.",1,2026-03-26,https://legiscan.com/CT/bill/HB05582/2026
CT,2107222,,Resolution Concerning The Printing Of The House Journal.,Resolution Concerning The Printing Of The House Journal.,4,2026-02-04,https://legiscan.com/CT/bill/HR00001/2026
CT,2107275,,Resolution Raising A Committee To Inform The Senate That The House Is Ready To Meet In Joint Convention.,Resolution Raising A Committee To Inform The Senate That The House Is Ready To Meet In Joint Convention.,4,2026-02-04,https://legiscan.com/CT/bill/HR00002/2026
CT,2118278,,"Resolution Proposing Approval Of An Arbitration Award Between The State Of Connecticut Judicial Branch And The Connecticut State Employees Association, Seiu Local 2001, The International Brotherhood Of Police Officers And The Union Of Professional Judicial Employees (aft/aft-ct, Afl-cio).","Resolution Proposing Approval Of An Arbitration Award Between The State Of Connecticut Judicial Branch And The Connecticut State Employees Association, Seiu Local 2001, The International Brotherhood Of Police Officers And The Union Of Professional Judicial Employees (aft/aft-ct, Afl-cio).",4,2026-02-26,https://legiscan.com/CT/bill/HR00003/2026
CT,2128549,,"Resolution Proposing Approval Of A Tentative Agreement Between The State Of Connecticut And The Connecticut Employees Union Independent, Np-2 Bargaining Unit (ceui).","Resolution Proposing Approval Of A Tentative Agreement Between The State Of Connecticut And The Connecticut Employees Union Independent, Np-2 Bargaining Unit (ceui).",4,2026-03-25,https://legiscan.com/CT/bill/HR00004/2026
CT,2132216,,Resolution Confirming The Nomination Of George Barrios Of Fairfield To Be A Member Of The Board Of Trustees For The University Of Connecticut.,Resolution Confirming The Nomination Of George Barrios Of Fairfield To Be A Member Of The Board Of Trustees For The University Of Connecticut.,4,2026-03-25,https://legiscan.com/CT/bill/HR00005/2026
CT,2132173,,"Resolution Confirming The Nomination Of Denis J. Nayden Of Jupiter, Florida To Be A Member Of The Board Of Trustees For The University Of Connecticut.","Resolution Confirming The Nomination Of Denis J. Nayden Of Jupiter, Florida To Be A Member Of The Board Of Trustees For The University Of Connecticut.",4,2026-03-25,https://legiscan.com/CT/bill/HR00006/2026
CT,2132263,,Resolution Confirming The Nomination Of Richard I. Vogel Of New Canaan To Be A Member Of The Board Of Trustees For The University Of Connecticut.,Resolution Confirming The Nomination Of Richard I. Vogel Of New Canaan To Be A Member Of The Board Of Trustees For The University Of Connecticut.,4,2026-03-25,https://legiscan.com/CT/bill/HR00007/2026
CT,2135626,,Resolution Confirming The Nomination Of Elena Trueworthy Of Mansfield To Be Commissioner Of Early Childhood.,Resolution Confirming The Nomination Of Elena Trueworthy Of Mansfield To Be Commissioner Of Early Childhood.,4,2026-03-25,https://legiscan.com/CT/bill/HR00008/2026
CT,2137880,,Resolution Confirming The Nomination Of Susan Hamilton Of West Hartford To Be Commissioner Of Children And Families.,Resolution Confirming The Nomination Of Susan Hamilton Of West Hartford To Be Commissioner Of Children And Families.,1,2026-03-25,https://legiscan.com/CT/bill/HR00009/2026
CT,2118789,,Resolution Confirming The Nomination Of The Honorable Tammy T. Nguyen-o'dowd Of Bloomfield To Be A Member Of The Judicial Review Council.,Resolution Confirming The Nomination Of The Honorable Tammy T. Nguyen-o'dowd Of Bloomfield To Be A Member Of The Judicial Review Council.,2,2026-03-25,https://legiscan.com/CT/bill/HJ00001/2026
CT,2118744,,"Resolution Confirming The Nomination Of The Honorable Eugene Calistro, Jr. Of Guilford To Be A Member Of The Judicial Review Council.","Resolution Confirming The Nomination Of The Honorable Eugene Calistro, Jr. Of Guilford To Be A Member Of The Judicial Review Council.",2,2026-03-25,https://legiscan.com/CT/bill/HJ00002/2026
CT,2120445,,Resolution Confirming The Claims Commissioner's Compensation Award To Mark Stuart With Respect To His Claim Against The State For Wrongful Incarceration.,Resolution Confirming The Claims Commissioner's Compensation Award To Mark Stuart With Respect To His Claim Against The State For Wrongful Incarceration.,1,2026-02-20,https://legiscan.com/CT/bill/HJ00003/2026
CT,2120546,,Resolution Confirming The Claims Commissioner's Compensation Award To Michael Smith With Respect To His Claim Against The State For Wrongful Incarceration.,Resolution Confirming The Claims Commissioner's Compensation Award To Michael Smith With Respect To His Claim Against The State For Wrongful Incarceration.,1,2026-02-20,https://legiscan.com/CT/bill/HJ00004/2026
CT,2120557,,Resolution Confirming The Claims Commissioner's Compensation Award To Charles Williams With Respect To His Claim Against The State For Wrongful Incarceration.,Resolution Confirming The Claims Commissioner's Compensation Award To Charles Williams With Respect To His Claim Against The State For Wrongful Incarceration.,1,2026-02-20,https://legiscan.com/CT/bill/HJ00005/2026
CT,2120571,,"Resolution Confirming The Claims Commissioner's Compensation Award To Charles Coleman, Jr. With Respect To His Claim Against The State For Wrongful Incarceration.","Resolution Confirming The Claims Commissioner's Compensation Award To Charles Coleman, Jr. With Respect To His Claim Against The State For Wrongful Incarceration.",1,2026-02-20,https://legiscan.com/CT/bill/HJ00006/2026
CT,2121054,,Resolution Confirming The Nomination Of Samarth Basanth Of South Windsor To Be A Nonvoting Student Member Of The State Board Of Education.,Resolution Confirming The Nomination Of Samarth Basanth Of South Windsor To Be A Nonvoting Student Member Of The State Board Of Education.,1,2026-02-20,https://legiscan.com/CT/bill/HJ00007/2026
CT,2121008,,Resolution Confirming The Nomination Of Hansika Lenkala Of East Granby To Be A Nonvoting Student Member Of The State Board Of Education.,Resolution Confirming The Nomination Of Hansika Lenkala Of East Granby To Be A Nonvoting Student Member Of The State Board Of Education.,2,2026-03-25,https://legiscan.com/CT/bill/HJ00008/2026
CT,2122184,,Resolution Confirming The Nomination Of The Honorable Barbara A. Hoffman Of Clinton To Be A Judge Of The Superior Court.,Resolution Confirming The Nomination Of The Honorable Barbara A. Hoffman Of Clinton To Be A Judge Of The Superior Court.,2,2026-03-25,https://legiscan.com/CT/bill/HJ00009/2026
CT,2122201,,Resolution Confirming The Nomination Of The Honorable Daniel J. Klau Of West Hartford To Be A Judge Of The Superior Court.,Resolution Confirming The Nomination Of The Honorable Daniel J. Klau Of West Hartford To Be A Judge Of The Superior Court.,2,2026-03-25,https://legiscan.com/CT/bill/HJ00010/2026
CT,2122124,,"Resolution Confirming The Nomination Of The Honorable Ronald E. Kowalski, Ii Of Norwalk To Be A Judge Of The Superior Court.","Resolution Confirming The Nomination Of The Honorable Ronald E. Kowalski, Ii Of Norwalk To Be A Judge Of The Superior Court.",2,2026-03-25,https://legiscan.com/CT/bill/HJ00011/2026
CT,2122151,,Resolution Confirming The Nomination Of The Honorable Ann E. Lynch Of Granby To Be A Judge Of The Superior Court.,Resolution Confirming The Nomination Of The Honorable Ann E. Lynch Of Granby To Be A Judge Of The Superior Court.,2,2026-03-25,https://legiscan.com/CT/bill/HJ00012/2026
CT,2122170,,Resolution Confirming The Nomination Of The Honorable Stephanie A. Mclaughlin Of Stamford To Be A Judge Of The Superior Court.,Resolution Confirming The Nomination Of The Honorable Stephanie A. Mclaughlin Of Stamford To Be A Judge Of The Superior Court.,2,2026-03-25,https://legiscan.com/CT/bill/HJ00013/2026
CT,2122167,,Resolution Confirming The Nomination Of The Honorable Peter A. Mcshane Of Madison To Be A Judge Of The Superior Court.,Resolution Confirming The Nomination Of The Honorable Peter A. Mcshane Of Madison To Be A Judge Of The Superior Court.,2,2026-03-25,https://legiscan.com/CT/bill/HJ00014/2026
CT,2122175,,Resolution Confirming The Nomination Of The Honorable Margarita Hartley Moore Of Milford To Be A Judge Of The Superior Court.,Resolution Confirming The Nomination Of The Honorable Margarita Hartley Moore Of Milford To Be A Judge Of The Superior Court.,2,2026-03-25,https://legiscan.com/CT/bill/HJ00015/2026
CT,2122127,,Resolution Confirming The Nomination Of The Honorable Maureen Price-boreland Of Durham To Be A Judge Of The Superior Court.,Resolution Confirming The Nomination Of The Honorable Maureen Price-boreland Of Durham To Be A Judge Of The Superior Court.,2,2026-03-25,https://legiscan.com/CT/bill/HJ00016/2026
CT,2122164,,Resolution Confirming The Nomination Of The Honorable Stuart D. Rosen Of Avon To Be A Judge Of The Superior Court.,Resolution Confirming The Nomination Of The Honorable Stuart D. Rosen Of Avon To Be A Judge Of The Superior Court.,2,2026-03-25,https://legiscan.com/CT/bill/HJ00017/2026
CT,2122196,,Resolution Confirming The Nomination Of The Honorable Norma I. Sanchez-figueroa Of South Windsor To Be A Judge Of The Superior Court.,Resolution Confirming The Nomination Of The Honorable Norma I. Sanchez-figueroa Of South Windsor To Be A Judge Of The Superior Court.,2,2026-03-25,https://legiscan.com/CT/bill/HJ00018/2026
CT,2122199,,Resolution Confirming The Nomination Of The Honorable Joseph B. Schwartz Of West Hartford To Be A Judge Of The Superior Court.,Resolution Confirming The Nomination Of The Honorable Joseph B. Schwartz Of West Hartford To Be A Judge Of The Superior Court.,2,2026-03-25,https://legiscan.com/CT/bill/HJ00019/2026
CT,2122181,,Resolution Confirming The Nomination Of The Honorable James Field Spallone Of Ivoryton To Be A Judge Of The Superior Court.,Resolution Confirming The Nomination Of The Honorable James Field Spallone Of Ivoryton To Be A Judge Of The Superior Court.,2,2026-03-25,https://legiscan.com/CT/bill/HJ00020/2026
CT,2122145,,Resolution Confirming The Nomination Of The Honorable Susan Quinn Cobb Of West Hartford To Be A Senior Judge Of The Superior Court.,Resolution Confirming The Nomination Of The Honorable Susan Quinn Cobb Of West Hartford To Be A Senior Judge Of The Superior Court.,2,2026-03-25,https://legiscan.com/CT/bill/HJ00021/2026
CT,2122131,,Resolution Confirming The Nomination Of The Honorable Dennis G. Eveleigh Of Hamden To Be A State Referee.,Resolution Confirming The Nomination Of The Honorable Dennis G. Eveleigh Of Hamden To Be A State Referee.,2,2026-03-25,https://legiscan.com/CT/bill/HJ00022/2026
CT,2122158,,Resolution Confirming The Nomination Of The Honorable James T. Graham Of Bloomfield To Be A State Referee.,Resolution Confirming The Nomination Of The Honorable James T. Graham Of Bloomfield To Be A State Referee.,2,2026-03-25,https://legiscan.com/CT/bill/HJ00023/2026
CT,2122188,,Resolution Confirming The Nomination Of The Honorable Arthur C. Hadden Of Branford To Be A State Referee.,Resolution Confirming The Nomination Of The Honorable Arthur C. Hadden Of Branford To Be A State Referee.,2,2026-03-25,https://legiscan.com/CT/bill/HJ00024/2026
CT,2122155,,"Resolution Confirming The Nomination Of The Honorable John F. Kavanewsky, Jr. Of Norwalk To Be A State Referee.","Resolution Confirming The Nomination Of The Honorable John F. Kavanewsky, Jr. Of Norwalk To Be A State Referee.",2,2026-03-25,https://legiscan.com/CT/bill/HJ00025/2026
CT,2122136,,Resolution Confirming The Nomination Of The Honorable Joseph M. Shortall Of Bloomfield To Be A State Referee.,Resolution Confirming The Nomination Of The Honorable Joseph M. Shortall Of Bloomfield To Be A State Referee.,2,2026-03-25,https://legiscan.com/CT/bill/HJ00026/2026
CT,2122192,,Resolution Confirming The Nomination Of The Honorable Barry K. Stevens Of Stratford To Be A State Referee.,Resolution Confirming The Nomination Of The Honorable Barry K. Stevens Of Stratford To Be A State Referee.,2,2026-03-25,https://legiscan.com/CT/bill/HJ00027/2026
CT,2122142,,Resolution Confirming The Nomination Of The Honorable Michael Wu Of Canton To Be A State Referee.,Resolution Confirming The Nomination Of The Honorable Michael Wu Of Canton To Be A State Referee.,2,2026-03-25,https://legiscan.com/CT/bill/HJ00028/2026
CT,2123459,,Resolution Confirming The Nomination Of Janis C. Jerman Of New Britain To Be Reappointed A Member Of The State Department Of Education Arbitration Panel.,Resolution Confirming The Nomination Of Janis C. Jerman Of New Britain To Be Reappointed A Member Of The State Department Of Education Arbitration Panel.,2,2026-03-25,https://legiscan.com/CT/bill/HJ00029/2026
CT,2123481,,Resolution Confirming The Nomination Of Delwyn F. Cummings Of Meriden To Be A Member Of The Board Of Regents For Higher Education.,Resolution Confirming The Nomination Of Delwyn F. Cummings Of Meriden To Be A Member Of The Board Of Regents For Higher Education.,2,2026-03-25,https://legiscan.com/CT/bill/HJ00030/2026
CT,2124439,,Resolution Concerning The Reauthorization Of The Community Investment Fund Board And Program.,Resolution Concerning The Reauthorization Of The Community Investment Fund Board And Program.,1,2026-02-26,https://legiscan.com/CT/bill/HJ00031/2026
CT,2124556,,Resolution Proposing An Amendment To The State Constitution To Allow Individuals Who Have Attained The Age Of Sixteen To Apply For Admission As Electors And To Be So Admitted Upon Attaining The Age Of Eighteen.,Resolution Proposing An Amendment To The State Constitution To Allow Individuals Who Have Attained The Age Of Sixteen To Apply For Admission As Electors And To Be So Admitted Upon Attaining The Age Of Eighteen.,1,2026-02-26,https://legiscan.com/CT/bill/HJ00032/2026
CT,2124436,,Resolution Recognizing Native American Stewardship.,Resolution Recognizing Native American Stewardship.,1,2026-02-26,https://legiscan.com/CT/bill/HJ00033/2026
CT,2124227,,Resolution Commemorating The Twenty-seventh Anniversary Of The Connecticut-taiwan Sister-state Relationship.,Resolution Commemorating The Twenty-seventh Anniversary Of The Connecticut-taiwan Sister-state Relationship.,1,2026-02-26,https://legiscan.com/CT/bill/HJ00034/2026
CT,2128512,,"Resolution Confirming The Decision Of The Claims Commissioner To Dismiss The Claim Against The State Of The Estate Of Patrick Camera, Administrator Frank Camera.","Resolution Confirming The Decision Of The Claims Commissioner To Dismiss The Claim Against The State Of The Estate Of Patrick Camera, Administrator Frank Camera.",1,2026-03-04,https://legiscan.com/CT/bill/HJ00035/2026
CT,2128396,,Resolution Confirming The Decision Of The Claims Commissioner To Dismiss The Claim Against The State Of William Ricks.,Resolution Confirming The Decision Of The Claims Commissioner To Dismiss The Claim Against The State Of William Ricks.,1,2026-03-04,https://legiscan.com/CT/bill/HJ00036/2026
CT,2128477,,"Resolution Confirming The Decision Of The Claims Commissioner To Dismiss The Claim Against The State Of Bryan Trimble, Sr.","Resolution Confirming The Decision Of The Claims Commissioner To Dismiss The Claim Against The State Of Bryan Trimble, Sr.",1,2026-03-04,https://legiscan.com/CT/bill/HJ00037/2026
CT,2128321,,Resolution Confirming The Decision Of The Claims Commissioner To Dismiss The Claim Against The State Of Omar Miller.,Resolution Confirming The Decision Of The Claims Commissioner To Dismiss The Claim Against The State Of Omar Miller.,1,2026-03-04,https://legiscan.com/CT/bill/HJ00038/2026
CT,2128369,,Resolution Confirming The Decision Of The Claims Commissioner To Dismiss The Claim Against The State Of William Ricks.,Resolution Confirming The Decision Of The Claims Commissioner To Dismiss The Claim Against The State Of William Ricks.,1,2026-03-04,https://legiscan.com/CT/bill/HJ00039/2026
CT,2128333,,Resolution Confirming The Decision Of The Claims Commissioner To Deny The Claim Against The State Of Nerissa Terry.,Resolution Confirming The Decision Of The Claims Commissioner To Deny The Claim Against The State Of Nerissa Terry.,1,2026-03-04,https://legiscan.com/CT/bill/HJ00040/2026
CT,2128545,,Resolution Confirming The Decision Of The Claims Commissioner To Deny The Claim Against The State Of Kennara Poteat.,Resolution Confirming The Decision Of The Claims Commissioner To Deny The Claim Against The State Of Kennara Poteat.,1,2026-03-04,https://legiscan.com/CT/bill/HJ00041/2026
CT,2128413,,"Resolution Confirming The Decision Of The Claims Commissioner To Deny The Claim Against The State Of Evan Clark, Ppa, Christopher Clark.","Resolution Confirming The Decision Of The Claims Commissioner To Deny The Claim Against The State Of Evan Clark, Ppa, Christopher Clark.",1,2026-03-04,https://legiscan.com/CT/bill/HJ00042/2026
CT,2128525,,Resolution Confirming The Decision Of The Claims Commissioner To Dismiss The Claim Against The State Of Byron Keith Bibbins.,Resolution Confirming The Decision Of The Claims Commissioner To Dismiss The Claim Against The State Of Byron Keith Bibbins.,1,2026-03-04,https://legiscan.com/CT/bill/HJ00043/2026
CT,2128456,,Resolution Confirming The Decision Of The Claims Commissioner To Dismiss The Claim Against The State Of Perry Forgione.,Resolution Confirming The Decision Of The Claims Commissioner To Dismiss The Claim Against The State Of Perry Forgione.,1,2026-03-04,https://legiscan.com/CT/bill/HJ00044/2026
CT,2128557,,"Resolution Confirming The Decision Of The Claims Commissioner To Dismiss The Claim Against The State Of Joanne Avoletta, Matthew Avoletta And Peter Avoletta.","Resolution Confirming The Decision Of The Claims Commissioner To Dismiss The Claim Against The State Of Joanne Avoletta, Matthew Avoletta And Peter Avoletta.",1,2026-03-04,https://legiscan.com/CT/bill/HJ00045/2026
CT,2128499,,Resolution Confirming The Decision Of The Claims Commissioner To Dismiss The Claim Against The State Of Marvin Minter.,Resolution Confirming The Decision Of The Claims Commissioner To Dismiss The Claim Against The State Of Marvin Minter.,1,2026-03-04,https://legiscan.com/CT/bill/HJ00046/2026
CT,2128437,,"Resolution Confirming The Decision Of The Claims Commissioner To Dismiss The Claim Against The State Of Columbia Dental P.c. And Columbia Oral Maxillofacial Imaging, Llc Abbas Mohammadi.","Resolution Confirming The Decision Of The Claims Commissioner To Dismiss The Claim Against The State Of Columbia Dental P.c. And Columbia Oral Maxillofacial Imaging, Llc Abbas Mohammadi.",1,2026-03-04,https://legiscan.com/CT/bill/HJ00047/2026
CT,2128423,,Resolution Confirming The Decision Of The Claims Commissioner To Dismiss The Claim Against The State Of Christopher Petteway.,Resolution Confirming The Decision Of The Claims Commissioner To Dismiss The Claim Against The State Of Christopher Petteway.,1,2026-03-04,https://legiscan.com/CT/bill/HJ00048/2026
CT,2128405,,Resolution Confirming The Decision Of The Claims Commissioner To Dismiss The Claim Against The State Of Christian Martinez.,Resolution Confirming The Decision Of The Claims Commissioner To Dismiss The Claim Against The State Of Christian Martinez.,1,2026-03-04,https://legiscan.com/CT/bill/HJ00049/2026
CT,2128447,,Resolution Confirming The Decision Of The Claims Commissioner To Deny The Claim Against The State Of Jose Vazquez.,Resolution Confirming The Decision Of The Claims Commissioner To Deny The Claim Against The State Of Jose Vazquez.,1,2026-03-04,https://legiscan.com/CT/bill/HJ00050/2026
CT,2128459,,Resolution Confirming The Decision Of The Claims Commissioner To Dismiss The Claim Against The State Of Carol Roach.,Resolution Confirming The Decision Of The Claims Commissioner To Dismiss The Claim Against The State Of Carol Roach.,1,2026-03-04,https://legiscan.com/CT/bill/HJ00051/2026
CT,2128403,,Resolution Confirming The Decision Of The Claims Commissioner To Dismiss The Claim Against The State Of Addison Bennings.,Resolution Confirming The Decision Of The Claims Commissioner To Dismiss The Claim Against The State Of Addison Bennings.,1,2026-03-04,https://legiscan.com/CT/bill/HJ00052/2026
CT,2128533,,Resolution Confirming The Decision Of The Claims Commissioner To Dismiss The Claim Against The State Of Earl Bradley.,Resolution Confirming The Decision Of The Claims Commissioner To Dismiss The Claim Against The State Of Earl Bradley.,1,2026-03-04,https://legiscan.com/CT/bill/HJ00053/2026
CT,2128330,,Resolution Confirming The Decision Of The Claims Commissioner To Dismiss The Claim Against The State Of Jennifer Buonfiglio.,Resolution Confirming The Decision Of The Claims Commissioner To Dismiss The Claim Against The State Of Jennifer Buonfiglio.,1,2026-03-04,https://legiscan.com/CT/bill/HJ00054/2026
CT,2128469,,Resolution Confirming The Decision Of The Claims Commissioner To Deny The Claim Against The State Of Frederick Basso.,Resolution Confirming The Decision Of The Claims Commissioner To Deny The Claim Against The State Of Frederick Basso.,1,2026-03-04,https://legiscan.com/CT/bill/HJ00055/2026
CT,2128495,,Resolution Confirming The Decision Of The Claims Commissioner To Dismiss The Claim Against The State Of Kipp Wiggins.,Resolution Confirming The Decision Of The Claims Commissioner To Dismiss The Claim Against The State Of Kipp Wiggins.,1,2026-03-04,https://legiscan.com/CT/bill/HJ00056/2026
CT,2128517,,"Resolution Accepting The Recommendation Of The Claims Commissioner To Make Payment In Excess Of Thirty-five Thousand Dollars With Respect To The Claim Against The State Of Clifford Beers Community Health Partners, Llc O/b/o Youth Continuum, Llc.","Resolution Accepting The Recommendation Of The Claims Commissioner To Make Payment In Excess Of Thirty-five Thousand Dollars With Respect To The Claim Against The State Of Clifford Beers Community Health Partners, Llc O/b/o Youth Continuum, Llc.",1,2026-03-04,https://legiscan.com/CT/bill/HJ00057/2026
CT,2128781,,Resolution Confirming The Nomination Of The Honorable Barry F. Armata Of Suffield To Be A Member Of The Judicial Review Council.,Resolution Confirming The Nomination Of The Honorable Barry F. Armata Of Suffield To Be A Member Of The Judicial Review Council.,2,2026-03-25,https://legiscan.com/CT/bill/HJ00058/2026
CT,2130771,,Resolution Confirming The Nomination Of Janice Beecher Of New Britain To Be A Utility Commissioner Of The Public Utilities Regulatory Authority.,Resolution Confirming The Nomination Of Janice Beecher Of New Britain To Be A Utility Commissioner Of The Public Utilities Regulatory Authority.,2,2026-03-25,https://legiscan.com/CT/bill/HJ00059/2026
CT,2130794,,Resolution Confirming The Nomination Of Holly Cheeseman Of Niantic To Be A Utility Commissioner Of The Public Utilities Regulatory Authority.,Resolution Confirming The Nomination Of Holly Cheeseman Of Niantic To Be A Utility Commissioner Of The Public Utilities Regulatory Authority.,2,2026-03-25,https://legiscan.com/CT/bill/HJ00060/2026
CT,2135781,,Resolution Confirming The Nomination Of Patricia M. Feeney Of Plainfield To Be A Member Of The Technical Education And Career System Board.,Resolution Confirming The Nomination Of Patricia M. Feeney Of Plainfield To Be A Member Of The Technical Education And Career System Board.,2,2026-03-25,https://legiscan.com/CT/bill/HJ00061/2026
CT,2135706,,Resolution Confirming The Nomination Of Christina D. Ghio Of Cheshire To Be The Child Advocate.,Resolution Confirming The Nomination Of Christina D. Ghio Of Cheshire To Be The Child Advocate.,2,2026-03-25,https://legiscan.com/CT/bill/HJ00062/2026
CT,2136497,,Resolution Confirming The Nomination Of James Donegan Of Milford To Be A Member Of The Board Of Directors Of The Connecticut Port Authority.,Resolution Confirming The Nomination Of James Donegan Of Milford To Be A Member Of The Board Of Directors Of The Connecticut Port Authority.,2,2026-03-25,https://legiscan.com/CT/bill/HJ00063/2026
CT,2136532,,Resolution Confirming The Nomination Of Gerald Weiner Of Woodbridge To Be Reappointed A Member Of The State Department Of Education Arbitration Panel.,Resolution Confirming The Nomination Of Gerald Weiner Of Woodbridge To Be Reappointed A Member Of The State Department Of Education Arbitration Panel.,2,2026-03-25,https://legiscan.com/CT/bill/HJ00064/2026
CT,2137924,,Resolution Confirming The Nomination Of Michael R. Ricci Of Guilford To Be Reappointed A Member Of The State Department Of Education Arbitration Panel.,Resolution Confirming The Nomination Of Michael R. Ricci Of Guilford To Be Reappointed A Member Of The State Department Of Education Arbitration Panel.,1,2026-03-25,https://legiscan.com/CT/bill/HJ00065/2026
CT,2137976,,Resolution Confirming The Nomination Of Robert Mezzo Of Naugatuck To Be A Member Of The Board Of Directors Of The Connecticut Port Authority.,Resolution Confirming The Nomination Of Robert Mezzo Of Naugatuck To Be A Member Of The Board Of Directors Of The Connecticut Port Authority.,1,2026-03-25,https://legiscan.com/CT/bill/HJ00066/2026
CT,2106739,,An Act Concerning Affordability.,"To (1) exempt from the sales and use taxes sales of (A) certain clothing costing under one hundred dollars, school supplies and household appliances, and (B) sandwiches, grinders, coffee and tea prepared and sold by grocery stores, (2) increase the maximum allowable credit against the personal income tax for a person's primary residence or motor vehicle, (3) establish a credit against the personal income tax (A) for expenditures paid or incurred by certain taxpayers for the care and support of eligible family members, and (B) for a portion of rent actually paid by certain taxpayers for such taxpayer's primary residence in the state, and (4) allow all taxpayers, regardless of income, to deduct the full amount of Social Security benefits that are includable in gross income for federal income tax purposes.",1,2026-02-04,https://legiscan.com/CT/bill/SB00001/2026
CT,2106816,,An Act Supporting Local Commerce.,"To (1) exempt from the sales and use taxes gas and electricity used by certain commercial and industrial businesses, (2) dedicate fifty per cent of the additional one per cent sales and use taxes imposed on meals sold by eating establishments, caterers or grocery stores to the Tourism Fund and fifty per cent to the municipality in which such revenue was generated, and (3) establish a Connecticut-India Trade Commission.",1,2026-02-04,https://legiscan.com/CT/bill/SB00002/2026
CT,2106701,,An Act Concerning Health Care Affordability.,To support affordable health care in the state and mitigate the effects of federal cuts to health care premium subsidies.,1,2026-02-04,https://legiscan.com/CT/bill/SB00003/2026
CT,2106705,,An Act Concerning Consumer Privacy.,"To (1) provide for the registration of data brokers, (2) require the Commissioner of Consumer Protection to establish an accessible deletion mechanism program, (3) require manufacturers to affix tariff cost estimates to new automobiles, (4) require disclosures regarding the use of personalized algorithmic pricing, (5) amend the Connecticut Data Privacy Act by (A) defining ""facial recognition technology"", (B) redefining ""publicly available information"", (C) eliminating the entity-level exemption for certain processing decisions concerning employment, (D) providing consumers with additional rights concerning certain profiling decisions, (E) prohibiting the sale, sharing, transfer or allowance of access to precise geolocation data, and (F) establishing new requirements concerning facial recognition technology, and (6) requiring certain state and municipal contracts to restrict the sale, sharing, transfer or allowance of access to automated license plate reader information.",1,2026-02-04,https://legiscan.com/CT/bill/SB00004/2026
CT,2106638,,An Act Concerning Online Safety.,"To (1) establish (A) various requirements concerning artificial intelligence, artificial intelligence systems, artificial intelligence technologies, artificial intelligence companions and automated employment-related decision processes, (B) an Artificial Intelligence Policy Office to be overseen by an Artificial Intelligence Policy Director, (C) an Artificial Intelligence Learning Laboratory Program, (D) a Connecticut AI Academy and require various state agencies to disseminate information concerning said academy, (E) an artificial intelligence working group, and (F) a Connecticut Technology Advisory Board; (2) require (A) subscription-based artificial intelligence providers to make consumer disclosures, (B) frontier developers to implement various internal processes concerning frontier models, (C) synthetic digital content to be detectable as synthetic digital content, (D) the Department of Economic and Community Development to develop and implement a program to bolster artificial intelligence cooperation, (E) the Labor Commissioner to establish an Artificial Intelligence Workforce Research Hub, (F) the Office of Workforce Strategy to develop, implement and promote programs to improve the skills of the state's workforce in relation to artificial intelligence and a plan to create technologist apprenticeships, (G) the Office of Health Strategy to create a program to use artificial intelligence systems to enhance health outcomes for state residents, and (H) the Attorney General, Insurance Commissioner and Commissioner of Consumer Protection to accept applications for safe harbor programs; (3) provide (A) that certain uses of an automated employment-related decision process constitute an unlawful discriminatory practice, (B) that no artificial intelligence technology shall be used to modify or impair a collective bargaining agreement or the role of a designated employee organization, (C) for the designation of artificial intelligence fellows, and (D) for the inclusion of instruction in topics such as the responsible use of emerging technologies in teacher certification preparation programs; and (4) modify (A) the ""computer science education and workforce development account"", (B) the Technology Talent and Innovation Fund Advisory Committee, and (C) the economic development strategic plan.",1,2026-02-04,https://legiscan.com/CT/bill/SB00005/2026
CT,2106768,,An Act Concerning Supports For Children And Families.,To improve the well-being of children and families.,1,2026-02-04,https://legiscan.com/CT/bill/SB00006/2026
CT,2106660,,An Act Concerning Educational Equity.,To increase funding for public schools.,1,2026-02-04,https://legiscan.com/CT/bill/SB00007/2026
CT,2106742,,An Act Supporting Graduate Students In The State.,"To establish the Supplemental Graduate Student Loan Program, allow up to ten million dollars in state bonds for said program, allocate not less than sixty million dollars in annual private activity bonds for the Connecticut Higher Education Supplemental Loan Authority and increase the authority's bonding authorization cap.",1,2026-02-04,https://legiscan.com/CT/bill/SB00008/2026
CT,2106719,,An Act Supporting Commuters And Microtransit Services.,To provide funding for on-demand microtransit services in the state.,1,2026-02-04,https://legiscan.com/CT/bill/SB00009/2026
CT,2106634,,An Act Concerning Funding For The Probate Courts.,To fund an increase in court-appointed conservator compensation to align with the increase in minimum wage in accordance with the recommendations of the working group convened under section 7 of public act 25-48.,1,2026-02-04,https://legiscan.com/CT/bill/SB00010/2026
CT,2106726,,An Act Concerning Funding For The Preapprenticeship Grant Program.,To provide funding for the high school preapprenticeship grant program.,1,2026-02-04,https://legiscan.com/CT/bill/SB00011/2026
CT,2106806,,An Act Concerning Funding For The Shore Line East Rail Line.,To provide funding to increase the Shore Line East rail service between the city of New Haven and the town of Mystic in order to ease traffic congestion on Interstate Route 95 and promote tourism along the Connecticut shoreline during the summer.,1,2026-02-04,https://legiscan.com/CT/bill/SB00012/2026
CT,2106828,,An Act Concerning The Calculation Of State Forest Land In Certain Municipalities For Purposes Of Grants In Lieu Of Taxes Payments.,"To calculate the value of state forest land, for purposes of grants in lieu of taxes payments by the state to municipalities, as real property for any municipality in which over fifty per cent of the land within such municipality's boundaries is state forest.",1,2026-02-04,https://legiscan.com/CT/bill/SB00013/2026
CT,2106648,,An Act Concerning Funding For The State-wide Narcotics Task Force.,"To provide funding to combat the illegal manufacturing and sale of fentanyl in Hartford, New Haven, Bridgeport and Waterbury.",1,2026-02-04,https://legiscan.com/CT/bill/SB00014/2026
CT,2106808,,An Act Concerning Funding For Elderly Nutrition.,To increase funding for elderly nutrition.,1,2026-02-04,https://legiscan.com/CT/bill/SB00015/2026
CT,2106675,,An Act Concerning Funding For The Easy Breathing Asthma Program.,To provide funding for the Easy Breathing asthma program.,1,2026-02-04,https://legiscan.com/CT/bill/SB00016/2026
CT,2106690,,An Act Concerning Funding For The Removal Of Pfas From Fire Apparatus.,"To provide funding to municipalities, fire companies and state entities to remove PFAS from fire apparatus.",1,2026-02-04,https://legiscan.com/CT/bill/SB00017/2026
CT,2106802,,An Act Concerning Funding For Autism Spectrum Disorder Services.,To increase funding for the Autism Spectrum Disorder waiver program to help alleviate the lengthy wait list.,1,2026-02-04,https://legiscan.com/CT/bill/SB00018/2026
CT,2106636,,An Act Concerning Funding For School-based Mental Health Services In Certain Rural Areas.,To offset decreases in federal funding for school-based mental health services in the northwest part of the state.,1,2026-02-04,https://legiscan.com/CT/bill/SB00019/2026
CT,2106754,,An Act Increasing The Per Diem Rate For Members Of The State Board Of Labor Relations.,To increase the per diem rate for regular and alternate members of the State Board of Labor Relations.,1,2026-02-04,https://legiscan.com/CT/bill/SB00020/2026
CT,2106646,,An Act Concerning Funding For The Disposal Of Debris From The Mouth Of The Housatonic River.,To provide funding for the disposal of surface debris from the mouth of the Housatonic River.,1,2026-02-04,https://legiscan.com/CT/bill/SB00021/2026
CT,2106750,,An Act Concerning Funding For The Youth Service Bureaus Enhancement Grant Program.,To provide additional grant funding for youth service bureaus.,1,2026-02-04,https://legiscan.com/CT/bill/SB00022/2026
CT,2106670,,An Act Concerning Funding For Youth Service Bureau Data Reporting.,To provide data on youth service bureaus.,1,2026-02-04,https://legiscan.com/CT/bill/SB00023/2026
CT,2106629,,An Act Concerning Funding For The Office Of Dyslexia And Reading Disabilities.,To provide an operating budget for the Office of Dyslexia and Reading Disabilities.,1,2026-02-04,https://legiscan.com/CT/bill/SB00024/2026
CT,2106795,,An Act Concerning Funding For The Preapprenticeship Grant Program.,To fully fund the preapprenticeship grant program and award each student who successfully completes the program not less than one thousand dollars.,1,2026-02-04,https://legiscan.com/CT/bill/SB00025/2026
CT,2106824,,An Act Concerning Funding For Municipalities For Early Voting Costs.,To make municipalities whole for the increased cost of administering early voting.,1,2026-02-04,https://legiscan.com/CT/bill/SB00026/2026
CT,2106760,,An Act Concerning Funding For Rural Hospitals.,To provide residents in rural communities with vital health care services.,1,2026-02-04,https://legiscan.com/CT/bill/SB00027/2026
CT,2106804,,An Act Requiring Funding For Regional Fire Training Schools Through Appropriations In The State Budget.,"To fund the nine regional fire training schools through appropriations in the state budget and not from any specific taxes or increased surcharges, including any fees on insurance premiums.",1,2026-02-04,https://legiscan.com/CT/bill/SB00028/2026
CT,2106773,,An Act Eliminating Certain Funding For Peoplesbank Arena And The City Of Hartford And Increasing Funding For School Resource Officers.,To provide funding for school safety programs in all towns and cities in the state by reducing certain state funding for PeoplesBank Arena and the city of Hartford.,1,2026-02-04,https://legiscan.com/CT/bill/SB00029/2026
CT,2106696,,An Act Reducing Noneducation Aid To The City Of Hartford.,To reverse the fiscal impact to the state of the debt service agreement between the state and the city of Hartford.,1,2026-02-04,https://legiscan.com/CT/bill/SB00030/2026
CT,2106794,,An Act Increasing The Bond Authorization For The Connecticut Bioscience Innovation Fund.,To increase funding for bioscience innovation.,1,2026-02-04,https://legiscan.com/CT/bill/SB00031/2026
CT,2106689,,"An Act Concerning The Learn Here, Live Here Program.","To increase the annual expenditure on the Learn Here, Live Here program to not more than five million dollars and to make such program available only to individuals whose income is seventy-five thousand dollars or less.",1,2026-02-04,https://legiscan.com/CT/bill/SB00032/2026
CT,2106770,,"An Act Requiring The Establishment Of The Learn Here, Live Here Program, Increasing The Annual Expenditure On Such Program And Making Such Program Available To Certain Individuals.","To: (1) Require the establishment of the Learn Here, Live Here program; (2) increase the annual expenditure on such program to not more than five million dollars; and (3) make such program available only to individuals whose annual federal adjusted gross income is not more than seventy-five thousand dollars.",1,2026-02-04,https://legiscan.com/CT/bill/SB00033/2026
CT,2106723,,An Act Concerning An Increase Of The Foundation Amount For Purposes Of The Education Cost-sharing Grant.,To provide property tax relief.,1,2026-02-04,https://legiscan.com/CT/bill/SB00034/2026
CT,2106640,,An Act Concerning Full Reimbursement Of A School District's Excess Cost For Special Education.,To make school districts whole under the special education excess cost grant.,1,2026-02-04,https://legiscan.com/CT/bill/SB00035/2026
CT,2106656,,An Act Decreasing The Passport To The Parks Fee And Increasing The Nonresident Parking Pass Fee At Any State Park.,"To reduce motor vehicle registration fees for Connecticut residents and increase the nonresident parking pass at any state park, forest, boat launch or other state recreational facility.",1,2026-02-04,https://legiscan.com/CT/bill/SB00036/2026
CT,2106767,,An Act Eliminating The Application Fee For Health Care Professionals Seeking Licensure By The Department Of Public Health And Capping The Licensure Fee For Such Professionals At Two Hundred Dollars.,To eliminate the application fee for public health care professionals seeking licensure by the Department of Public Health and cap the licensure fee for such professionals at two hundred dollars.,1,2026-02-04,https://legiscan.com/CT/bill/SB00037/2026
CT,2106713,,An Act Establishing A Capital Gains Tax On Certain Endowment Funds Of Institutions Of Higher Education And Concerning The Use Of The Revenue Generated.,To impose a capital gains tax on certain endowment funds of institutions of higher education and dedicate the revenue from such tax to reducing the amount that participants in the Paid Family and Medical Leave Insurance Program are required to contribute under section 31-49g of the general statutes.,1,2026-02-04,https://legiscan.com/CT/bill/SB00038/2026
CT,2106731,,An Act Requiring The Indexing Of Income Thresholds For The Personal Income Tax.,To require that income thresholds for the personal income tax be adjusted in accordance with any change in the consumer price index.,1,2026-02-04,https://legiscan.com/CT/bill/SB00039/2026
CT,2106753,,An Act Establishing A Tax Credit For Educational Access And Opportunity Scholarships.,To establish a tax credit for donations made to nonprofit entities that provide educational access and opportunity scholarships.,1,2026-02-04,https://legiscan.com/CT/bill/SB00040/2026
CT,2106728,,An Act Establishing A Personal Income Tax Deduction For Certain Taxpayers For Certain Capital Gains On The Sale Of A Primary Home.,"To establish a personal income tax deduction, for taxpayers sixty-five years of age or older, for the amount of any capital gain on the sale of a primary home that is includable in gross income for federal income tax purposes.",1,2026-02-04,https://legiscan.com/CT/bill/SB00041/2026
CT,2106626,,An Act Establishing A Medicare Premiums Tax Credit Against The Personal Income Tax.,To establish a credit against the personal income tax for premiums paid by a taxpayer for a taxable year for Medicare and Medicare Advantage plans.,1,2026-02-04,https://legiscan.com/CT/bill/SB00042/2026
CT,2106811,,An Act Concerning The Tax Credit For Machinery And Equipment.,To replace the current tax credit for machinery and equipment with a tax credit for fifty per cent of the amount spent by a corporation on machinery and equipment acquired for and installed in a facility in this state and including a five-year minimum use and recapture provision.,1,2026-02-04,https://legiscan.com/CT/bill/SB00043/2026
CT,2106712,,An Act Concerning The Qualifying Income Thresholds For The Social Security Benefits Deduction From The Personal Income Tax.,To increase the qualifying income thresholds for the full Social Security benefits deduction from the personal income tax.,1,2026-02-04,https://legiscan.com/CT/bill/SB00044/2026
CT,2106682,,An Act Concerning The Higher Sales And Use Taxes Rate Applicable To Certain Motor Vehicles.,"To (1) increase to more than seventy-five thousand dollars the sales price threshold for a motor vehicle subject to the seven and three-fourths per cent sales and use taxes rate, and (2) exempt commercial vehicles from the higher sales and use taxes rate.",1,2026-02-04,https://legiscan.com/CT/bill/SB00045/2026
CT,2106627,,An Act Authorizing Bonds Of The State To Restore The Historic Train Station In The Town Of Wallingford.,To provide funding for the restoration and conversion of the historic train station in the town of Wallingford for the benefit of the local economy and community.,1,2026-02-04,https://legiscan.com/CT/bill/SB00046/2026
CT,2106821,,An Act Establishing A Personal Income Tax Deduction For Tips Or Gratuities.,To establish a personal income tax deduction of up to twenty-five thousand dollars for the amount of tips or gratuities declared by a taxpayer employed in certain occupations.,1,2026-02-04,https://legiscan.com/CT/bill/SB00047/2026
CT,2106697,,An Act Authorizing Bonds Of The State For The Purchase Of Automatic External Defibrillators At Schools.,To provide funding to schools for the purchase of automatic external defibrillators.,1,2026-02-04,https://legiscan.com/CT/bill/SB00048/2026
CT,2106744,,An Act Eliminating The Highway Use Tax.,To eliminate the highway use tax.,1,2026-02-04,https://legiscan.com/CT/bill/SB00049/2026
CT,2106817,,An Act Establishing A Personal Income Tax Deduction For Stipends Paid To Certain Volunteer Firefighters Or Volunteer Ambulance Members.,"To establish a personal income tax deduction for any stipend paid to certain volunteer firefighters or volunteer ambulance members by a municipality, volunteer fire department or volunteer ambulance association.",1,2026-02-04,https://legiscan.com/CT/bill/SB00050/2026
CT,2106652,,An Act Concerning The Research And Development Tax Credit Exchange Rate For Biotechnology Companies.,To increase the research and development tax credit exchange rate under section 12-217ee of the general statutes to one hundred per cent for biotechnology companies.,1,2026-02-04,https://legiscan.com/CT/bill/SB00051/2026
CT,2106716,,An Act Authorizing Bonds Of The State For The Plainfield Veterans Of Foreign Wars Post 5446.,To provide funding for renovations in compliance with physical accessibility guidelines under the federal Americans with Disabilities Act at the Plainfield Veterans of Foreign Wars Post 5466.,1,2026-02-04,https://legiscan.com/CT/bill/SB00052/2026
CT,2106685,,An Act Authorizing Bonds Of The State For The Establishment Of A Garden At York Correctional Institution.,To provide funding for a garden at York Correctional Institution to grow fresh produce for the inmates.,1,2026-02-04,https://legiscan.com/CT/bill/SB00053/2026
CT,2106748,,An Act Establishing A Personal Income Tax Deduction For College Tuition Payments Made By A Taxpayer.,To establish a personal income tax deduction for college tuition payments made by the taxpayer.,1,2026-02-04,https://legiscan.com/CT/bill/SB00054/2026
CT,2106649,,An Act Dedicating The Additional Sales Tax On Meals To Certain Purposes.,To dedicate the revenue generated from the additional one per cent of sales tax on meals as follows: (1) Fifty per cent of the amount collected to be deposited in the Tourism Fund; (2) twenty-five per cent of the amount collected to be paid to the municipalities to which the purchases of the meals are sourced; and (3) twenty-five per cent of the amount collected to be deposited in the General Fund and dedicated to funding free school lunches.,1,2026-02-04,https://legiscan.com/CT/bill/SB00055/2026
CT,2106687,,An Act Establishing A Personal Income Tax Deduction For Public Benefit Charges Paid By Taxpayers On Their Utility Bills.,To establish a personal income tax deduction for the total amount of public benefit charges paid for a taxable year by a taxpayer on their utility bills.,1,2026-02-04,https://legiscan.com/CT/bill/SB00056/2026
CT,2106763,,An Act Concerning The Sales Price Threshold Of Motor Vehicles Subject To A Higher Sales And Use Taxes Rate.,"To (1) increase to more than sixty-five thousand dollars the sales price threshold for a motor vehicle subject to the seven and three-fourths per cent sales and use taxes rate, and (2) index the sales price to reflect the rate of inflation.",1,2026-02-04,https://legiscan.com/CT/bill/SB00057/2026
CT,2106786,,An Act Restoring The Cap On A Combined Group's Tax Liability On A Unitary Basis.,To restore the cap of two million five hundred thousand dollars on a combined group's tax liability on a unitary basis.,1,2026-02-04,https://legiscan.com/CT/bill/SB00058/2026
CT,2106668,,An Act Concerning The Cannabis Total Thc Tax.,To replace the cannabis tax based on total THC with a flat excise tax.,1,2026-02-04,https://legiscan.com/CT/bill/SB00059/2026
CT,2106735,,An Act Concerning The Sales And Use Taxes Rate.,"To (1) decrease the sales and use taxes rate to six per cent, and (2) eliminate the additional one per cent sales and use taxes imposed on meals sold by eating establishments, caterers or grocery stores.",1,2026-02-04,https://legiscan.com/CT/bill/SB00060/2026
CT,2106789,,An Act Establishing A Voluntary Employer Payroll Tax And A Personal Income Tax Credit For Certain Employees.,To establish a voluntary employer payroll tax and a personal income tax credit for certain employees of an employer that elects to pay such tax.,1,2026-02-04,https://legiscan.com/CT/bill/SB00061/2026
CT,2106734,,An Act Authorizing Bonds Of The State For The Enhancement And Extension Of High-speed Broadband Internet Access In Rural Communities.,To provide funding to improve access to quality Internet and cellular telephone service in rural communities.,1,2026-02-04,https://legiscan.com/CT/bill/SB00062/2026
CT,2106801,,An Act Authorizing Bonds Of The State For The Remediation Of Fill Pile Waste Contamination In The Town Of Fairfield.,To provide funding for the remediation of waste contamination associated with the fill pile in the town of Fairfield.,1,2026-02-04,https://legiscan.com/CT/bill/SB00063/2026
CT,2106787,,An Act Authorizing Bonds Of The State For The Connecticut Air And Space Center In The Town Of Stratford.,To provide funding for renovations to the Connecticut Air and Space Center in the town of Stratford to expand the educational and community use of said center.,1,2026-02-04,https://legiscan.com/CT/bill/SB00064/2026
CT,2106674,,An Act Authorizing Bonds Of The State For Improvements To The Town Hall In The Town Of Stafford.,To provide funding for improvements to the town hall in the town of Stafford that comply with the physical accessibility guidelines under the federal Americans with Disabilities Act.,1,2026-02-04,https://legiscan.com/CT/bill/SB00065/2026
CT,2106809,,An Act Establishing A Temporary Personal Income Tax Deduction For Tips Or Gratuities.,"To establish a temporary personal income tax deduction of up to twenty-five thousand dollars for the amount of tips or gratuities declared by certain taxpayers for the taxable years commencing on or after January 1, 2026, and prior to January 1, 2029.",1,2026-02-04,https://legiscan.com/CT/bill/SB00066/2026
CT,2106814,,An Act Establishing A Cap On The Aggregate Amount Of Personal Income Tax Revenue The State May Collect.,"To establish a cap on the amount of aggregate personal income tax revenue that the state may collect, with any amount collected in excess of such cap to be refunded to taxpayers on a pro rata basis.",1,2026-02-04,https://legiscan.com/CT/bill/SB00067/2026
CT,2106630,,An Act Restoring The Rate Of The Credit Against The Affected Business Entity Tax.,To restore the rate of the credit against the affected business entity tax to ninety-three and one-hundredths per cent.,1,2026-02-04,https://legiscan.com/CT/bill/SB00068/2026
CT,2106756,,An Act Eliminating The Earned Income Tax Credit.,To eliminate the earned income tax credit.,1,2026-02-04,https://legiscan.com/CT/bill/SB00069/2026
CT,2106761,,An Act Exempting Social Security Benefits And Pension Or Annuity Income From The Personal Income Tax.,To exempt Social Security benefits and pension or annuity income for all taxpayers from the personal income tax.,1,2026-02-04,https://legiscan.com/CT/bill/SB00070/2026
CT,2106781,,An Act Establishing A Tax Credit For Premium Payments For Certain Long-term Care Insurance Policies.,To establish a tax credit for the amount of premiums paid to purchase an individual or group long-term care insurance policy that provides benefits for health care provided in an insured's home.,1,2026-02-04,https://legiscan.com/CT/bill/SB00071/2026
CT,2106700,,An Act Eliminating State Taxes Or Fees For Which Collection Costs Exceed The Revenue Received.,To eliminate any state tax or fee for which the cost of collection exceeds the revenue received by the state from the imposition of such tax or fee.,1,2026-02-04,https://legiscan.com/CT/bill/SB00072/2026
CT,2106672,,An Act Establishing A Nonrefundable Personal Income Tax Credit For The Purchase Of A Gun Safe.,To establish a nonrefundable credit against the personal income tax of up to one hundred fifty dollars for the purchase of a gun safe for personal use.,1,2026-02-04,https://legiscan.com/CT/bill/SB00073/2026
CT,2106653,,An Act Establishing A Tax Credit For Dairy Farmers.,"To establish a tax credit in the amount of twenty million dollars in the aggregate for dairy farmers, to offset cyclical downturns in milk prices paid to such farmers.",1,2026-02-04,https://legiscan.com/CT/bill/SB00074/2026
CT,2106709,,An Act Establishing A Caregiver Tax Credit Against The Personal Income Tax.,To establish a caregiver tax credit against the personal income tax.,1,2026-02-04,https://legiscan.com/CT/bill/SB00075/2026
CT,2106797,,An Act Establishing A Child And Dependent Tax Credit Against The Personal Income Tax.,To establish a child and dependent tax credit against the personal income tax of five hundred dollars per eligible child and dependent.,1,2026-02-04,https://legiscan.com/CT/bill/SB00076/2026
CT,2106776,,An Act Establishing A Personal Income Tax Deduction For Full-time Home Health Care Costs.,"To establish a personal income tax deduction of up to sixty thousand dollars for the cost of full-time home health care, including, but not limited to, the cost of medical supplies and in-home services.",1,2026-02-04,https://legiscan.com/CT/bill/SB00077/2026
CT,2106633,,An Act Eliminating The Qualifying Income Thresholds For The Personal Income Tax Deductions For Social Security Benefits.,To eliminate the qualifying income thresholds for the personal income tax deductions for Social Security benefits.,1,2026-02-04,https://legiscan.com/CT/bill/SB00078/2026
CT,2106655,,An Act Prohibiting State Agencies From Charging Service Fees For Payments Made By Certain Means.,"To prohibit state agencies from charging payors a service fee for payment by means of a credit card, charge card or debit card.",1,2026-02-04,https://legiscan.com/CT/bill/SB00079/2026
CT,2106820,,An Act Increasing The Amount Of The Personal Income Tax Deduction For Contributions To State-established 529 Qualified State Tuition Programs.,To increase the amount of the personal income tax deduction for contributions to accounts for 529 qualified state tuition programs established and maintained by the state.,1,2026-02-04,https://legiscan.com/CT/bill/SB00080/2026
CT,2106693,,An Act Concerning The Privatization Of The Department Of Motor Vehicles.,To save the state money and improve efficiencies by privatizing the Department of Motor Vehicles.,1,2026-02-04,https://legiscan.com/CT/bill/SB00081/2026
CT,2106664,,An Act Concerning The Cost Of Occupational Licenses.,"To (1) eliminate all application fees charged by state occupational licensing boards, and (2) cap the amount the state may charge for an occupational license at one hundred dollars.",1,2026-02-04,https://legiscan.com/CT/bill/SB00082/2026
CT,2106644,,An Act Establishing The Federal Cuts Response Fund.,An Act Establishing The Federal Cuts Response Fund.,4,2026-02-11,https://legiscan.com/CT/bill/SB00083/2026
CT,2107994,,An Act Concerning Revenue Items To Implement The Governor's Budget.,To implement the Governor's budget recommendations.,1,2026-02-05,https://legiscan.com/CT/bill/SB00084/2026
CT,2108013,,An Act Authorizing And Adjusting Bonds Of The State And Establishing A Supplemental Graduate Student Loan Program.,To implement the Governor's budget recommendations.,1,2026-02-05,https://legiscan.com/CT/bill/SB00085/2026
CT,2107947,,An Act Addressing Innovations In And The Responsible Use Of Artificial Intelligence.,To implement the Governor's budget recommendations.,1,2026-02-05,https://legiscan.com/CT/bill/SB00086/2026
CT,2107949,,An Act Strengthening Nonprofits.,To implement the Governor's budget recommendations.,1,2026-02-05,https://legiscan.com/CT/bill/SB00087/2026
CT,2107917,,An Act Requiring Insurance Coverage For Scalp Cooling.,To implement the Governor's budget recommendations.,1,2026-02-05,https://legiscan.com/CT/bill/SB00088/2026
CT,2107868,,An Act Updating Prison Rape Elimination Standards.,To implement the Governor's budget recommendations.,1,2026-02-05,https://legiscan.com/CT/bill/SB00089/2026
CT,2107879,,An Act Revising And Consolidating The Hate Crimes Statutes.,To implement the Governor's budget recommendations.,1,2026-02-05,https://legiscan.com/CT/bill/SB00090/2026
CT,2107936,,An Act Enhancing The Investigative Authority Of The Inspector General And Establishing Protected Areas.,To implement the Governor's budget recommendations.,1,2026-02-05,https://legiscan.com/CT/bill/SB00091/2026
CT,2107905,,An Act Establishing Additional Protections For Warehouse Workers.,To implement the Governor's budget recommendations.,1,2026-02-05,https://legiscan.com/CT/bill/SB00092/2026
CT,2107976,,An Act Implementing The Rural Health Transformation Program To Expand Health Care Access.,To implement the Governor's budget recommendations.,1,2026-02-05,https://legiscan.com/CT/bill/SB00093/2026
CT,2109897,,An Act Concerning Funding For Children's Mental Health.,To increase funding for children's mental health in southeastern Connecticut.,1,2026-02-06,https://legiscan.com/CT/bill/SB00094/2026
CT,2109656,,An Act Establishing A Credit Against The Personal Income Tax For Certain Employees Of Defense Contractors And Of Direct Suppliers And Subcontractors Of Defense Contractors.,To establish a credit against the personal income tax of five hundred dollars for certain employees of defense contractors and of direct suppliers and subcontractors of defense contractors.,1,2026-02-06,https://legiscan.com/CT/bill/SB00095/2026
CT,2109717,,An Act Establishing Tax Credits For Grocery Stores Built In Low-income Areas.,To establish tax credits for grocery stores built in low-income areas with limited access to groceries.,1,2026-02-06,https://legiscan.com/CT/bill/SB00096/2026
CT,2111206,,An Act Establishing A Credit Against The Personal Income Tax For Donated Food.,To establish a credit against the personal income tax of twenty-five per cent of the value of food donated by a taxpayer for a taxable year.,1,2026-02-09,https://legiscan.com/CT/bill/SB00097/2026
CT,2111373,,An Act Establishing A Connecticut Dairy Farmer Tax Credit.,To establish a tax credit for dairy farmers in the state.,1,2026-02-09,https://legiscan.com/CT/bill/SB00098/2026
CT,2111237,,An Act Establishing A Refundable Credit Against The Personal Income Tax For The Amount Of Motor Vehicle Property Tax Paid.,"To (1) establish a refundable credit against the personal income tax for the amount of motor vehicle property tax paid for a taxable year by taxpayers with adjusted gross income of less than one hundred thousand dollars for single filers and less than two hundred thousand dollars for married individuals filing jointly, and (2) limit the credit under section 12-704c of the general statutes to property tax paid on primary residences.",1,2026-02-09,https://legiscan.com/CT/bill/SB00099/2026
CT,2111436,,An Act Reducing Certain Personal Income Tax Marginal Rates.,"To reduce the two lowest marginal rates for the personal income tax from (1) two per cent to zero, and (2) from four and one-half per cent to three per cent, for taxpayers with adjusted gross income of less than one hundred thousand dollars for single filers and less than two hundred thousand dollars for married individuals filing jointly.",1,2026-02-09,https://legiscan.com/CT/bill/SB00100/2026
CT,2111251,,An Act Establishing A State-wide Property Tax On Certain Residential Real Property.,To establish a state-wide property tax on residential real property with assessed values of more than three million dollars.,1,2026-02-09,https://legiscan.com/CT/bill/SB00101/2026
CT,2111474,,"An Act Concerning The Distribution Of The Sales And Use Taxes Imposed On Meals Sold By An Eating Establishment, Caterer Or Grocery Store.","To provide that the additional one per cent sales and use taxes imposed on meals sold by an eating establishment, caterer or grocery store be distributed to the municipalities in which the revenue was generated.",1,2026-02-09,https://legiscan.com/CT/bill/SB00102/2026
CT,2111380,,An Act Establishing A Refundable Child Tax Credit.,To establish a refundable child tax credit.,1,2026-02-09,https://legiscan.com/CT/bill/SB00103/2026
CT,2111221,,An Act Establishing A Capital Gains Surcharge.,To establish a capital gains surcharge on certain taxpayers.,1,2026-02-09,https://legiscan.com/CT/bill/SB00104/2026
CT,2111290,,"An Act Eliminating Various Occupational And Professional License, Permit, Certification And Registration Fees.","To eliminate various occupational and professional license, permit, certification and registration fees.",1,2026-02-09,https://legiscan.com/CT/bill/SB00105/2026
CT,2112115,,An Act Exempting Dog Grooming Services From The Sales And Use Taxes.,To exempt dog grooming services from the sales and use taxes.,1,2026-02-10,https://legiscan.com/CT/bill/SB00106/2026
CT,2112138,,An Act Authorizing Bonds Of The State For Improvements To The Athletic Fields For Regional School District 8.,To provide funding to Regional School District 8 for improvements to the athletic fields.,1,2026-02-10,https://legiscan.com/CT/bill/SB00107/2026
CT,2112106,,"An Act Authorizing Bonds Of The State To Improve Dams, Culverts, Bridges And Waterways In The Town Of Ledyard.","To provide funding to improve the dams, culverts, bridges and waterways on Long Pond, Bush Pond and other related waterways in the town of Ledyard.",1,2026-02-10,https://legiscan.com/CT/bill/SB00108/2026
CT,2112185,,An Act Authorizing Bonds Of The State For Rehabilitation Of Utilities Associated With Connecting Norwich Public Works Through The Former Norwich State Hospital Property And Extending To The Preston Incinerator Site.,To provide funding to rehabilitate and upgrade the utilities associated with connecting Norwich Public Works through the former Norwich State Hospital property and extending to the Preston Incinerator site.,1,2026-02-10,https://legiscan.com/CT/bill/SB00109/2026
CT,2112061,,An Act Authorizing Bonds Of The State To Address The Contamination Of Wells In The Town Of Franklin.,To provide funding to assist the town of Franklin to address the contamination of wells associated with the Franklin Town Hall and at the Franklin Volunteer Fire Department.,1,2026-02-10,https://legiscan.com/CT/bill/SB00110/2026
CT,2112164,,An Act Authorizing Bonds Of The State For Water Lines And Necessary Equipment In The Town Of Hebron.,To provide funding for water lines and necessary equipment in the town of Hebron to support new housing.,1,2026-02-10,https://legiscan.com/CT/bill/SB00111/2026
CT,2112080,,An Act Authorizing Bonds Of The State For Improvements To Lisbon Central School In The Town Of Lisbon.,"To provide funding for upgrades to the gym and associated areas and the heating, ventilation and air conditioning system at Lisbon Central School in the town of Lisbon.",1,2026-02-10,https://legiscan.com/CT/bill/SB00112/2026
CT,2112206,,An Act Authorizing Bonds Of The State For Farms Associated With New Anaerobic Digesters To Provide Necessary Changes To Manure Management Systems.,To provide funding for farms associated with new anaerobic digesters for the purpose of providing the necessary changes to manure management systems.,1,2026-02-10,https://legiscan.com/CT/bill/SB00113/2026
CT,2112049,,An Act Eliminating The Qualifying Income Thresholds For The Personal Income Tax Deductions For Social Security Benefits.,To eliminate the qualifying income thresholds for the personal income tax deductions for Social Security benefits.,1,2026-02-10,https://legiscan.com/CT/bill/SB00114/2026
CT,2112020,,An Act Exempting Covid-19 At-home Test Kits From The Sales And Use Taxes.,To exempt COVID-19 at-home test kits from the sales and use taxes.,1,2026-02-10,https://legiscan.com/CT/bill/SB00115/2026
CT,2112076,,An Act Concerning The Prevention Of Human Trafficking.,"To (1) require the Commissioner of Revenue Services to periodically disclose to the Commissioner of Consumer Protection the name and address of each operator of a hotel, lodging house or bed and breakfast establishment who has remitted the use tax, (2) impose penalties on operators of hotels, motels, inns or similar lodgings who fail to satisfy various recordkeeping, training, occupancy rate and notice requirements, and (3) grant additional enforcement powers to the Commissioner of Consumer Protection.",1,2026-02-10,https://legiscan.com/CT/bill/SB00116/2026
CT,2112248,,An Act Concerning Breaches Of Security Involving Electronic Personal Information.,"To (1) provide that certain materials provided to the Attorney General following a breach of security involving electronic personal information shall be provided to the Attorney General in a form and manner prescribed by the Attorney General, (2) define ""massive breach of security"", (3) require a third-party forensic examination, analysis and report following a massive breach of security, and (4) impose an additional penalty for any person who fails to submit a third-party forensic report to the Attorney General following a massive breach of security.",1,2026-02-10,https://legiscan.com/CT/bill/SB00117/2026
CT,2112019,,An Act Concerning Baby Food Products And Toxic Heavy Metals.,"To prohibit the manufacture, sale, distribution or offering for sale of, and require testing, disclosures and reporting concerning, baby food products containing toxic heavy metals.",1,2026-02-10,https://legiscan.com/CT/bill/SB00118/2026
CT,2112027,,An Act Concerning Used Motor Vehicle Warranties.,"To provide that (1) a dealer selling a used motor vehicle that is less than ten years of age shall not exclude, modify, disclaim or limit an implied warranty on the vehicle, (2) each contract entered into by a dealer for the sale of any such used motor vehicle to a consumer shall include an express warranty that the vehicle is mechanically sound and will remain so for at least sixty days or three thousand miles of operation, whichever occurs first, and (3) a used motor vehicle may be sold ""as is"" by a dealer only if the vehicle is ten years of age or older.",1,2026-02-10,https://legiscan.com/CT/bill/SB00119/2026
CT,2112135,,An Act Suspending Inflation Cost Limitations For Intermediate Care Facilities.,To reduce financial burdens on intermediate care facilities funded under the Medicaid program.,1,2026-02-10,https://legiscan.com/CT/bill/SB00120/2026
CT,2112163,,An Act Exempting Certain Active Duty Service Members From Paying Fees For Any Motor Vehicle Operator's License And Registration.,To exempt active duty service members who were not residents of Connecticut at the time of induction from paying fees for motor vehicle operator's licenses and registrations.,1,2026-02-10,https://legiscan.com/CT/bill/SB00121/2026
CT,2113361,,An Act Concerning A Study Of Long-term Care Needs.,To require the Commissioner of Social Services to study long-term care needs in the state.,1,2026-02-11,https://legiscan.com/CT/bill/SB00122/2026
CT,2113376,,An Act Requiring Public Hearings For Certain Rate Increases At Assisted Living Facilities.,To require each assisted living services agency to hold a public informational hearing when the agency increases a fee by more than ten per cent of the previous fee.,1,2026-02-11,https://legiscan.com/CT/bill/SB00123/2026
CT,2113514,,An Act Concerning The Department Of Aging And Disability Services' Recommendations Regarding Municipal Agents For Aging.,"To (1) require municipal agents to (A) be free of any conflict of interest or perceived conflict of interest, (B) certify in writing the absence of any such conflict, and (C) inform the appointing authority of the existence of any such conflict if one arises, and (2) allow municipalities to jointly appoint municipal agents.",1,2026-02-11,https://legiscan.com/CT/bill/SB00124/2026
CT,2113507,,An Act Restricting Private Equity Ownership Of Nursing Homes.,To restrict private equity ownership of nursing homes.,1,2026-02-11,https://legiscan.com/CT/bill/SB00125/2026
CT,2113545,,An Act Concerning Funding For Connecticut Public Television.,To fund children's programming.,1,2026-02-11,https://legiscan.com/CT/bill/SB00126/2026
CT,2113420,,An Act Increasing Funding For Higher Education.,To provide more funding for higher education and allow more Connecticut students to be able to afford college.,1,2026-02-11,https://legiscan.com/CT/bill/SB00127/2026
CT,2113446,,An Act Concerning Funding For Community Action Agencies.,To provide critical funding to local community action agencies and protect the people the agencies serve.,1,2026-02-11,https://legiscan.com/CT/bill/SB00128/2026
CT,2113458,,An Act Increasing Funding For Dairy Farmers.,To provide funding for dairy farmer stabilization.,1,2026-02-11,https://legiscan.com/CT/bill/SB00129/2026
CT,2113561,,An Act Concerning Funding For The Dairy Industry.,To provide funding to protect the dairy industry.,1,2026-02-11,https://legiscan.com/CT/bill/SB00130/2026
CT,2113415,,An Act Concerning Manufacturing.,To require the Commissioner of Economic and Community Development to study the needs of manufacturers in the state.,1,2026-02-11,https://legiscan.com/CT/bill/SB00131/2026
CT,2113552,,An Act Establishing The Connecticut-germany Trade Commission.,To establish a Connecticut-Germany Trade Commission.,1,2026-02-11,https://legiscan.com/CT/bill/SB00132/2026
CT,2113431,,An Act Establishing The Connecticut-india Trade Commission.,To establish a Connecticut-India Trade Commission.,1,2026-02-11,https://legiscan.com/CT/bill/SB00133/2026
CT,2113532,,An Act Establishing An Airport Development Zone In The Town Of Plainville.,To require the Commissioner of Economic and Community Development to establish an airport development zone in the town of Plainville.,1,2026-02-11,https://legiscan.com/CT/bill/SB00134/2026
CT,2113414,,An Act Implementing The Recommendations Of The Technical Education And Career System.,"To (1) transfer certain duties of the Technical Education and Career System board to the executive director of the Technical Education and Career System, (2) remove reference to the ""division of postsecondary education programs"", (3) allow the board to recommend multiple candidates for superintendent of the Technical Education and Career System at one time, and (4) remove the three-year term limit and performance evaluation requirement for and amend the duties of the superintendent.",1,2026-02-11,https://legiscan.com/CT/bill/SB00135/2026
CT,2113435,,An Act Concerning Public Education In The State.,To require the Department of Education to conduct a study of public education in Connecticut.,1,2026-02-11,https://legiscan.com/CT/bill/SB00136/2026
CT,2113501,,An Act Implementing The Recommendations Of The Office Of Early Childhood.,To implement the recommendations of the Office of Early Childhood.,1,2026-02-11,https://legiscan.com/CT/bill/SB00137/2026
CT,2113383,,An Act Implementing The Recommendations Of The Department Of Education.,To implement the recommendations of the Department of Education.,1,2026-02-11,https://legiscan.com/CT/bill/SB00138/2026
CT,2113480,,An Act Increasing The Appropriation For The Special Education And Expansion Development Grant.,To support students with special education needs and protect school districts from volatility in special education expenditures.,1,2026-02-11,https://legiscan.com/CT/bill/SB00139/2026
CT,2113328,,An Act Authorizing Bonds Of The State For Capital Improvements To Vinal Technical High School In The Town Of Middleton.,To provide funding for capital improvements to Vinal Technical High School in the town of Middletown.,1,2026-02-11,https://legiscan.com/CT/bill/SB00140/2026
CT,2113428,,An Act Authorizing Bonds Of The State To Complete The Installation Of A Generator For Regional School District Number 8.,To provide funding for Regional School District Number 8 to complete the installation of a generator for the creation of a regional shelter.,1,2026-02-11,https://legiscan.com/CT/bill/SB00141/2026
CT,2113536,,An Act Authorizing Bonds Of The State For The Expansion Of The Cafeteria At Ledyard Middle School In The Town Of Ledyard.,To provide funding to the town of Ledyard to expand the cafeteria at Ledyard Middle School to accommodate the students at meal times.,1,2026-02-11,https://legiscan.com/CT/bill/SB00142/2026
CT,2113436,,An Act Entitling Towns To Full Reimbursement Under The Excess Cost Grant.,To ensure that towns receive full reimbursement under the excess cost grant for special education.,1,2026-02-11,https://legiscan.com/CT/bill/SB00143/2026
CT,2113521,,An Act Providing For Local Representation On The Connecticut Siting Council.,To provide local representation on the Connecticut Siting Council.,1,2026-02-11,https://legiscan.com/CT/bill/SB00144/2026
CT,2113546,,An Act Studying The Remediation Of Hydrilla In State Lakes And The Expediting Of Permits Related To Such Remediation.,"To examine the most effective methods and protocols for the remediation of hydrilla in state lakes, including ways to expedite permits for such remediation.",1,2026-02-11,https://legiscan.com/CT/bill/SB00145/2026
CT,2113540,,An Act Concerning The Protection Of Crops And Livestock From Certain Wildlife.,To authorize the taking of certain wildlife that injure or kill livestock or that caused crop damage in the preceding growing season.,1,2026-02-11,https://legiscan.com/CT/bill/SB00146/2026
CT,2113442,,An Act Concerning A Study On The Need For Extended Producer Responsibility For Solar Panels And Vapes And Including Aerosol Paints Under The Paint Stewardship Program.,To study the need for extended producer responsibility programs for solar panels and vapes and to include aerosol paints under the paint stewardship program.,1,2026-02-11,https://legiscan.com/CT/bill/SB00147/2026
CT,2113512,,An Act Concerning Revisions To Aquaculture-related Statutes.,To clarify the notification procedure for designation of shellfish areas that are closed to harvesting due to contamination or pollution.,1,2026-02-11,https://legiscan.com/CT/bill/SB00148/2026
CT,2113489,,An Act Concerning Revisions To The Farmers' Market Nutrition Program.,To revise the Farmers' Market Nutrition Program statutes to reflect procedures and terms currently used in the administration of such program.,1,2026-02-11,https://legiscan.com/CT/bill/SB00149/2026
CT,2113485,,An Act Concerning The Legislative Commissioners' Recommendations For Technical Revisions To The Higher Education Statutes.,To make technical revisions to the higher education statutes.,1,2026-02-11,https://legiscan.com/CT/bill/SB00150/2026
CT,2113515,,An Act Prohibiting Certain Land Use And Zoning Limitations On Housing.,"To prohibit local jurisdictions from (1) adopting or enforcing certain zoning provisions relating to lot size, dimensions, setback requirements, lot coverage and design or architectural elements for certain single–family homes; (2) proscribing certain housing types in certain zones; and (3) proscribing certain subdivisions of certain lot types.",1,2026-02-11,https://legiscan.com/CT/bill/SB00151/2026
CT,2113427,,An Act Appropriating Funds For Rental Assistance Program Housing Inspections.,To appropriate funds to the Department of Housing for the purpose of hiring additional full-time rental home inspectors for the rental assistance program.,1,2026-02-11,https://legiscan.com/CT/bill/SB00152/2026
CT,2113389,,An Act Expanding Medicaid Eligibility For Older Adults With Disabilities.,To expand Medicaid eligibility for older adults with disabilities by disregarding certain income.,1,2026-02-11,https://legiscan.com/CT/bill/SB00153/2026
CT,2113490,,An Act Requiring Certain Agencies To Report Costs Associated With Programs Serving Children And Families.,To require the Department of Social Services and the Department of Developmental Services to submit reports describing current costs associated with programs serving children and families and anticipated costs associated with utilizing different eligibility criteria for participation in such programs.,1,2026-02-11,https://legiscan.com/CT/bill/SB00154/2026
CT,2113562,,An Act Concerning The Recommendations Of The Department Of Children And Families.,"To (1) consolidate existing Department of Children and Families reporting requirements concerning the department's services, compliance with statutory requirements, facilities operated by the department, reports of animal harm, neglect or cruelty, the department's family assessment response program, private providers that contract with the department, foster care services and licensing and diversion of children from the juvenile justice and court systems, (2) add a reporting requirement concerning cost savings resulting from the implementation of the Behavioral Health Partnership, (3) eliminate a reporting requirement concerning children missing or abducted from the custody of the department, and (4) make technical and conforming changes.",1,2026-02-11,https://legiscan.com/CT/bill/SB00155/2026
CT,2113379,,An Act Establishing A Task Force To Study The Voluntary Surrender Of Infants.,To establish a task force to study the voluntary surrender of infants.,1,2026-02-11,https://legiscan.com/CT/bill/SB00156/2026
CT,2113429,,An Act Concerning Municipal Camp Safety.,"To require (1) certain employees of municipal youth camps to be mandated reporters, and (2) the Office of Early Childhood to submit a report concerning municipal youth camps.",1,2026-02-11,https://legiscan.com/CT/bill/SB00157/2026
CT,2113366,,An Act Authorizing Bonds Of The State For Staywell Health Center In The City Of Waterbury.,To provide funding for capital improvements to StayWell Health Center in the city Waterbury.,1,2026-02-11,https://legiscan.com/CT/bill/SB00158/2026
CT,2113568,,An Act Authorizing Bonds Of The State To Extend The Sprague Streetscape Project In The Town Of Sprague.,To provide funding to the town of Sprague to extend the Sprague Streetscape Project.,1,2026-02-11,https://legiscan.com/CT/bill/SB00159/2026
CT,2113392,,An Act Authorizing Bonds Of The State For Purchases And Projects At The Baltic Fire Engine Company In The Town Of Sprague.,To provide funding to complete purchases and projects at the Baltic Fire Engine Company in the town of Sprague.,1,2026-02-11,https://legiscan.com/CT/bill/SB00160/2026
CT,2113460,,An Act Authorizing Bonds Of The State For The Marlborough Fire Department In The Town Of Marlborough.,To provide funding to complete purchases and projects at the Marlborough Fire Department in the town of Marlborough.,1,2026-02-11,https://legiscan.com/CT/bill/SB00161/2026
CT,2113370,,An Act Authorizing Bonds Of The State To The Southeastern Connecticut Water Authority To Upgrade Waterlines And Connections In The Town Of Montville.,To provide financial assistance to the Southeastern Connecticut Water Authority to upgrade waterlines and connections in Montville Manor in the town of Montville.,1,2026-02-11,https://legiscan.com/CT/bill/SB00162/2026
CT,2113570,,An Act Authorizing Bonds Of The State For Improvements To Doubleday Road In The Town Of Columbia.,To provide funding for improvements to Doubleday Road in the town of Columbia.,1,2026-02-11,https://legiscan.com/CT/bill/SB00163/2026
CT,2113524,,An Act Authorizing Bonds Of The State For The Implementation And Construction Of A Sewer And Water Line In The Town Of Franklin.,To provide funding for the implementation and construction of a sewer and water line in the town of Franklin.,1,2026-02-11,https://legiscan.com/CT/bill/SB00164/2026
CT,2113463,,An Act Authorizing Bonds Of The State For The Expansion Of Bill Library In The Town Of Ledyard.,To provide funding for the expansion of the Bill Library in the town of Ledyard.,1,2026-02-11,https://legiscan.com/CT/bill/SB00165/2026
CT,2113342,,An Act Authorizing Bonds Of The State For A Radio Dispatch System For The Fire Departments In The Town Of Montville.,To provide funding for a radio dispatch system for the fire departments in the town of Montville.,1,2026-02-11,https://legiscan.com/CT/bill/SB00166/2026
CT,2113554,,An Act Authorizing Bonds Of The State For Plans And Designs To Remove Old Papermill Pond Dam In The Town Of Sprague.,To provide funding for the development of plans and designs to remove Old Papermill Pond Dam in the town of Sprague.,1,2026-02-11,https://legiscan.com/CT/bill/SB00167/2026
CT,2113398,,An Act Authorizing Bonds Of The State For A Sewer Expansion Project In The Fitchville Section Of The Town Of Bozrah.,To provide funding for a sewer expansion project in the Fitchville section of the town of Bozrah.,1,2026-02-11,https://legiscan.com/CT/bill/SB00168/2026
CT,2113527,,An Act Authorizing Bonds Of The State To Purchase Camp Laurel And Rehabilitate The Dam In The Town Of Lebanon.,To provide funding to purchase Camp Laurel and rehabilitate the dam in the town of Lebanon.,1,2026-02-11,https://legiscan.com/CT/bill/SB00169/2026
CT,2113566,,An Act Authorizing Bonds Of The State For The Completion Of Recreational Fields And Meeting Areas At The American Legion Post 85 In The Town Of Sprague.,To provide funding to the American Legion Post 85 in the town of Sprague for the completion of recreational fields and meeting areas.,1,2026-02-11,https://legiscan.com/CT/bill/SB00170/2026
CT,2113569,,"An Act Authorizing Bonds Of The State For The Renovation, Rehabilitation And Update Of Recreational Fields In The Village Of Baltic.","To provide funding for the renovation, rehabilitation and update of recreational fields in the village of Baltic in the town of Sprague.",1,2026-02-11,https://legiscan.com/CT/bill/SB00171/2026
CT,2113333,,N Act Authorizing Bonds Of The State For Renovations To St. Mary Of The Immaculate Conception In The Village Of Baltic.,To provide funding to St. Mary of the Immaculate Conception in the village of Baltic in the town of Sprague for renovations to the bell tower and other structures.,1,2026-02-11,https://legiscan.com/CT/bill/SB00172/2026
CT,2113395,,An Act Authorizing Bonds Of The State For A Multimodal Track On A Portion Of Connecticut Route 117.,To provide funding to the town of Ledyard for a multimodal track on Connecticut Route 117 to the Groton town line.,1,2026-02-11,https://legiscan.com/CT/bill/SB00173/2026
CT,2113573,,An Act Authorizing Bonds Of The State For A Planning Grant To Expand And Install Sewer Lines In The Town Of Ledyard.,To provide funding for a planning grant to expand and install sewer lines in the town of Ledyard.,1,2026-02-11,https://legiscan.com/CT/bill/SB00174/2026
CT,2113367,,An Act Authorizing Bonds Of The State For Student Housing At The Avery Point Campus Of The University Of Connecticut.,To provide funding for student housing at the Avery Point Campus of The University of Connecticut and increase the student population.,1,2026-02-11,https://legiscan.com/CT/bill/SB00175/2026
CT,2113344,,An Act Authorizing Bonds Of The State For A Sewer Project In The Village Of Hanover.,"To provide funding for the installation of a force main and sewer lines in the village of Hanover in the town of Sprague and replace existing lines that are over one hundred years old, collapsing and causing sewer backup into residential homes.",1,2026-02-11,https://legiscan.com/CT/bill/SB00176/2026
CT,2113396,,An Act Authorizing Bonds Of The State For The Construction Of A Police Station In The City Of Norwich.,To provide sixty-seven per cent of the funding necessary for the construction of a police station in the city of Norwich.,1,2026-02-11,https://legiscan.com/CT/bill/SB00177/2026
CT,2113437,,An Act Authorizing Bonds Of The State For The Construction Of A Fire Station In The City Of Middletown.,To provide funding for the construction of a fire station to ensure adequate fire protection in the Newfield Street corridor in the city of Middletown.,1,2026-02-11,https://legiscan.com/CT/bill/SB00178/2026
CT,2113550,,An Act Authorizing Bonds Of The State For Capital Improvements At Middlesex Community College.,To provide funding for capital improvements at Middlesex Community College in the city of Middletown.,1,2026-02-11,https://legiscan.com/CT/bill/SB00179/2026
CT,2113372,,An Act Authorizing Bonds Of The State For The Integrated Day Charter School In The City Of Norwich.,To provide funding for capital improvements at the Integrated Day Charter School in the city of Norwich.,1,2026-02-11,https://legiscan.com/CT/bill/SB00180/2026
CT,2113528,,An Act Concerning Personal Income Tax Refunds.,To require moneys to be transferred from the Budget Reserve Fund to the General Fund and used to provide personal income tax refunds to taxpayers.,1,2026-02-11,https://legiscan.com/CT/bill/SB00181/2026
CT,2113337,,An Act Concerning The Personal Income Tax Deductions For Social Security Benefits.,To exempt Social Security benefits for all taxpayers from the personal income tax or require the qualifying income thresholds for personal income tax deductions for Social Security benefits be adjusted in accordance with any change in the consumer price index.,1,2026-02-11,https://legiscan.com/CT/bill/SB00182/2026
CT,2113509,,An Act Establishing A Personal Income Tax Deduction For Certain Gambling Losses.,"To establish a personal income tax deduction for gambling losses incurred by a taxpayer, to offset any taxable winnings.",1,2026-02-11,https://legiscan.com/CT/bill/SB00183/2026
CT,2113508,,An Act Exempting Certain Articles Of Clothing From The Sales And Use Taxes.,To exempt articles of clothing costing under one hundred dollars from the sales and use taxes.,1,2026-02-11,https://legiscan.com/CT/bill/SB00184/2026
CT,2113371,,An Act Exempting Small Businesses From The Sales And Use Taxes On Electricity And Natural Gas.,To exempt from the sales and use taxes the sale of electricity and natural gas to small businesses.,1,2026-02-11,https://legiscan.com/CT/bill/SB00185/2026
CT,2113413,,An Act Establishing A Refundable Credit Against The Personal Income Tax For Volunteer First Responders.,To establish a refundable credit against the personal income tax for volunteer first responders.,1,2026-02-11,https://legiscan.com/CT/bill/SB00186/2026
CT,2113350,,"An Act Concerning The Distribution Of The Sales And Use Taxes Imposed On Meals Sold By An Eating Establishment, Caterer Or Grocery Store.","To provide that the additional one per cent sales and use taxes imposed on meals sold by an eating establishment, caterer or grocery store be distributed to the municipalities in which the revenue was generated.",1,2026-02-11,https://legiscan.com/CT/bill/SB00187/2026
CT,2113466,,An Act Revising The Calculation Of The Hospital Tax.,"To revise the calculation of the hospital tax to be based on the number of Medicaid, Medicare and uninsured patients served.",1,2026-02-11,https://legiscan.com/CT/bill/SB00188/2026
CT,2113397,,An Act Eliminating The Qualifying Income Thresholds For The Personal Income Tax Deductions For Social Security Benefits.,To eliminate the qualifying income thresholds for the personal income tax deductions for Social Security benefits.,1,2026-02-11,https://legiscan.com/CT/bill/SB00189/2026
CT,2113469,,An Act Authorizing Certain Foreign-educated Veterinarians To Practice Under A Temporary Permit And The Establishment Of A Veterinarian-client-patient Relationship Through The Use Of Telehealth For The Treatment Of Urgent Medical Conditions.,To expand access to veterinary services in the state.,1,2026-02-11,https://legiscan.com/CT/bill/SB00190/2026
CT,2113375,,An Act Concerning The Psychedelic-assisted Therapy Pilot Program.,To expand access to and extend the psychedelic-assisted therapy pilot program.,1,2026-02-11,https://legiscan.com/CT/bill/SB00191/2026
CT,2113477,,An Act Concerning Patient Protections And Standards Of Care At Connecticut Valley Hospital.,To require the Commissioner of Mental Health and Addiction Services to keep persons undergoing psychiatric evaluation at Connecticut Valley Hospital separated according to biological sex at all times.,1,2026-02-11,https://legiscan.com/CT/bill/SB00192/2026
CT,2113461,,An Act Establishing Licensure For Long-term Acute Care Hospitals.,To establish licensure for long-term acute care hospitals.,1,2026-02-11,https://legiscan.com/CT/bill/SB00193/2026
CT,2113563,,An Act Concerning Cardiac Screening And Sudden Cardiac Arrest Prevention For Certain Student Athletes.,To require cardiac screening of certain student athletes to prevent sudden cardiac arrest in such athletes.,1,2026-02-11,https://legiscan.com/CT/bill/SB00194/2026
CT,2113384,,An Act Concerning The Prevention Of Accidental Overdose Deaths And Improving Access To Treatment And Recovery Services For Substance Use Disorder.,To prevent accidental overdose deaths and improve access to treatment and recovery services for substance use disorder.,1,2026-02-11,https://legiscan.com/CT/bill/SB00195/2026
CT,2113559,,An Act Concerning Hospital Sale-leaseback Agreements And Attestations Concerning Lack Of Private Equity Control Of The Hospital And Control Of Or Interference With The Professional Judgment And Clinical Decisions Of Certain Health Care Providers.,"To (1) permit hospitals experiencing financial distress to enter into sale-leaseback agreements under certain circumstances, and (2) require hospitals to submit attestations that no private equity entity has a controlling interest in the hospital or interferes with the professional judgment or clinical decision-making of certain health care providers.",1,2026-02-11,https://legiscan.com/CT/bill/SB00196/2026
CT,2117057,,An Act Providing A Family Caregiver Tax Credit.,To provide a tax credit to family caregivers for certain expenditures incurred for the care and support of elderly family members.,1,2026-02-17,https://legiscan.com/CT/bill/SB00197/2026
CT,2117045,,An Act Authorizing Bonds Of The State For The Development Of A Water Storage Facility In The Town Of South Windsor.,"To provide funding for the development of a water storage facility in the town of South Windsor to support emergency responses to residential fires and other disasters, ensure a reliable water supply for farms and livestock, prepare for droughts and extreme weather events and address infrastructure gaps in rural parts of said town.",1,2026-02-17,https://legiscan.com/CT/bill/SB00198/2026
CT,2117039,,An Act Authorizing Bonds Of The State For The Restoration And Renovation Of The Pinney House In The Town Of Ellington.,"To provide funding for the restoration and renovation of the historic Pinney House in the town of Ellington, support local historical education and provide civic space for residents.",1,2026-02-17,https://legiscan.com/CT/bill/SB00199/2026
CT,2117060,,An Act Authorizing Bonds Of The State For Renovations To The John J. Mitchell Fairgrounds In The Town Of South Windsor.,"To provide funding to the town of South Windsor to renovate the John J. Mitchell Fairgrounds, including development of an event space for the community, installation of utilities and construction of a pavilion.",1,2026-02-17,https://legiscan.com/CT/bill/SB00200/2026
CT,2117037,,An Act Authorizing Bonds Of The State To Establish A World War Ii Museum And Education Center In The Town Of East Hartford.,To provide funding to establish a Word War II museum and education center in the town of East Hartford to memorialize the contributions and sacrifices of the veterans of World War II.,1,2026-02-17,https://legiscan.com/CT/bill/SB00201/2026
CT,2117034,,An Act Authorizing Bonds Of The State To Commemorate The Service And Sacrifice Of Philippine-american War Veterans.,To provide funding to commemorate the service and sacrifice of Philippine-American War veterans as part of the Connecticut State Veterans Memorial.,1,2026-02-17,https://legiscan.com/CT/bill/SB00202/2026
CT,2117069,,An Act Authorizing Bonds Of The State To Upgrade Town Facility Technologies For The Expansion Of Municipal Veterans Services Programs.,To provide funding for technology upgrades at various town facilities to enable the expansion of municipal veterans services programs.,1,2026-02-17,https://legiscan.com/CT/bill/SB00203/2026
CT,2117072,,An Act Authorizing Bonds Of The State For A Skilled Trades Center At June Norcross Webster Scout Reservation.,To authorize bonds of the state to establish a skilled trades center at June Norcross Webster Scout Reservation.,1,2026-02-17,https://legiscan.com/CT/bill/SB00204/2026
CT,2117062,,"An Act Dedicating A Portion Of The Revenue Generated From Sales And Use Taxes Imposed On Meals Sold By An Eating Establishment, Caterer Or Grocery Store To The Tourism Fund.","To require a percentage of the revenue generated from the additional one per cent sales and use taxes imposed on meals sold by an eating establishment, caterer or grocery store be deposited in the Tourism Fund to support the hospitality, arts, culture and tourism needs of the state and related marketing endeavors.",1,2026-02-17,https://legiscan.com/CT/bill/SB00205/2026
CT,2117047,,An Act Exempting The Cost Of Headstones Up To A Certain Amount From The Sales And Use Taxes.,To exempt up to two thousand five hundred dollars of the cost of a headstone from the sales and use taxes.,1,2026-02-17,https://legiscan.com/CT/bill/SB00206/2026
CT,2117051,,An Act Exempting Overtime Income From The Personal Income Tax.,To exempt from the personal income tax the amount of any overtime income earned by an employee.,1,2026-02-17,https://legiscan.com/CT/bill/SB00207/2026
CT,2117065,,An Act Increasing The Minimum Average Commission Payable To Lottery Sales Agents.,To increase the minimum average commission payable to lottery sales agents.,1,2026-02-17,https://legiscan.com/CT/bill/SB00208/2026
CT,2117050,,An Act Increasing Medicaid Reimbursement Rates For Nephrology Services.,To increase Medicaid rates of reimbursement for nephrology services.,1,2026-02-17,https://legiscan.com/CT/bill/SB00209/2026
CT,2117070,,An Act Increasing Medicaid Rates For Pediatric Care.,To increase Medicaid reimbursement rates for pediatric care services.,1,2026-02-17,https://legiscan.com/CT/bill/SB00210/2026
CT,2117043,,An Act Appropriating Funds To Investigate And Enforce Conduct Relating To Health Insurance Practices.,"To: (1) Expand the capacity of the office of the Attorney General to investigate and enforce conduct related to health insurance practices by health carriers that impact access to health care, inflate consumer costs or violate federal or state law; and (2) require that said office submit a report to the joint standing committees of the General Assembly having cognizance of matters relating to insurance and public health, not later than February 1, 2028, summarizing any such investigation or enforcement action taken by said office.",1,2026-02-17,https://legiscan.com/CT/bill/SB00211/2026
CT,2117074,,An Act Establishing A Tax Credit For Premium Payments For Certain Long-term Care Insurance Policies.,"To establish a tax credit equal to any increase in premium costs that exceed two per cent of premiums paid annually to purchase an individual or group long-term care insurance policy during a taxable year, and allow long-term care policyholders to carry such credit over to future taxable years.",1,2026-02-17,https://legiscan.com/CT/bill/SB00212/2026
CT,2117058,,An Act Concerning Funding For The 9-8-8 Suicide Prevention And Mental Health Crisis Lifeline And The 2-1-1 Infoline Program.,To require dedicated funding for the 9-8-8 Suicide Prevention and Mental Health Crisis Lifeline and the 2-1-1 Infoline program.,1,2026-02-17,https://legiscan.com/CT/bill/SB00213/2026
CT,2117035,,An Act Concerning The Basic Property Tax Exemption For Veterans And Certain Other Military-related Individuals.,"To (1) provide an increase in the exemption amount for property belonging to veterans and certain other military-related individuals, and (2) impose a cap on the value of any such property that would be eligible for such exemption.",1,2026-02-17,https://legiscan.com/CT/bill/SB00214/2026
CT,2118301,,An Act Concerning The Presumption Of Abandonment Of Certain Property Held Or Owing By A Banking Organization.,To establish certain exceptions to the presumption that demand or savings deposits made with banking organizations are presumed abandoned.,1,2026-02-18,https://legiscan.com/CT/bill/SB00215/2026
CT,2118426,,An Act Concerning The Community Bank And Credit Union Investment Program Established By The State Treasurer.,To establish that the State Treasurer may accept certain rates for investment-related services under the community bank and credit union investment program.,1,2026-02-18,https://legiscan.com/CT/bill/SB00216/2026
CT,2118376,,"An Act Requiring Mortgagees To Accept Mortgage Payments Tendered On A Monthly, Semimonthly Or Biweekly Basis.","To require mortgagees to accept mortgage payments tendered on a monthly, semimonthly or biweekly basis.",1,2026-02-18,https://legiscan.com/CT/bill/SB00217/2026
CT,2118479,,An Act Requiring A Study Relating To Banking Issues In The State.,To require the Department of Banking to study and submit a report concerning banking issues in the state.,1,2026-02-18,https://legiscan.com/CT/bill/SB00218/2026
CT,2118406,,An Act Concerning Civil Penalties For Certain Violations Relating To Rental Security Deposits.,"To establish that if the Banking Commissioner determines that any landlord has violated certain provisions concerning rental security deposits, the commissioner may, in accordance with sections 36a-50 and 36a-52 of the general statutes, order such landlord to pay a civil penalty not exceeding one hundred thousand dollars per violation, cease and desist from such practices and comply with certain provisions concerning rental security deposits.",1,2026-02-18,https://legiscan.com/CT/bill/SB00219/2026
CT,2118338,,An Act Concerning Student Literacy.,To establish and provide reading instruction and supports to all students in grades four to nine who are below proficient in reading.,1,2026-02-18,https://legiscan.com/CT/bill/SB00220/2026
CT,2118355,,An Act Concerning Aspiring Educators.,To expand eligibility under the aspiring educators scholarship program.,1,2026-02-18,https://legiscan.com/CT/bill/SB00221/2026
CT,2118331,,An Act Permitting Interscholastic Athletics To Be Used As Credit Toward The Physical Education Requirement For Purposes Of High School Graduation.,To permit students to use participation in interscholastic athletics to count as credit toward satisfying the physical education requirement of the high school graduation requirements.,1,2026-02-18,https://legiscan.com/CT/bill/SB00222/2026
CT,2118476,,An Act Concerning The Paraeducator Health Care Subsidy Program.,"To clarify eligibility of paraeducators employed in public schools, including, but not limited to, charter schools, for the health care subsidy program.",1,2026-02-18,https://legiscan.com/CT/bill/SB00223/2026
CT,2118466,,"An Act Exempting Ballots Cast At Elections, Primaries And Referenda From Disclosure Under The Freedom Of Information Act.","To exempt ballots cast at elections, primaries and referenda from disclosure under the Freedom of Information Act.",1,2026-02-18,https://legiscan.com/CT/bill/SB00224/2026
CT,2118433,,"An Act Concerning Fees For Copying, Reviewing And Redacting Records Created By Police Body-worn Recording Equipment And Dashboard Cameras.",To authorize a public agency to charge a redaction fee for the disclosure of a record created by police body-worn equipment or dashboard cameras that contains portions not authorized to be disclosed under state or federal law.,1,2026-02-18,https://legiscan.com/CT/bill/SB00225/2026
CT,2118462,,An Act Concerning Various Revisions Related To Election Processes.,"To (1) provide a mechanism for determining early voting locations when registrars of voters are unable to agree thereon, (2) modify the deadlines by which registrars of voters certify information regarding early voting and same-day election registration locations to the Secretary of the State and allow amendments to such certifications with notice to the Secretary, (3) eliminate the use of envelopes for early voting ballots and allow such ballots to be deposited directly into voting tabulators after being marked, (4) require registrars of voters to submit to the Secretary information regarding early voting and same-day election registration moderators, (5) prohibit early voting and same-day election registration officials from engaging in certain partisan activities on days for which they are appointed to serve, (6) align the provisions for appointment of same-day election registration officials with those for appointment of early voting officials, (7) amend a provision regarding the attachment of party enrollment privileges for consistency with prior changes, (8) prohibit registrars of voters from appointing as moderators certain persons with criminal backgrounds, (9) expand certain post-election procedures for the correction of returns to all towns rather than just those divided into voting districts, (10) provide for notice to the Secretary in certain matters relating to state or federal voting rights, (11) allow for the correction of errors or omissions of timely filed endorsement, nominating or other candidacy-related certificates that would operate to invalidate such certificates if not corrected, (12) provide for the Secretary's preapproval of town's ballots and authority to order corrections in case of omissions or errors, (13) during the ninety days prior to an election or primary, allow the Secretary to go to Superior Court to seek a declaratory judgment on behalf of electors alleging aggrievement, (14) require absentee ballot counters to maintain a log of rejected absentee ballots, (15) for discrepancy recanvasses, (A) require that all districts in a municipality be examined and not just the district in which the discrepancy was found, and (B) allow one party representative to communicate directly with the moderator, (16) exempt from disclosure under the Freedom of Information Act all ballots cast at elections, primaries and referenda, and (17) for voter registration information, (A) limit disclosure of birth date information to just the year, and (B) limit use of such information to election-related, scholarly, journalistic, political or governmental purposes.",1,2026-02-18,https://legiscan.com/CT/bill/SB00226/2026
CT,2118295,,An Act Concerning Prescription Drugs And Over-the-counter Diet Pills And Supplements.,To prohibit marketing of certain weight loss pills and supplements to minors and enact legal and privacy protections for prescribers of prescription drugs for reproductive and gender-affirming health care.,1,2026-02-18,https://legiscan.com/CT/bill/SB00227/2026
CT,2118280,,An Act Concerning Liquor Permits And Tobacco Bars.,To authorize the Department of Consumer Protection to issue a cafe liquor permit to additional tobacco bars.,1,2026-02-18,https://legiscan.com/CT/bill/SB00228/2026
CT,2118318,,An Act Concerning Legislative Proposals Of The Connecticut Lottery Corporation.,To enhance lottery operations and fiscal benefits to the state.,1,2026-02-18,https://legiscan.com/CT/bill/SB00229/2026
CT,2118449,,An Act Concerning The Department Of Consumer Protection's Recommendations Regarding Liquor Control.,"To (1) eliminate a requirement that certain out-of-state shipper permittees report to the Department of Consumer Protection records concerning sales and shipments to consumers in this state, (2) define ""retailer"" for purposes of certain out-of-state shippers' permits concerning wine, (3) specify that applicants for issuance or renewal of a liquor permit that allows on-premises serving or consumption of alcoholic liquor must disclose to the department a detailed description of the type of live entertainment to be provided, (4) specify that the department shall refuse any liquor permit to a minor as the permittee or as a member, principal or partner of the backer, unless such permit is for a trust with a named beneficiary who is a minor, (5) alter the evidentiary burden applicable to a permittee who is charged with serving or furnishing an alcoholic beverage to a minor, and (6) make various technical and conforming changes to the statutes concerning liquor control.",1,2026-02-18,https://legiscan.com/CT/bill/SB00230/2026
CT,2118374,,An Act Concerning The Department Of Consumer Protection's Recommendations Regarding Cannabis Regulation And Electronic Nicotine Delivery System Dealer Registration.,"To (1) require cannabis establishments to submit marijuana and cannabis samples to cannabis testing laboratories for purposes of testing conducted in accordance with laboratory testing standards established by the Commissioner of Consumer Protection, (2) provide that the commissioner shall not issue or renew an electronic nicotine delivery system certificate of dealer registration to an applicant if the commissioner finds that the applicant, or the owner, authorized owner or named designee of the applicant, has failed to satisfy various requirements or is the subject of an adverse administrative decision or delinquency assessment from the Department of Revenue Services, (3) specify who may deliver cannabis, (4) modify existing requirements concerning the availability of a pharmacist at a hybrid retailer establishment and apply such modified requirements to dispensary facilities, and (5) make various minor, technical and conforming changes to statutes concerning cannabis regulation.",1,2026-02-18,https://legiscan.com/CT/bill/SB00231/2026
CT,2118325,,An Act Concerning Streaming Video Services And The Volume Of Commercial Advertisements.,"To (1) provide that no streaming video service shall transmit the audio of any commercial advertisement at a volume that is louder than the volume established by the Federal Communications Commission for television broadcast stations or multichannel video programming distributors, and (2) authorize the Commissioner of Consumer Protection to issue a time-limited waiver from the volume limitation in the event of a significant financial hardship.",1,2026-02-18,https://legiscan.com/CT/bill/SB00232/2026
CT,2118419,,An Act Concerning Solar Contractors And Consumer Protections Regarding Solar Energy.,"To (1) exempt from licensing requirements certain persons (A) employed by, and under the direction of, a licensed solar contractor, and (B) performing certain work on a solar photovoltaic facility, (2) amend the Home Solicitation Sales Act by (A) defining and redefining various terms, (B) requiring the Office of Consumer Counsel to develop a consumer handbook concerning home solicitation sales of residential solar photovoltaic systems, (C) requiring sellers to make additional disclosures, (D) establishing requirements concerning sellers of residential solar photovoltaic systems, and (E) modifying the penalty applicable for violations of said act, and (3) require residential solar lenders and lessors to provide payoff statements and transfer documentation.",1,2026-02-18,https://legiscan.com/CT/bill/SB00233/2026
CT,2118411,,An Act Permitting Sixteen And Seventeen-year-old Drivers To Transport Siblings.,To permit a person who is sixteen or seventeen years of age to transport such person's siblings after being issued a motor vehicle operator's license.,1,2026-02-18,https://legiscan.com/CT/bill/SB00234/2026
CT,2118482,,An Act Concerning Driver Education And Student Safety.,"To (1) permit a student to choose the gender of such student's driving instructor prior to behind-the-wheel instruction, (2) require vehicles used by a drivers' school to be equipped with an electronic monitoring system and an audio or video monitoring system, and (3) provide behind-the-wheel instruction in how to respond to a traffic stop by a law enforcement officer.",1,2026-02-18,https://legiscan.com/CT/bill/SB00235/2026
CT,2118361,,An Act Implementing The Recommendations Of The Connecticut Airport Authority Regarding The Licensure And Registration Of Airports And Other Air Navigation Facilities.,To implement the recommendations of the Connecticut Airport Authority regarding the licensure and registration of airports and other air navigation facilities.,1,2026-02-18,https://legiscan.com/CT/bill/SB00236/2026
CT,2118493,,An Act Concerning Public Transportation.,"To (1) restore service on Shore Line East, (2) implement certain public transportation projects and initiatives, (3) require the Department of Transportation to provide notice of proposed fare increases, instead of any fare change, for mass transportation by land, and (4) establish programs for the purchase of bus passes for distribution to high school students and veterans.",1,2026-02-18,https://legiscan.com/CT/bill/SB00237/2026
CT,2118451,,An Act Concerning Emergency Medical Services Response Time Transparency.,To require the Commissioner of Public Health to establish an emergency medical services response time dashboard to collect and display emergency medical services response time data.,1,2026-02-18,https://legiscan.com/CT/bill/SB00238/2026
CT,2118290,,An Act Concerning Nutrition And Food-based Interventions For Patients With Diabetes And Congestive Heart Failure.,"To require hospitals to (1) examine the nutrition needs of community members with diabetes and congestive heart failure when conducting a community health needs assessment, and (2) prioritize medically tailored and food-based interventions for such community members in the hospital's community benefits implementation strategy.",1,2026-02-18,https://legiscan.com/CT/bill/SB00239/2026
CT,2118496,,An Act Concerning Internet Gaming Disorder.,"To require the Commissioner of Mental Health and Addiction Services to develop a comprehensive public health plan to identify, prevent and reduce the risks associated with Internet gaming disorder and identify any link between Internet gaming and gambling behaviors.",1,2026-02-18,https://legiscan.com/CT/bill/SB00240/2026
CT,2119459,,An Act Concerning The Waterbury Land Bank.,"To provide funding for the Waterbury Land Bank Authority to acquire, maintain, remediate or develop real property and for related projects in the city of Waterbury.",1,2026-02-19,https://legiscan.com/CT/bill/SB00241/2026
CT,2119472,,An Act Requiring A Study Of The Feasibility Of Reducing The Time To Switch Electric Suppliers.,To require the Consumer Counsel to conduct a study of the feasibility of reducing the time it takes a consumer to switch electric suppliers.,1,2026-02-19,https://legiscan.com/CT/bill/SB00242/2026
CT,2119436,,An Act Requiring A Study Of The Design Of Residential Electric Customer Bills.,To require the Public Utilities Regulatory Authority to conduct a study concerning the depiction of the public benefits charge on residential electric customer bills.,1,2026-02-19,https://legiscan.com/CT/bill/SB00243/2026
CT,2119343,,An Act Requiring A Study Of The Renewable Energy Certificate Market.,To require the Commissioner of Energy and Environmental Protection to conduct a study on the efficacy of the market for certificates issued by the New England Power Pool Generation Information System.,1,2026-02-19,https://legiscan.com/CT/bill/SB00244/2026
CT,2119266,,An Act Eliminating Certain Tax Incentives For Data Centers.,To eliminate certain tax incentives for data centers in the state.,1,2026-02-19,https://legiscan.com/CT/bill/SB00245/2026
CT,2119323,,An Act Requiring A Study Of Natural Gas Rates For Commercial And Agricultural Customers.,To require the Commissioner of Energy and Environmental Protection to conduct a study of rates for commercial and agricultural natural gas customers who have intermittent peak monthly demand.,1,2026-02-19,https://legiscan.com/CT/bill/SB00246/2026
CT,2119288,,An Act Implementing The Recommendations Of The Auditors Of Public Accounts.,"To implement the recommendations of the Auditors of Public Accounts submitted in their most recent annual report, including to require Governor or Attorney General approval for additional agreements with state employees over a certain amount, require agreements with foundations to provide when foundations will reimburse the expenses, salaries and benefits of state employees providing services for the foundation, remove the Comptroller from the Treasurer's audit, remove the State Contracting Standard Board's ability to request the auditors to conduct its audits, modify provisions concerning state agency contracts and agreements for auditing services, add a time frame for quasi-public agency annual reports to the auditors and provide that the annual comprehensive financial review of the Technical Services Revolving Fund is performed as part of the audit of the State Comptroller's annual comprehensive financial report.",1,2026-02-19,https://legiscan.com/CT/bill/SB00247/2026
CT,2119454,,"An Act Concerning A Study Of Reestablishing The Duties, Responsibilities And Staffing Of The Legislative Program Review And Investigations Committee.","To require the Office of Legislative Management to conduct a study of reestablishing the duties, responsibilities and staffing of the Legislative Program Review and Investigations Committee within the Government Oversight Committee.",1,2026-02-19,https://legiscan.com/CT/bill/SB00248/2026
CT,2119269,,An Act Concerning Pension Revocation Or Reduction For Public Officials And State Or Municipal Employees Convicted Of Crimes Related To State Or Municipal Office.,To establish a rebuttable presumption of pension revocation for public officials and pension reduction for state or municipal employees when such official or employee commits a crime related to state or municipal office and to modify what factors the court can consider when determining whether to reduce or revoke the pension of such official or employee.,1,2026-02-19,https://legiscan.com/CT/bill/SB00249/2026
CT,2119242,,An Act Concerning A Study Of State Agency Response Times To Freedom Of Information Act Requests.,To require the Office of Policy and Management to conduct a study of state agency response times to Freedom of Information Act requests.,1,2026-02-19,https://legiscan.com/CT/bill/SB00250/2026
CT,2119306,,An Act Increasing The Authority Of The Auditors Of Public Accounts.,"To authorize the Auditors of Public Accounts to (1) require additional review in audits where only a sampling of transactions was obtained, (2) require physical site visits of certain housing and human services providers, (3) establish agency and quasi-public agency performance and accountability standards, and (4) issue subpoenas pursuant to an investigation.",1,2026-02-19,https://legiscan.com/CT/bill/SB00251/2026
CT,2119245,,An Act Concerning Additional Processes For The Review Of Existing Agency Regulations For Possible Amendment Or Repeal.,To establish a Regulation Sunset Commission to make recommendations for the elimination of agency regulations and to establish an online portal for public input concerning potential amendments or the repeal of agency regulations.,1,2026-02-19,https://legiscan.com/CT/bill/SB00252/2026
CT,2119362,,An Act Repealing Security Deposit Maximums.,To repeal the current statutory maximum of one or two months' rent a landlord can require a tenant to pay as a security deposit.,1,2026-02-19,https://legiscan.com/CT/bill/SB00253/2026
CT,2119270,,An Act Concerning Tax Credits For The Conversion Of Commercial Properties.,To establish tax credits for the conversion of commercial properties into housing.,1,2026-02-19,https://legiscan.com/CT/bill/SB00254/2026
CT,2119261,,An Act Concerning The Certification Of Independent Inspectors And Inspection Firms To Perform State Building Code Inspections.,To establish a program to certify independent inspectors and inspection firms to perform inspections under the State Building Code.,1,2026-02-19,https://legiscan.com/CT/bill/SB00255/2026
CT,2119458,,An Act Concerning The Purchase Of Residential Property By Private Equity Entities.,To require a seventy-five-day waiting period for private equity entities to offer to purchase one or two-family homes.,1,2026-02-19,https://legiscan.com/CT/bill/SB00256/2026
CT,2119264,,An Act Concerning Evictions For Cause.,To require cause for the eviction of certain tenants and residents of mobile manufactured home parks.,1,2026-02-19,https://legiscan.com/CT/bill/SB00257/2026
CT,2119340,,An Act Concerning Property And Casualty Insurance.,To require that the Insurance Department conduct a study concerning issues related to property and casualty insurance in the state.,1,2026-02-19,https://legiscan.com/CT/bill/SB00258/2026
CT,2119322,,An Act Concerning Female Genital Mutilation.,"To (1) establish the crime of female genital mutilation, (2) allow for testimony outside of the courtroom for victims twelve years of age or younger, (3) prohibit a witness who is a victim of female genital mutilation from being automatically adjudged incompetent due to age, (4) authorize a civil action by a victim, (5) abrogate immunity between a parent and child if the action is brought by the child against the parent, and (6) allow such actions within thirty years from the victim attaining the age of eighteen years.",1,2026-02-19,https://legiscan.com/CT/bill/SB00259/2026
CT,2119382,,An Act Concerning Roaming Dogs.,To enhance penalties for unlawfully permitting a dog to roam at large.,1,2026-02-19,https://legiscan.com/CT/bill/SB00260/2026
CT,2119431,,An Act Concerning Transfer Of A Motor Vehicle Registration Upon The Death Of The Owner Of The Vehicle.,To facilitate transfer of a motor vehicle registration to a beneficiary upon the death of the owner of the vehicle.,1,2026-02-19,https://legiscan.com/CT/bill/SB00261/2026
CT,2119418,,An Act Concerning The Fees Charged By A Notary For The Performance Of A Notarial Act.,To increase the amount of the fee that a notary may charge for the performance of a notarial act from five dollars to ten dollars.,1,2026-02-19,https://legiscan.com/CT/bill/SB00262/2026
CT,2119329,,An Act Concerning Water Safety And Swim Instruction.,To require the Department of Energy and Environmental Protection to establish and administer an annual program to provide free-of-charge swimming lessons to certain children.,1,2026-02-19,https://legiscan.com/CT/bill/SB00263/2026
CT,2119230,,An Act Concerning Children's Well-being.,To require the Commissioner of Children and Families to conduct a study to determine whether policy and procedural changes within the Department of Children and Families may improve the well-being of children.,1,2026-02-19,https://legiscan.com/CT/bill/SB00264/2026
CT,2119223,,An Act Concerning Additional Funding For The Care 4 Kids Program And Certain Child Care Providers.,To increase funding to the Care 4 Kids program to assist families in getting children off of the waiting list and to provide additional supports to child care providers in eastern Connecticut.,1,2026-02-19,https://legiscan.com/CT/bill/SB00265/2026
CT,2119304,,An Act Limiting The Access Of Private Equity To Funds From The Early Childhood Education Endowment.,To give priority to funding from the Early Childhood Education Endowment to those child care service providers that are not backed by private equity.,1,2026-02-19,https://legiscan.com/CT/bill/SB00266/2026
CT,2119416,,An Act Concerning Various Revisions To The Insurance Statutes.,To require the Insurance Commissioner to conduct a study concerning various revisions to the insurance statutes.,1,2026-02-19,https://legiscan.com/CT/bill/SB00267/2026
CT,2119256,,An Act Authorizing The Comptroller To Withhold Payment For Violations Of The Prevailing Wage Statutes.,To allow the Comptroller to withhold payment of money to a contractor or subcontractor for a violation of subsection (b) of section 31-53 of the general statutes where a stop work order was issued by the Labor Commissioner.,1,2026-02-19,https://legiscan.com/CT/bill/SB00268/2026
CT,2119475,,An Act Concerning Workers' Rights.,To require the Labor Commissioner to conduct a study of the rights of employees in the state.,1,2026-02-19,https://legiscan.com/CT/bill/SB00269/2026
CT,2119408,,An Act Concerning The Labor Department.,To require the Labor Commissioner to conduct a study of the Labor Department.,1,2026-02-19,https://legiscan.com/CT/bill/SB00270/2026
CT,2119333,,An Act Implementing The Recommendations Of The Labor Department.,"To (1) create a uniform definition of ""health care provider"" in the unemployment statutes, (2) authorize the Labor Commissioner to make or entertain an offer of compromise for or abate any payments in lieu of contributions due by a reimbursing employer under the unemployment chapter, (3) move enforcement authority for section 53-303e of the general statutes to the Labor Department, (4) repeal the Employment Security Advisory Board, (5) remove the requirement that labor organizations annually file a report with the Labor Commissioner, and (6) make other technical and conforming changes.",1,2026-02-19,https://legiscan.com/CT/bill/SB00271/2026
CT,2119347,,An Act Authorizing Municipalities To Enforce Certain Blight Regulations Without Providing Notice Or An Opportunity To Remediate.,To remove certain notice and opportunity to remediate provisions concerning repeat blight violations.,1,2026-02-19,https://legiscan.com/CT/bill/SB00272/2026
CT,2119409,,An Act Concerning Local Government.,To clarify certain responsibilities of the civil service board.,1,2026-02-19,https://legiscan.com/CT/bill/SB00273/2026
CT,2119398,,An Act Concerning Nonresident Landlord Registration And Increasing Penalties For Repeat Building And Fire Code Violations.,"To (1) require certain nonresident landlords, project-based housing providers or agents in charge of rental properties to register certain personal identifying information, and (2) increase penalties for repeat violations of building and fire codes.",1,2026-02-19,https://legiscan.com/CT/bill/SB00274/2026
CT,2119216,,An Act Requiring The Office Of Policy And Management To Establish A Program To Assist Municipalities In Publishing Certain Budget Information.,To require the Office of Policy and Management to establish a program to assist municipalities in publishing certain budget information online.,1,2026-02-19,https://legiscan.com/CT/bill/SB00275/2026
CT,2119468,,An Act Requiring Municipalities To Post Monthly Reports Concerning Revenue And Certain Expenditures.,To require that municipalities post monthly reports concerning revenue and expenditure data on the municipality's Internet web site.,1,2026-02-19,https://legiscan.com/CT/bill/SB00276/2026
CT,2119244,,"An Act Implementing The Department Of Administrative Services' Recommendations Regarding Fire Marshal Qualifications, Burn Injury Reports And State Building Code Provisions Relating To Accessibility.","To implement various provisions recommended by the Department of Administrative Services regarding fire marshal qualifications, burn injury reports and State Building Code provisions relating to accessibility.",1,2026-02-19,https://legiscan.com/CT/bill/SB00277/2026
CT,2119221,,An Act Concerning Military Protective Orders To Address Military Interpersonal Violence.,"To (1) provide that courts may consider prior or existing military protective orders that are contained in the state's automated registry of protective orders when issuing a civil protective order for victims of domestic violence, sexual assault, sexual violence or stalking, and (2) specify that such registry contains military protective orders that have been entered into the National Crime Information Center computerized index.",1,2026-02-19,https://legiscan.com/CT/bill/SB00278/2026
CT,2119349,,An Act Exempting Veterans From Payment Of The Passport To The Parks Motor Vehicle Registration Fee.,To exempt veterans from payment of the Passport to the Parks motor vehicle registration fee.,1,2026-02-19,https://legiscan.com/CT/bill/SB00279/2026
CT,2119213,,An Act Concerning The Legislative Commissioners' Recommendations For Minor And Technical Revisions To Statutes Relating To Veterans' And Military Affairs.,To make minor and technical revisions to statutes relating to veterans' and military affairs.,1,2026-02-19,https://legiscan.com/CT/bill/SB00280/2026
CT,2119260,,An Act Establishing A Task Force To Study Means Of Encouraging More Nursing Homes In The State To Contract With The United States Department Of Veterans Affairs.,To study ways to encourage more nursing homes in the state to contract with the United States Department of Veterans Affairs for the provision of care to veterans.,1,2026-02-19,https://legiscan.com/CT/bill/SB00281/2026
CT,2119253,,An Act Appropriating Funds To The Neglected Cemetery Account And Concerning Care And Maintenance Of Wartime Veterans' Graves.,To implement the recommendations of the working group established pursuant to special act 23-25 for the upkeep of veterans' graves.,1,2026-02-19,https://legiscan.com/CT/bill/SB00282/2026
CT,2119388,,"An Act Concerning Members Of The Armed Forces, Veterans And The Department Of Motor Vehicles.","To (1) increase from sixty days to ninety days the grace period afforded to members of the armed forces, upon their return from service out of state, for the completion of certain motor vehicle-related renewals or testing, and (2) waive the fee for original issuance of a motor vehicle operator's license or identity card in the case of any person whose veteran status is verified by the Department of Veterans Affairs.",1,2026-02-19,https://legiscan.com/CT/bill/SB00283/2026
CT,2120321,,An Act Concerning Emergency Power Generator Requirements For Certain Multifamily Housing Projects.,To require certain privately owned multifamily housing projects to install and maintain one or more emergency power generators.,1,2026-02-19,https://legiscan.com/CT/bill/SB00284/2026
CT,2120422,,An Act Providing A Family Caregiver Tax Credit.,To allow a tax credit for eligible expenditures incurred by a family caregiver for the care and support of an eligible family member.,1,2026-02-19,https://legiscan.com/CT/bill/SB00285/2026
CT,2120053,,An Act Increasing Financial Assistance For Grandparents And Other Nonparent Relatives Raising Certain Children.,To provide the same financial benefits to grandparents and other nonparent relatives who adopt their grandchildren or relative children as those who adopt unrelated children.,1,2026-02-19,https://legiscan.com/CT/bill/SB00286/2026
CT,2120373,,An Act Requiring Home Health Aide Agencies To Provide Certain Personal Protective Equipment To Home Health Aides.,To require home health aide agencies to provide personal protective equipment to home health aide employees.,1,2026-02-19,https://legiscan.com/CT/bill/SB00287/2026
CT,2120159,,"An Act Concerning The Department Of Social Services' Recommendations Regarding Exceptions To The Nursing Home Bed Moratorium, Nursing Home Resident Data And Nursing Home Reimbursement Rate Caps For Related Party Employees.","To (1) authorize additional nursing home beds in certain geographic areas of the state under certain conditions, (2) require licensed nursing homes to submit resident data to the Commissioner of Social Services in a timely fashion to ensure proper calculation of reimbursement rates, and (3) authorize the commissioner not to include related parties as employees when considering costs of a nursing home in rate determinations.",1,2026-02-19,https://legiscan.com/CT/bill/SB00288/2026
CT,2120218,,An Act Concerning Funding Of The Quality Metrics Program For Nursing Homes.,To implement the Department of Social Services' quality metrics program for nursing homes.,1,2026-02-19,https://legiscan.com/CT/bill/SB00289/2026
CT,2120598,,"An Act Clarifying The Meanings Of ""sexual Intercourse"" And ""sexual Contact"".","To clarify the meanings of ""sexual intercourse"" and ""sexual contact"".",1,2026-02-20,https://legiscan.com/CT/bill/SB00290/2026
CT,2121397,,"An Act Concerning The Responsibilities And Duties Of The State Marshal Commission, The State Marshals Advisory Board And State Marshals.","To: (1) Make revisions to the duties and composition of the State Marshals Commission, (2) make revisions to the duties of the State Marshals Advisory Board, (3) ensure timely and reliable access to state marshals for service of a restraining order or a civil protection order, and (4) revise the fees associated with certain removal actions.",1,2026-02-23,https://legiscan.com/CT/bill/SB00291/2026
CT,2121269,,"An Act Concerning The Definition Of ""child Sexual Abuse Material"".","To expand the definition of ""child sexual abuse material"".",1,2026-02-23,https://legiscan.com/CT/bill/SB00292/2026
CT,2122683,,An Act Concerning The Statute Of Limitation For Injury Caused By Fraud In The Provision Of Fertility Care And Treatment.,"To provide that an action to recover damages for personal injury to a person caused by fraud in the provision of fertility care and treatment may be brought not later than three years from the date the minor child affected by such fraud reaches the age of majority, or three years after the date on which the fraud is discovered, whichever is later.",1,2026-02-24,https://legiscan.com/CT/bill/SB00293/2026
CT,2123316,,"An Act Concerning Trade Names, Fraudulent Filings, Impermissible Business Solicitations, Dissolution Of Corporations, The Issuance Of An Apostille And Fees Charged By A Notary.","To: (1) Revise processes related to applications for, and issuance of, trade name certificates, (2) provide the Secretary of the State with additional authority to take actions with respect to fraudulent filings, deceptive business solicitations and the dissolution of corporations that fail to comply with state law, (3) revise provisions relating to the issuance of an apostille, and (4) increase permissible fees that may be charged by a notary.",1,2026-02-25,https://legiscan.com/CT/bill/SB00294/2026
CT,2123354,,An Act Concerning State Law Protections For Health Care Providers And Patients Related To The Provision Of A Legally Protected Health Care Activity.,To extend state law protections for health care providers and patients related to the provision of a legally protected health care activity.,1,2026-02-25,https://legiscan.com/CT/bill/SB00295/2026
CT,2123302,,An Act Concerning Recommendations From The Department Of Consumer Protection With Respect To The Connecticut Unfair Trade Practices Act And Sports Wagering.,"To (1) increase the maximum amount of restitution available under the Connecticut Unfair Trade Practices Act, (2) make consistent statutory provisions concerning record retention under said act, and (3) update the state's cheating statute to include provisions relating to sports wagering.",1,2026-02-25,https://legiscan.com/CT/bill/SB00296/2026
CT,2123446,,"An Act Concerning Court Proceedings Involving A Child Or Youth Who Is Alleged To Have Been Uncared For, Neglected Or Abused.","To restructure statutory provisions concerning court proceedings involving a child or youth who is alleged to have been uncared for, neglected or abused.",1,2026-02-25,https://legiscan.com/CT/bill/SB00297/2026
CT,2123570,,"An Act Concerning The Reallocation Of Certain State Funds And Various Provisions Relating To Education, Public Safety, General Government, Elections, Intermediate Care Facilities And Warehouse Distribution Centers.","An Act Concerning The Reallocation Of Certain State Funds And Various Provisions Relating To Education, Public Safety, General Government, Elections, Intermediate Care Facilities And Warehouse Distribution Centers.",4,2026-03-05,https://legiscan.com/CT/bill/SB00298/2026
CT,2123623,,An Act Concerning Redemption Of Out-of-state Beverage Containers.,An Act Concerning Redemption Of Out-of-state Beverage Containers.,4,2026-03-05,https://legiscan.com/CT/bill/SB00299/2026
CT,2124357,,An Act Establishing A Debt Collection Exemption Relating To Joint Accounts.,To establish an exemption from debt collection for any part of the balance of an account deemed a joint account in which the exemptioner has no equitable interest.,1,2026-02-26,https://legiscan.com/CT/bill/SB00300/2026
CT,2124409,,An Act Requiring The Department Of Banking To Conduct A Study Relating To Signature Guarantee Programs.,"To require the Department of Banking to (1) conduct a study to assess (A) the availability of signature guarantee programs at financial institutions in the state, and (B) any issues relating to the ability of consumers to access such programs in order to obtain a guarantee, and (2) submit a report concerning the results of such study to the joint standing committee of the General Assembly having cognizance of matters relating to banking.",1,2026-02-26,https://legiscan.com/CT/bill/SB00301/2026
CT,2124213,,An Act Revising Various Provisions Relating To Certain Approvals By The Banking Commissioner And Connecticut Bank Branch Applications.,"To revise various provisions relating to (1) community reinvestment performance evaluation ratings and certain approvals by the Banking Commissioner, and (2) timeframes applicable to certain applications regarding Connecticut bank branches.",1,2026-02-26,https://legiscan.com/CT/bill/SB00302/2026
CT,2124395,,An Act Concerning Secured Credit Cards.,To require each Connecticut bank and Connecticut credit union to make available a secured credit card and account information for the secured credit card.,1,2026-02-26,https://legiscan.com/CT/bill/SB00303/2026
CT,2124549,,An Act Concerning A Study Of Programs Administered By The Department Of Economic And Community Development.,To require the Commissioner of Economic and Community Development to study programs administered by the Department of Economic and Community Development.,1,2026-02-26,https://legiscan.com/CT/bill/SB00304/2026
CT,2124621,,An Act Concerning Tourism.,To establish a working group to study statewide marketing and tourism in the state.,1,2026-02-26,https://legiscan.com/CT/bill/SB00305/2026
CT,2124518,,An Act Concerning Economic Development And Comprehensive Energy Strategy.,To include the Commissioner of Economic and Community Development in the preparation of any Comprehensive Energy Strategy as provided in section 16a-3d of the general statutes.,1,2026-02-26,https://legiscan.com/CT/bill/SB00306/2026
CT,2124435,,An Act Concerning The Department Of Economic And Community Development's Recommendations For Revisions To The Commerce Statutes.,"To implement the Department of Economic and Community Development's recommendations for revisions to the commerce statutes, including (1) removing references to certain Department of Economic and Community Development offices, (2) repealing or modifying certain reporting requirements, (3) repealing defunct programs, (4) addressing changes to federal funding, (5) revising the Manufacturing Innovation Fund Advisory Board membership and establishing a board absentee policy, (6) establishing a council absentee policy for the Tourism Council, (7) revising the name, charge and membership of the Minority Business Initiative Advisory Board and permitting the board to establish bylaws, (8) implementing certain revisions to the concentrated poverty statutes, and (9) rename the Small Business Express program and the small business express assistance account.",1,2026-02-26,https://legiscan.com/CT/bill/SB00307/2026
CT,2124672,,An Act Requiring Boards Of Education To Post Curriculum Online.,To require local and regional boards of education to post curriculum on such board's Internet web site.,1,2026-02-26,https://legiscan.com/CT/bill/SB00308/2026
CT,2124509,,"An Act Concerning The Creation Of A Contingency Special Education Grant, A Prohibition On Private Equity In Special Education And The Establishment Of A Working Group To Consider Innovations In The Provision Of Special Education Services.","To (1) provide a contingency special education grant for certain unanticipated special education costs, (2) prohibit the Department of Education from approving a private provider of special education services that is owned or operated by a private equity company, and (3) establish a working group to consider innovations in the provision of special education and related services through public-private partnerships.",1,2026-02-26,https://legiscan.com/CT/bill/SB00309/2026
CT,2124662,,An Act Concerning Vocational Education And Workforce Development.,"To require a study for expanding vocational education to grades kindergarten to eight, inclusive, and establish a pilot program for training wastewater treatment facility operators.",1,2026-02-26,https://legiscan.com/CT/bill/SB00310/2026
CT,2124538,,An Act Concerning Disconnected Youth.,"To require P20 WIN to share data with a nonprofit organization that provides data and data support to other public entities, lower the maximum number of days for an in-school suspension during one school year, allow out-of-school suspension for violent behavior, acts of sexual misconduct or possession of a weapon or controlled substance and require the Department of Education to establish a Disconnected Youth Investment Grant program.",1,2026-02-26,https://legiscan.com/CT/bill/SB00311/2026
CT,2124527,,An Act Concerning Assorted Revisions To The Education Statutes.,To make assorted revisions to the education statutes.,1,2026-02-26,https://legiscan.com/CT/bill/SB00312/2026
CT,2124322,,An Act Concerning Wakesurfing On Certain Lakes In The State.,To authorize wakesurfing on most lakes in the state provided it occurs a certain distance from shore.,1,2026-02-26,https://legiscan.com/CT/bill/SB00313/2026
CT,2124661,,An Act Concerning The Protection Of Animals Used In Certain Research.,To require an examination of the need to establish breeding and other care standards for animals used in medical research in the state.,1,2026-02-26,https://legiscan.com/CT/bill/SB00314/2026
CT,2124461,,An Act Concerning The Release Of Sterile Carp In Pachaug Pond.,To require the release of sterile carp in Pachaug Pond for the control of invasive vegetation.,1,2026-02-26,https://legiscan.com/CT/bill/SB00315/2026
CT,2124616,,An Act Concerning The Testing Of Soils At Certain Solar Facilities.,To require the Department of Energy and Environmental Protection to conduct soil testing on a biennial basis at utility-scale solar arrays in the state.,1,2026-02-26,https://legiscan.com/CT/bill/SB00316/2026
CT,2124258,,An Act Concerning Resource Recovery Facilities In The State.,To enable the Bristol Resource Recovery Facility to not pay certain fees to the Department of Revenue Services for a five-year period.,1,2026-02-26,https://legiscan.com/CT/bill/SB00317/2026
CT,2124708,,An Act Concerning Animal Welfare.,To identify resources for persons needing to place their companion animal in another person's care due to a domestic violence situation and to clarify the authority of the State Veterinarian to combat disease among companion animals and establish a working group to study ways to improve the funding of the animal population control program.,1,2026-02-26,https://legiscan.com/CT/bill/SB00318/2026
CT,2124716,,An Act Concerning The Use Of Battery-powered Leaf Blowers And Similar Equipment By The State And Municipalities.,To transition to battery powered leaf blowers and related equipment throughout the state.,1,2026-02-26,https://legiscan.com/CT/bill/SB00319/2026
CT,2124614,,An Act Establishing A Working Group Concerning Electric Transmission Facilities And Electric Grid Capacity Planning.,To require the Commissioner of Energy and Environmental Protection to convene a working group for the purpose of examining and making recommendations regarding the siting and use of electric transmission facilities and electric grid capacity planning in the state.,1,2026-02-26,https://legiscan.com/CT/bill/SB00320/2026
CT,2124554,,An Act Concerning Requirements For Certain Excavation Projects.,To specify that no person shall be required to keep an excavation site open for a period of time after the completion of work unless required as a condition of a permit.,1,2026-02-26,https://legiscan.com/CT/bill/SB00321/2026
CT,2124358,,An Act Establishing A Task Force To Study Issues Relating To Consumer Protection And Occupational Licensing.,To establish a task force to study issues relating to consumer protection and occupational licensing.,1,2026-02-26,https://legiscan.com/CT/bill/SB00322/2026
CT,2124339,,An Act Implementing The Recommendations Of The Office Of State Ethics For Revisions To The State Codes Of Ethics.,"To (1) require members of boards, commissions, committees and councils within the Executive Department with contract authority to file statements of financial interests, (2) permit the filing of the name of certain tax-sheltered annuity retirement plans in lieu of naming specific securities within such statements, and (3) apply substantial conflict of interest provisions in the state code of ethics for public officials and state employees to conflicts involving the public official's or state employee's nonstate employer or spouse's nonstate employer.",1,2026-02-26,https://legiscan.com/CT/bill/SB00323/2026
CT,2124653,,An Act Concerning Government Oversight Over Fraud And Waste And Establishing The Office Of Government Oversight And Efficiency.,"To establish a working group to uncover fraud and waste in state government, establish the Office of Government Oversight and Efficiency, require state agencies to notify affected parties of material and substantial changes in law, establish the Results-Based Accountability Working Group and require the involvement of additional committees and public officials for audit reports that have financial implications.",1,2026-02-26,https://legiscan.com/CT/bill/SB00324/2026
CT,2124640,,An Act Prohibiting The Disclosure Of The Residential Address Of Public School Teachers Under The Freedom Of Information Act And Establishing A Task Force Concerning Mass Requests Under The Act.,To prohibit disclosure of the residential address of public school teachers under the Freedom of Information Act and to establish a task force to study how to respond to the issue of mass requests created by artificial intelligence.,1,2026-02-26,https://legiscan.com/CT/bill/SB00325/2026
CT,2124697,,An Act Concerning Husky C Asset Limits.,To phase-in the elimination of asset limits in the HUSKY C program.,1,2026-02-26,https://legiscan.com/CT/bill/SB00326/2026
CT,2124271,,An Act Expanding Emergency Medicaid Coverage.,To expand emergency Medicaid coverage to the extent permissible under federal law.,1,2026-02-26,https://legiscan.com/CT/bill/SB00327/2026
CT,2124722,,An Act Requiring Nursing Homes To Spend Eighty Per Cent Of Revenue On Direct Patient Care.,To require nursing homes to spend eighty per cent of revenue on direct patient care.,1,2026-02-26,https://legiscan.com/CT/bill/SB00328/2026
CT,2124239,,An Act Expanding Medicaid Eligibility For Older Adults With Disabilities.,To disregard certain income for older adults with disabilities when determining their eligibility for Medicaid.,1,2026-02-26,https://legiscan.com/CT/bill/SB00329/2026
CT,2124297,,An Act Compensating Spouses For State-funded Home Care.,To authorize payment to spouses and others who provide care under the state-funded portion of the Connecticut home-care program for the elderly.,1,2026-02-26,https://legiscan.com/CT/bill/SB00330/2026
CT,2124249,,An Act Concerning Step Therapy Requirements For Prescription Drugs Covered Under The Medicaid Program.,To align step therapy requirements with manufacturer guidelines for prescription drugs covered under the Medicaid program.,1,2026-02-26,https://legiscan.com/CT/bill/SB00331/2026
CT,2124582,,An Act Concerning Notice To Parties Before A Fair Rent Commission.,To require fair rent commissions to notify parties to a hearing of their rights under the hearing and the scope of the commission's lawful authority.,1,2026-02-26,https://legiscan.com/CT/bill/SB00332/2026
CT,2124423,,An Act Defining Advance Rental Payments.,To differentiate advance rental payments and security deposits and permit the use of advance rental payments.,1,2026-02-26,https://legiscan.com/CT/bill/SB00333/2026
CT,2124246,,An Act Concerning The Composition Of Fair Rent Commissions.,To require that fair rent commissions consist of an equal number of landlords and residential tenants.,1,2026-02-26,https://legiscan.com/CT/bill/SB00334/2026
CT,2124729,,An Act Concerning Utility Charges For Residential Dwelling Units.,To require that a tenant only be charged for utilities if such tenant's dwelling unit has an individual meter.,1,2026-02-26,https://legiscan.com/CT/bill/SB00335/2026
CT,2124596,,An Act Concerning A Study Of Housing Policy.,To study the housing policies of the state.,1,2026-02-26,https://legiscan.com/CT/bill/SB00336/2026
CT,2124327,,An Act Establishing A Task Force Concerning The Removal And Storage Of Property Of Evicted Tenants.,To require that personal property left behind after eviction be stored for fifteen days by the plaintiff and to permit the plaintiff to dispose of such property as such plaintiff sees fit following the expiration of fifteen days.,1,2026-02-26,https://legiscan.com/CT/bill/SB00337/2026
CT,2124406,,An Act Concerning Housing Unit-equivalent Points For Developments Subject To Litigation.,To prevent the receipt of housing unit-equivalent points for certain units located in developments subject to the affordable housing appeals process for a period of more than six months.,1,2026-02-26,https://legiscan.com/CT/bill/SB00338/2026
CT,2124670,,An Act Allowing Long-term Rental Of Bedrooms In A Single-family Home As Of Right.,To allow rental of bedrooms in a single-family home as of right.,1,2026-02-26,https://legiscan.com/CT/bill/SB00339/2026
CT,2124702,,"An Act Concerning Continuing Real Estate Education Requirements, Public Marketing Of Certain Real Estate Listings And Revising The Title Of A Real Estate Salesperson To A Real Estate Agent.","To: (1) Revise the continuing education requirements for real estate licensees, (2) change the term real estate salesperson to real estate agent, and (3) establish a process regarding the public marketing of certain real estate listings.",1,2026-02-26,https://legiscan.com/CT/bill/SB00340/2026
CT,2124675,,An Act Concerning Return Of Health Care Provider Payments.,"To shorten the time period that health carriers may cancel, deny or demand the return of payment from health care providers and to require that health carriers establish an electronic appeal process.",1,2026-02-26,https://legiscan.com/CT/bill/SB00341/2026
CT,2124690,,An Act Concerning Health Coverage.,"To: (1) require certain health insurers, preferred provider networks and other entities to include certain provisions in contracts with health care providers regarding reimbursement for certain covered health benefits, (2) clarify the definition of ""anti-steering clause"" under section 38a-477i of the general statutes, (3) require the Insurance Commissioner to conduct a study concerning various revisions to the insurance statutes, (4) change the time period that a health carrier and participating provider shall continue to abide by the terms of a contract under section 38a-472f of the general statutes, (5) prohibit a health carrier from using a software tool to downcode or deny certain health insurance claims, (6) establish a rebuttable presumption for purposes of the review of an adverse determination under section 38a-591e of the general statutes, and (7) prohibit certain health carriers from requiring step therapy for prescription drugs used to treat a chronic, disabling or life-threatening condition.",1,2026-02-26,https://legiscan.com/CT/bill/SB00342/2026
CT,2124230,,An Act Concerning Fees Charged For Criminal History Records Checks.,To waive certain fees for criminal history records checks in the case of a person seeking a pardon.,1,2026-02-26,https://legiscan.com/CT/bill/SB00343/2026
CT,2124440,,An Act Protecting Children's Safety By Requiring Affirmative Consent By A Parent Or Guardian For The Use Of A Child's Likeness On Social Media.,To prohibit the use of a child's likeness for purposes of marketing or advertising on social media without the affirmative consent of a parent or guardian.,1,2026-02-26,https://legiscan.com/CT/bill/SB00344/2026
CT,2124210,,"An Act Concerning Breastfeeding In The Workplace, Pre And Post-shift Hours And Establishing A Task Force To Study Workplace Heat Safety Standards.","To (1) align state and federal law regarding break times for the purpose of breastfeeding or expressing milk during the work day, (2) include security screenings required by an employer in the definition of ""hours worked"" for purposes of chapter 558 of the general statutes, and (3) establish a task force to study and provide recommendations for the establishment of heat safety standards in the workplace.",1,2026-02-26,https://legiscan.com/CT/bill/SB00345/2026
CT,2124574,,An Act Concerning The Modifications To The Governor's Workforce Council.,"To (1) amend the membership of the Governor's Workforce Council in order to comply with federal law, and (2) make other technical and conforming changes.",1,2026-02-26,https://legiscan.com/CT/bill/SB00346/2026
CT,2124374,,An Act Increasing The Threshold Amount For Felony Unemployment Compensation Fraud.,To increase the threshold dollar amount for an individual to become guilty of a felony for receiving unemployment benefits by fraudulent means.,1,2026-02-26,https://legiscan.com/CT/bill/SB00347/2026
CT,2124593,,An Act Concerning Portal-to-portal Workers' Compensation Coverage For Public Works Department Employees.,To provide portal-to-portal workers' compensation coverage for employees of a public works department.,1,2026-02-26,https://legiscan.com/CT/bill/SB00348/2026
CT,2124725,,An Act Concerning Modifications To The Firefighters Cancer Relief Fund.,To amend the reporting requirements of the Treasurer for the Firefighters Cancer Relief Fund.,1,2026-02-26,https://legiscan.com/CT/bill/SB00349/2026
CT,2124572,,An Act Increasing The Per Diem Rate For Members Of The State Board Of Labor Relations And Compensation For Members Of The Board Of Mediation And Arbitration.,"To increase (1) the per diem rate for regular and alternative members of the State Board of Labor Relations, and (2) the compensation the State Board of Mediation and Arbitration members receive for their services.",1,2026-02-26,https://legiscan.com/CT/bill/SB00350/2026
CT,2124336,,An Act Establishing A Just Cause Standard For Teacher Termination Decisions And Requiring Termination Hearings To Be Before A Neutral Arbitrator.,"To (1) establish a just cause standard for teacher termination decisions, (2) require teacher termination hearings be before a neutral arbitrator, and (3) make the decisions of such neutral arbitrator binding.",1,2026-02-26,https://legiscan.com/CT/bill/SB00351/2026
CT,2124643,,An Act Concerning The Minimum Fair Wage And Persons Employed At Cannabis Establishments.,To clarify that persons employed at cannabis establishments are to be paid the minimum fair wage.,1,2026-02-26,https://legiscan.com/CT/bill/SB00352/2026
CT,2124384,,An Act Concerning Reasonable Accommodations In The Workplace For Conditions Related To Menopause.,"To (1) require employers to provide reasonable accommodations in the workplace for conditions related to menopause, (2) require the Commission on Human Rights and Opportunities to develop a model workplace policy regarding reasonable accommodations for conditions related to menopause, and (3) require the Commission on Human Rights and Opportunities to develop education materials regarding conditions related to menopause.",1,2026-02-26,https://legiscan.com/CT/bill/SB00353/2026
CT,2124732,,An Act Concerning Staffing In The Unemployment Insurance Division In The Labor Department.,To increase the number of staff at the Unemployment Insurance Benefits Division in the Labor Department.,1,2026-02-26,https://legiscan.com/CT/bill/SB00354/2026
CT,2124428,,An Act Concerning Limitations On The Use Of Nondisclosure Agreements.,To prohibit the use of nondisclosure agreements in certain instances in the workplace.,1,2026-02-26,https://legiscan.com/CT/bill/SB00355/2026
CT,2124547,,An Act Concerning Electronic Filing Of Certified Payroll And Daily Logs For Certain Public Works Projects.,"To (1) require employers working on certain public works projects to submit certified payroll records electronically to the Labor Commissioner and maintain and submit daily logs for workers on site, and (2) require the Labor Commissioner to establish an online system for submission of such certified payroll records and maintain a database of such records.",1,2026-02-26,https://legiscan.com/CT/bill/SB00356/2026
CT,2124281,,An Act Concerning Unemployment Dependency Allowance.,"To increase the amount an individual, who is eligible to receive benefits for unemployment, receives in dependency allowance.",1,2026-02-26,https://legiscan.com/CT/bill/SB00357/2026
CT,2124481,,An Act Concerning The Retention Of Service Contract Workers.,To offer greater protections to certain service workers who are displaced or terminated when service contracts are terminated.,1,2026-02-26,https://legiscan.com/CT/bill/SB00358/2026
CT,2124214,,An Act Authorizing The Deferral Of A Property Revaluation.,To allow the city of Hartford to delay the revaluation of real property in the city by one year.,1,2026-02-26,https://legiscan.com/CT/bill/SB00359/2026
CT,2124420,,An Act Concerning Municipal Issues.,To make technical changes to provisions concerning interlocal agreements between municipalities.,1,2026-02-26,https://legiscan.com/CT/bill/SB00360/2026
CT,2124368,,An Act Concerning Fees In Lieu Of Sidewalk Requirements.,To allow municipalities to collect fees in lieu of imposing sidewalk requirements on new developments under certain conditions.,1,2026-02-26,https://legiscan.com/CT/bill/SB00361/2026
CT,2124247,,An Act Concerning Revisions To Statutes Relating To Municipal Property Tax Assessment.,To make various revisions to statutes concerning municipal property tax assessment.,1,2026-02-26,https://legiscan.com/CT/bill/SB00362/2026
CT,2124533,,An Act Allowing Municipalities To Impose Commercial Vacancy Assessments In Certain Districts.,To allow municipalities to impose a commercial vacancy assessment on vacant commercial property located in districts designated by the municipality.,1,2026-02-26,https://legiscan.com/CT/bill/SB00363/2026
CT,2124290,,An Act Concerning Extreme Weather Protocols.,To require the Division of Emergency Management and Homeland Security within the Department of Emergency Services and Public Protection to develop standardized extreme hot and cold weather protocols.,1,2026-02-26,https://legiscan.com/CT/bill/SB00364/2026
CT,2124492,,An Act Establishing A Bridge Program For Emergency Treatment And Recovery Navigation For Persons With An Opioid Use Disorder.,"To require hospitals to (1) treat patients presenting to the emergency department with symptoms of opioid use disorder with buprenorphine without requiring admission of the patient to the hospital, (2) discharge such patients from the emergency department with a supply of opioid antagonists, and (3) refer such patients to local substance use disorder treatment programs.",1,2026-02-26,https://legiscan.com/CT/bill/SB00365/2026
CT,2124693,,An Act Concerning The Uniform Investigation Of Accident Report And Certain Reports By Peace Officers.,"To require (1) a motor vehicle accident report to be made available not later than thirty days after the completion of the related investigation, and (2) a peace officer to prepare and provide, upon request, a report describing any matter in which a person experiences an emergency medical condition or is medically unstable while in direct audio or visual contact with, or under the custody or control of, the peace officer.",1,2026-02-26,https://legiscan.com/CT/bill/SB00366/2026
CT,2124224,,An Act Establishing A Working Group To Study Roadside Safety Concerns Associated With Wreckers And Towing And Recovery Professionals.,To establish a working group to study roadside safety concerns associated with wreckers and towing and recovery professionals.,1,2026-02-26,https://legiscan.com/CT/bill/SB00367/2026
CT,2124589,,"An Act Concerning A State Explosives, Blasting And Pyrotechnic Code.","To require the adoption of a State Explosives, Blasting and Pyrotechnic Code and to establish the procedure for such adoption.",1,2026-02-26,https://legiscan.com/CT/bill/SB00368/2026
CT,2124719,,An Act Establishing Various Requirements Regarding Elevators.,To establish various requirements applicable to owners of residential elevator buildings.,1,2026-02-26,https://legiscan.com/CT/bill/SB00369/2026
CT,2124602,,An Act Concerning The Hourly Compensation For Adjunct Fire Instructors.,To require the hourly compensation for adjunct fire instructors to be adjusted at the same percentage rate as any general wage increase and cost-of-living adjustment included within the most recently ratified agreement between the state and the State Employees Bargaining Agent Coalition.,1,2026-02-26,https://legiscan.com/CT/bill/SB00370/2026
CT,2124346,,"An Act Establishing A Personal Flotation Device Requirement For Children Under The Age Of Twelve While On Public Docks, Wharves And Piers.","To require children under the age of twelve to wear personal flotation devices while on any dock, wharf or pier.",1,2026-02-26,https://legiscan.com/CT/bill/SB00371/2026
CT,2124706,,An Act Concerning Connecticut Wing Civil Air Patrol Youth Camps.,"To provide that the Connecticut Wing Civil Air Patrol within the Department of Emergency Services and Public Protection may establish, conduct or maintain a youth camp without a license.",1,2026-02-26,https://legiscan.com/CT/bill/SB00372/2026
CT,2124623,,"An Act Allowing A Personal Income Tax Deduction For Stipends Paid To Volunteer Firefighters, Volunteer Fire Police Officers And Volunteer Ambulance Members.","To allow a personal income tax deduction for a stipend paid by a municipality to a volunteer firefighter, volunteer fire police officer or volunteer ambulance member.",1,2026-02-26,https://legiscan.com/CT/bill/SB00373/2026
CT,2124207,,An Act Concerning The Expansion Of The Crisis Initiative Pilot Program Throughout The State.,To require the Division of State Police to expand the CRISIS Initiative pilot program throughout the state.,1,2026-02-26,https://legiscan.com/CT/bill/SB00374/2026
CT,2124497,,An Act Concerning School Mapping Data Services.,To establish a school mapping data grant program.,1,2026-02-26,https://legiscan.com/CT/bill/SB00375/2026
CT,2124457,,An Act Concerning Warnings And Other Measures On The Department Of Veterans Affairs Internet Web Site For The Protection Of Veterans Against Certain Providers Of Assistance With Veterans' Benefits Claims.,To require the posting of warnings and other measures on the Department of Veterans Affairs' Internet web site to protect veterans against certain providers of assistance with veterans' benefits claims.,1,2026-02-26,https://legiscan.com/CT/bill/SB00376/2026
CT,2124629,,An Act Establishing A Personal Income Tax Deduction For Military Funeral Honor Guard Detail Compensation.,To establish a personal income tax deduction for compensation received as a result of participation in military funeral honor guard details.,1,2026-02-26,https://legiscan.com/CT/bill/SB00377/2026
CT,2124300,,An Act Concerning Certain Property Tax Exemptions For Disabled Veterans.,"To address various concerns related to certain property tax exemptions for disabled veterans, such as applicability, filing deadlines and abatement or refund.",1,2026-02-26,https://legiscan.com/CT/bill/SB00378/2026
CT,2124343,,An Act Concerning Workforce Development In The State.,To study workforce development in the state.,1,2026-02-26,https://legiscan.com/CT/bill/SB00379/2026
CT,2124450,,An Act Implementing The Recommendations Of The Task Force To Support Promise Programs In The State.,To implement the recommendations of the task force to support promise programs in the state.,1,2026-02-26,https://legiscan.com/CT/bill/SB00380/2026
CT,2124315,,An Act Requiring Programs Concerning Problem Gambling At Public Institutions Of Higher Education.,To require an on-campus program concerning problem gambling at public institutions of higher education.,1,2026-02-26,https://legiscan.com/CT/bill/SB00381/2026
CT,2124691,,An Act Concerning Edible Food Recovery.,To require the development of protocols regarding the donation of surplus edible food by retail food establishments to food distribution organizations.,1,2026-02-26,https://legiscan.com/CT/bill/SB00382/2026
CT,2124682,,An Act Implementing The Recommendations Of The Office Of Workforce Strategy Related To Higher Education.,To implement the recommendations of the Office of Workforce Strategy.,1,2026-02-26,https://legiscan.com/CT/bill/SB00383/2026
CT,2124840,,"An Act Redefining ""executive Branch Agency"" For Purposes Of Data Governance.","To redefine ""executive branch agency"" for purposes of data management standards.",1,2026-02-26,https://legiscan.com/CT/bill/SB00384/2026
CT,2124803,,An Act Concerning The Titling Of Proposed Bills.,To require the use of a generic title for a proposed bill when the legislative proponent and legislative commissioners are not in agreement concerning its title.,1,2026-02-26,https://legiscan.com/CT/bill/SB00385/2026
CT,2124782,,"An Act Concerning The Use Of Ranked-choice Voting In Party Caucuses, Conventions And Primaries, Including Presidential Preference Primaries, And In Certain Municipal Elections.","To afford political parties the flexibility to use ranked-choice voting in party caucuses, conventions and primaries, including presidential preference primaries.",1,2026-02-26,https://legiscan.com/CT/bill/SB00386/2026
CT,2124821,,An Act Concerning Election Administration Oversight.,"To establish a Municipal Election Accountability Board to exercise oversight of municipalities in the administration of their elections, primaries and referenda.",1,2026-02-26,https://legiscan.com/CT/bill/SB00387/2026
CT,2125827,,An Act Concerning The Mashantucket Pequot And Mohegan Fund.,To restore the Mashantucket Pequot and Mohegan Fund to its original intent of funding all towns.,1,2026-02-27,https://legiscan.com/CT/bill/SB00388/2026
CT,2125725,,An Act Concerning Youth Employment And Training Funds.,To update the allocation of the Connecticut Youth Employment Program funds.,1,2026-02-27,https://legiscan.com/CT/bill/SB00389/2026
CT,2125883,,An Act Concerning A Study Of Microtransit.,To require the Commissioner of Transportation to conduct a study of microtransit.,1,2026-02-27,https://legiscan.com/CT/bill/SB00390/2026
CT,2125706,,"An Act Concerning The Availability Of Breast Cancer Screening, Diagnosis And Treatment Services For Women Committed To The Custody Of The Department Of Correction.","To provide additional breast cancer screening, diagnosis and treatment options to women committed to the custody of the Department of Correction.",1,2026-02-27,https://legiscan.com/CT/bill/SB00391/2026
CT,2127266,,An Act Concerning Rules Of Minor Political Parties.,"To provide that minor political parties are required, and not merely allowed, to abide by their party rules in making nominations for public office and selecting town committee members or convention delegates.",1,2026-03-02,https://legiscan.com/CT/bill/SB00392/2026
CT,2127088,,An Act Concerning Special Elections To Fill Vacancies Due To The Death Of An Elected Official.,"To provide that whenever a vacancy occurs in an elective office due to the death of the person holding such office, the Governor shall wait at least seven days before issuing writs of election to fill such vacancy at a special election.",1,2026-03-02,https://legiscan.com/CT/bill/SB00393/2026
CT,2127222,,An Act Implementing The Recommendations Of The Risk-limiting Audits Working Group.,To implement the recommendations of the risk-limiting audits working group.,1,2026-03-02,https://legiscan.com/CT/bill/SB00394/2026
CT,2127132,,An Act Studying Efforts To Increase Voter Participation And Authorizing Municipal Pilot Programs To Promote Such Efforts.,"To (1) establish a task force to study increasing voter participation, and civic engagement generally, in this state, and (2) allow municipalities to establish pilot programs to promote the goal of achieving one hundred per cent voter participation.",1,2026-03-02,https://legiscan.com/CT/bill/SB00395/2026
CT,2127826,,An Act Permitting Ninety-credit Degree Programs At Institutions Of Higher Education In The State.,To permit ninety-credit degree programs at institutions of higher education.,1,2026-03-03,https://legiscan.com/CT/bill/SB00396/2026
CT,2127765,,An Act Concerning Democracy And Government Accountability.,To enact statutory provisions providing for the accountable administration and enforcement of law in the state.,1,2026-03-03,https://legiscan.com/CT/bill/SB00397/2026
CT,2127785,,An Act Concerning The Board Of Pardons And Paroles.,To eliminate the statutorily prescribed amount for payment to part-time board members.,1,2026-03-03,https://legiscan.com/CT/bill/SB00398/2026
CT,2127776,,An Act Permitting Separate Areas For Exercise On The Basis Of Sex In Health Clubs And Gyms And Concerning The Disposition Of Cases Before The Commission On Human Rights And Opportunities.,"To (1) permit health clubs and gyms to offer separate areas for exercise on the basis of sex, and (2) make statutory changes to commission processes involving requests for early legal intervention, the reopening of previously closed complaints and time parameters for pursuing a complaint in court.",1,2026-03-03,https://legiscan.com/CT/bill/SB00399/2026
CT,2127737,,An Act Concerning Probate Court Operations.,"To make various changes concerning Probate Court administrative processes, court procedures and the training of Probate Court judges and to repeal provisions relating to the establishment of a working group.",1,2026-03-03,https://legiscan.com/CT/bill/SB00400/2026
CT,2128341,,"An Act Concerning A Bridge Program To Allow Access To Food, Housing And Health Care Benefits.","To establish a plan for a state-funded bridge program for persons at risk of losing federal food, health care and housing assistance.",1,2026-03-04,https://legiscan.com/CT/bill/SB00401/2026
CT,2128532,,"An Act Revising The Definition Of ""retired Police Officer"" For Purposes Of Certain Provisions Regarding School Security Services.","To revise the definition of ""retired police officer"" for the purposes of certain provisions regarding school security services.",1,2026-03-04,https://legiscan.com/CT/bill/SB00402/2026
CT,2128484,,An Act Concerning Cybersecurity.,"To establish various cybersecurity provisions relating to (1) a cybersecurity framework, (2) a prohibition on penalizing cybersecurity employees for certain reports, (3) notifications regarding cybersecurity incidents, (4) minimum safeguards, (5) quantum-transition readiness requirements, (6) the ""Connecticut Cybersecurity Seed Fund"" grant program, (7) a ""bug bounty"" program, (8) the dissemination of cybersecurity intelligence, (9) the State Cybersecurity Intelligence Task Force, and (10) the state's operational response to cybersecurity emergencies.",1,2026-03-04,https://legiscan.com/CT/bill/SB00403/2026
CT,2128482,,An Act Requiring A Study Of Statutes And Regulations Relating To Fireworks.,To require the Commissioner of Emergency Services and Public Protection to conduct a study of the general statutes and regulations of Connecticut state agencies relating to fireworks to determine whether any revisions to such statutes or regulations are necessary and to submit a report concerning the results of such study.,1,2026-03-04,https://legiscan.com/CT/bill/SB00404/2026
CT,2128364,,An Act Concerning The Impaired Driving Enforcement And Drug Recognition Training Grant Program.,To establish the impaired driving enforcement and drug recognition training grant program and require that a certain portion of a cannabis-related tax be expended for the purposes of providing grants pursuant to said program.,1,2026-03-04,https://legiscan.com/CT/bill/SB00405/2026
CT,2128556,,"An Act Concerning The Display Of Lighted Lamps On Bicycles, Electric Bicycles And Electric Scooters.","To require each bicycle, electric bicycle or electric scooter operated upon the public highway to display a lighted lamp upon the forward part of such bicycle, electric bicycle or electric scooter during certain times.",1,2026-03-04,https://legiscan.com/CT/bill/SB00406/2026
CT,2128523,,An Act Authorizing The Commissioner Of Motor Vehicles To Issue Permits Allowing Organ Transport Vehicles To Use Certain Lights.,To authorize the Commissioner of Motor Vehicles to issue permits allowing organ transport vehicles to use certain lights.,1,2026-03-04,https://legiscan.com/CT/bill/SB00407/2026
CT,2128429,,"An Act Concerning Liquor Permits, Fire Safety And Prevention Inspections, The Registration Of Certain Information And Various Requirements Relating To Juice Bars.","To (1) delete a provision regarding certain inspections not being deemed to constitute a precondition to renewal of a liquor permit, (2) modify certain requirements relating to fire safety and prevention inspections, (3) require certain nonresident owners, project-based housing providers or agents in charge to register certain information, and (4) establish various requirements relating to juice bars.",1,2026-03-04,https://legiscan.com/CT/bill/SB00408/2026
CT,2128375,,An Act Establishing A Working Group To Study The Statutory Roles Of The Various Law Enforcement And Public Safety Positions In The State.,To establish a working group to study the statutory roles of the various law enforcement and public safety positions in the state.,1,2026-03-04,https://legiscan.com/CT/bill/SB00409/2026
CT,2128503,,An Act Concerning Firefighter Cancer.,"To (1) make various revisions relating to the Fallen Hero Fund, firefighter cancer death benefits, survivor health insurance coverage and associated payments and reimbursements, and (2) establish a pilot program to reimburse firefighters who receive screening for cancers common to firefighters.",1,2026-03-04,https://legiscan.com/CT/bill/SB00410/2026
CT,2128325,,An Act Concerning State Police Assigned To Highway Construction Projects.,"To establish that for any sworn member of the Division of State Police within the Department of Emergency Services and Public Protection assigned to a highway construction project administered by the Department of Transportation, such sworn member shall be paid at a rate established pursuant to an agreement executed between the Commissioner of Emergency Services and Public Protection and the Commissioner of Transportation.",1,2026-03-04,https://legiscan.com/CT/bill/SB00411/2026
CT,2128454,,An Act Concerning The Offering Price Of A Motor Vehicle And Provisions Of The Franchise Act Governing Agreements Between Automobile Manufacturers Or Distributors And Automobile Dealers.,"To (1) require a car dealer to include any dealer conveyance fee in the stated price of a motor vehicle in advertisement and in communications with a prospective buyer, and (2) make changes to the Franchise Act as it applies to car manufacturers, distributors and dealers.",1,2026-03-04,https://legiscan.com/CT/bill/SB00412/2026
CT,2128386,,An Act Revising Various Motor Vehicle Statutes.,"To revise various motor vehicle statutes regarding removable windshield placards, firefighter driving reciprocity, motor vehicle registration upon the death of the owner of the vehicle, the definition of electric scooter, car rental classifications, electric issuance licensees, the local bridge program and electric bicycles.",1,2026-03-04,https://legiscan.com/CT/bill/SB00413/2026
CT,2128392,,An Act Concerning Vegetation Management Guidelines By The Department Of Transportation.,To require the Commissioner of Transportation to consider the carbon sequestration by trees and other vegetation along highways and determine if revisions to the guidelines governing tree and vegetation management by the Department of Transportation are necessary.,1,2026-03-04,https://legiscan.com/CT/bill/SB00414/2026
CT,2128504,,An Act Concerning Transportation Network Companies And Rider Safety.,"To require a transportation network company to (1) annually conduct criminal history records checks of transportation network company drivers, (2) provide annual sexual misconduct prevention and driver education training, and (3) implement certain safety features through its digital network to ensure the safety of riders.",1,2026-03-04,https://legiscan.com/CT/bill/SB00415/2026
CT,2128435,,An Act Concerning Transportation System Modernization.,"To revise various transportation-related statutes concerning (1) the type of vehicles eligible for a rebate or voucher under the Connecticut Hydrogen and Electric Automobile Purchase Rebate program, (2) the matching grant program for modernizing existing traffic signal equipment and operations, (3) the requirements for zero-emission school buses and alternative fuel school buses and the related grant program for the purchasing or leasing of zero-emission school buses, (4) a working group to study incentives to increase the use of freight rail transportation in the state, and (5) a working group to study incentives to transport municipal solid waste by freight rail.",1,2026-03-04,https://legiscan.com/CT/bill/SB00416/2026
CT,2129160,,An Act Requiring The Department Of Economic And Community Development To Develop A Plan To Establish An Artificial Intelligence Small Business Program.,To require the Department of Economic and Community Development to develop a plan to establish an artificial intelligence small business program.,1,2026-03-05,https://legiscan.com/CT/bill/SB00417/2026
CT,2129435,,An Act Concerning Streamlining Certain Department Of Energy And Environmental Protection Permitting Processes.,"To require the Commissioner of Energy and Environmental Protection to (1) develop a framework for allowing third-party qualified professionals to conduct permit review and make permit decision recommendations to the Department of Energy and Environmental Protection, and (2) conduct a review of all permits that are within the commissioner's jurisdiction.",1,2026-03-05,https://legiscan.com/CT/bill/SB00418/2026
CT,2129280,,An Act Concerning Suppliers Of Electricity.,To amend a statute concerning electricity suppliers.,1,2026-03-05,https://legiscan.com/CT/bill/SB00419/2026
CT,2129427,,An Act Concerning Natural Gas And Gas Companies.,To amend a statute concerning gas companies.,1,2026-03-05,https://legiscan.com/CT/bill/SB00420/2026
CT,2129257,,An Act Concerning Reporting Of Double Utility Poles.,To require the Commissioner of Energy and Environmental Protection to implement a system for reporting double utility poles.,1,2026-03-05,https://legiscan.com/CT/bill/SB00421/2026
CT,2129226,,An Act Concerning Biomass Facilities.,"To redefine ""class I renewable energy source"" to exclude biomass facilities.",1,2026-03-05,https://legiscan.com/CT/bill/SB00422/2026
CT,2129385,,An Act Concerning Oversight Over Higher Education.,To require the Board of Regents for Higher Education to include additional data and information in its annual report concerning the consolidation of the regional community-technical colleges into the Connecticut State Community College and to require that a copy and any updates to the higher education strategic plan be provided to the legislative committee with cognizance of government oversight.,1,2026-03-05,https://legiscan.com/CT/bill/SB00423/2026
CT,2129198,,An Act Concerning Oversight Of Plans Pursuant To Section 504 Of The Rehabilitation Act Of 1973 And Special Education Needs In The State.,"To require various reports and assessments of the needs of students with plans pursuant to Section 504 of the Rehabilitation Act of 1973, give the Office of the Educational Ombudsperson oversight over alleged discriminatory practices related to special education services, require the Department of Education to modify its special education data system for such plans, require the Department of Social Services to evaluate school services with potential Medicaid reimbursement and to require the Chief Workforce Officer to develop a strategic assessment plan to increase the capacity of school social workers and school counselors in the state.",1,2026-03-05,https://legiscan.com/CT/bill/SB00424/2026
CT,2129405,,An Act Requiring Annual State Agency Performance Plans.,To require executive branch state agencies to develop and implement annual performance plans.,1,2026-03-05,https://legiscan.com/CT/bill/SB00425/2026
CT,2129296,,An Act Concerning Government Oversight Of Energy Regulation In The State.,To require the Department of Administrative Services to issue a request for proposals for a consultant to study the existing structure of the Public Utilities Regulatory Authority.,1,2026-03-05,https://legiscan.com/CT/bill/SB00426/2026
CT,2129212,,An Act Concerning Dual Enrollment Programs.,To require the Department of Education to appoint a dual enrollment coordinator to track state-wide dual enrollment programs and to provide scholarships to students required to pay tuition costs for dual enrollment programs.,1,2026-03-05,https://legiscan.com/CT/bill/SB00427/2026
CT,2129417,,An Act Concerning Research Funding At Institutions Of Higher Education In The State.,To establish the Academic Research Funding Commission to distribute research funds to faculty at institutions of higher education in the state.,1,2026-03-05,https://legiscan.com/CT/bill/SB00428/2026
CT,2129397,,An Act Concerning Medicaid Reimbursement For Emergency Medical Transportation.,To increase Medicaid reimbursement for ambulance services by amending the out-of-district mileage calculation for such services.,1,2026-03-05,https://legiscan.com/CT/bill/SB00429/2026
CT,2129316,,An Act Codifying The Americans With Disabilities Act.,To incorporate by reference those provisions of the Americans with Disabilities Act not otherwise addressed in state law.,1,2026-03-05,https://legiscan.com/CT/bill/SB00430/2026
CT,2129334,,An Act Concerning Palliative And Hospice Care In Litchfield County.,"To study the need for, and authorize a pilot program to address, palliative and hospice care in Litchfield County.",1,2026-03-05,https://legiscan.com/CT/bill/SB00431/2026
CT,2129450,,An Act Disregarding The Cash Value Of Life Insurance Policies In Eligibility Determinations For Certain Public Assistance Programs.,"To disregard the cash value of life insurance policies in eligibility determinations for Medicaid, temporary family assistance, the state supplement program and the state-administered general assistance program.",1,2026-03-05,https://legiscan.com/CT/bill/SB00432/2026
CT,2129454,,An Act Expanding Long-term Care Options.,To rebalance the state's long-term care plan to offer more home-based and community living options.,1,2026-03-05,https://legiscan.com/CT/bill/SB00433/2026
CT,2129423,,An Act Concerning A Study Of The Civil Procedure Laws In The State.,To establish a working group to study the civil procedure laws in this state.,1,2026-03-05,https://legiscan.com/CT/bill/SB00434/2026
CT,2129365,,An Act Concerning Automated Decision Systems Protections For Employees.,To establish various requirements concerning the use of automated employment-related decision systems and artificial intelligence technologies.,1,2026-03-05,https://legiscan.com/CT/bill/SB00435/2026
CT,2129410,,An Act Concerning Advanced Notice Of An Employee's Work Schedule By An Employer.,To require employers to provide advanced notice to certain employees of such employee's work schedule and work schedule changes and create a cause of action for violations of advanced notice requirements.,1,2026-03-05,https://legiscan.com/CT/bill/SB00436/2026
CT,2129258,,An Act Concerning A Study Of Minors At Least Sixteen Years Of Age In The Workplace.,To require the Labor Commissioner to study positions that minors who are sixteen and seventeen years of age are currently prohibited from holding under state and federal law.,1,2026-03-05,https://legiscan.com/CT/bill/SB00437/2026
CT,2129432,,An Act Regulating Self-checkout Stations In Grocery Stores.,"To require that grocery stores that offer self-checkout stations (1) have one manual checkout station operating for every two self-checkout stations operating, (2) have at least one employee for every two self-checkout stations monitoring such stations, and (3) do not operate more than eight self-checkout stations at any time.",1,2026-03-05,https://legiscan.com/CT/bill/SB00438/2026
CT,2129310,,An Act Concerning Electronic Surveillance Devices And Systems And Self-service Kiosks In Employee Lounges.,To exempt self-service kiosks from the prohibition on electronic surveillance devices and systems in employee lounges.,1,2026-03-05,https://legiscan.com/CT/bill/SB00439/2026
CT,2129130,,An Act Concerning Unemployment For Striking Workers.,To allow certain striking workers involved in a labor dispute that has been continuous for fourteen days access to unemployment benefits.,1,2026-03-05,https://legiscan.com/CT/bill/SB00440/2026
CT,2129360,,An Act Requiring A Study Of Labor Law Violations By Limited Liability Companies And Other Business Entities.,"To require the Labor Commissioner, in consultation with the Secretary of the State, Commissioner of Revenue Services and Commissioner of Administrative Services, to study the potential for members of a limited liability company or other business entity to circumvent certain labor laws by establishing a new business entity.",1,2026-03-05,https://legiscan.com/CT/bill/SB00441/2026
CT,2129138,,An Act Concerning A Study Of Retirement Health Benefits For Paraeducators.,To require the Comptroller to study retirement health benefits for paraeducators.,1,2026-03-05,https://legiscan.com/CT/bill/SB00442/2026
CT,2129186,,"An Act Concerning The Provision Of Survivor's Benefits And Health Insurance Coverage To Family Members Of Correction Officers, Court Support Services Division Investigators, Criminal Justice Division Investigators And Office Of The Chief Public Defender Investigators Killed In The Line Of Duty.","To provide survivor's benefits and health insurance coverage to the family members of correction officers, Court Support Services Division investigators, Criminal Justice Division investigators and Office of the Chief Public Defender investigators killed in the line of duty.",1,2026-03-05,https://legiscan.com/CT/bill/SB00443/2026
CT,2129218,,An Act Authorizing Certain Municipal Employees To Serve On Municipal Boards Of Finance.,To authorize municipal employees to serve on municipal boards of finance if such employees receive less than ten thousand dollars in salary or wages annually.,1,2026-03-05,https://legiscan.com/CT/bill/SB00444/2026
CT,2129195,,An Act Concerning The Advisory Commission On Intergovernmental Relations.,To require the Advisory Commission on Intergovernmental Relations to maintain certain information and recommendations concerning state mandates on the commission's Internet web site.,1,2026-03-05,https://legiscan.com/CT/bill/SB00445/2026
CT,2129430,,An Act Requiring The Office Of Policy And Management To Conduct A Study Concerning The Feasibility Of Authorizing Municipalities That Have Entered Into Revenue Sharing Agreements To Adopt Differential Mill Rates.,To require the Office of Policy and Management to conduct a study concerning the feasibility of authorizing municipalities that have entered into revenue sharing agreements to adopt differential mill rates.,1,2026-03-05,https://legiscan.com/CT/bill/SB00446/2026
CT,2129342,,An Act Establishing A Homestead Property Tax Exemption.,To establish a property tax exemption of fifty thousand dollars of the assessed value of owner-occupied single-family dwellings.,1,2026-03-05,https://legiscan.com/CT/bill/SB00447/2026
CT,2129382,,An Act Amending The Charter Of The Metropolitan District Of Hartford County.,To make various amendments to the charter of The Metropolitan District of Hartford County.,1,2026-03-05,https://legiscan.com/CT/bill/SB00448/2026
CT,2129442,,An Act Concerning The Recommendations Of The Intergovernmental Policy And Planning Division Within The Office Of Policy And Management.,"To (1) make revisions to statutes relating to the (A) local capital improvement fund, (B) small town economic assistance program, and (C) public school district repair and improvement project program, (2) classify certain property owned or held in trust by the state as farm land, forest land, open space land or maritime heritage land, and (3) repeal statutes (A) relating to the intertown capital equipment purchase incentive program, and (B) prohibiting zoning regulations from treating family child care homes and group child care homes located in a residence in a manner different from single or multifamily dwellings.",1,2026-03-05,https://legiscan.com/CT/bill/SB00449/2026
CT,2129348,,An Act Concerning The Standard Of Care For Immunization.,To clarify the standard of care for immunization in the state.,1,2026-03-05,https://legiscan.com/CT/bill/SB00450/2026
CT,2129253,,An Act Establishing An Advisory Council On Chimeric Antigen Receptor T-cell Therapy And Other Gene Therapies.,To establish an advisory council on access to chimeric antigen receptor T-cell therapy and other gene therapies for the treatment of cancer.,1,2026-03-05,https://legiscan.com/CT/bill/SB00451/2026
CT,2130118,,An Act Concerning The Release Of Lighter-than-air Balloons.,To prohibit the sale of helium for purposes of filling lighter-than-air balloons.,1,2026-03-06,https://legiscan.com/CT/bill/SB00452/2026
CT,2130079,,An Act Concerning A Climate Change Related Surcharge On Certain Insurance Policies.,To enact a surcharge on certain insurance policies for fossil fuel related facilities that contribute to climate change.,1,2026-03-06,https://legiscan.com/CT/bill/SB00453/2026
CT,2130058,,An Act Concerning Park Replacement By Municipalities.,To clarify certain provisions of the park and open space replacement statute for municipalities.,1,2026-03-06,https://legiscan.com/CT/bill/SB00454/2026
CT,2130138,,An Act Concerning Jurisdiction Over Farming Occurring On Certain State Lands.,To transfer oversight of farming occurring on certain state lands from the Department of Energy and Environmental Protection to the Department of Agriculture.,1,2026-03-06,https://legiscan.com/CT/bill/SB00455/2026
CT,2130077,,An Act Concerning A Grant Program For Wildlife Rehabilitation Facilities In The State.,To establish a grant program for certain nonprofit wildlife rehabilitation facilities in the state.,1,2026-03-06,https://legiscan.com/CT/bill/SB00456/2026
CT,2130082,,An Act Concerning The State's Bottle Bill.,"To (1) require the development of a product stewardship program for beverage containers sold in the state, (2) examine the legal implications of requiring state-specific labeling for beverage containers sold in the state, (3) establish a timeline for the picking up of beverage containers by distributors, (4) prohibit transshipment of beverage containers, (5) require the acceptance of certain processed beverage containers by distributors, (6) make permanent certain escheat distributions from beverage containers, and (7) prohibit the act of short bagging by redemption centers.",1,2026-03-06,https://legiscan.com/CT/bill/SB00457/2026
CT,2130055,,An Act Designating Various Days And Months.,To designate various days and months.,1,2026-03-06,https://legiscan.com/CT/bill/SB00458/2026
CT,2130105,,An Act Concerning The Secretary Of The State's Recommendations Regarding The Circulation Of Primary And Nominating Petitions And Distribution Of Absentee Ballot Applications.,To prohibit for a period of time certain individuals convicted of crimes under title 9 of the general statutes from circulating primary and nominating petitions and distributing absentee ballot applications.,1,2026-03-06,https://legiscan.com/CT/bill/SB00459/2026
CT,2130100,,An Act Concerning A Study Of Whether Unclaimed Gift Certificates Should Be Considered Abandoned Property.,"To require the Treasurer to conduct a study of the feasibility, advantages and disadvantages of having unredeemed gift certificates escheat to the state.",1,2026-03-06,https://legiscan.com/CT/bill/SB00460/2026
CT,2130073,,An Act Concerning Political Spending And State-granted Corporate Powers.,"To (1) prohibit any corporation formed in this state, and any foreign corporation doing business in this state, from making any political expenditure unless such political expenditure is made from a political committee established by such corporation, and (2) modify the corporate powers that the state may grant to entities incorporated in this state.",1,2026-03-06,https://legiscan.com/CT/bill/SB00461/2026
CT,2130068,,An Act Establishing The Office Of Government Oversight.,To establish the Office of Government Oversight to investigate fraud and waste in government.,1,2026-03-06,https://legiscan.com/CT/bill/SB00462/2026
CT,2130120,,"An Act Concerning Security Of Election Administration Processes, Elections Sites, Election Workers And Electors.","To (1) establish prohibitions on certain conduct, including the possession of a firearm or deadly weapon, at or near certain elections-related locations, (2) impose criminal penalties for harassment of election workers and tampering with or unauthorized sharing of election equipment, and (3) allow for Attorney General involvement in matters relating to subpoenas, warrants, other requests and alleged interference with elections.",1,2026-03-06,https://legiscan.com/CT/bill/SB00463/2026
CT,2130045,,"An Act Studying Compensation Of Election Workers During The Early Voting Periods Preceding And On The Day Of Elections, Primaries And Referenda.","To study the compensation of registrars of voters, town clerks and other local election workers during the early voting periods preceding and on the days of elections, primaries and referenda.",1,2026-03-06,https://legiscan.com/CT/bill/SB00464/2026
CT,2130059,,An Act Concerning Exploratory Committees.,"To (1) restrict exploratory committees to not more than thirty days of operation, (2) cap the maximum contribution to exploratory committees at two hundred fifty dollars, (3) limit the total amount of contributions exploratory committees may receive to five thousand dollars apiece, and (4) provide that, if a candidate makes any statement that such candidate is exploring a run for a particular office, such statement triggers the requirement to convert an exploratory committee into a candidate committee.",1,2026-03-06,https://legiscan.com/CT/bill/SB00465/2026
CT,2130053,,An Act Concerning Vexatious Requesters Under The Freedom Of Information Act.,To include harassing and threatening conduct that occurred outside of a request for public records under the Freedom of Information Act when finding a person to be a vexatious requester and to permit a longer period of relief from requests from such vexatious requester for a second or subsequent granting of a petition.,1,2026-03-06,https://legiscan.com/CT/bill/SB00466/2026
CT,2130127,,An Act Concerning Observation Of The Conduct Of Election Recanvass Procedures.,To afford election recanvass observers greater ability to observe the conduct of election recanvasses.,1,2026-03-06,https://legiscan.com/CT/bill/SB00467/2026
CT,2130090,,An Act Concerning Contracts With Nonprofit Human Services Providers.,To require the Secretary of the Office of Policy and Management to conduct reviews of the level of services and reporting requirements of nonprofit human services providers and to require prompt payment of private provider organizations.,1,2026-03-06,https://legiscan.com/CT/bill/SB00468/2026
CT,2130050,,An Act Implementing The Recommendations Of The State Contracting Standards Board.,"To implement the recommendations of the State Contracting Standards Board, including requiring a notice of bidder rights in solicitations, requiring minimum staffing for the board, amending what is required for privatization business cases, permitting waiver of bidding requirements for minor, nonrecurring or emergency purchases and expanding disqualification grounds.",1,2026-03-06,https://legiscan.com/CT/bill/SB00469/2026
CT,2130069,,An Act Concerning The Legislative Commissioners' Recommendations For Technical And Minor Revisions To The Government Administration Statutes.,To make technical and minor revisions to the government administration statutes.,1,2026-03-06,https://legiscan.com/CT/bill/SB00470/2026
CT,2130107,,An Act Concerning The Use Of Apprentices On Prevailing Wage Public Works Projects.,"To create phased-in requirements for the usage of apprentices on certain prevailing wage public works projects, and to subject contractors and subcontractors who do not comply to a civil penalty and temporary disqualification from public works contracts.",1,2026-03-06,https://legiscan.com/CT/bill/SB00471/2026
CT,2130111,,An Act Concerning The Electronic Surveillance Of Employees.,To require employers to notify employees of where electronic surveillance is occurring and which prohibited activities may give rise to surveillance without prior notice.,1,2026-03-06,https://legiscan.com/CT/bill/SB00472/2026
CT,2130131,,An Act Concerning The Revisor's Technical Revisions To The General Statutes.,"To make various technical changes concerning grammar, clarity, accuracy of internal references and consistency in the general statutes.",1,2026-03-06,https://legiscan.com/CT/bill/SB00473/2026
CT,2130047,,An Act Concerning The Provision Of Annual Training To A Person Appointed As A Conservator In A Probate Court Proceeding.,To require the Probate Court Administrator to establish and implement an annual training program for persons appointed as a conservator in a Probate Court proceeding.,1,2026-03-06,https://legiscan.com/CT/bill/SB00474/2026
CT,2130656,,An Act Concerning Judicial Branch Operations.,"To make various changes to the general statutes (1) governing Judicial Branch operations, processes and procedures, and (2) affecting civil and criminal proceedings.",1,2026-03-09,https://legiscan.com/CT/bill/SB00475/2026
CT,2131288,,An Act Concerning Visitation Policies Of The Department Of Correction And The Transfer Of Funds Held In Trust By The Department Of Correction To Persons Who Were Formerly Incarcerated.,"To prescribe (1) minimal in-person visitation thresholds for persons who are incarcerated, and (2) the process for the transfer of funds held in trust by the Department of Correction to persons who were formerly incarcerated.",1,2026-03-10,https://legiscan.com/CT/bill/SB00476/2026
CT,2132101,,An Act Concerning The Failure To File For Certain Grand List Exemptions.,"To allow certain persons to file for property tax exemptions, notwithstanding certain statutory deadlines.",1,2026-03-11,https://legiscan.com/CT/bill/SB00477/2026
CT,2131971,,An Act Concerning Consumer Safeguards For Long-term Care Policies And Administration Of The Connecticut Partnership For Long-term Care.,To establish consumer safeguards for purchases of long-term care insurance policies.,1,2026-03-11,https://legiscan.com/CT/bill/SB00478/2026
CT,2132042,,An Act Concerning Oversight Of Federal Fund Applications By The Department Of Social Services.,To allow legislative oversight of applications for federal funds by the Department of Social Services.,1,2026-03-11,https://legiscan.com/CT/bill/SB00479/2026
CT,2131930,,"An Act Targeting Fraud, Waste, Abuse And Corruption.",To deter fraud in the supplemental nutrition assistance program and include federal officials among public servants subject to state laws concerning corrupt practices affecting the Medicaid program and other state programs.,1,2026-03-11,https://legiscan.com/CT/bill/SB00480/2026
CT,2132080,,An Act Establishing Financial Safeguards For Private Equity Ownership Of Nursing Homes And Prohibiting Required Arbitration Agreements.,To establish financial safeguards concerning private equity ownership of nursing homes and to prohibit nursing homes from requiring residents or prospective residents to sign arbitration agreements to resolve disputes.,1,2026-03-11,https://legiscan.com/CT/bill/SB00481/2026
CT,2131865,,"An Act Concerning Legislative Oversight Of Medicaid Waivers, Medicaid State Plan Amendments And Other Federally Funded Programs.",To establish additional legislative oversight of applications by the Department of Social Services for federal funding.,1,2026-03-11,https://legiscan.com/CT/bill/SB00482/2026
CT,2131949,,An Act Establishing The Crime Of Digital Forgery.,To establish the crime of digital forgery.,1,2026-03-11,https://legiscan.com/CT/bill/SB00483/2026
CT,2132020,,An Act Concerning Distracted Driving And The Safe Operation Of A Motor Vehicle In A Highway Work Zone.,"To (1) include the playing of a video on a mobile electronic device that is in full view to the person who is operating the vehicle as a form of distracted driving, and (2) specify that distracted driving in a highway work zone is a violation of the state's reckless driving statute.",1,2026-03-11,https://legiscan.com/CT/bill/SB00484/2026
CT,2132593,,An Act Concerning A Technical Change Concerning Government Organization.,To make a technical change to a statute concerning government organization.,1,2026-03-12,https://legiscan.com/CT/bill/SB00485/2026
CT,2132435,,An Act Implementing The Recommendations Of The Department Of Administrative Services Concerning Criminal Background Checks Of Employees With Access To Tax Records.,To require criminal background checks of employees with access to federal tax records be conducted at least every five years.,1,2026-03-12,https://legiscan.com/CT/bill/SB00486/2026
CT,2132530,,An Act Concerning The Use Of Fiscal Intermediaries By State Agencies For Payroll Services.,To require state agency contracts with fiscal intermediaries for payroll services to provide for financial penalties in the event that the fiscal intermediary fails to timely process payroll.,1,2026-03-12,https://legiscan.com/CT/bill/SB00487/2026
CT,2132480,,An Act Implementing The Treasurer's Recommendations For Revisions To The Unclaimed Property Program And Second Injury Fund.,To make various revisions to the unclaimed property program and Second Injury Fund recommended by the Treasurer.,1,2026-03-12,https://legiscan.com/CT/bill/SB00488/2026
CT,2132477,,An Act Making Technical Changes To Statutes Concerning State Contracting.,To make technical changes to provisions concerning state contracting.,1,2026-03-12,https://legiscan.com/CT/bill/SB00489/2026
CT,2132497,,An Act Concerning Online Political Donation Platforms And Limiting Automatically Recurring Contributions.,"To (1) exclude certain voluntary payments given by contributors to online political donation platforms from the definition of ""contribution"", and the use of such online platforms to request such voluntary payments from the definition of ""expenditure"", and (2) prohibit such platforms from taking automatically recurring contributions without the affirmative consent of contributors.",1,2026-03-12,https://legiscan.com/CT/bill/SB00490/2026
CT,2132514,,An Act Concerning The Secretary Of The State's Recommendations For The Implementation Of No-excuse Absentee Voting.,"To implement the Secretary of the State's recommendations for implementation of no-excuse absentee voting, including provisions regarding (1) removal of the statutory restrictions on absentee voting, (2) distribution of absentee ballot applications, (3) use of a single envelope and other aspects of returning absentee ballots, (4) ability to cure absentee ballots in cases where voters have not signed the statement on the return envelope, and (5) tracking of absentee ballots and applications throughout the process.",1,2026-03-12,https://legiscan.com/CT/bill/SB00491/2026
CT,2132564,,An Act Concerning Security Of Public Officials And Employees.,"To (1) amend the Freedom of Information Act to provide that public agencies may not disclose, from their personnel, medical or similar files, the residential addresses of certain public officials and employees, (2) permit candidate committees to expend campaign funds for personal security services, and (3) (A) establish a ""legislative safety account"" from which the Joint Committee on Legislative Management may expend moneys for purposes of state legislator and state legislative staff safety, and (B) provide for funding of such account.",1,2026-03-12,https://legiscan.com/CT/bill/SB00492/2026
CT,2132556,,An Act Making Technical Changes Concerning Elections.,To make technical changes to statutes concerning elections.,1,2026-03-12,https://legiscan.com/CT/bill/SB00493/2026
CT,2132433,,An Act Concerning Recommendations Of The Bipartisan Prescription Drug Task Force.,"To set term limits and administrative support for a prescription drug task force, require the Commissioner of Economic and Community Development to expand the Strategic Supply Chain Initiative to include efforts to prevent or mitigate prescription drug shortages and require the Commissioner of Social Services to negotiate more supplemental prescription drug rebates.",1,2026-03-12,https://legiscan.com/CT/bill/SB00494/2026
CT,2132500,,An Act Concerning Long-term Care.,To expand the scope of study of long-term care needs.,1,2026-03-12,https://legiscan.com/CT/bill/SB00495/2026
CT,2132490,,An Act Concerning Hospital Uncompensated Care.,To expand hospital financial assistance to patients and reimburse such assistance in a voluntary assistance program.,1,2026-03-12,https://legiscan.com/CT/bill/SB00496/2026
CT,2132591,,An Act Protecting Food Security For Veterans And Others And Mitigating Federal Cuts To Nutritional Assistance.,"To mitigate federal changes in the supplemental nutrition assistance program with a transitional assistance fund, expand food security with a Medicaid waiver program and increase rates for meals on wheels providers.",1,2026-03-12,https://legiscan.com/CT/bill/SB00497/2026
CT,2132580,,An Act Protecting Paychecks For Personal Care Attendants And Expanding Public Access To State Programs.,To require contractual safeguards for personal care attendants working in self-directed home care programs and accessible communication by state agencies and private organizations contracting with state agencies.,1,2026-03-12,https://legiscan.com/CT/bill/SB00498/2026
CT,2132420,,An Act Concerning Medicaid Rate Increases.,To increase Medicaid rates of reimbursement in accordance with a study.,1,2026-03-12,https://legiscan.com/CT/bill/SB00499/2026
CT,2132510,,An Act Concerning A State-funded Caregiver Program To Assist Parents Of Children With Autism Spectrum Disorder.,To provide a state-funded caregiver program for parents of children enrolled in a Medicaid waiver program.,1,2026-03-12,https://legiscan.com/CT/bill/SB00500/2026
CT,2132484,,An Act Concerning The Complex Rehabilitation Technology And Wheelchair Repair Advisory Council.,To amend statutory provisions and requirements concerning complex rehabilitation technology and wheelchair repair.,1,2026-03-12,https://legiscan.com/CT/bill/SB00501/2026
CT,2132584,,An Act Concerning Discretionary Transfer From Juvenile Court To Adult Court.,"To include all serious firearm offenses in the list of offenses eligible for transfer from the juvenile court to the adult court, require a motion to transfer a hearing on such motion for a case involving such offense to be within fifteen days of the child's arraignment and require reporting on transfer motions.",1,2026-03-12,https://legiscan.com/CT/bill/SB00502/2026
CT,2132577,,An Act Concerning Sentencing Of And Parole Eligibility For Individuals Whose Offense Was Committed When Such Individual Was Under The Age Of Twenty-six Years.,"To expand provisions concerning the sentencing of a child who committed a class A or B felony and parole of persons who committed a crime under the age of twenty-one years, to those persons who were under twenty-six years of age when they committed such crimes.",1,2026-03-12,https://legiscan.com/CT/bill/SB00503/2026
CT,2132444,,An Act Concerning A Study Of The Criminal Procedure Laws Of This State.,To study the criminal procedure laws of this state.,1,2026-03-12,https://legiscan.com/CT/bill/SB00504/2026
CT,2132470,,An Act Concerning A Study Of The Laws Of This State Concerning Issues Of Criminal Justice.,To study the laws of this state concerning issues of criminal justice.,1,2026-03-12,https://legiscan.com/CT/bill/SB00505/2026
CT,2132426,,An Act Concerning Criminal Penalties For Intentional Damage To Critical Infrastructure.,"To strengthen criminal penalties for intentional damage to or tampering with critical infrastructure and public safety systems by expanding the offenses of criminal mischief in the first and second degrees to include conduct that causes damage, or creates a risk of interruption or impairment of services rendered to the public, including utility, transportation, communications, emergency response and other essential state and municipal systems.",1,2026-03-12,https://legiscan.com/CT/bill/SB00506/2026
CT,2132522,,An Act Concerning The Correction Advisory Committee.,To make technical changes to the statute establishing the Correction Advisory Committee.,1,2026-03-12,https://legiscan.com/CT/bill/SB00507/2026
CT,2132570,,An Act Concerning The Suspension Of An Operator's License For Repeatedly Failing To Stop For A School Bus.,To suspend the operator's license of a person who has repeatedly violated state law requiring a motor vehicle to stop for a school bus that is displaying flashing red signal lights.,1,2026-03-12,https://legiscan.com/CT/bill/SB00508/2026
CT,2132563,,An Act Concerning Address Verification Reforms For Registrants.,"To make a technical correction to the definition of ""sexually violent offense"" and modify provisions concerning verification of a registrant's address and other information and associated penalties for failure to do so.",1,2026-03-12,https://legiscan.com/CT/bill/SB00509/2026
CT,2135253,,An Act Concerning A Study Of State Revenue Policies.,To require the Commissioner of Revenue Services to study the revenue policies of the state.,1,2026-03-18,https://legiscan.com/CT/bill/SB00510/2026
CT,2136298,,An Act Establishing Municipal Growth Dividend Payments.,To establish a municipal growth dividend distribution program.,1,2026-03-20,https://legiscan.com/CT/bill/SB00511/2026
CT,2136315,,An Act Establishing The Connecticut Growth Investment Fund.,To establish the Connecticut Growth Investment Fund as an alternative to the tax imposed by section 12-391 of the general statutes.,1,2026-03-20,https://legiscan.com/CT/bill/SB00512/2026
CT,2136331,,An Act Concerning Structural Efficiency In The Collection Of State Revenue.,"To modernize state revenue collection of payroll expense through an employer administrative optimization program, establish a structural efficiency dividend to be applied to the reduction of public benefits charges on electric bills and provide for the enhancement of employee retirement assets through qualifying retirement investment plans.",1,2026-03-20,https://legiscan.com/CT/bill/SB00513/2026
CT,2136214,,An Act Concerning Community Partnership Opportunity Agreements.,To establish a community partnership opportunity program and agreement framework to expand educational achievement and workforce skills in communities experiencing persistent economic disadvantages.,1,2026-03-20,https://legiscan.com/CT/bill/SB00514/2026
CT,2136283,,An Act Concerning The Connecticut Workforce And A Productivity Gap Surcharge.,"To require the Secretary of the Office of Policy and Management to (1) submit an implementation plan that includes a workforce and productivity gap surcharge on employers to recapture lost revenue from displaced employees while providing a permanent tax exemption for increased productivity achieved through the augmentation of a stable workforce using collaborative technology, and (2) adopt policies and procedures to implement such plan if the General Assembly fails to enact such plan by July 1, 2027.",1,2026-03-20,https://legiscan.com/CT/bill/SB00515/2026
CT,2136345,,An Act Concerning The Redemption Rate And Refund Value Of Beverage Containers.,To provide for the reduction of the beverage container refund value and for reimbursement to deposit initiators for certain losses resulting from overredemption if the Commissioner of Revenue Services determines that the redemption rate for beverage containers exceeds one hundred per cent for calendar year 2026.,1,2026-03-20,https://legiscan.com/CT/bill/SB00516/2026
CT,2138233,,An Act Conveying Parcels Of State Land To The Town Of Branford.,To convey two parcels of state land to the town of Branford for fair market value.,1,2026-03-26,https://legiscan.com/CT/bill/SB00517/2026
CT,2138357,,An Act Amending A Conveyance Of A Parcel Of State Land In The City Of Middletown.,To amend a prior conveyance of state land in the city of Middletown to clarify what use of the parcel is required and require the Shiloh Baptist Community Development Corporation to repay any mortgage granted on said parcel in case of its reversion to the state.,1,2026-03-26,https://legiscan.com/CT/bill/SB00518/2026
CT,2138288,,An Act Amending A Prior Conveyance Of State Land To The City Of Bridgeport.,To amend the cost of a parcel of state land previously conveyed to the city of Bridgeport.,1,2026-03-26,https://legiscan.com/CT/bill/SB00519/2026
CT,2138271,,An Act Repealing A Conveyance Of A Parcel Of State Land To The Town Of Canton.,"To repeal special act 24-20, which required the conveyance of a parcel of state land to the town of Canton.",1,2026-03-26,https://legiscan.com/CT/bill/SB00520/2026
CT,2138243,,An Act Conveying A Parcel Of State Land To The Northwest Resource Recovery Authority.,To convey a parcel of state land to the Northwest Resource Recovery Authority for purposes of operating a public transfer station for municipal solid waste and recycling materials.,1,2026-03-26,https://legiscan.com/CT/bill/SB00521/2026
CT,2138306,,An Act Conveying A Parcel Of State Land To The Town Of Killingworth.,To convey a parcel of state land to the town of Killingworth.,1,2026-03-26,https://legiscan.com/CT/bill/SB00522/2026
CT,2138371,,An Act Conveying A Parcel Of State Land To The Town Of North Canaan.,To convey a parcel of state land known as South Greenway in the town of North Canaan to said town.,1,2026-03-26,https://legiscan.com/CT/bill/SB00523/2026
CT,2138299,,An Act Conveying A Parcel Of State Land In The Town Of Easton.,"To convey a parcel of state land in the town of Easton to The Congregational Church of Easton, Inc., for purposes of open space and two small butterfly gardens-pollinator pathways.",1,2026-03-26,https://legiscan.com/CT/bill/SB00524/2026
CT,2107168,,Resolution Concerning The Printing Of The Senate Journal.,Resolution Concerning The Printing Of The Senate Journal.,4,2026-02-04,https://legiscan.com/CT/bill/SR00001/2026
CT,2107330,,Resolution Concerning Roll Call And Reading Of The Senate Journal.,Resolution Concerning Roll Call And Reading Of The Senate Journal.,4,2026-02-04,https://legiscan.com/CT/bill/SR00002/2026
CT,2118500,,"Resolution Proposing Approval Of An Arbitration Award Between The State Of Connecticut Judicial Branch And The Connecticut State Employees Association, Seiu Local 2001, The International Brotherhood Of Police Officers And The Union Of Professional Judicial Employees (aft/aft-ct, Afl-cio).","Resolution Proposing Approval Of An Arbitration Award Between The State Of Connecticut Judicial Branch And The Connecticut State Employees Association, Seiu Local 2001, The International Brotherhood Of Police Officers And The Union Of Professional Judicial Employees (aft/aft-ct, Afl-cio).",4,2026-02-25,https://legiscan.com/CT/bill/SR00003/2026
CT,2128409,,"Resolution Proposing Approval Of A Tentative Agreement Between The State Of Connecticut And The Connecticut Employees Union Independent, Np-2 Bargaining Unit (ceui).","Resolution Proposing Approval Of A Tentative Agreement Between The State Of Connecticut And The Connecticut Employees Union Independent, Np-2 Bargaining Unit (ceui).",1,2026-03-02,https://legiscan.com/CT/bill/SR00004/2026
CT,2128761,,Resolution Confirming The Nomination Of Wakana Hirota Of Berlin To Be A Member Of The Psychiatric Security Review Board.,Resolution Confirming The Nomination Of Wakana Hirota Of Berlin To Be A Member Of The Psychiatric Security Review Board.,1,2026-02-04,https://legiscan.com/CT/bill/SR00005/2026
CT,2128803,,Resolution Confirming The Nomination Of Dr. Ryan G. Flanagan Of Ridgefield To Be A Member Of The Psychiatric Security Review Board.,Resolution Confirming The Nomination Of Dr. Ryan G. Flanagan Of Ridgefield To Be A Member Of The Psychiatric Security Review Board.,1,2026-02-04,https://legiscan.com/CT/bill/SR00006/2026
CT,2128737,,Resolution Confirming The Nomination Of Joseph D. Marino Of Westbrook To Be A Member Of The Psychiatric Security Review Board.,Resolution Confirming The Nomination Of Joseph D. Marino Of Westbrook To Be A Member Of The Psychiatric Security Review Board.,1,2026-02-04,https://legiscan.com/CT/bill/SR00007/2026
CT,2135979,,Resolution Confirming The Nomination Of Joshua Hershman Of Guilford To Be Insurance Commissioner.,Resolution Confirming The Nomination Of Joshua Hershman Of Guilford To Be Insurance Commissioner.,1,2026-03-17,https://legiscan.com/CT/bill/SR00008/2026
CT,2136475,,Resolution Confirming The Nomination Of Joshua Wojcik Of Brooklyn To Be Secretary Of The Office Of Policy And Management.,Resolution Confirming The Nomination Of Joshua Wojcik Of Brooklyn To Be Secretary Of The Office Of Policy And Management.,1,2026-03-20,https://legiscan.com/CT/bill/SR00009/2026
CT,2107379,,"Resolution Concerning Publication Of Legislative Bulletin, Printing Of Bills And Expenses.","Resolution Concerning Publication Of Legislative Bulletin, Printing Of Bills And Expenses.",4,2026-02-04,https://legiscan.com/CT/bill/SJ00001/2026
CT,2107387,,Resolution Raising A Committee To Inform The Governor That The Senate And House Of Representatives Are Met In Joint Convention To Receive His Budget Message.,Resolution Raising A Committee To Inform The Governor That The Senate And House Of Representatives Are Met In Joint Convention To Receive His Budget Message.,4,2026-02-04,https://legiscan.com/CT/bill/SJ00002/2026
CT,2107620,,Resolution Concerning The Printing Of The Governor's Budget Message.,Resolution Concerning The Printing Of The Governor's Budget Message.,4,2026-02-04,https://legiscan.com/CT/bill/SJ00003/2026
CT,2113358,,Resolution Confirming The Nomination Of Harry Rilling Of Norwalk To Be A Member Of The Board Of Directors Of The Connecticut Port Authority.,Resolution Confirming The Nomination Of Harry Rilling Of Norwalk To Be A Member Of The Board Of Directors Of The Connecticut Port Authority.,1,2026-02-04,https://legiscan.com/CT/bill/SJ00004/2026
CT,2118838,,Resolution Confirming The Nomination Of The Honorable Christine Perra Rapillo Of Cheshire To Be A Member Of The Judicial Review Council.,Resolution Confirming The Nomination Of The Honorable Christine Perra Rapillo Of Cheshire To Be A Member Of The Judicial Review Council.,1,2026-02-04,https://legiscan.com/CT/bill/SJ00005/2026
CT,2120479,,Resolution Confirming The Claims Commissioner's Compensation Award To Luis Galarza With Respect To His Claim Against The State For Wrongful Incarceration.,Resolution Confirming The Claims Commissioner's Compensation Award To Luis Galarza With Respect To His Claim Against The State For Wrongful Incarceration.,1,2026-02-20,https://legiscan.com/CT/bill/SJ00006/2026
CT,2120582,,Resolution Confirming The Claims Commissioner's Compensation Award To Maceo Streater With Respect To His Claim Against The State For Wrongful Incarceration.,Resolution Confirming The Claims Commissioner's Compensation Award To Maceo Streater With Respect To His Claim Against The State For Wrongful Incarceration.,1,2026-02-20,https://legiscan.com/CT/bill/SJ00007/2026
CT,2120514,,Resolution Confirming The Claims Commissioner's Compensation Award To Dieter Tejada With Respect To His Claim Against The State For Wrongful Incarceration.,Resolution Confirming The Claims Commissioner's Compensation Award To Dieter Tejada With Respect To His Claim Against The State For Wrongful Incarceration.,1,2026-02-20,https://legiscan.com/CT/bill/SJ00008/2026
CT,2120955,,Resolution Confirming The Nomination Of William D. Logue Of West Hartford To Be Reappointed A Member Of The State Department Of Education Arbitration Panel.,Resolution Confirming The Nomination Of William D. Logue Of West Hartford To Be Reappointed A Member Of The State Department Of Education Arbitration Panel.,1,2026-02-04,https://legiscan.com/CT/bill/SJ00009/2026
CT,2121097,,Resolution Confirming The Nomination Of Dr. Andrew Carlson Of Milford To Be A Member Of The State Board Of Education.,Resolution Confirming The Nomination Of Dr. Andrew Carlson Of Milford To Be A Member Of The State Board Of Education.,1,2026-02-04,https://legiscan.com/CT/bill/SJ00010/2026
CT,2122093,,Resolution Confirming The Nomination Of The Honorable James Sicilian Of West Hartford To Be A Senior Judge Of The Superior Court.,Resolution Confirming The Nomination Of The Honorable James Sicilian Of West Hartford To Be A Senior Judge Of The Superior Court.,4,2026-02-26,https://legiscan.com/CT/bill/SJ00011/2026
CT,2122095,,Resolution Confirming The Nomination Of The Honorable Robert L. Genuario Of Norwalk To Be A State Referee.,Resolution Confirming The Nomination Of The Honorable Robert L. Genuario Of Norwalk To Be A State Referee.,1,2026-02-04,https://legiscan.com/CT/bill/SJ00012/2026
CT,2122094,,Resolution Confirming The Nomination Of The Honorable Maureen D. Dennis Of Southport To Be A State Referee.,Resolution Confirming The Nomination Of The Honorable Maureen D. Dennis Of Southport To Be A State Referee.,1,2026-02-04,https://legiscan.com/CT/bill/SJ00013/2026
CT,2122084,,Resolution Confirming The Nomination Of The Honorable John C. Driscoll Of Norwich To Be A State Referee.,Resolution Confirming The Nomination Of The Honorable John C. Driscoll Of Norwich To Be A State Referee.,1,2026-02-04,https://legiscan.com/CT/bill/SJ00014/2026
CT,2122103,,Resolution Confirming The Nomination Of The Honorable Robert A. D'andrea Of Litchfield To Be A State Referee.,Resolution Confirming The Nomination Of The Honorable Robert A. D'andrea Of Litchfield To Be A State Referee.,1,2026-02-04,https://legiscan.com/CT/bill/SJ00015/2026
CT,2122100,,Resolution Confirming The Nomination Of The Honorable Suzanne E. Caron Of Bloomfield To Be A State Referee.,Resolution Confirming The Nomination Of The Honorable Suzanne E. Caron Of Bloomfield To Be A State Referee.,1,2026-02-04,https://legiscan.com/CT/bill/SJ00016/2026
CT,2122098,,"Resolution Confirming The Nomination Of The Honorable John L. Carbonneau, Jr. Of East Lyme To Be A State Referee.","Resolution Confirming The Nomination Of The Honorable John L. Carbonneau, Jr. Of East Lyme To Be A State Referee.",1,2026-02-04,https://legiscan.com/CT/bill/SJ00017/2026
CT,2122096,,Resolution Confirming The Nomination Of The Honorable Thomas A. Bishop Of North Stonington To Be A State Referee.,Resolution Confirming The Nomination Of The Honorable Thomas A. Bishop Of North Stonington To Be A State Referee.,4,2026-02-26,https://legiscan.com/CT/bill/SJ00018/2026
CT,2122107,,Resolution Confirming The Nomination Of The Honorable Jon M. Alander Of Hamden To Be A State Referee.,Resolution Confirming The Nomination Of The Honorable Jon M. Alander Of Hamden To Be A State Referee.,4,2026-02-26,https://legiscan.com/CT/bill/SJ00019/2026
CT,2122106,,Resolution Confirming The Nomination Of The Honorable Steven D. Ecker Of West Hartford To Be An Associate Judge Of The Supreme Court And A Judge Of The Superior Court.,Resolution Confirming The Nomination Of The Honorable Steven D. Ecker Of West Hartford To Be An Associate Judge Of The Supreme Court And A Judge Of The Superior Court.,1,2026-02-04,https://legiscan.com/CT/bill/SJ00020/2026
CT,2122088,,Resolution Confirming The Nomination Of The Honorable Ingrid L. Moll Of West Hartford To Be A Judge Of The Appellate Court And A Judge Of The Superior Court.,Resolution Confirming The Nomination Of The Honorable Ingrid L. Moll Of West Hartford To Be A Judge Of The Appellate Court And A Judge Of The Superior Court.,1,2026-02-04,https://legiscan.com/CT/bill/SJ00021/2026
CT,2122085,,Resolution Confirming The Nomination Of The Honorable Jennifer Macierowski Of Windsor To Be A Judge Of The Superior Court.,Resolution Confirming The Nomination Of The Honorable Jennifer Macierowski Of Windsor To Be A Judge Of The Superior Court.,1,2026-02-04,https://legiscan.com/CT/bill/SJ00022/2026
CT,2122099,,Resolution Confirming The Nomination Of The Honorable Lisa Grasso Egan Of New Haven To Be A Judge Of The Superior Court.,Resolution Confirming The Nomination Of The Honorable Lisa Grasso Egan Of New Haven To Be A Judge Of The Superior Court.,1,2026-02-04,https://legiscan.com/CT/bill/SJ00023/2026
CT,2122105,,Resolution Confirming The Nomination Of The Honorable Nuala E. Droney Of West Hartford To Be A Judge Of The Superior Court.,Resolution Confirming The Nomination Of The Honorable Nuala E. Droney Of West Hartford To Be A Judge Of The Superior Court.,1,2026-02-04,https://legiscan.com/CT/bill/SJ00024/2026
CT,2122101,,Resolution Confirming The Nomination Of The Honorable Tracy Lee Dayton Of Weston To Be A Judge Of The Superior Court.,Resolution Confirming The Nomination Of The Honorable Tracy Lee Dayton Of Weston To Be A Judge Of The Superior Court.,1,2026-02-04,https://legiscan.com/CT/bill/SJ00025/2026
CT,2122091,,Resolution Confirming The Nomination Of The Honorable Susan A. Connors Of Old Lyme To Be A Judge Of The Superior Court.,Resolution Confirming The Nomination Of The Honorable Susan A. Connors Of Old Lyme To Be A Judge Of The Superior Court.,1,2026-02-04,https://legiscan.com/CT/bill/SJ00026/2026
CT,2122097,,Resolution Confirming The Nomination Of The Honorable Courtney M. Chaplin Of Hartford To Be A Judge Of The Superior Court.,Resolution Confirming The Nomination Of The Honorable Courtney M. Chaplin Of Hartford To Be A Judge Of The Superior Court.,1,2026-02-04,https://legiscan.com/CT/bill/SJ00027/2026
CT,2122089,,Resolution Confirming The Nomination Of The Honorable Karyl L. Carrasquilla Of West Hartford To Be A Judge Of The Superior Court.,Resolution Confirming The Nomination Of The Honorable Karyl L. Carrasquilla Of West Hartford To Be A Judge Of The Superior Court.,1,2026-02-04,https://legiscan.com/CT/bill/SJ00028/2026
CT,2122092,,"Resolution Confirming The Nomination Of The Honorable Eugene R. Calistro, Jr. Of Guilford To Be A Judge Of The Superior Court.","Resolution Confirming The Nomination Of The Honorable Eugene R. Calistro, Jr. Of Guilford To Be A Judge Of The Superior Court.",1,2026-02-04,https://legiscan.com/CT/bill/SJ00029/2026
CT,2122090,,Resolution Confirming The Nomination Of The Honorable Donna M. Wilkerson Brillant Of Cromwell To Be A Judge Of The Superior Court.,Resolution Confirming The Nomination Of The Honorable Donna M. Wilkerson Brillant Of Cromwell To Be A Judge Of The Superior Court.,1,2026-02-04,https://legiscan.com/CT/bill/SJ00030/2026
CT,2122102,,Resolution Confirming The Nomination Of The Honorable Tejas Bhatt Of Windsor To Be A Judge Of The Superior Court.,Resolution Confirming The Nomination Of The Honorable Tejas Bhatt Of Windsor To Be A Judge Of The Superior Court.,1,2026-02-04,https://legiscan.com/CT/bill/SJ00031/2026
CT,2122087,,Resolution Confirming The Nomination Of The Honorable Laura F. Baldini Of West Hartford To Be A Judge Of The Superior Court.,Resolution Confirming The Nomination Of The Honorable Laura F. Baldini Of West Hartford To Be A Judge Of The Superior Court.,1,2026-02-04,https://legiscan.com/CT/bill/SJ00032/2026
CT,2122086,,Resolution Confirming The Nomination Of The Honorable Claudia A. Baio Of Rocky Hill To Be A Judge Of The Superior Court.,Resolution Confirming The Nomination Of The Honorable Claudia A. Baio Of Rocky Hill To Be A Judge Of The Superior Court.,1,2026-02-04,https://legiscan.com/CT/bill/SJ00033/2026
CT,2122104,,Resolution Confirming The Nomination Of The Honorable Barbara D. Aaron Of Clinton To Be A Judge Of The Superior Court.,Resolution Confirming The Nomination Of The Honorable Barbara D. Aaron Of Clinton To Be A Judge Of The Superior Court.,1,2026-02-04,https://legiscan.com/CT/bill/SJ00034/2026
CT,2123406,,Resolution Confirming The Nomination Of Alex Harris Of Ridgefield To Be Reappointed A Member Of The Commission On Human Rights And Opportunities.,Resolution Confirming The Nomination Of Alex Harris Of Ridgefield To Be Reappointed A Member Of The Commission On Human Rights And Opportunities.,1,2026-02-04,https://legiscan.com/CT/bill/SJ00035/2026
CT,2123497,,"Resolution Confirming The Nomination Of Donald E. Williams, Jr. Of Brooklyn To Be A Member Of The Board Of Regents For Higher Education.","Resolution Confirming The Nomination Of Donald E. Williams, Jr. Of Brooklyn To Be A Member Of The Board Of Regents For Higher Education.",1,2026-02-04,https://legiscan.com/CT/bill/SJ00036/2026
CT,2124745,,Resolution Proposing An Amendment To The State Constitution Concerning Environmental Rights.,Resolution Proposing An Amendment To The State Constitution Concerning Environmental Rights.,1,2026-02-26,https://legiscan.com/CT/bill/SJ00037/2026
CT,2124764,,Resolution Proposing An Amendment To The State Constitution To Make References To Individuals Gender-neutral.,Resolution Proposing An Amendment To The State Constitution To Make References To Individuals Gender-neutral.,1,2026-02-26,https://legiscan.com/CT/bill/SJ00038/2026
CT,2128337,,Resolution Confirming The Decision Of The Claims Commissioner To Dismiss The Claim Against The State Of Julie Lamothe.,Resolution Confirming The Decision Of The Claims Commissioner To Dismiss The Claim Against The State Of Julie Lamothe.,1,2026-03-04,https://legiscan.com/CT/bill/SJ00039/2026
CT,2128466,,Resolution Confirming The Decision Of The Claims Commissioner To Dismiss The Claim Against The State Of Jose Vasquez.,Resolution Confirming The Decision Of The Claims Commissioner To Dismiss The Claim Against The State Of Jose Vasquez.,1,2026-03-04,https://legiscan.com/CT/bill/SJ00040/2026
CT,2128355,,"Resolution Confirming The Decision Of The Claims Commissioner To Dismiss The Claim Against The State Of Geraldine Graham, Administratrix Of The Estate Of Michael Tyrone Graham.","Resolution Confirming The Decision Of The Claims Commissioner To Dismiss The Claim Against The State Of Geraldine Graham, Administratrix Of The Estate Of Michael Tyrone Graham.",1,2026-03-04,https://legiscan.com/CT/bill/SJ00041/2026
CT,2128390,,Resolution Confirming The Decision Of The Claims Commissioner To Dismiss The Claim Against The State Of William Ricks.,Resolution Confirming The Decision Of The Claims Commissioner To Dismiss The Claim Against The State Of William Ricks.,1,2026-03-04,https://legiscan.com/CT/bill/SJ00042/2026
CT,2128491,,Resolution Confirming The Decision Of The Claims Commissioner To Dismiss The Claim Against The State Of Antonio Bennings.,Resolution Confirming The Decision Of The Claims Commissioner To Dismiss The Claim Against The State Of Antonio Bennings.,1,2026-03-04,https://legiscan.com/CT/bill/SJ00043/2026
CT,2128433,,Resolution Confirming The Decision Of The Claims Commissioner To Dismiss The Claim Against The State Of James Dennis.,Resolution Confirming The Decision Of The Claims Commissioner To Dismiss The Claim Against The State Of James Dennis.,1,2026-03-04,https://legiscan.com/CT/bill/SJ00044/2026
CT,2128379,,Resolution Confirming The Decision Of The Claims Commissioner To Dismiss The Claim Against The State Of Jo-ann Connelly.,Resolution Confirming The Decision Of The Claims Commissioner To Dismiss The Claim Against The State Of Jo-ann Connelly.,1,2026-03-04,https://legiscan.com/CT/bill/SJ00045/2026
CT,2128465,,"Resolution Accepting The Recommendation Of The Claims Commissioner To Make Payment In Excess Of Thirty-five Thousand Dollars With Respect To The Claim Against The State Of Kallman, Mckinnell And Wood, Architects, Inc.","Resolution Accepting The Recommendation Of The Claims Commissioner To Make Payment In Excess Of Thirty-five Thousand Dollars With Respect To The Claim Against The State Of Kallman, Mckinnell And Wood, Architects, Inc.",1,2026-03-04,https://legiscan.com/CT/bill/SJ00046/2026
CT,2128425,,Resolution Confirming The Decision Of The Claims Commissioner To Dismiss The Claim Against The State Of Paul Lewis.,Resolution Confirming The Decision Of The Claims Commissioner To Dismiss The Claim Against The State Of Paul Lewis.,1,2026-03-04,https://legiscan.com/CT/bill/SJ00047/2026
CT,2128420,,"Resolution Confirming The Decision Of The Claims Commissioner To Deny The Claim Against The State Of Milagros Pollock Hess, Administratrix Of The Estate Of Jhecari Hess.","Resolution Confirming The Decision Of The Claims Commissioner To Deny The Claim Against The State Of Milagros Pollock Hess, Administratrix Of The Estate Of Jhecari Hess.",1,2026-03-04,https://legiscan.com/CT/bill/SJ00048/2026
CT,2128527,,"Resolution Confirming The Decision Of The Claims Commissioner To Deny The Claim Against The State Of Wilhelmina Mclaurin, Administratrix Of The Estate Of Leonard Mclaurin.","Resolution Confirming The Decision Of The Claims Commissioner To Deny The Claim Against The State Of Wilhelmina Mclaurin, Administratrix Of The Estate Of Leonard Mclaurin.",1,2026-03-04,https://legiscan.com/CT/bill/SJ00049/2026
CT,2128509,,Resolution Confirming The Decision Of The Claims Commissioner To Dismiss The Claim Against The State Of Kipp Wiggins.,Resolution Confirming The Decision Of The Claims Commissioner To Dismiss The Claim Against The State Of Kipp Wiggins.,1,2026-03-04,https://legiscan.com/CT/bill/SJ00050/2026
CT,2128349,,Resolution Confirming The Decision Of The Claims Commissioner To Dismiss The Claim Against The State Of William Ricks.,Resolution Confirming The Decision Of The Claims Commissioner To Dismiss The Claim Against The State Of William Ricks.,1,2026-03-04,https://legiscan.com/CT/bill/SJ00051/2026
CT,2128353,,Resolution Confirming The Decision Of The Claims Commissioner To Dismiss The Claim Against The State Of Kevin Berube.,Resolution Confirming The Decision Of The Claims Commissioner To Dismiss The Claim Against The State Of Kevin Berube.,1,2026-03-04,https://legiscan.com/CT/bill/SJ00052/2026
CT,2128553,,Resolution Confirming The Decision Of The Claims Commissioner To Dismiss The Claim Against The State Of Carol Falcone.,Resolution Confirming The Decision Of The Claims Commissioner To Dismiss The Claim Against The State Of Carol Falcone.,1,2026-03-04,https://legiscan.com/CT/bill/SJ00053/2026
CT,2128356,,Resolution Confirming The Decision Of The Claims Commissioner To Dismiss The Claim Against The State Of Edgar Canterbury.,Resolution Confirming The Decision Of The Claims Commissioner To Dismiss The Claim Against The State Of Edgar Canterbury.,1,2026-03-04,https://legiscan.com/CT/bill/SJ00054/2026
CT,2128548,,Resolution Confirming The Decision Of The Claims Commissioner To Dismiss The Claim Against The State Of Brian Vertefeuille.,Resolution Confirming The Decision Of The Claims Commissioner To Dismiss The Claim Against The State Of Brian Vertefeuille.,1,2026-03-04,https://legiscan.com/CT/bill/SJ00055/2026
CT,2128513,,Resolution Confirming The Decision Of The Claims Commissioner To Dismiss The Claim Against The State Of Kevin Berube.,Resolution Confirming The Decision Of The Claims Commissioner To Dismiss The Claim Against The State Of Kevin Berube.,1,2026-03-04,https://legiscan.com/CT/bill/SJ00056/2026
CT,2128397,,Resolution Confirming The Decision Of The Claims Commissioner To Dismiss The Claim Against The State Of Granville Watson.,Resolution Confirming The Decision Of The Claims Commissioner To Dismiss The Claim Against The State Of Granville Watson.,1,2026-03-04,https://legiscan.com/CT/bill/SJ00057/2026
CT,2128416,,Resolution Confirming The Decision Of The Claims Commissioner To Deny The Claim Against The State Of Catherine Riley.,Resolution Confirming The Decision Of The Claims Commissioner To Deny The Claim Against The State Of Catherine Riley.,1,2026-03-04,https://legiscan.com/CT/bill/SJ00058/2026
CT,2128445,,Resolution Confirming The Decision Of The Claims Commissioner To Dismiss The Claim Against The State Of William Ricks.,Resolution Confirming The Decision Of The Claims Commissioner To Dismiss The Claim Against The State Of William Ricks.,1,2026-03-04,https://legiscan.com/CT/bill/SJ00059/2026
CT,2128412,,Resolution Confirming The Decision Of The Claims Commissioner To Dismiss The Claim Against The State Of Miguel Guzman-melendez.,Resolution Confirming The Decision Of The Claims Commissioner To Dismiss The Claim Against The State Of Miguel Guzman-melendez.,1,2026-03-04,https://legiscan.com/CT/bill/SJ00060/2026
CT,2128538,,"Resolution Confirming The Decision Of The Claims Commissioner To Dismiss The Claim Against The State Of Jeanine Lavoy, Administrator Of The Estate Of Anastasia O. Paul And Major Paul, Ppa, Jeanine Lavoy.","Resolution Confirming The Decision Of The Claims Commissioner To Dismiss The Claim Against The State Of Jeanine Lavoy, Administrator Of The Estate Of Anastasia O. Paul And Major Paul, Ppa, Jeanine Lavoy.",1,2026-03-04,https://legiscan.com/CT/bill/SJ00061/2026
CT,2130753,,Resolution Confirming The Nomination Of Thomas Wiehl Of Madison To Be A Utility Commissioner Of The Public Utilities Regulatory Authority.,Resolution Confirming The Nomination Of Thomas Wiehl Of Madison To Be A Utility Commissioner Of The Public Utilities Regulatory Authority.,1,2026-02-04,https://legiscan.com/CT/bill/SJ00062/2026
CT,2130818,,Resolution Confirming The Nomination Of Everett Smith Iii Of Greenwich To Be A Utility Commissioner Of The Public Utilities Regulatory Authority.,Resolution Confirming The Nomination Of Everett Smith Iii Of Greenwich To Be A Utility Commissioner Of The Public Utilities Regulatory Authority.,1,2026-02-04,https://legiscan.com/CT/bill/SJ00063/2026
CT,2132169,,Resolution Confirming The Nomination Of Dennis C. Murphy Of Bridgeport To Be Reappointed A Member Of The State Department Of Education Arbitration Panel.,Resolution Confirming The Nomination Of Dennis C. Murphy Of Bridgeport To Be Reappointed A Member Of The State Department Of Education Arbitration Panel.,1,2026-02-04,https://legiscan.com/CT/bill/SJ00064/2026
CT,2136000,,Resolution Confirming The Nomination Of Evan Pitkoff Of Ridgefield To Be A Member Of The State Board Of Education.,Resolution Confirming The Nomination Of Evan Pitkoff Of Ridgefield To Be A Member Of The State Board Of Education.,1,2026-03-19,https://legiscan.com/CT/bill/SJ00065/2026
CT,2136018,,Resolution Confirming The Nomination Of Richard H. Kosinski Of Oxford To Be Reappointed A Member Of The State Department Of Education Arbitration Panel.,Resolution Confirming The Nomination Of Richard H. Kosinski Of Oxford To Be Reappointed A Member Of The State Department Of Education Arbitration Panel.,1,2026-03-17,https://legiscan.com/CT/bill/SJ00066/2026
CT,2136032,,Resolution Confirming The Nomination Of Sonia J. Worrell-asare Of Windsor To Be A Member Of The State Elections Enforcement Commission.,Resolution Confirming The Nomination Of Sonia J. Worrell-asare Of Windsor To Be A Member Of The State Elections Enforcement Commission.,1,2026-03-17,https://legiscan.com/CT/bill/SJ00067/2026
CT,2135989,,Resolution Confirming The Nomination Of Sally Kruse Of Hamden To Be A Member Of The Board Of Directors Of The Connecticut Port Authority.,Resolution Confirming The Nomination Of Sally Kruse Of Hamden To Be A Member Of The Board Of Directors Of The Connecticut Port Authority.,1,2026-03-17,https://legiscan.com/CT/bill/SJ00068/2026
CT,2136515,,Resolution Confirming The Nomination Of Glenn Powell Of Collinsville To Be Reappointed A Member Of The State Department Of Education Arbitration Panel.,Resolution Confirming The Nomination Of Glenn Powell Of Collinsville To Be Reappointed A Member Of The State Department Of Education Arbitration Panel.,1,2026-03-20,https://legiscan.com/CT/bill/SJ00069/2026
CT,2136545,,Resolution Confirming The Nomination Of Linda Yelmini Of Windsor To Be Reappointed A Member Of The State Department Of Education Arbitration Panel.,Resolution Confirming The Nomination Of Linda Yelmini Of Windsor To Be Reappointed A Member Of The State Department Of Education Arbitration Panel.,1,2026-03-20,https://legiscan.com/CT/bill/SJ00070/2026
