state,bill_id,bill_number,title,description,status,status_date,url
ME,1903003,,An Act to Require Landowners to Report Their Participation in a Forest Carbon Program or Project,An Act to Require Landowners to Report Their Participation in a Forest Carbon Program or Project,4,2025-05-21,https://legiscan.com/ME/bill/LD39/2025
ME,1902946,,An Act to Amend the Laws Governing the Commercial Large Game Shooting Area License Transfer Process,An Act to Amend the Laws Governing the Commercial Large Game Shooting Area License Transfer Process,4,2025-04-15,https://legiscan.com/ME/bill/LD40/2025
ME,1903317,,"Resolve, Authorizing the State Tax Assessor to Convey the Interest of the State in Certain Real Estate in the Unorganized Territory","Resolve, Authorizing the State Tax Assessor to Convey the Interest of the State in Certain Real Estate in the Unorganized Territory",4,2025-06-16,https://legiscan.com/ME/bill/LD41/2025
ME,1903084,,An Act Regarding the Bind-over and Detention of Juveniles,An Act Regarding the Bind-over and Detention of Juveniles,4,2025-06-16,https://legiscan.com/ME/bill/LD42/2025
ME,1903178,,An Act to Further Protect Victims from Contact Prohibited by Probation Conditions,An Act to Further Protect Victims from Contact Prohibited by Probation Conditions,6,2025-02-25,https://legiscan.com/ME/bill/LD43/2025
ME,1903127,,An Act to Amend the Laws Pertaining to Elver Fishing,An Act to Amend the Laws Pertaining to Elver Fishing,4,2025-06-03,https://legiscan.com/ME/bill/LD44/2025
ME,1903050,,An Act Allowing the Department of Corrections to Offset Some of the Costs of Technology Provided to Residents of Correctional Facilities,An Act Allowing the Department of Corrections to Offset Some of the Costs of Technology Provided to Residents of Correctional Facilities,4,2025-06-13,https://legiscan.com/ME/bill/LD45/2025
ME,1903108,,An Act to Establish a Grant Program to Increase Postsecondary Educational Opportunities for Students with Intellectual or Developmental Disabilities or Autism Spectrum Disorder,An Act to Establish a Grant Program to Increase Postsecondary Educational Opportunities for Students with Intellectual or Developmental Disabilities or Autism Spectrum Disorder,4,2025-06-25,https://legiscan.com/ME/bill/LD46/2025
ME,1903214,,An Act to Provide an Exception to a Fishing Prohibition near the Crooked Brook Dam,An Act to Provide an Exception to a Fishing Prohibition near the Crooked Brook Dam,4,2025-04-23,https://legiscan.com/ME/bill/LD47/2025
ME,1903113,,An Act to Update References to the United States Internal Revenue Code of 1986 Contained in the Maine Revised Statutes,An Act to Update References to the United States Internal Revenue Code of 1986 Contained in the Maine Revised Statutes,4,2025-06-25,https://legiscan.com/ME/bill/LD48/2025
ME,1903010,,An Act to Ensure Quality in Personal Care Agencies,An Act to Ensure Quality in Personal Care Agencies,6,2025-02-11,https://legiscan.com/ME/bill/LD49/2025
ME,1903124,,An Act to Provide the Right of First Refusal to Towns in Which the University of Maine System and Similar Quasi-independent State Entities Are Selling Property,An Act to Provide the Right of First Refusal to Towns in Which the University of Maine System and Similar Quasi-independent State Entities Are Selling Property,6,2025-03-27,https://legiscan.com/ME/bill/LD50/2025
ME,1903306,,An Act to Increase Oversight of Fatalities of and Serious Injuries to Adults Subject to Public Guardianship,An Act to Increase Oversight of Fatalities of and Serious Injuries to Adults Subject to Public Guardianship,4,2025-05-27,https://legiscan.com/ME/bill/LD51/2025
ME,1902971,,"Resolve, Requiring the Department of Health and Human Services to Study Options for Allowing Children in the Department's Custody to Receive Federal Benefits","Resolve, Requiring the Department of Health and Human Services to Study Options for Allowing Children in the Department's Custody to Receive Federal Benefits",3,2025-06-13,https://legiscan.com/ME/bill/LD52/2025
ME,1903034,,An Act to Establish the November General Election Day as a State Holiday,An Act to Establish the November General Election Day as a State Holiday,6,2025-05-28,https://legiscan.com/ME/bill/LD53/2025
ME,1903137,,An Act to Require Employers to Disclose Pay Ranges and Maintain Records of Employees' Pay Histories,An Act to Require Employers to Disclose Pay Ranges and Maintain Records of Employees' Pay Histories,3,2025-05-14,https://legiscan.com/ME/bill/LD54/2025
ME,1903020,,An Act to Amend the Law Governing the Accrual of Earned Paid Leave,An Act to Amend the Law Governing the Accrual of Earned Paid Leave,4,2025-06-25,https://legiscan.com/ME/bill/LD55/2025
ME,1903030,,An Act to Remove the 5 Cent Fee for Bags in Retail Stores,An Act to Remove the 5 Cent Fee for Bags in Retail Stores,6,2025-04-10,https://legiscan.com/ME/bill/LD56/2025
ME,1902964,,An Act to Enable Maine National Guard Commanders to More Efficiently Effect Disciplinary Measures Through the Maine Code of Military Justice,An Act to Enable Maine National Guard Commanders to More Efficiently Effect Disciplinary Measures Through the Maine Code of Military Justice,4,2025-05-21,https://legiscan.com/ME/bill/LD57/2025
ME,1903309,,An Act to Establish Certain Positions Within the Maine Bureau of Veterans' Services,An Act to Establish Certain Positions Within the Maine Bureau of Veterans' Services,4,2025-05-21,https://legiscan.com/ME/bill/LD58/2025
ME,1903187,,An Act to Ban the Drug Tianeptine,An Act to Ban the Drug Tianeptine,6,2025-06-05,https://legiscan.com/ME/bill/LD59/2025
ME,1903161,,An Act to Allow Employees to Request Flexible Work Schedules,An Act to Allow Employees to Request Flexible Work Schedules,3,2025-05-28,https://legiscan.com/ME/bill/LD60/2025
ME,1902956,,An Act to Regulate Employer Surveillance to Protect Workers,An Act to Regulate Employer Surveillance to Protect Workers,4,2025-06-25,https://legiscan.com/ME/bill/LD61/2025
ME,1902980,,An Act to Support Municipal and County Actions on Dam Ownership and to Make Other Changes to the Laws Regulating Release from Dam Ownership,An Act to Support Municipal and County Actions on Dam Ownership and to Make Other Changes to the Laws Regulating Release from Dam Ownership,4,2025-06-03,https://legiscan.com/ME/bill/LD62/2025
ME,1903102,,An Act to Support Implementation of Certified Community Behavioral Health Clinic Projects,An Act to Support Implementation of Certified Community Behavioral Health Clinic Projects,4,2025-03-20,https://legiscan.com/ME/bill/LD63/2025
ME,1903135,,An Act to Eliminate the Cultchless American Oyster Growers License,An Act to Eliminate the Cultchless American Oyster Growers License,4,2025-06-03,https://legiscan.com/ME/bill/LD64/2025
ME,1903319,,"An Act to Update the Definition of ""Coastal Wetlands"" Under the Natural Resources Protection Act and the Mandatory Shoreland Zoning Laws","An Act to Update the Definition of ""Coastal Wetlands"" Under the Natural Resources Protection Act and the Mandatory Shoreland Zoning Laws",4,2025-05-27,https://legiscan.com/ME/bill/LD65/2025
ME,1903202,,An Act to Expand Access to the Maine Wage Assurance Fund,An Act to Expand Access to the Maine Wage Assurance Fund,4,2025-06-02,https://legiscan.com/ME/bill/LD66/2025
ME,1903120,,An Act to Establish Minimum Standards for Certain Urgent Care Facilities,An Act to Establish Minimum Standards for Certain Urgent Care Facilities,4,2025-05-27,https://legiscan.com/ME/bill/LD67/2025
ME,1903254,,An Act to Amend the State Tax Laws,An Act to Amend the State Tax Laws,4,2025-06-09,https://legiscan.com/ME/bill/LD68/2025
ME,1903047,,"An Act to Repeal the Law Restricting the Use of Certain Plastic, Paper and Single-use Bags","An Act to Repeal the Law Restricting the Use of Certain Plastic, Paper and Single-use Bags",6,2025-04-10,https://legiscan.com/ME/bill/LD69/2025
ME,1903022,,An Act to Fund Free Health Clinics,An Act to Fund Free Health Clinics,4,2025-06-25,https://legiscan.com/ME/bill/LD70/2025
ME,1903087,,An Act Regarding Special Education Funding,An Act Regarding Special Education Funding,6,2025-05-21,https://legiscan.com/ME/bill/LD71/2025
ME,1903291,,An Act to Designate the Spring Peeper as the Official State Amphibian,An Act to Designate the Spring Peeper as the Official State Amphibian,4,2025-04-08,https://legiscan.com/ME/bill/LD72/2025
ME,1903277,,An Act to Designate the Wood Turtle as the Official State Reptile,An Act to Designate the Wood Turtle as the Official State Reptile,4,2025-04-08,https://legiscan.com/ME/bill/LD73/2025
ME,1903166,,An Act to Update the System of Learning Results Review Timeline,An Act to Update the System of Learning Results Review Timeline,4,2025-04-08,https://legiscan.com/ME/bill/LD74/2025
ME,1902949,,An Act to Update Funding for the Board of Environmental Protection,An Act to Update Funding for the Board of Environmental Protection,6,2025-04-24,https://legiscan.com/ME/bill/LD75/2025
ME,1903294,,An Act to Allow Use of the Fish Hatchery Maintenance Fund to Compensate Hatchery Staff When Certain Operational Needs Require Overtime,An Act to Allow Use of the Fish Hatchery Maintenance Fund to Compensate Hatchery Staff When Certain Operational Needs Require Overtime,6,2026-03-03,https://legiscan.com/ME/bill/LD76/2025
ME,1903282,,"An Act to Stabilize and Sustainably Fund the Department of Inland Fisheries and Wildlife, Fisheries and Hatcheries Division by Increasing the Inland Fishing License Fees and Establishing the Inland Fisheries Conservation and Enhancement Fund","An Act to Stabilize and Sustainably Fund the Department of Inland Fisheries and Wildlife, Fisheries and Hatcheries Division by Increasing the Inland Fishing License Fees and Establishing the Inland Fisheries Conservation and Enhancement Fund",6,2025-06-25,https://legiscan.com/ME/bill/LD77/2025
ME,1903238,,"Resolve, Directing the Department of Education to Collect Data on Cursive Instruction in Maine Public Schools","Resolve, Directing the Department of Education to Collect Data on Cursive Instruction in Maine Public Schools",3,2025-05-14,https://legiscan.com/ME/bill/LD78/2025
ME,1903151,,"Resolve, to Rename the Bridge on Main Street Between Biddeford and Saco the General Wallace H. Nutting Memorial Bridge","Resolve, to Rename the Bridge on Main Street Between Biddeford and Saco the General Wallace H. Nutting Memorial Bridge",4,2025-03-20,https://legiscan.com/ME/bill/LD79/2025
ME,1903287,,An Act to Designate the Seppala Siberian Sleddog as the Maine State Dog,An Act to Designate the Seppala Siberian Sleddog as the Maine State Dog,4,2025-04-15,https://legiscan.com/ME/bill/LD80/2025
ME,1903070,,An Act to Foster Innovation in Maine Schools by Updating the Requirements of School Innovation Waivers,An Act to Foster Innovation in Maine Schools by Updating the Requirements of School Innovation Waivers,6,2025-03-20,https://legiscan.com/ME/bill/LD81/2025
ME,1902945,,"An Act to Amend the Workers' Compensation Laws by Extending Indefinitely the Presumption Applying to Law Enforcement Officers, Corrections Officers, E-9-1-1 Dispatchers, Firefighters and Emergency Medical Services Persons Diagnosed with Post-traumatic Stress Disorder","An Act to Amend the Workers' Compensation Laws by Extending Indefinitely the Presumption Applying to Law Enforcement Officers, Corrections Officers, E-9-1-1 Dispatchers, Firefighters and Emergency Medical Services Persons Diagnosed with Post-traumatic Stress Disorder",4,2025-06-25,https://legiscan.com/ME/bill/LD82/2025
ME,1903158,,An Act Concerning the Filing of Marriage Licenses and the Recording of Intentions as Part of the Electronic Vital Records System,An Act Concerning the Filing of Marriage Licenses and the Recording of Intentions as Part of the Electronic Vital Records System,4,2025-05-27,https://legiscan.com/ME/bill/LD83/2025
ME,1903232,,An Act to Improve the Coordination of Health Care for Minors in State Care,An Act to Improve the Coordination of Health Care for Minors in State Care,4,2025-06-12,https://legiscan.com/ME/bill/LD84/2025
ME,1903056,,An Act to Revitalize the Maine Temporary Assistance for Needy Families Advisory Council,An Act to Revitalize the Maine Temporary Assistance for Needy Families Advisory Council,4,2025-03-18,https://legiscan.com/ME/bill/LD85/2025
ME,1903079,,An Act to Update the Laws Regarding Education,An Act to Update the Laws Regarding Education,4,2025-05-22,https://legiscan.com/ME/bill/LD86/2025
ME,1903241,,An Act Regarding the State Workforce Board,An Act Regarding the State Workforce Board,4,2025-05-28,https://legiscan.com/ME/bill/LD87/2025
ME,1902995,,An Act Regarding Penalties for Violating the Maine Weights and Measures Law,An Act Regarding Penalties for Violating the Maine Weights and Measures Law,4,2025-06-02,https://legiscan.com/ME/bill/LD88/2025
ME,1903206,,"Resolve, Regarding Legislative Review of Chapter 201: Employer Reporting and Payments, a Major Substantive Rule of the Maine Public Employees Retirement System","Resolve, Regarding Legislative Review of Chapter 201: Employer Reporting and Payments, a Major Substantive Rule of the Maine Public Employees Retirement System",4,2025-06-25,https://legiscan.com/ME/bill/LD89/2025
ME,1903059,,"Resolve, Regarding Legislative Review of Chapter 6: Delegation of Nursing Activities and Tasks to Unlicensed Assistive Personnel by Registered Professional Nurses, a Major Substantive Rule of the Department of Professional and Financial Regulation, State Board of Nursing","Resolve, Regarding Legislative Review of Chapter 6: Delegation of Nursing Activities and Tasks to Unlicensed Assistive Personnel by Registered Professional Nurses, a Major Substantive Rule of the Department of Professional and Financial Regulation, State Board of Nursing",4,2025-04-17,https://legiscan.com/ME/bill/LD90/2025
ME,1904197,,An Act to Authorize Employees of the Maine Association of Retirees to Be Eligible for Participation in the State Employee Health Insurance Program,An Act to Authorize Employees of the Maine Association of Retirees to Be Eligible for Participation in the State Employee Health Insurance Program,6,2025-05-20,https://legiscan.com/ME/bill/LD91/2025
ME,1904063,,An Act Regarding the Management of the Waste Components of a Solar Energy Development upon Decommissioning,An Act Regarding the Management of the Waste Components of a Solar Energy Development upon Decommissioning,6,2025-05-14,https://legiscan.com/ME/bill/LD92/2025
ME,1904116,,An Act to Reduce Cost and Increase Access to Disease Prevention by Expanding the Universal Childhood Immunization Program to Include Adults,An Act to Reduce Cost and Increase Access to Disease Prevention by Expanding the Universal Childhood Immunization Program to Include Adults,4,2025-06-25,https://legiscan.com/ME/bill/LD93/2025
ME,1903841,,An Act to Eliminate Miscarriage Reporting Requirements,An Act to Eliminate Miscarriage Reporting Requirements,4,2025-04-22,https://legiscan.com/ME/bill/LD94/2025
ME,1904043,,An Act to Amend and Simplify Certain Wildlife Laws,An Act to Amend and Simplify Certain Wildlife Laws,4,2025-06-12,https://legiscan.com/ME/bill/LD95/2025
ME,1904101,,An Act to Amend the Motor Vehicles and Traffic Law Governing Mandatory Driver's License Suspension for Refusing Testing for Drugs or a Combination of Drugs and Alcohol,An Act to Amend the Motor Vehicles and Traffic Law Governing Mandatory Driver's License Suspension for Refusing Testing for Drugs or a Combination of Drugs and Alcohol,6,2025-06-11,https://legiscan.com/ME/bill/LD96/2025
ME,1904237,,An Act to Facilitate the Improvement of Credit Scores of Residents of Department of Corrections Facilities,An Act to Facilitate the Improvement of Credit Scores of Residents of Department of Corrections Facilities,4,2025-03-18,https://legiscan.com/ME/bill/LD97/2025
ME,1903919,,An Act to Include School Counselors in the Educators for Maine Program,An Act to Include School Counselors in the Educators for Maine Program,4,2025-04-30,https://legiscan.com/ME/bill/LD98/2025
ME,1904258,,An Act to Clarify Information Sharing Between the Department of Health and Human Services and Schools with Respect to Investigations of Child Abuse or Neglect,An Act to Clarify Information Sharing Between the Department of Health and Human Services and Schools with Respect to Investigations of Child Abuse or Neglect,4,2025-06-16,https://legiscan.com/ME/bill/LD99/2025
ME,1904135,,"An Act to Increase the Expenditure Limit for the Informal Bidding Process for the Selection of Professional, Architect and Engineer Services","An Act to Increase the Expenditure Limit for the Informal Bidding Process for the Selection of Professional, Architect and Engineer Services",4,2025-04-08,https://legiscan.com/ME/bill/LD100/2025
ME,1903805,,"Resolve, to Convene a Working Group to Examine the Classification of and Access to Public Records Maintained by Certain State Agencies","Resolve, to Convene a Working Group to Examine the Classification of and Access to Public Records Maintained by Certain State Agencies",4,2025-05-27,https://legiscan.com/ME/bill/LD101/2025
ME,1903979,,An Act to Notify the Public of Juveniles That Have Escaped a Department of Corrections Facility and to Direct the Department of Corrections to Study the Further Release of Juvenile Intelligence and Investigative Record Information,An Act to Notify the Public of Juveniles That Have Escaped a Department of Corrections Facility and to Direct the Department of Corrections to Study the Further Release of Juvenile Intelligence and Investigative Record Information,4,2026-03-25,https://legiscan.com/ME/bill/LD102/2025
ME,1904084,,An Act to Reorganize and Simplify Certain Exceptions in the Use Regulation Law,An Act to Reorganize and Simplify Certain Exceptions in the Use Regulation Law,4,2025-03-20,https://legiscan.com/ME/bill/LD103/2025
ME,1903822,,An Act to Protect the Health of Medical Cannabis Patients and Streamline the Mandatory Testing of Cannabis,An Act to Protect the Health of Medical Cannabis Patients and Streamline the Mandatory Testing of Cannabis,6,2025-05-21,https://legiscan.com/ME/bill/LD104/2025
ME,1904215,,An Act to Implement the Recommendations of the Commission Regarding Foreign-trained Physicians Living in Maine to Establish a Sponsorship Program for Internationally Trained Physicians,An Act to Implement the Recommendations of the Commission Regarding Foreign-trained Physicians Living in Maine to Establish a Sponsorship Program for Internationally Trained Physicians,3,2025-05-29,https://legiscan.com/ME/bill/LD105/2025
ME,1904279,,An Act Regarding the Taxation of Paid Family and Medical Leave Benefits,An Act Regarding the Taxation of Paid Family and Medical Leave Benefits,6,2025-04-10,https://legiscan.com/ME/bill/LD106/2025
ME,1904022,,An Act to Require Health Insurance Coverage for Biomarker Testing,An Act to Require Health Insurance Coverage for Biomarker Testing,3,2025-05-27,https://legiscan.com/ME/bill/LD107/2025
ME,1903938,,An Act to Authorize the Release of Military Records to the Office of Chief Medical Examiner for the Purposes of Suicide Reporting and Prevention,An Act to Authorize the Release of Military Records to the Office of Chief Medical Examiner for the Purposes of Suicide Reporting and Prevention,4,2025-05-27,https://legiscan.com/ME/bill/LD108/2025
ME,1903898,,"Resolve, Directing the Maine Arts Commission to Study Federal and National Efforts to Protect Artists from Copyright Infringement by Artificial Intelligence Companies and Users and to Monitor Educational Use","Resolve, Directing the Maine Arts Commission to Study Federal and National Efforts to Protect Artists from Copyright Infringement by Artificial Intelligence Companies and Users and to Monitor Educational Use",4,2025-06-25,https://legiscan.com/ME/bill/LD109/2025
ME,1903880,,An Act to Require Reporting on the Expenditure of Opioid Settlement Funds by Certain Municipalities and County Governments,An Act to Require Reporting on the Expenditure of Opioid Settlement Funds by Certain Municipalities and County Governments,4,2025-05-14,https://legiscan.com/ME/bill/LD110/2025
ME,1903787,,An Act to Increase the State's Share of Retired Teacher Health Insurance,An Act to Increase the State's Share of Retired Teacher Health Insurance,3,2025-05-13,https://legiscan.com/ME/bill/LD111/2025
ME,1903773,,An Act to Promote Opportunities by Establishing a Student Wage,An Act to Promote Opportunities by Establishing a Student Wage,6,2025-05-28,https://legiscan.com/ME/bill/LD112/2025
ME,1904001,,An Act to Require Food Labels to Disclose Use of Messenger Ribonucleic Acid Vaccine Material in Food Production,An Act to Require Food Labels to Disclose Use of Messenger Ribonucleic Acid Vaccine Material in Food Production,6,2025-03-13,https://legiscan.com/ME/bill/LD113/2025
ME,1903959,,An Act to Amend the Charter of the Lewiston-Auburn Water Pollution Control Authority,An Act to Amend the Charter of the Lewiston-Auburn Water Pollution Control Authority,4,2025-04-08,https://legiscan.com/ME/bill/LD114/2025
ME,1914820,,"RESOLUTION, Proposing an Amendment to the Constitution of Maine to Provide for the Popular Election of the Secretary of State","RESOLUTION, Proposing an Amendment to the Constitution of Maine to Provide for the Popular Election of the Secretary of State",6,2025-06-09,https://legiscan.com/ME/bill/LD147/2025
ME,1915659,,An Act to Provide for the Statewide Popular Election of the State Auditor,An Act to Provide for the Statewide Popular Election of the State Auditor,6,2025-05-21,https://legiscan.com/ME/bill/LD148/2025
ME,1915417,,"RESOLUTION, Proposing an Amendment to the Constitution of Maine to Provide for the Popular Election of the Attorney General","RESOLUTION, Proposing an Amendment to the Constitution of Maine to Provide for the Popular Election of the Attorney General",6,2025-06-09,https://legiscan.com/ME/bill/LD149/2025
ME,1915551,,"RESOLUTION, Proposing an Amendment to the Constitution of Maine to Provide for the Popular Election of the Treasurer of State","RESOLUTION, Proposing an Amendment to the Constitution of Maine to Provide for the Popular Election of the Treasurer of State",6,2025-06-11,https://legiscan.com/ME/bill/LD150/2025
ME,1915468,,An Act to Allow Businesses to Impose a Surcharge on Credit Card and Debit Card Transactions,An Act to Allow Businesses to Impose a Surcharge on Credit Card and Debit Card Transactions,6,2025-05-27,https://legiscan.com/ME/bill/LD151/2025
ME,1915491,,An Act to Amend the Freedom of Access Act to Require a Specific Time Frame for Agencies to Comply with Requests for Public Records,An Act to Amend the Freedom of Access Act to Require a Specific Time Frame for Agencies to Comply with Requests for Public Records,6,2025-06-09,https://legiscan.com/ME/bill/LD152/2025
ME,1915426,,An Act to Prohibit the Unauthorized Mooring of Watercraft,An Act to Prohibit the Unauthorized Mooring of Watercraft,6,2025-03-27,https://legiscan.com/ME/bill/LD153/2025
ME,1915637,,An Act to Amend the Transportation Laws,An Act to Amend the Transportation Laws,4,2025-05-07,https://legiscan.com/ME/bill/LD154/2025
ME,1915617,,An Act to Make Menstrual Products Available in Certain Schools,An Act to Make Menstrual Products Available in Certain Schools,6,2025-04-08,https://legiscan.com/ME/bill/LD155/2025
ME,1915761,,An Act to Improve Notifications Related to Substance-exposed Infants,An Act to Improve Notifications Related to Substance-exposed Infants,4,2025-06-13,https://legiscan.com/ME/bill/LD156/2025
ME,1915815,,An Act to Amend Certain Inland Fisheries and Wildlife Laws,An Act to Amend Certain Inland Fisheries and Wildlife Laws,4,2025-05-27,https://legiscan.com/ME/bill/LD157/2025
ME,1915709,,An Act to Establish a Date to Begin Voting by Absentee Ballot in the Presence of the Clerk,An Act to Establish a Date to Begin Voting by Absentee Ballot in the Presence of the Clerk,4,2025-05-27,https://legiscan.com/ME/bill/LD158/2025
ME,1915775,,An Act to Require Motor Vehicle Certificates of Registration to Include a Space to List an Emergency Contact,An Act to Require Motor Vehicle Certificates of Registration to Include a Space to List an Emergency Contact,4,2025-05-27,https://legiscan.com/ME/bill/LD159/2025
ME,1915478,,An Act to Eliminate REAL ID Requirements in Maine,An Act to Eliminate REAL ID Requirements in Maine,6,2025-05-27,https://legiscan.com/ME/bill/LD160/2025
ME,1915740,,"Resolve, Directing the Maine Office of Community Affairs to Convene a Working Group Tasked with a Comprehensive Overhaul and Modernization of Maine's Subdivision Laws","Resolve, Directing the Maine Office of Community Affairs to Convene a Working Group Tasked with a Comprehensive Overhaul and Modernization of Maine's Subdivision Laws",4,2026-03-03,https://legiscan.com/ME/bill/LD161/2025
ME,1915448,,"Resolve, to Rename a Bridge in the Town of Carmel the Kevin M. Howell Memorial Bridge","Resolve, to Rename a Bridge in the Town of Carmel the Kevin M. Howell Memorial Bridge",4,2025-03-20,https://legiscan.com/ME/bill/LD162/2025
ME,1915752,,An Act to Require Health Insurance Coverage for Federally Approved Nonprescription Oral Hormonal Contraceptives and Nonprescription Emergency Contraceptives,An Act to Require Health Insurance Coverage for Federally Approved Nonprescription Oral Hormonal Contraceptives and Nonprescription Emergency Contraceptives,4,2025-06-25,https://legiscan.com/ME/bill/LD163/2025
ME,1915697,,An Act to Exempt Authorized Emergency Vehicles from Tolls When Operating in an Official Capacity,An Act to Exempt Authorized Emergency Vehicles from Tolls When Operating in an Official Capacity,6,2025-04-17,https://legiscan.com/ME/bill/LD164/2025
ME,1915585,,An Act to Allow School Boards to Expel or Suspend Students Regardless of Grade Level,An Act to Allow School Boards to Expel or Suspend Students Regardless of Grade Level,6,2025-06-13,https://legiscan.com/ME/bill/LD165/2025
ME,1915562,,An Act to Prohibit the Sale of Tobacco Products in Pharmacies and Retail Establishments Containing Pharmacies,An Act to Prohibit the Sale of Tobacco Products in Pharmacies and Retail Establishments Containing Pharmacies,4,2025-06-25,https://legiscan.com/ME/bill/LD166/2025
ME,1915405,,An Act to Provide 2 Hearing Aids to MaineCare Members with Diagnosed Hearing Loss,An Act to Provide 2 Hearing Aids to MaineCare Members with Diagnosed Hearing Loss,4,2025-06-25,https://legiscan.com/ME/bill/LD167/2025
ME,1915719,,An Act to Improve Safety in Public Schools by Requiring Silent Electronic Notification Systems in Classrooms,An Act to Improve Safety in Public Schools by Requiring Silent Electronic Notification Systems in Classrooms,6,2025-05-14,https://legiscan.com/ME/bill/LD168/2025
ME,1915382,,"Resolve, Establishing the Commission to Study MaineCare Estate Recovery","Resolve, Establishing the Commission to Study MaineCare Estate Recovery",3,2025-05-14,https://legiscan.com/ME/bill/LD169/2025
ME,1915342,,"Resolve, Establishing a Pilot Program to Reduce Personal Electronic Device Distractions During the School Day","Resolve, Establishing a Pilot Program to Reduce Personal Electronic Device Distractions During the School Day",6,2025-05-13,https://legiscan.com/ME/bill/LD170/2025
ME,1915606,,An Act to Enhance Protections Regarding Invasive Aquatic Plant and Animal Infestations in Inland Waters of the State,An Act to Enhance Protections Regarding Invasive Aquatic Plant and Animal Infestations in Inland Waters of the State,4,2025-05-13,https://legiscan.com/ME/bill/LD171/2025
ME,1915460,,An Act to Require the Maine State Police to Create a Statewide List of Missing Persons and Study Improvements for Investigating Missing Persons Cases,An Act to Require the Maine State Police to Create a Statewide List of Missing Persons and Study Improvements for Investigating Missing Persons Cases,4,2025-06-25,https://legiscan.com/ME/bill/LD172/2025
ME,1915802,,An Act to Exempt Certain Watercraft from Registration Requirements,An Act to Exempt Certain Watercraft from Registration Requirements,6,2025-06-05,https://legiscan.com/ME/bill/LD173/2025
ME,1915292,,An Act to Restore Religious Exemptions to Immunization Requirements,An Act to Restore Religious Exemptions to Immunization Requirements,6,2025-05-21,https://legiscan.com/ME/bill/LD174/2025
ME,1915509,,"RESOLUTION, Proposing an Amendment to the Constitution of Maine to Ensure That Only Citizens of the United States May Participate in Elections","RESOLUTION, Proposing an Amendment to the Constitution of Maine to Ensure That Only Citizens of the United States May Participate in Elections",6,2025-05-14,https://legiscan.com/ME/bill/LD175/2025
ME,1915595,,An Act to Authorize the Formation of Emergency Medical Services Districts,An Act to Authorize the Formation of Emergency Medical Services Districts,4,2025-06-11,https://legiscan.com/ME/bill/LD176/2025
ME,1915626,,An Act to Create Municipal Cannabis Revenue Sharing,An Act to Create Municipal Cannabis Revenue Sharing,6,2025-03-04,https://legiscan.com/ME/bill/LD177/2025
ME,1915365,,An Act Regarding Coverage for Step Therapy for Metastatic Cancer,An Act Regarding Coverage for Step Therapy for Metastatic Cancer,4,2025-06-25,https://legiscan.com/ME/bill/LD178/2025
ME,1915648,,An Act to Amend the Maine Bail Code to Eliminate the Class E Crime of Violation of Condition of Release,An Act to Amend the Maine Bail Code to Eliminate the Class E Crime of Violation of Condition of Release,6,2025-06-13,https://legiscan.com/ME/bill/LD179/2025
ME,1915875,,An Act Regarding Reimbursements by Health Insurance Carriers or Pharmacy Benefits Managers to Pharmacies,An Act Regarding Reimbursements by Health Insurance Carriers or Pharmacy Benefits Managers to Pharmacies,4,2025-06-12,https://legiscan.com/ME/bill/LD180/2025
ME,1915334,,An Act to Modify the Calculation of Pupil Counts Used for Determination of School Administrative Unit Operating Costs,An Act to Modify the Calculation of Pupil Counts Used for Determination of School Administrative Unit Operating Costs,6,2025-04-01,https://legiscan.com/ME/bill/LD181/2025
ME,1915376,,An Act to Provide Per Diem Payments for MaineCare Residents of the Maine Veterans' Homes,An Act to Provide Per Diem Payments for MaineCare Residents of the Maine Veterans' Homes,3,2025-06-13,https://legiscan.com/ME/bill/LD182/2025
ME,1915438,,An Act to Cap Publicly Owned Land Area at No More than 50 Percent of Any County,An Act to Cap Publicly Owned Land Area at No More than 50 Percent of Any County,6,2025-04-01,https://legiscan.com/ME/bill/LD183/2025
ME,1915301,,"Resolve, Establishing the Commission to Study the Foreclosure Process","Resolve, Establishing the Commission to Study the Foreclosure Process",6,2025-06-17,https://legiscan.com/ME/bill/LD184/2025
ME,1915834,,An Act to Expand Opportunities to Invest Municipal Tax Increment Financing Revenues,An Act to Expand Opportunities to Invest Municipal Tax Increment Financing Revenues,4,2025-06-02,https://legiscan.com/ME/bill/LD185/2025
ME,1915315,,An Act to Clarify the Public Utilities Commission's Authority to Establish Time-of-use Pricing for Standard-offer Service,An Act to Clarify the Public Utilities Commission's Authority to Establish Time-of-use Pricing for Standard-offer Service,4,2025-06-02,https://legiscan.com/ME/bill/LD186/2025
ME,1915731,,An Act to Prohibit Labor Organizations from Imposing Mandatory Service Fees on Nonmembers,An Act to Prohibit Labor Organizations from Imposing Mandatory Service Fees on Nonmembers,6,2025-05-13,https://legiscan.com/ME/bill/LD187/2025
ME,1915792,,An Act to Permit the Sale of Motor Vehicles on Sundays,An Act to Permit the Sale of Motor Vehicles on Sundays,6,2025-03-20,https://legiscan.com/ME/bill/LD188/2025
ME,1915689,,An Act to Increase Availability and Affordability of Mental Health Care and Substance Use Disorder Services by Removing the Certificate of Need Requirement,An Act to Increase Availability and Affordability of Mental Health Care and Substance Use Disorder Services by Removing the Certificate of Need Requirement,6,2025-05-20,https://legiscan.com/ME/bill/LD189/2025
ME,1915856,,An Act to Exempt Certain Numismatic Transactions from State Sales Tax,An Act to Exempt Certain Numismatic Transactions from State Sales Tax,6,2025-02-25,https://legiscan.com/ME/bill/LD190/2025
ME,1915666,,An Act to Support Maine Businesses by Establishing a Pass-through Entity Tax and Tax Credit,An Act to Support Maine Businesses by Establishing a Pass-through Entity Tax and Tax Credit,1,2025-01-14,https://legiscan.com/ME/bill/LD191/2025
ME,1915275,,"An Act to Exempt from State Sales Tax Utility Vehicles Purchased for Use in Commercial Fishing, Agricultural Production, Aquacultural Production and Wood Harvesting","An Act to Exempt from State Sales Tax Utility Vehicles Purchased for Use in Commercial Fishing, Agricultural Production, Aquacultural Production and Wood Harvesting",3,2025-05-28,https://legiscan.com/ME/bill/LD192/2025
ME,1915882,,An Act to Fund Students in Maine Schools Who Are Experiencing Homelessness,An Act to Fund Students in Maine Schools Who Are Experiencing Homelessness,6,2025-05-21,https://legiscan.com/ME/bill/LD193/2025
ME,1915355,,An Act to Improve the Maine Unfair Trade Practices Act,An Act to Improve the Maine Unfair Trade Practices Act,6,2025-05-28,https://legiscan.com/ME/bill/LD194/2025
ME,1915865,,An Act to Eliminate the 72-hour Waiting Period on Firearm Purchases,An Act to Eliminate the 72-hour Waiting Period on Firearm Purchases,1,2025-01-14,https://legiscan.com/ME/bill/LD208/2025
ME,1918872,,"An Act to Make Supplemental Appropriations and Allocations from the General Fund and Other Funds for the Expenditures of State Government and to Change Certain Provisions of the Law Necessary to the Proper Operations of State Government for the Fiscal Year Ending June 30, 2025","An Act to Make Supplemental Appropriations and Allocations from the General Fund and Other Funds for the Expenditures of State Government and to Change Certain Provisions of the Law Necessary to the Proper Operations of State Government for the Fiscal Year Ending June 30, 2025",6,2025-03-13,https://legiscan.com/ME/bill/LD209/2025
ME,1918681,,"An Act Making Unified Appropriations and Allocations from the General Fund and Other Funds for the Expenditures of State Government and Changing Certain Provisions of the Law Necessary to the Proper Operations of State Government for the Fiscal Years Ending June 30, 2025, June 30, 2026 and June 30, 2027","An Act Making Unified Appropriations and Allocations from the General Fund and Other Funds for the Expenditures of State Government and Changing Certain Provisions of the Law Necessary to the Proper Operations of State Government for the Fiscal Years Ending June 30, 2025, June 30, 2026 and June 30, 2027",4,2025-06-18,https://legiscan.com/ME/bill/LD210/2025
ME,1923575,,"Resolve, Directing the Department of Education to Communicate to School Administrative Units and Private Schools the Importance of Adopting Seizure Action Plans","Resolve, Directing the Department of Education to Communicate to School Administrative Units and Private Schools the Importance of Adopting Seizure Action Plans",4,2025-06-02,https://legiscan.com/ME/bill/LD211/2025
ME,1923398,,An Act to Require the Valuation of Energy Produced by Hydropower Dams and Exploration of Alternative Ownership Options Before They Are Removed,An Act to Require the Valuation of Energy Produced by Hydropower Dams and Exploration of Alternative Ownership Options Before They Are Removed,6,2025-04-24,https://legiscan.com/ME/bill/LD212/2025
ME,1923722,,An Act to Increase the Sales Commission of Retailers Selling Lottery Tickets,An Act to Increase the Sales Commission of Retailers Selling Lottery Tickets,6,2025-06-02,https://legiscan.com/ME/bill/LD213/2025
ME,1923312,,An Act to Create a For-hire Charter Boat Operator License and to Require Individuals Recreationally Fishing for Halibut in Coastal Waters to Register with the Saltwater Recreational Fishing Registry,An Act to Create a For-hire Charter Boat Operator License and to Require Individuals Recreationally Fishing for Halibut in Coastal Waters to Register with the Saltwater Recreational Fishing Registry,4,2025-05-28,https://legiscan.com/ME/bill/LD214/2025
ME,1923659,,An Act Regarding Large Recovery Residences,An Act Regarding Large Recovery Residences,4,2025-06-25,https://legiscan.com/ME/bill/LD215/2025
ME,1923604,,An Act to Change the Statutory Adjournment Date for the Second Regular Session of the Legislature,An Act to Change the Statutory Adjournment Date for the Second Regular Session of the Legislature,6,2025-03-27,https://legiscan.com/ME/bill/LD216/2025
ME,1923456,,An Act to Require Schools to Provide Access to Free Condoms for Students in Grades 9 to 12 in the School Nurse's Office,An Act to Require Schools to Provide Access to Free Condoms for Students in Grades 9 to 12 in the School Nurse's Office,6,2025-05-06,https://legiscan.com/ME/bill/LD217/2025
ME,1924189,,An Act to Make Student Transfer Agreements Renew Automatically Except in Certain Circumstances,An Act to Make Student Transfer Agreements Renew Automatically Except in Certain Circumstances,6,2025-06-11,https://legiscan.com/ME/bill/LD218/2025
ME,1923839,,An Act to Limit Hypodermic Apparatus Exchange Programs to a One-for-one Exchange,An Act to Limit Hypodermic Apparatus Exchange Programs to a One-for-one Exchange,6,2025-04-17,https://legiscan.com/ME/bill/LD219/2025
ME,1923774,,An Act to Establish the Hope and Inclusion Scholarship Program in Order to Provide Funding for Students Attending Certain Private Schools and Students Receiving Home Instruction,An Act to Establish the Hope and Inclusion Scholarship Program in Order to Provide Funding for Students Attending Certain Private Schools and Students Receiving Home Instruction,6,2025-05-21,https://legiscan.com/ME/bill/LD220/2025
ME,1924248,,An Act to Address the Effect of Changes to Federal Income Tax Laws on Maine Income Tax Laws,An Act to Address the Effect of Changes to Federal Income Tax Laws on Maine Income Tax Laws,4,2025-06-09,https://legiscan.com/ME/bill/LD221/2025
ME,1924133,,An Act to Establish a Take-back and Disposal Program for Firefighting and Fire-suppressing Foam to Which Perfluoroalkyl and Polyfluoroalkyl Substances Have Been Added,An Act to Establish a Take-back and Disposal Program for Firefighting and Fire-suppressing Foam to Which Perfluoroalkyl and Polyfluoroalkyl Substances Have Been Added,4,2025-06-25,https://legiscan.com/ME/bill/LD222/2025
ME,1924042,,An Act to Amend the Mining Excise Tax Laws,An Act to Amend the Mining Excise Tax Laws,6,2025-04-01,https://legiscan.com/ME/bill/LD223/2025
ME,1924219,,"An Act to Expand the Definition of ""Terrorism"" in the Laws Governing the Maine Emergency Management Agency","An Act to Expand the Definition of ""Terrorism"" in the Laws Governing the Maine Emergency Management Agency",4,2025-05-14,https://legiscan.com/ME/bill/LD224/2025
ME,1923339,,An Act to Reduce Property Taxes and Finance Public School Construction and Education Through a 3 Percent Sales Tax on Hotel and Lodging Place Rentals,An Act to Reduce Property Taxes and Finance Public School Construction and Education Through a 3 Percent Sales Tax on Hotel and Lodging Place Rentals,6,2025-04-08,https://legiscan.com/ME/bill/LD225/2025
ME,1923869,,An Act to Protect the Cultural Resources and Historical Heritage of Sears Island in Searsport by Extending Conservation Easement Protections,An Act to Protect the Cultural Resources and Historical Heritage of Sears Island in Searsport by Extending Conservation Easement Protections,6,2025-04-08,https://legiscan.com/ME/bill/LD226/2025
ME,1923235,,An Act Regarding Liability for Acts of Violence Occurring in the State House or Legislative Space in the Burton M. Cross Building,An Act Regarding Liability for Acts of Violence Occurring in the State House or Legislative Space in the Burton M. Cross Building,6,2025-03-11,https://legiscan.com/ME/bill/LD227/2025
ME,1923633,,An Act to Allow Coastal Seawalls to Be Raised by up to 2 Feet in Order to Accommodate Predicted Sea Level Rise,An Act to Allow Coastal Seawalls to Be Raised by up to 2 Feet in Order to Accommodate Predicted Sea Level Rise,4,2025-05-27,https://legiscan.com/ME/bill/LD228/2025
ME,1923955,,An Act to Bring Fairness in Income Taxes to Maine Families by Adjusting the Tax Brackets and Tax Rates,An Act to Bring Fairness in Income Taxes to Maine Families by Adjusting the Tax Brackets and Tax Rates,3,2025-06-12,https://legiscan.com/ME/bill/LD229/2025
ME,1923257,,An Act to Protect Minors from Harmful Depictions Generated by Artificial Intelligence,An Act to Protect Minors from Harmful Depictions Generated by Artificial Intelligence,6,2025-05-28,https://legiscan.com/ME/bill/LD230/2025
ME,1923283,,An Act to Update the Solid Waste Management Hierarchy,An Act to Update the Solid Waste Management Hierarchy,6,2025-03-20,https://legiscan.com/ME/bill/LD231/2025
ME,1923423,,An Act to Impose a Vehicle Weight Limit on Route 46 in the Town of Eddington,An Act to Impose a Vehicle Weight Limit on Route 46 in the Town of Eddington,6,2025-03-04,https://legiscan.com/ME/bill/LD232/2025
ME,1923517,,An Act to Prohibit Biological Males from Participating in School Athletic Programs and Activities Designated for Females When State Funding Is Provided to the School,An Act to Prohibit Biological Males from Participating in School Athletic Programs and Activities Designated for Females When State Funding Is Provided to the School,6,2025-06-17,https://legiscan.com/ME/bill/LD233/2025
ME,1924101,,An Act to Eliminate Ranked-choice Voting,An Act to Eliminate Ranked-choice Voting,6,2025-03-25,https://legiscan.com/ME/bill/LD234/2025
ME,1924277,,"Resolve, Regarding the Operation and Future Capacity of State-owned Landfills","Resolve, Regarding the Operation and Future Capacity of State-owned Landfills",6,2025-03-20,https://legiscan.com/ME/bill/LD235/2025
ME,1924303,,An Act to Provide Legislative Oversight of the Rule-making Petition Process,An Act to Provide Legislative Oversight of the Rule-making Petition Process,6,2025-05-21,https://legiscan.com/ME/bill/LD236/2025
ME,1930232,,An Act to Withdraw from the National Popular Vote Compact,An Act to Withdraw from the National Popular Vote Compact,6,2025-06-17,https://legiscan.com/ME/bill/LD252/2025
ME,1930161,,An Act to Prevent the MaineCare Program from Covering Abortion Services,An Act to Prevent the MaineCare Program from Covering Abortion Services,6,2025-06-10,https://legiscan.com/ME/bill/LD253/2025
ME,1937249,,"RESOLUTION, Proposing an Amendment to the Constitution of Maine to Establish That All Maine Residents Have Equal Rights Under the Law","RESOLUTION, Proposing an Amendment to the Constitution of Maine to Establish That All Maine Residents Have Equal Rights Under the Law",3,2025-04-22,https://legiscan.com/ME/bill/LD260/2025
ME,1937830,,An Act Regarding the Authority of Municipalities to Regulate Timber Harvesting,An Act Regarding the Authority of Municipalities to Regulate Timber Harvesting,4,2025-06-09,https://legiscan.com/ME/bill/LD261/2025
ME,1938086,,An Act to Amend the Laws Governing the Taste Testing of Wine and Malt Liquor to Facilitate Marketing by Wholesalers,An Act to Amend the Laws Governing the Taste Testing of Wine and Malt Liquor to Facilitate Marketing by Wholesalers,4,2025-03-20,https://legiscan.com/ME/bill/LD262/2025
ME,1937515,,"Resolve, to Provide Rural Nonmedical Transportation Services to the Elderly and Adults with Disabilities Receiving Home and Community Benefits Under MaineCare","Resolve, to Provide Rural Nonmedical Transportation Services to the Elderly and Adults with Disabilities Receiving Home and Community Benefits Under MaineCare",6,2025-04-29,https://legiscan.com/ME/bill/LD263/2025
ME,1937873,,An Act to Remove the 12-month Waiting Period for the Maine Resident Homestead Property Tax Exemption,An Act to Remove the 12-month Waiting Period for the Maine Resident Homestead Property Tax Exemption,3,2025-06-16,https://legiscan.com/ME/bill/LD264/2025
ME,1937785,,An Act to Prohibit the Maine National Guard from Combat Deployment Absent an Act of the United States Congress,An Act to Prohibit the Maine National Guard from Combat Deployment Absent an Act of the United States Congress,6,2025-04-29,https://legiscan.com/ME/bill/LD265/2025
ME,1937378,,An Act to Require the Updating of Voter Registration Signatures,An Act to Require the Updating of Voter Registration Signatures,6,2025-05-21,https://legiscan.com/ME/bill/LD266/2025
ME,1938049,,An Act Regarding the Remote Appearance of Counsel in Pretrial Nontestimonial Criminal Matters,An Act Regarding the Remote Appearance of Counsel in Pretrial Nontestimonial Criminal Matters,4,2025-05-21,https://legiscan.com/ME/bill/LD267/2025
ME,1937470,,An Act to Restore Sentencing Discretion to the Judiciary by Removing Mandatory Minimum Sentences of Incarceration,An Act to Restore Sentencing Discretion to the Judiciary by Removing Mandatory Minimum Sentences of Incarceration,6,2025-05-07,https://legiscan.com/ME/bill/LD268/2025
ME,1937915,,"Resolve, Regarding Legislative Review of Portions of Chapter 375: No Adverse Environmental Effect Standards of the Site Location of Development Act, a Major Substantive Rule of the Department of Environmental Protection","Resolve, Regarding Legislative Review of Portions of Chapter 375: No Adverse Environmental Effect Standards of the Site Location of Development Act, a Major Substantive Rule of the Department of Environmental Protection",4,2025-06-03,https://legiscan.com/ME/bill/LD269/2025
ME,1937605,,"Resolve, Regarding Legislative Review of Portions of Chapter 850: Health Plan Accountability, a Major Substantive Rule of the Department of Professional and Financial Regulation, Bureau of Insurance","Resolve, Regarding Legislative Review of Portions of Chapter 850: Health Plan Accountability, a Major Substantive Rule of the Department of Professional and Financial Regulation, Bureau of Insurance",4,2025-05-21,https://legiscan.com/ME/bill/LD270/2025
ME,1937421,,"Resolve, Regarding Legislative Review of Chapter 12: Fees for Kickboxing Contests and Authorized Participants, a Major Substantive Rule of the Combat Sports Authority of Maine","Resolve, Regarding Legislative Review of Chapter 12: Fees for Kickboxing Contests and Authorized Participants, a Major Substantive Rule of the Combat Sports Authority of Maine",4,2025-04-29,https://legiscan.com/ME/bill/LD271/2025
ME,1937290,,"Resolve, Regarding Legislative Review of Chapter 2: Fees for Muay Thai Contests and Authorized Participants, a Major Substantive Rule of the Combat Sports Authority of Maine","Resolve, Regarding Legislative Review of Chapter 2: Fees for Muay Thai Contests and Authorized Participants, a Major Substantive Rule of the Combat Sports Authority of Maine",4,2025-04-29,https://legiscan.com/ME/bill/LD272/2025
ME,1937337,,An Act Related to the Issuance of Subpoena Power to Entities Created by Executive Order,An Act Related to the Issuance of Subpoena Power to Entities Created by Executive Order,3,2025-06-09,https://legiscan.com/ME/bill/LD273/2025
ME,1940972,,"An Act Making Unified Allocations from the Highway Fund and Other Funds for the Expenditures of State Government and Changing Certain Provisions of the Law Necessary to the Proper Operations of State Government for the Fiscal Years Ending June 30, 2025, June 30, 2026 and June 30, 2027","An Act Making Unified Allocations from the Highway Fund and Other Funds for the Expenditures of State Government and Changing Certain Provisions of the Law Necessary to the Proper Operations of State Government for the Fiscal Years Ending June 30, 2025, June 30, 2026 and June 30, 2027",4,2025-03-20,https://legiscan.com/ME/bill/LD274/2025
ME,1940270,,"An Act to Make Supplemental Allocations from the Highway Fund and Other Funds for the Expenditures of State Government and to Change Certain Provisions of the Law Necessary to the Proper Operations of State Government for the Fiscal Year Ending June 30, 2025","An Act to Make Supplemental Allocations from the Highway Fund and Other Funds for the Expenditures of State Government and to Change Certain Provisions of the Law Necessary to the Proper Operations of State Government for the Fiscal Year Ending June 30, 2025",4,2025-03-20,https://legiscan.com/ME/bill/LD275/2025
ME,1941321,,An Act Regarding Inland Fisheries and Wildlife,An Act Regarding Inland Fisheries and Wildlife,1,2025-01-28,https://legiscan.com/ME/bill/LD276/2025
ME,1940624,,An Act to Repeal the Law Prohibiting Places of Business from Being Open to the Public on Sunday,An Act to Repeal the Law Prohibiting Places of Business from Being Open to the Public on Sunday,6,2025-06-03,https://legiscan.com/ME/bill/LD277/2025
ME,1942331,,An Act to Raise the Limit on the Total Number of Public Charter Schools,An Act to Raise the Limit on the Total Number of Public Charter Schools,6,2025-05-21,https://legiscan.com/ME/bill/LD282/2025
ME,1942679,,An Act to Expand Local Revenues by Including Meals and Lodging Sales Tax Revenue Under the State-Municipal Revenue Sharing Program,An Act to Expand Local Revenues by Including Meals and Lodging Sales Tax Revenue Under the State-Municipal Revenue Sharing Program,6,2025-03-20,https://legiscan.com/ME/bill/LD283/2025
ME,1942413,,An Act to Update Major Policy-influencing Positions Within the Maine Human Rights Commission,An Act to Update Major Policy-influencing Positions Within the Maine Human Rights Commission,4,2025-06-25,https://legiscan.com/ME/bill/LD284/2025
ME,1942499,,"Resolve, Directing the Department of Transportation to Amend Its Rules Regarding Seasonal Load Restrictions on Certain State and State Aid Highways","Resolve, Directing the Department of Transportation to Amend Its Rules Regarding Seasonal Load Restrictions on Certain State and State Aid Highways",6,2025-04-08,https://legiscan.com/ME/bill/LD285/2025
ME,1942771,,An Act to Allow County Commissioners Greater Flexibility When Establishing a Payment Schedule for Municipalities to Pay County Tax Bills,An Act to Allow County Commissioners Greater Flexibility When Establishing a Payment Schedule for Municipalities to Pay County Tax Bills,4,2025-05-21,https://legiscan.com/ME/bill/LD286/2025
ME,1942589,,An Act to Require and Encourage Safe and Interconnected Transportation Construction Projects,An Act to Require and Encourage Safe and Interconnected Transportation Construction Projects,6,2026-03-05,https://legiscan.com/ME/bill/LD287/2025
ME,1949029,,An Act to Make Technical Changes to Maine's Tax Laws,An Act to Make Technical Changes to Maine's Tax Laws,4,2025-05-22,https://legiscan.com/ME/bill/LD288/2025
ME,1948525,,"Resolve, to Rename a Bridge in Bingham the Barry A. DeLong Bridge","Resolve, to Rename a Bridge in Bingham the Barry A. DeLong Bridge",4,2025-04-30,https://legiscan.com/ME/bill/LD289/2025
ME,1948383,,An Act to Remit 15 Percent of the Fine for a Violation of the Motor Vehicle Laws to the Municipality in Which the Violation Occurred,An Act to Remit 15 Percent of the Fine for a Violation of the Motor Vehicle Laws to the Municipality in Which the Violation Occurred,6,2025-04-17,https://legiscan.com/ME/bill/LD290/2025
ME,1948391,,An Act to Eliminate the Lodging Tax on Campground Sites and Revert to Using the Current Sales Tax,An Act to Eliminate the Lodging Tax on Campground Sites and Revert to Using the Current Sales Tax,6,2025-06-16,https://legiscan.com/ME/bill/LD291/2025
ME,1948548,,An Act to Implement the Automotive Right to Repair Working Group Recommendations,An Act to Implement the Automotive Right to Repair Working Group Recommendations,6,2026-03-19,https://legiscan.com/ME/bill/LD292/2025
ME,1948971,,An Act to Increase the Debt Limit of the Boothbay Region Water District,An Act to Increase the Debt Limit of the Boothbay Region Water District,4,2025-04-17,https://legiscan.com/ME/bill/LD293/2025
ME,1948962,,An Act to Expand Municipal Volunteer Program Eligibility Requirements in the Municipal Property Tax Assistance Laws,An Act to Expand Municipal Volunteer Program Eligibility Requirements in the Municipal Property Tax Assistance Laws,4,2025-06-12,https://legiscan.com/ME/bill/LD294/2025
ME,1948653,,An Act Regarding Education,An Act Regarding Education,1,2025-01-30,https://legiscan.com/ME/bill/LD295/2025
ME,1949088,,"An Act to Appropriate Funds to the Department of Environmental Protection, Lake Water Quality Restoration and Protection Fund","An Act to Appropriate Funds to the Department of Environmental Protection, Lake Water Quality Restoration and Protection Fund",4,2025-06-25,https://legiscan.com/ME/bill/LD296/2025
ME,1948362,,An Act Regarding the Management of Wastewater Treatment Plant Sludge at the State-owned Landfill,An Act Regarding the Management of Wastewater Treatment Plant Sludge at the State-owned Landfill,4,2025-06-16,https://legiscan.com/ME/bill/LD297/2025
ME,1948311,,An Act to Employ Mental Health Personnel Within the Maine State Police,An Act to Employ Mental Health Personnel Within the Maine State Police,3,2025-05-07,https://legiscan.com/ME/bill/LD298/2025
ME,1948913,,An Act to Support Investment in Agriculture,An Act to Support Investment in Agriculture,1,2025-01-30,https://legiscan.com/ME/bill/LD299/2025
ME,1948817,,"Resolve, to Direct the Governor's Energy Office to Study Expanding the Use of Hydroelectric Power and the Development of a Geothermal Power Plant in the State","Resolve, to Direct the Governor's Energy Office to Study Expanding the Use of Hydroelectric Power and the Development of a Geothermal Power Plant in the State",4,2025-05-27,https://legiscan.com/ME/bill/LD300/2025
ME,1948300,,An Act to Allow the Public Utilities Commission to Use Quantitative Metrics and Rate-adjustment Mechanisms in a Proceeding for a General Rate Increase,An Act to Allow the Public Utilities Commission to Use Quantitative Metrics and Rate-adjustment Mechanisms in a Proceeding for a General Rate Increase,4,2025-06-02,https://legiscan.com/ME/bill/LD301/2025
ME,1948722,,An Act Regarding Maine's Cannabis Industry,An Act Regarding Maine's Cannabis Industry,6,2025-05-20,https://legiscan.com/ME/bill/LD302/2025
ME,1948295,,An Act to Repeal the Law Prohibiting Unauthorized Paramilitary Training,An Act to Repeal the Law Prohibiting Unauthorized Paramilitary Training,6,2025-04-10,https://legiscan.com/ME/bill/LD303/2025
ME,1948576,,An Act Regarding the Department of Transportation,An Act Regarding the Department of Transportation,6,2025-05-22,https://legiscan.com/ME/bill/LD304/2025
ME,1948397,,An Act Regarding the Motor Vehicle Excise Tax Exemption for Leased Automobiles for Certain Veterans,An Act Regarding the Motor Vehicle Excise Tax Exemption for Leased Automobiles for Certain Veterans,4,2026-03-12,https://legiscan.com/ME/bill/LD305/2025
ME,1948857,,An Act to Stabilize Rural Maine Emergency Medical Services Departments,An Act to Stabilize Rural Maine Emergency Medical Services Departments,6,2025-05-22,https://legiscan.com/ME/bill/LD306/2025
ME,1948430,,"An Act Regarding Energy, Utilities and Technology","An Act Regarding Energy, Utilities and Technology",1,2025-01-30,https://legiscan.com/ME/bill/LD307/2025
ME,1948319,,An Act to Update the Laws Governing the Administration of the Animal Welfare Advisory Council,An Act to Update the Laws Governing the Administration of the Animal Welfare Advisory Council,4,2025-03-20,https://legiscan.com/ME/bill/LD308/2025
ME,1949129,,An Act to Allow a Political Party to Determine How That Party's Nominee Is Selected in a Primary Election,An Act to Allow a Political Party to Determine How That Party's Nominee Is Selected in a Primary Election,6,2025-05-29,https://legiscan.com/ME/bill/LD309/2025
ME,1948837,,"Resolve, Regarding Legislative Review of Portions of Chapter 100: Enforcement Procedures, a Major Substantive Rule of the Maine Health Data Organization","Resolve, Regarding Legislative Review of Portions of Chapter 100: Enforcement Procedures, a Major Substantive Rule of the Maine Health Data Organization",4,2025-03-20,https://legiscan.com/ME/bill/LD310/2025
ME,1948464,,An Act to Improve Efficiency of Meat and Poultry Processing Facilities by Requiring the Designation of State Inspectors as Essential,An Act to Improve Efficiency of Meat and Poultry Processing Facilities by Requiring the Designation of State Inspectors as Essential,3,2025-04-17,https://legiscan.com/ME/bill/LD311/2025
ME,1948519,,An Act Regarding the Rates of Speed at Which School Buses Travel,An Act Regarding the Rates of Speed at Which School Buses Travel,4,2025-06-02,https://legiscan.com/ME/bill/LD312/2025
ME,1949053,,An Act to Improve Voter Confidence in Electronic Ballot Counting by Requiring Ballots to Contain Unique Identifiers,An Act to Improve Voter Confidence in Electronic Ballot Counting by Requiring Ballots to Contain Unique Identifiers,6,2025-03-18,https://legiscan.com/ME/bill/LD313/2025
ME,1948865,,An Act to Establish Consumer Protections Regarding Small Dollar Loans,An Act to Establish Consumer Protections Regarding Small Dollar Loans,6,2025-03-27,https://legiscan.com/ME/bill/LD314/2025
ME,1948407,,An Act to Add a Personal Finance Course to the State Graduation Requirements in High Schools,An Act to Add a Personal Finance Course to the State Graduation Requirements in High Schools,6,2025-04-15,https://legiscan.com/ME/bill/LD315/2025
ME,1948881,,"RESOLUTION, Proposing an Amendment to the Constitution of Maine to Create Equity in State Senate Representation","RESOLUTION, Proposing an Amendment to the Constitution of Maine to Create Equity in State Senate Representation",6,2025-06-09,https://legiscan.com/ME/bill/LD316/2025
ME,1948539,,An Act to Enact the Safe Cosmetics Act,An Act to Enact the Safe Cosmetics Act,3,2025-05-21,https://legiscan.com/ME/bill/LD317/2025
ME,1948501,,"Resolve, Directing the Maine Education Policy Research Institute and the Department of Education to Recommend Changes to the Essential Programs and Services Funding Formula","Resolve, Directing the Maine Education Policy Research Institute and the Department of Education to Recommend Changes to the Essential Programs and Services Funding Formula",4,2025-06-12,https://legiscan.com/ME/bill/LD318/2025
ME,1948607,,An Act to Allow Residential Housing on Church Property Located in Commercial Zones,An Act to Allow Residential Housing on Church Property Located in Commercial Zones,6,2025-05-27,https://legiscan.com/ME/bill/LD319/2025
ME,1948828,,An Act to Repeal Certain Motor Vehicle Inspection Requirements,An Act to Repeal Certain Motor Vehicle Inspection Requirements,6,2025-05-14,https://legiscan.com/ME/bill/LD320/2025
ME,1948713,,An Act to Make May Progressive Supranuclear Palsy Month,An Act to Make May Progressive Supranuclear Palsy Month,4,2025-05-07,https://legiscan.com/ME/bill/LD321/2025
ME,1948289,,An Act to Promote Student Attendance in Schools by Requiring the Commissioner of Education to Implement School Attendance Best Practices,An Act to Promote Student Attendance in Schools by Requiring the Commissioner of Education to Implement School Attendance Best Practices,6,2025-05-13,https://legiscan.com/ME/bill/LD322/2025
ME,1948807,,An Act to Fund Staff Support for the State Board of Education,An Act to Fund Staff Support for the State Board of Education,3,2025-05-27,https://legiscan.com/ME/bill/LD323/2025
ME,1948417,,An Act Regarding Funding for Educational Programs and Opportunities,An Act Regarding Funding for Educational Programs and Opportunities,4,2025-06-25,https://legiscan.com/ME/bill/LD324/2025
ME,1948728,,An Act Related to the Disbursement of Revenue Generated from the Harvesting of River Herring,An Act Related to the Disbursement of Revenue Generated from the Harvesting of River Herring,6,2025-03-20,https://legiscan.com/ME/bill/LD325/2025
ME,1948659,,An Act to Increase the Property Tax Exemption Provided to Individuals Who Are Legally Blind,An Act to Increase the Property Tax Exemption Provided to Individuals Who Are Legally Blind,3,2025-06-09,https://legiscan.com/ME/bill/LD326/2025
ME,1948778,,An Act to Provide Additional Funding to Support In-home Personal Support Services for Qualified Senior Citizens,An Act to Provide Additional Funding to Support In-home Personal Support Services for Qualified Senior Citizens,6,2025-03-27,https://legiscan.com/ME/bill/LD327/2025
ME,1948357,,An Act Requiring the State to Pay a Retired State Employee's or Retired Teacher's Premium for Medicare Part B Under Medicare Advantage,An Act Requiring the State to Pay a Retired State Employee's or Retired Teacher's Premium for Medicare Part B Under Medicare Advantage,3,2025-05-13,https://legiscan.com/ME/bill/LD328/2025
ME,1948348,,An Act to Increase the Fine for Passing a Stopped School Bus,An Act to Increase the Fine for Passing a Stopped School Bus,6,2025-05-20,https://legiscan.com/ME/bill/LD329/2025
ME,1949020,,"Resolve, to Create an Advisory Council to Oversee the Review and Technical Revision of the Maine Criminal Code and Other Statutes Establishing Criminal Offenses","Resolve, to Create an Advisory Council to Oversee the Review and Technical Revision of the Maine Criminal Code and Other Statutes Establishing Criminal Offenses",6,2025-04-15,https://legiscan.com/ME/bill/LD330/2025
ME,1949005,,"Resolve, Directing the Department of Health and Human Services to Ensure Timely Reimbursement Under MaineCare Regarding Hospital Cost Reports","Resolve, Directing the Department of Health and Human Services to Ensure Timely Reimbursement Under MaineCare Regarding Hospital Cost Reports",2,2025-06-02,https://legiscan.com/ME/bill/LD331/2025
ME,1948615,,An Act to Establish Mandatory Minimum Sentences for Gross Sexual Assaults Against Children and Aggravated Sex Trafficking of Children,An Act to Establish Mandatory Minimum Sentences for Gross Sexual Assaults Against Children and Aggravated Sex Trafficking of Children,6,2025-06-05,https://legiscan.com/ME/bill/LD332/2025
ME,1949015,,An Act Regarding County Jails,An Act Regarding County Jails,6,2025-05-20,https://legiscan.com/ME/bill/LD333/2025
ME,1948494,,An Act Regarding County Jail Funding,An Act Regarding County Jail Funding,6,2025-05-20,https://legiscan.com/ME/bill/LD334/2025
ME,1948767,,An Act to Safeguard Reproductive Rights,An Act to Safeguard Reproductive Rights,1,2025-01-30,https://legiscan.com/ME/bill/LD335/2025
ME,1948559,,An Act to Change the Waiting List System for Commercial Lobster and Crab Fishing Licenses,An Act to Change the Waiting List System for Commercial Lobster and Crab Fishing Licenses,6,2025-03-20,https://legiscan.com/ME/bill/LD336/2025
ME,1949081,,"An Act to Repeal the Sunday Amateur Sports Law, the Law Allowing Municipalities to Permit the Operation of Movie Theaters on Sundays and the Law Imposing a Fine or Imprisonment for Playing Games and Sports with Admission Charges on Memorial Day","An Act to Repeal the Sunday Amateur Sports Law, the Law Allowing Municipalities to Permit the Operation of Movie Theaters on Sundays and the Law Imposing a Fine or Imprisonment for Playing Games and Sports with Admission Charges on Memorial Day",4,2025-04-23,https://legiscan.com/ME/bill/LD337/2025
ME,1949096,,An Act to Increase the Size and Balance of Jury Pools,An Act to Increase the Size and Balance of Jury Pools,4,2025-06-25,https://legiscan.com/ME/bill/LD338/2025
ME,1948513,,"Resolve, to Provide Funds to the Maine Indian Education School District to Develop a Wabanaki-centered Curriculum","Resolve, to Provide Funds to the Maine Indian Education School District to Develop a Wabanaki-centered Curriculum",6,2025-06-04,https://legiscan.com/ME/bill/LD339/2025
ME,1948371,,An Act Regarding Speedy Trials,An Act Regarding Speedy Trials,3,2025-06-13,https://legiscan.com/ME/bill/LD340/2025
ME,1948688,,"An Act to Amend the Definition of ""Oversized ATV"" to Increase the Minimum Weight Requirement","An Act to Amend the Definition of ""Oversized ATV"" to Increase the Minimum Weight Requirement",6,2025-05-27,https://legiscan.com/ME/bill/LD341/2025
ME,1948621,,An Act to Include Nuclear Power in the State's Renewable Portfolio Standard,An Act to Include Nuclear Power in the State's Renewable Portfolio Standard,6,2025-05-29,https://legiscan.com/ME/bill/LD342/2025
ME,1948887,,An Act to Incorporate the Assessment of Emerging Energy Technologies into the Comprehensive State Energy Plan,An Act to Incorporate the Assessment of Emerging Energy Technologies into the Comprehensive State Energy Plan,4,2026-03-03,https://legiscan.com/ME/bill/LD343/2025
ME,1949065,,An Act to Repeal the Law Establishing the Maine Retirement Savings Board,An Act to Repeal the Law Establishing the Maine Retirement Savings Board,6,2025-06-09,https://legiscan.com/ME/bill/LD344/2025
ME,1948472,,"Resolve, to Rename a Bridge in the Town of Roque Bluffs the Hope Bridge","Resolve, to Rename a Bridge in the Town of Roque Bluffs the Hope Bridge",4,2025-03-20,https://legiscan.com/ME/bill/LD345/2025
ME,1948631,,An Act to Help Child Care Providers by Requiring Recipients of Benefits to Pay the Difference Between the Amount Reimbursed and the Amount Charged,An Act to Help Child Care Providers by Requiring Recipients of Benefits to Pay the Difference Between the Amount Reimbursed and the Amount Charged,6,2025-02-11,https://legiscan.com/ME/bill/LD346/2025
ME,1948943,,An Act to Provide Qualifying Municipalities a Percentage of Adult Use Cannabis Sales Tax and Excise Tax Revenue,An Act to Provide Qualifying Municipalities a Percentage of Adult Use Cannabis Sales Tax and Excise Tax Revenue,6,2025-05-13,https://legiscan.com/ME/bill/LD347/2025
ME,1948595,,"Resolve, to Study the Effect of High-intensity Headlights on Drivers","Resolve, to Study the Effect of High-intensity Headlights on Drivers",6,2025-04-10,https://legiscan.com/ME/bill/LD348/2025
ME,1948794,,An Act to Repeal the Laws That Allow Same-day Voter Registration,An Act to Repeal the Laws That Allow Same-day Voter Registration,6,2025-05-21,https://legiscan.com/ME/bill/LD349/2025
ME,1951557,,An Act to Require a Voter to Show Photographic Identification,An Act to Require a Voter to Show Photographic Identification,6,2025-05-14,https://legiscan.com/ME/bill/LD397/2025
ME,1951418,,"An Act to Amend the Definition of ""Transient Occupancy"" in the Laws Governing the Maine Land Use Planning Commission","An Act to Amend the Definition of ""Transient Occupancy"" in the Laws Governing the Maine Land Use Planning Commission",4,2025-05-06,https://legiscan.com/ME/bill/LD398/2025
ME,1951423,,An Act to Amend the Laws Regarding the Retention of Proceeds from Municipal Foreclosures,An Act to Amend the Laws Regarding the Retention of Proceeds from Municipal Foreclosures,6,2025-04-01,https://legiscan.com/ME/bill/LD399/2025
ME,1951757,,"Resolve, Directing the Department of Public Safety, Office of the State Fire Marshal to Compile a Statewide Inventory of Aqueous Film-forming Foam Concentrate","Resolve, Directing the Department of Public Safety, Office of the State Fire Marshal to Compile a Statewide Inventory of Aqueous Film-forming Foam Concentrate",4,2025-06-25,https://legiscan.com/ME/bill/LD400/2025
ME,1951603,,An Act to Support Removal of Overboard Discharge Systems,An Act to Support Removal of Overboard Discharge Systems,4,2025-04-23,https://legiscan.com/ME/bill/LD401/2025
ME,1951623,,"An Act to Move the Natural Areas Program from the Department of Agriculture, Conservation and Forestry to the Department of Inland Fisheries and Wildlife and to Amend the Law Governing Administration of the Bureau of Resource Management Within the Department of Inland Fisheries and Wildlife","An Act to Move the Natural Areas Program from the Department of Agriculture, Conservation and Forestry to the Department of Inland Fisheries and Wildlife and to Amend the Law Governing Administration of the Bureau of Resource Management Within the Department of Inland Fisheries and Wildlife",6,2025-06-04,https://legiscan.com/ME/bill/LD402/2025
ME,1951510,,An Act to Protect Holders of Distressed Mortgages from Fraud,An Act to Protect Holders of Distressed Mortgages from Fraud,4,2025-06-10,https://legiscan.com/ME/bill/LD403/2025
ME,1951572,,An Act Regarding the Confidentiality of Certain Lottery Winner Identities,An Act Regarding the Confidentiality of Certain Lottery Winner Identities,4,2025-05-14,https://legiscan.com/ME/bill/LD404/2025
ME,1951711,,An Act to Require Reporting on the Uses of Prisoner Segregation,An Act to Require Reporting on the Uses of Prisoner Segregation,4,2025-06-05,https://legiscan.com/ME/bill/LD405/2025
ME,1951440,,An Act to Repeal the Laws Providing for Paid Family and Medical Leave and to Reimburse Taxpayers,An Act to Repeal the Laws Providing for Paid Family and Medical Leave and to Reimburse Taxpayers,6,2025-06-03,https://legiscan.com/ME/bill/LD406/2025
ME,1951479,,"Resolve, to Ensure the Removal of Aqueous Film-forming Foam from the Former Brunswick Naval Air Station","Resolve, to Ensure the Removal of Aqueous Film-forming Foam from the Former Brunswick Naval Air Station",4,2025-05-21,https://legiscan.com/ME/bill/LD407/2025
ME,1951466,,An Act to Allow Unaccompanied and Emancipated Minors to Access Their Vital Records At No Cost,An Act to Allow Unaccompanied and Emancipated Minors to Access Their Vital Records At No Cost,4,2025-06-02,https://legiscan.com/ME/bill/LD408/2025
ME,1951468,,An Act to Enhance the Mobility of Licensed Massage Therapists Across State Lines,An Act to Enhance the Mobility of Licensed Massage Therapists Across State Lines,6,2025-03-20,https://legiscan.com/ME/bill/LD409/2025
ME,1951506,,An Act to Require Parental Consent to Withhold Life-sustaining Measures for a Minor or to Comply with a Do-not-resuscitate Order for a Minor,An Act to Require Parental Consent to Withhold Life-sustaining Measures for a Minor or to Comply with a Do-not-resuscitate Order for a Minor,6,2025-03-20,https://legiscan.com/ME/bill/LD410/2025
ME,1951768,,"Resolve, Directing the Attorney General to Update Rules Relating to the Disposition of Forfeited Firearms","Resolve, Directing the Attorney General to Update Rules Relating to the Disposition of Forfeited Firearms",4,2025-06-13,https://legiscan.com/ME/bill/LD411/2025
ME,1951668,,An Act to Prohibit the Sale of Self-administered Sexual Assault Forensic Evidence Collection Kits,An Act to Prohibit the Sale of Self-administered Sexual Assault Forensic Evidence Collection Kits,4,2025-05-27,https://legiscan.com/ME/bill/LD412/2025
ME,1951533,,An Act Regarding Disclosure by Sellers of Residential Real Property of Notices of Shoreland Zoning Ordinance Violations,An Act Regarding Disclosure by Sellers of Residential Real Property of Notices of Shoreland Zoning Ordinance Violations,4,2025-04-30,https://legiscan.com/ME/bill/LD413/2025
ME,1951713,,An Act to Prohibit Deceptive Pricing in the Rental of Short-term Lodging and in the Sale of Tickets,An Act to Prohibit Deceptive Pricing in the Rental of Short-term Lodging and in the Sale of Tickets,4,2025-06-02,https://legiscan.com/ME/bill/LD414/2025
ME,1951700,,An Act to Support Hunger Prevention in Maine,An Act to Support Hunger Prevention in Maine,3,2025-04-15,https://legiscan.com/ME/bill/LD415/2025
ME,1951576,,An Act to Enact the Dietitian Licensure Compact,An Act to Enact the Dietitian Licensure Compact,6,2025-03-20,https://legiscan.com/ME/bill/LD416/2025
ME,1951579,,"An Act Regarding the Confidentiality of Certain Records Belonging to the Department of Agriculture, Conservation and Forestry Related to the Bureau of Forestry","An Act Regarding the Confidentiality of Certain Records Belonging to the Department of Agriculture, Conservation and Forestry Related to the Bureau of Forestry",6,2025-05-14,https://legiscan.com/ME/bill/LD417/2025
ME,1951629,,An Act to Remand Individuals with Pending State Probation Violations to the Department of Corrections Following Initial Proceedings,An Act to Remand Individuals with Pending State Probation Violations to the Department of Corrections Following Initial Proceedings,6,2025-06-05,https://legiscan.com/ME/bill/LD418/2025
ME,1951689,,An Act to Increase the Transparency and Accountability of the Maine Information and Analysis Center,An Act to Increase the Transparency and Accountability of the Maine Information and Analysis Center,3,2025-06-11,https://legiscan.com/ME/bill/LD419/2025
ME,1951598,,An Act to Fund the Carleton Project to Provide Additional Access to a Nontraditional Secondary School,An Act to Fund the Carleton Project to Provide Additional Access to a Nontraditional Secondary School,6,2025-05-21,https://legiscan.com/ME/bill/LD420/2025
ME,1951721,,An Act to Eliminate Barriers to Reentry into the Community After Incarceration by Repealing Certain Driver's License Suspension Provisions,An Act to Eliminate Barriers to Reentry into the Community After Incarceration by Repealing Certain Driver's License Suspension Provisions,6,2025-05-22,https://legiscan.com/ME/bill/LD421/2025
ME,1951770,,An Act to Require the State to Obtain Municipal Approval Before Placing Noncitizens in the Municipality,An Act to Require the State to Obtain Municipal Approval Before Placing Noncitizens in the Municipality,6,2025-05-14,https://legiscan.com/ME/bill/LD422/2025
ME,1951488,,An Act Regarding Technical Violations,An Act Regarding Technical Violations,6,2025-05-20,https://legiscan.com/ME/bill/LD423/2025
ME,1951747,,An Act Concerning the Concealed Carrying of a Handgun by an Individual Who Is 18 Years of Age but Under 21 Years of Age,An Act Concerning the Concealed Carrying of a Handgun by an Individual Who Is 18 Years of Age but Under 21 Years of Age,6,2025-06-12,https://legiscan.com/ME/bill/LD424/2025
ME,1951434,,An Act to Establish a Conviction Integrity Unit in the Attorney General's Office,An Act to Establish a Conviction Integrity Unit in the Attorney General's Office,6,2025-05-28,https://legiscan.com/ME/bill/LD425/2025
ME,1951606,,An Act to Protect the Human Rights of Individuals in the State,An Act to Protect the Human Rights of Individuals in the State,1,2025-02-04,https://legiscan.com/ME/bill/LD426/2025
ME,1951583,,An Act to Regulate Municipal Parking Space Minimums,An Act to Regulate Municipal Parking Space Minimums,4,2025-06-16,https://legiscan.com/ME/bill/LD427/2025
ME,1951522,,An Act Regarding the State Forensic Service,An Act Regarding the State Forensic Service,6,2025-06-12,https://legiscan.com/ME/bill/LD428/2025
ME,1951664,,An Act to Track Certain Information Regarding and Seek Federal Reimbursement for Medical Care Provided to Asylum Seekers,An Act to Track Certain Information Regarding and Seek Federal Reimbursement for Medical Care Provided to Asylum Seekers,6,2025-05-20,https://legiscan.com/ME/bill/LD429/2025
ME,1951616,,An Act to Impose Moratoria on Hydropower Dam Removal and on Water Release from Nonhydropower Dams and to Make Other Changes to the Laws Regulating Such Dams,An Act to Impose Moratoria on Hydropower Dam Removal and on Water Release from Nonhydropower Dams and to Make Other Changes to the Laws Regulating Such Dams,6,2025-04-24,https://legiscan.com/ME/bill/LD430/2025
ME,1951536,,An Act Regarding Driver's Licenses for Individuals in Foster Care,An Act Regarding Driver's Licenses for Individuals in Foster Care,6,2025-04-29,https://legiscan.com/ME/bill/LD431/2025
ME,1951724,,"RESOLUTION, Proposing an Amendment to the Constitution of Maine to Allow Municipalities to Apportion Real and Personal Property Taxes on the Basis of Property Classification","RESOLUTION, Proposing an Amendment to the Constitution of Maine to Allow Municipalities to Apportion Real and Personal Property Taxes on the Basis of Property Classification",6,2025-05-21,https://legiscan.com/ME/bill/LD432/2025
ME,1951609,,An Act Relating to Requirements for School Bus Drivers,An Act Relating to Requirements for School Bus Drivers,6,2025-05-20,https://legiscan.com/ME/bill/LD433/2025
ME,1951455,,An Act to Authorize the Maine Governmental Facilities Authority to Issue Additional Securities for the Replacement of the Legislative Management System for the Senate and the House of Representatives,An Act to Authorize the Maine Governmental Facilities Authority to Issue Additional Securities for the Replacement of the Legislative Management System for the Senate and the House of Representatives,4,2025-06-25,https://legiscan.com/ME/bill/LD434/2025
ME,1951745,,An Act to Expand the Historic Property Rehabilitation Tax Credit,An Act to Expand the Historic Property Rehabilitation Tax Credit,3,2025-06-17,https://legiscan.com/ME/bill/LD435/2025
ME,1951620,,An Act to Prohibit State Agencies from Promoting the COVID-19 Vaccination to Children,An Act to Prohibit State Agencies from Promoting the COVID-19 Vaccination to Children,6,2025-04-15,https://legiscan.com/ME/bill/LD436/2025
ME,1951544,,An Act Directing the Department of Education to Develop Pilot Programs to Place Child Care Facilities in Selected School Administrative Units,An Act Directing the Department of Education to Develop Pilot Programs to Place Child Care Facilities in Selected School Administrative Units,3,2025-06-04,https://legiscan.com/ME/bill/LD437/2025
ME,1951425,,An Act to Allow Municipalities to Limit Nonprofit Property Tax Exemptions,An Act to Allow Municipalities to Limit Nonprofit Property Tax Exemptions,6,2026-01-20,https://legiscan.com/ME/bill/LD438/2025
ME,1951706,,An Act to Preserve Maine's Sporting Heritage and Enhance Sporting Opportunities for Maine's Youth by Allowing Maine's Youth to Hunt on Sunday,An Act to Preserve Maine's Sporting Heritage and Enhance Sporting Opportunities for Maine's Youth by Allowing Maine's Youth to Hunt on Sunday,6,2025-06-02,https://legiscan.com/ME/bill/LD439/2025
ME,1951660,,"Resolve, to Study the Economic Effects of Instituting a Seasonal Sales Tax","Resolve, to Study the Economic Effects of Instituting a Seasonal Sales Tax",6,2025-03-20,https://legiscan.com/ME/bill/LD440/2025
ME,1951638,,An Act to Allow the Investment of Money Deposited with the Treasurer of State for the Maine Deer Management Fund,An Act to Allow the Investment of Money Deposited with the Treasurer of State for the Maine Deer Management Fund,3,2025-06-05,https://legiscan.com/ME/bill/LD441/2025
ME,1951415,,An Act to Amend the Automotive Repair Statute,An Act to Amend the Automotive Repair Statute,6,2025-06-18,https://legiscan.com/ME/bill/LD442/2025
ME,1951430,,An Act to Exempt Gold and Silver Coins and Bullion from the State Sales and Use Tax,An Act to Exempt Gold and Silver Coins and Bullion from the State Sales and Use Tax,6,2025-03-04,https://legiscan.com/ME/bill/LD443/2025
ME,1951727,,An Act to Lower Energy Costs by Repealing the Law Setting Out the State's Goals for Consumption of Electricity from Renewable Resources,An Act to Lower Energy Costs by Repealing the Law Setting Out the State's Goals for Consumption of Electricity from Renewable Resources,6,2025-03-27,https://legiscan.com/ME/bill/LD444/2025
ME,1951739,,An Act to Stimulate Housing Production by Increasing the Threshold Before Participation in the Maine Uniform Building and Energy Code Is Mandatory,An Act to Stimulate Housing Production by Increasing the Threshold Before Participation in the Maine Uniform Building and Energy Code Is Mandatory,6,2025-03-20,https://legiscan.com/ME/bill/LD445/2025
ME,1951515,,An Act Regarding Driver Education,An Act Regarding Driver Education,6,2026-01-20,https://legiscan.com/ME/bill/LD446/2025
ME,1951565,,An Act to Amend the Law Governing Ferry Service to Matinicus Isle,An Act to Amend the Law Governing Ferry Service to Matinicus Isle,4,2025-06-03,https://legiscan.com/ME/bill/LD447/2025
ME,1951687,,An Act Regarding the Establishment of Fees and Fee Caps for Dental Provider Licensing and Permits,An Act Regarding the Establishment of Fees and Fee Caps for Dental Provider Licensing and Permits,4,2025-05-14,https://legiscan.com/ME/bill/LD448/2025
ME,1951678,,An Act to Authorize a Court to Conditionally Discharge Certain Criminal Defendants,An Act to Authorize a Court to Conditionally Discharge Certain Criminal Defendants,6,2026-01-20,https://legiscan.com/ME/bill/LD449/2025
ME,1951445,,An Act to Lower Electricity Costs by Repealing the Laws Governing Net Energy Billing,An Act to Lower Electricity Costs by Repealing the Laws Governing Net Energy Billing,6,2025-04-22,https://legiscan.com/ME/bill/LD450/2025
ME,1951754,,An Act to Require Testing of Solar and Wind Energy Developments for Perfluoroalkyl and Polyfluoroalkyl Substances Contamination,An Act to Require Testing of Solar and Wind Energy Developments for Perfluoroalkyl and Polyfluoroalkyl Substances Contamination,6,2025-05-20,https://legiscan.com/ME/bill/LD451/2025
ME,1959986,,An Act to Enhance Public Safety in Rural Counties by Providing State Police Patrol and Policing Services,An Act to Enhance Public Safety in Rural Counties by Providing State Police Patrol and Policing Services,3,2025-05-06,https://legiscan.com/ME/bill/LD477/2025
ME,1959349,,An Act to Reduce Maximum Speeds on Roads Close to Residences,An Act to Reduce Maximum Speeds on Roads Close to Residences,6,2025-04-01,https://legiscan.com/ME/bill/LD478/2025
ME,1959707,,An Act to Facilitate Expansion of the State's Recycling Efforts Under the Beverage Container Redemption Program,An Act to Facilitate Expansion of the State's Recycling Efforts Under the Beverage Container Redemption Program,6,2025-04-01,https://legiscan.com/ME/bill/LD479/2025
ME,1959545,,An Act to Support Healthy Weight by Providing MaineCare Coverage for Certain Weight Loss Medications,An Act to Support Healthy Weight by Providing MaineCare Coverage for Certain Weight Loss Medications,6,2025-03-20,https://legiscan.com/ME/bill/LD480/2025
ME,1959668,,An Act to Allow a Water District Created by Special Act of the Legislature to Borrow Money and Issue a Warrant Prior to a Default,An Act to Allow a Water District Created by Special Act of the Legislature to Borrow Money and Issue a Warrant Prior to a Default,4,2025-04-08,https://legiscan.com/ME/bill/LD481/2025
ME,1959864,,An Act to Expand Educational Opportunities and Broaden Educational Services for Students Enrolled in Equivalent Instruction Programs,An Act to Expand Educational Opportunities and Broaden Educational Services for Students Enrolled in Equivalent Instruction Programs,6,2025-05-27,https://legiscan.com/ME/bill/LD482/2025
ME,1960144,,An Act to Authorize a General Fund Bond Issue to Secure Prosperity for Maine Families and Businesses,An Act to Authorize a General Fund Bond Issue to Secure Prosperity for Maine Families and Businesses,1,2025-02-06,https://legiscan.com/ME/bill/LD483/2025
ME,1959269,,An Act Regarding the Department of Public Safety,An Act Regarding the Department of Public Safety,1,2025-02-06,https://legiscan.com/ME/bill/LD484/2025
ME,1959505,,An Act Regarding Criminal Justice,An Act Regarding Criminal Justice,1,2025-02-06,https://legiscan.com/ME/bill/LD485/2025
ME,1959629,,An Act to Remove the Duty of an Individual Exercising Self-defense to Safely Retreat or Abstain from Performing Certain Acts upon Demand,An Act to Remove the Duty of an Individual Exercising Self-defense to Safely Retreat or Abstain from Performing Certain Acts upon Demand,6,2025-05-20,https://legiscan.com/ME/bill/LD486/2025
ME,1959826,,"Resolve, Directing the Northern New England Passenger Rail Authority to Apply for Federal Funding for the Purpose of Identifying the Rail Corridor Connecting Portland to Orono as an Intercity Passenger Rail Corridor","Resolve, Directing the Northern New England Passenger Rail Authority to Apply for Federal Funding for the Purpose of Identifying the Rail Corridor Connecting Portland to Orono as an Intercity Passenger Rail Corridor",6,2025-05-29,https://legiscan.com/ME/bill/LD487/2025
ME,1959469,,An Act to Protect Coastal Property by Allowing Property Owners to Protect Their Existing Dwellings,An Act to Protect Coastal Property by Allowing Property Owners to Protect Their Existing Dwellings,6,2025-04-10,https://legiscan.com/ME/bill/LD488/2025
ME,1960026,,An Act to Provide for a Vessel Breakdown License Exception for Commercial Halibut Fishing License Holders,An Act to Provide for a Vessel Breakdown License Exception for Commercial Halibut Fishing License Holders,4,2025-05-07,https://legiscan.com/ME/bill/LD489/2025
ME,1960103,,An Act to Provide for a 5-year Automatic Repeal of Agency Rules,An Act to Provide for a 5-year Automatic Repeal of Agency Rules,6,2025-06-02,https://legiscan.com/ME/bill/LD490/2025
ME,1960261,,"Resolve, Requiring the Director of the Bureau of Parks and Lands to Convey Certain Real Property in the Town of Richmond","Resolve, Requiring the Director of the Bureau of Parks and Lands to Convey Certain Real Property in the Town of Richmond",4,2025-04-30,https://legiscan.com/ME/bill/LD491/2025
ME,1959784,,"RESOLUTION, Proposing an Amendment to the Constitution of Maine to Provide for Parental Rights","RESOLUTION, Proposing an Amendment to the Constitution of Maine to Provide for Parental Rights",6,2025-05-20,https://legiscan.com/ME/bill/LD492/2025
ME,1960183,,An Act to Expand Testing for Perfluoroalkyl and Polyfluoroalkyl Substances to Private Drinking Water Wells,An Act to Expand Testing for Perfluoroalkyl and Polyfluoroalkyl Substances to Private Drinking Water Wells,3,2025-05-29,https://legiscan.com/ME/bill/LD493/2025
ME,1960063,,An Act to Update and Clarify Certain Provisions of State Liquor and Lottery Laws,An Act to Update and Clarify Certain Provisions of State Liquor and Lottery Laws,4,2025-06-03,https://legiscan.com/ME/bill/LD494/2025
ME,1959387,,An Act to Require Rules Designed to Reduce Climate Change to Include Estimates of the Reduction in Adverse Climate Effects and of the Cost to Consumers,An Act to Require Rules Designed to Reduce Climate Change to Include Estimates of the Reduction in Adverse Climate Effects and of the Cost to Consumers,6,2025-04-10,https://legiscan.com/ME/bill/LD495/2025
ME,1959590,,An Act Regarding the Issuance of Silver Alerts,An Act Regarding the Issuance of Silver Alerts,3,2025-06-02,https://legiscan.com/ME/bill/LD496/2025
ME,1959748,,An Act Regarding the Regulation of Significant Vernal Pools Under the Natural Resources Protection Act,An Act Regarding the Regulation of Significant Vernal Pools Under the Natural Resources Protection Act,4,2025-06-11,https://legiscan.com/ME/bill/LD497/2025
ME,1959949,,"Resolve, to Improve Standards for Animal Rescue Entities","Resolve, to Improve Standards for Animal Rescue Entities",6,2025-03-20,https://legiscan.com/ME/bill/LD498/2025
ME,1960221,,An Act to Prohibit Geoengineering,An Act to Prohibit Geoengineering,6,2025-04-30,https://legiscan.com/ME/bill/LD499/2025
ME,1959428,,An Act to Ensure Access to Safe Drinking Water from Household Wells in Rural Areas by Expanding Testing,An Act to Ensure Access to Safe Drinking Water from Household Wells in Rural Areas by Expanding Testing,3,2025-05-29,https://legiscan.com/ME/bill/LD500/2025
ME,1959902,,An Act to Fairly Fund School Administrative Units for Economically Disadvantaged Students,An Act to Fairly Fund School Administrative Units for Economically Disadvantaged Students,6,2025-05-21,https://legiscan.com/ME/bill/LD501/2025
ME,1959309,,An Act to Promote Clean and Affordable Maine-sourced Bioenergy by Amending the Law Regarding Outdoor Wood Boilers and Outdoor Pellet Boilers,An Act to Promote Clean and Affordable Maine-sourced Bioenergy by Amending the Law Regarding Outdoor Wood Boilers and Outdoor Pellet Boilers,6,2025-04-29,https://legiscan.com/ME/bill/LD502/2025
ME,1961565,,An Act to Reverse Recent Changes Made to the Law Governing Net Energy Billing and Distributed Generation,An Act to Reverse Recent Changes Made to the Law Governing Net Energy Billing and Distributed Generation,6,2025-06-16,https://legiscan.com/ME/bill/LD515/2025
ME,1961726,,"Resolve, to Name the Bridge Between Milford and Old Town the Alton L. Drinkwater Memorial Bridge","Resolve, to Name the Bridge Between Milford and Old Town the Alton L. Drinkwater Memorial Bridge",4,2025-03-20,https://legiscan.com/ME/bill/LD516/2025
ME,1961463,,An Act Regarding Synthetic Media in Campaign Advertising,An Act Regarding Synthetic Media in Campaign Advertising,4,2026-03-19,https://legiscan.com/ME/bill/LD517/2025
ME,1961778,,"Resolve, Increasing Access to Maternal and Child Health Care","Resolve, Increasing Access to Maternal and Child Health Care",6,2025-03-27,https://legiscan.com/ME/bill/LD518/2025
ME,1961514,,An Act to Remove the Requirement That Individual and Small Group Health Plans Be Offered Through a Pooled Market and to Eliminate the Provision of Law Establishing a Pooled Market for Those Plans,An Act to Remove the Requirement That Individual and Small Group Health Plans Be Offered Through a Pooled Market and to Eliminate the Provision of Law Establishing a Pooled Market for Those Plans,1,2025-02-07,https://legiscan.com/ME/bill/LD519/2025
ME,1961672,,An Act to Ensure Choices in Health Insurance Markets by Modifying the Provisions of Law Governing Clear Choice Design Health Plans,An Act to Ensure Choices in Health Insurance Markets by Modifying the Provisions of Law Governing Clear Choice Design Health Plans,6,2025-03-20,https://legiscan.com/ME/bill/LD520/2025
ME,1963401,,"An Act to Prohibit Discrimination in Housing Based on Source of Income, Veteran Status or Military Status","An Act to Prohibit Discrimination in Housing Based on Source of Income, Veteran Status or Military Status",6,2025-04-08,https://legiscan.com/ME/bill/LD521/2025
ME,1963475,,"Resolve, Directing the Permanent Commission on the Status of Women to Study the Extent of Workforce Gender Segregation in the State","Resolve, Directing the Permanent Commission on the Status of Women to Study the Extent of Workforce Gender Segregation in the State",4,2025-06-25,https://legiscan.com/ME/bill/LD522/2025
ME,1963420,,An Act to Change How the Office of the Attorney General Investigates Officer-involved Shootings,An Act to Change How the Office of the Attorney General Investigates Officer-involved Shootings,6,2025-03-11,https://legiscan.com/ME/bill/LD523/2025
ME,1963487,,An Act to Reduce Trafficking in the State,An Act to Reduce Trafficking in the State,3,2026-02-12,https://legiscan.com/ME/bill/LD524/2025
ME,1963405,,An Act to Strengthen Maine Citizens' Second Amendment Rights by Allowing the Discharge of Firearms on Private Property That Is Within 500 Feet of School Property in Certain Circumstances,An Act to Strengthen Maine Citizens' Second Amendment Rights by Allowing the Discharge of Firearms on Private Property That Is Within 500 Feet of School Property in Certain Circumstances,6,2025-06-16,https://legiscan.com/ME/bill/LD525/2025
ME,1963442,,An Act to Reduce the Time Period for Challenging the Validity of a Property Tax Lien on Commercial Real Estate,An Act to Reduce the Time Period for Challenging the Validity of a Property Tax Lien on Commercial Real Estate,4,2025-06-03,https://legiscan.com/ME/bill/LD526/2025
ME,1963427,,An Act to Establish Bail Officers to Administer the Maine Bail Code,An Act to Establish Bail Officers to Administer the Maine Bail Code,4,2025-06-17,https://legiscan.com/ME/bill/LD527/2025
ME,1963387,,An Act to Address the Rise in Rabies in Animals by Appointing Certified Rabies Vaccine Administrators,An Act to Address the Rise in Rabies in Animals by Appointing Certified Rabies Vaccine Administrators,4,2025-05-27,https://legiscan.com/ME/bill/LD528/2025
ME,1963461,,An Act to Establish the Alamoosook Lake Watershed Management District,An Act to Establish the Alamoosook Lake Watershed Management District,4,2025-06-13,https://legiscan.com/ME/bill/LD529/2025
ME,1963498,,An Act to Eliminate a Rebuttable Presumption Against the Admission of Certain Applicants to the Bar,An Act to Eliminate a Rebuttable Presumption Against the Admission of Certain Applicants to the Bar,4,2025-05-27,https://legiscan.com/ME/bill/LD530/2025
ME,1963414,,An Act to Establish the Toddy Pond Watershed Management District,An Act to Establish the Toddy Pond Watershed Management District,4,2025-06-13,https://legiscan.com/ME/bill/LD531/2025
ME,1963517,,An Act to Protect Health Care Workers by Addressing Assaults in Health Care Settings,An Act to Protect Health Care Workers by Addressing Assaults in Health Care Settings,6,2025-06-18,https://legiscan.com/ME/bill/LD532/2025
ME,1963503,,An Act to Allow Residents of the Department of Corrections to Opt In to Additional Restitution for Their Victims,An Act to Allow Residents of the Department of Corrections to Opt In to Additional Restitution for Their Victims,4,2025-06-17,https://legiscan.com/ME/bill/LD533/2025
ME,1963393,,An Act to Clarify the Rights of Crime Victims and Witnesses Regarding Professional Investigator Communications,An Act to Clarify the Rights of Crime Victims and Witnesses Regarding Professional Investigator Communications,3,2025-06-16,https://legiscan.com/ME/bill/LD534/2025
ME,1963454,,An Act to Authorize Judicial Disposition of a Juvenile Adjudicated of Murder or a Class A Crime to a Term of Commitment Extending Beyond the Juvenile's 21st Birthday,An Act to Authorize Judicial Disposition of a Juvenile Adjudicated of Murder or a Class A Crime to a Term of Commitment Extending Beyond the Juvenile's 21st Birthday,6,2025-05-06,https://legiscan.com/ME/bill/LD535/2025
ME,1963445,,An Act to Establish Net Neutrality,An Act to Establish Net Neutrality,4,2025-06-09,https://legiscan.com/ME/bill/LD536/2025
ME,1963537,,An Act to Prohibit the Doxing of a Minor and to Authorize a Related Civil Action,An Act to Prohibit the Doxing of a Minor and to Authorize a Related Civil Action,4,2025-06-11,https://legiscan.com/ME/bill/LD537/2025
ME,1963511,,"An Act to Amend Maine's Prescription Drug Labeling Law by Allowing the Removal of the Name of a Prescriber of Mifepristone, Misoprostol and Their Generic Alternatives","An Act to Amend Maine's Prescription Drug Labeling Law by Allowing the Removal of the Name of a Prescriber of Mifepristone, Misoprostol and Their Generic Alternatives",4,2025-05-27,https://legiscan.com/ME/bill/LD538/2025
ME,1963430,,An Act to Repeal the Paid Family and Medical Leave Benefits Program,An Act to Repeal the Paid Family and Medical Leave Benefits Program,6,2025-05-20,https://legiscan.com/ME/bill/LD539/2025
ME,1963496,,An Act to Identify the State's Unidentified Human Remains,An Act to Identify the State's Unidentified Human Remains,3,2025-05-28,https://legiscan.com/ME/bill/LD540/2025
ME,1963391,,An Act to Promote Awareness of the Maine Parentage Act,An Act to Promote Awareness of the Maine Parentage Act,6,2025-04-17,https://legiscan.com/ME/bill/LD541/2025
ME,1963533,,An Act Regarding Municipal Property Tax Levy Limits,An Act Regarding Municipal Property Tax Levy Limits,6,2025-05-20,https://legiscan.com/ME/bill/LD542/2025
ME,1963539,,An Act to Enhance Maine's Wildlife Conservation Efforts and Preserve Maine's Sporting Heritage by Requiring Hunter Safety Education in Schools,An Act to Enhance Maine's Wildlife Conservation Efforts and Preserve Maine's Sporting Heritage by Requiring Hunter Safety Education in Schools,6,2025-03-20,https://legiscan.com/ME/bill/LD543/2025
ME,1963398,,An Act to Create Parity in the Taxation of Medicine by Exempting Sales of Cannabis for Medical Use,An Act to Create Parity in the Taxation of Medicine by Exempting Sales of Cannabis for Medical Use,6,2025-06-04,https://legiscan.com/ME/bill/LD544/2025
ME,1963453,,An Act to Exempt a Person Making Electrical Installations in the Person's Existing Bona Fide Personal Abode from Licensing and Permitting Requirements,An Act to Exempt a Person Making Electrical Installations in the Person's Existing Bona Fide Personal Abode from Licensing and Permitting Requirements,4,2025-05-21,https://legiscan.com/ME/bill/LD545/2025
ME,1963458,,"Resolve, to Require the Preparation of Preapproved Building Types","Resolve, to Require the Preparation of Preapproved Building Types",4,2025-05-27,https://legiscan.com/ME/bill/LD546/2025
ME,1963484,,"An Act to Modify Maine Motor Vehicle Inspection Standards to Permit Exterior, Nonstructural Corrosion That Does Not Directly Affect the Passenger Compartment","An Act to Modify Maine Motor Vehicle Inspection Standards to Permit Exterior, Nonstructural Corrosion That Does Not Directly Affect the Passenger Compartment",6,2025-05-20,https://legiscan.com/ME/bill/LD547/2025
ME,1977810,,An Act to Initiate Recounts in Tied Elections,An Act to Initiate Recounts in Tied Elections,4,2025-05-22,https://legiscan.com/ME/bill/LD600/2025
ME,1977854,,An Act to Remove State-imposed Referendum Requirements Regarding Nuclear Power,An Act to Remove State-imposed Referendum Requirements Regarding Nuclear Power,6,2025-04-10,https://legiscan.com/ME/bill/LD601/2025
ME,1977904,,An Act Regarding the Notification Process for Competitive Bids,An Act Regarding the Notification Process for Competitive Bids,6,2025-04-08,https://legiscan.com/ME/bill/LD602/2025
ME,1977943,,An Act to Ensure That the Exemption of Certain Agricultural Buildings from the Maine Uniform Building and Energy Code Includes Maple Sugarhouses,An Act to Ensure That the Exemption of Certain Agricultural Buildings from the Maine Uniform Building and Energy Code Includes Maple Sugarhouses,4,2025-04-23,https://legiscan.com/ME/bill/LD603/2025
ME,1978092,,An Act to Ensure Access to Concurrent Methadone Treatment and Intensive Outpatient Programs,An Act to Ensure Access to Concurrent Methadone Treatment and Intensive Outpatient Programs,3,2025-05-22,https://legiscan.com/ME/bill/LD604/2025
ME,1978083,,An Act to Provide Solutions for Sustainable Management of Municipal Solid Waste,An Act to Provide Solutions for Sustainable Management of Municipal Solid Waste,6,2026-03-18,https://legiscan.com/ME/bill/LD605/2025
ME,1977840,,"Resolve, to Study Barriers to Financial Assistance Programs for Farmers and Food Producers","Resolve, to Study Barriers to Financial Assistance Programs for Farmers and Food Producers",4,2025-04-30,https://legiscan.com/ME/bill/LD606/2025
ME,1977984,,An Act to Require the Approval of Superintendent Agreements Regarding Transfers of Students Between School Administrative Units,An Act to Require the Approval of Superintendent Agreements Regarding Transfers of Students Between School Administrative Units,6,2025-06-02,https://legiscan.com/ME/bill/LD607/2025
ME,1978075,,An Act Making Certain Supplemental Appropriations and Allocations and Changing Certain Provisions of Law Necessary to the Proper Operations of State Government,An Act Making Certain Supplemental Appropriations and Allocations and Changing Certain Provisions of Law Necessary to the Proper Operations of State Government,1,2025-02-20,https://legiscan.com/ME/bill/LD608/2025
ME,1977804,,An Act Making Certain Appropriations and Allocations and Changing Certain Provisions of Law Necessary to the Proper Operations of State Government,An Act Making Certain Appropriations and Allocations and Changing Certain Provisions of Law Necessary to the Proper Operations of State Government,4,2025-03-20,https://legiscan.com/ME/bill/LD609/2025
ME,1978072,,"Resolve, to Designate a Portion of Route 234 in the Town of New Vineyard and the Town of Anson in Honor of Corporal Andrew L. Hutchins","Resolve, to Designate a Portion of Route 234 in the Town of New Vineyard and the Town of Anson in Honor of Corporal Andrew L. Hutchins",4,2025-06-03,https://legiscan.com/ME/bill/LD610/2025
ME,1977918,,An Act to Allow the Secretary of State to Collect Excise Taxes on Motor Vehicles Owned by Residents Who Are Unhoused,An Act to Allow the Secretary of State to Collect Excise Taxes on Motor Vehicles Owned by Residents Who Are Unhoused,4,2025-05-27,https://legiscan.com/ME/bill/LD611/2025
ME,1977830,,"An Act to Require the Department of Health and Human Services to Review Medicaid, Supplemental Nutrition Assistance Program and Electronic Benefits Transfer Card Transactions and Lottery Operations","An Act to Require the Department of Health and Human Services to Review Medicaid, Supplemental Nutrition Assistance Program and Electronic Benefits Transfer Card Transactions and Lottery Operations",6,2025-06-09,https://legiscan.com/ME/bill/LD612/2025
ME,1978065,,An Act to Amend the Maine Death with Dignity Act to Ensure Access by Qualified Patients,An Act to Amend the Maine Death with Dignity Act to Ensure Access by Qualified Patients,4,2025-06-16,https://legiscan.com/ME/bill/LD613/2025
ME,1978145,,An Act to Modify Current Property Tax Assessment Methods to Make Property Taxes Affordable for Longtime Property Owners,An Act to Modify Current Property Tax Assessment Methods to Make Property Taxes Affordable for Longtime Property Owners,6,2025-05-06,https://legiscan.com/ME/bill/LD614/2025
ME,1978114,,An Act Regarding Elections,An Act Regarding Elections,6,2026-01-27,https://legiscan.com/ME/bill/LD615/2025
ME,1977819,,An Act to Provide Funding to the Maine Semiquincentennial Commission to Commemorate the United States of America's 250th Birthday in 2026,An Act to Provide Funding to the Maine Semiquincentennial Commission to Commemorate the United States of America's 250th Birthday in 2026,3,2025-05-28,https://legiscan.com/ME/bill/LD616/2025
ME,1977788,,"Resolve, to Rename a Bridge in the Town of Waterboro the Waterboro Veterans Memorial Bridge","Resolve, to Rename a Bridge in the Town of Waterboro the Waterboro Veterans Memorial Bridge",4,2025-04-15,https://legiscan.com/ME/bill/LD617/2025
ME,1977872,,An Act to Allow Minors Under 16 Years of Age to Work Until 9 p.m. During the School Year and Until 10 p.m. During Summer Vacation,An Act to Allow Minors Under 16 Years of Age to Work Until 9 p.m. During the School Year and Until 10 p.m. During Summer Vacation,6,2025-05-14,https://legiscan.com/ME/bill/LD618/2025
ME,1977879,,An Act Related to Marine Resources and Maine's Working Waterfront,An Act Related to Marine Resources and Maine's Working Waterfront,6,2025-05-20,https://legiscan.com/ME/bill/LD619/2025
ME,1977795,,An Act to Provide Support Services for Military Members Transitioning to Civilian Life in Maine,An Act to Provide Support Services for Military Members Transitioning to Civilian Life in Maine,6,2025-06-25,https://legiscan.com/ME/bill/LD620/2025
ME,1978024,,"Resolve, to Rename a Bridge in Mattawamkeag the Mattawamkeag Veterans Memorial Bridge","Resolve, to Rename a Bridge in Mattawamkeag the Mattawamkeag Veterans Memorial Bridge",4,2025-06-03,https://legiscan.com/ME/bill/LD621/2025
ME,1978069,,An Act to Implement a Surcharge on Electric Vehicle Registration,An Act to Implement a Surcharge on Electric Vehicle Registration,6,2025-05-20,https://legiscan.com/ME/bill/LD622/2025
ME,1977952,,An Act to Enhance Support Services for Individuals with an Acquired Brain Injury,An Act to Enhance Support Services for Individuals with an Acquired Brain Injury,4,2025-06-03,https://legiscan.com/ME/bill/LD623/2025
ME,1978153,,"Resolve, to Create the Commission to Study a Legislative Internship Program","Resolve, to Create the Commission to Study a Legislative Internship Program",3,2025-05-14,https://legiscan.com/ME/bill/LD624/2025
ME,1978064,,An Act Supporting Education for the Rural Health Care Workforce,An Act Supporting Education for the Rural Health Care Workforce,6,2025-04-29,https://legiscan.com/ME/bill/LD625/2025
ME,1978016,,An Act to Explicitly Allow the Department of Corrections to Charge Room and Board to Residents Who Perform Remote Work in Detention and Correctional Facilities and to Amend the Laws Governing Rehabilitative Programs,An Act to Explicitly Allow the Department of Corrections to Charge Room and Board to Residents Who Perform Remote Work in Detention and Correctional Facilities and to Amend the Laws Governing Rehabilitative Programs,4,2025-06-03,https://legiscan.com/ME/bill/LD626/2025
ME,1977981,,An Act to Require Insurance Coverage for Glucagon-like Peptide-1 Receptor Agonist Medication,An Act to Require Insurance Coverage for Glucagon-like Peptide-1 Receptor Agonist Medication,6,2025-04-08,https://legiscan.com/ME/bill/LD627/2025
ME,1977963,,An Act Regarding Eligibility to Apply for a Department of Education Diploma,An Act Regarding Eligibility to Apply for a Department of Education Diploma,4,2025-06-02,https://legiscan.com/ME/bill/LD628/2025
ME,1977992,,An Act to Restore Matching Funding to the Maine Development Foundation,An Act to Restore Matching Funding to the Maine Development Foundation,3,2025-04-17,https://legiscan.com/ME/bill/LD629/2025
ME,1978112,,"An Act to Implement Portions of the ""Protecting Maine's Beaches for the Future: 2017 Update"" Report Regarding Beach Nourishment and Dune Restoration Projects","An Act to Implement Portions of the ""Protecting Maine's Beaches for the Future: 2017 Update"" Report Regarding Beach Nourishment and Dune Restoration Projects",6,2025-05-13,https://legiscan.com/ME/bill/LD630/2025
ME,1977905,,An Act to Allow a Home Distiller to Distill and Share Homemade Spirituous Liquor,An Act to Allow a Home Distiller to Distill and Share Homemade Spirituous Liquor,4,2025-06-02,https://legiscan.com/ME/bill/LD631/2025
ME,1978097,,An Act to Allow a Local Option Sales Tax on Short-term Lodging to Fund Affordable Housing,An Act to Allow a Local Option Sales Tax on Short-term Lodging to Fund Affordable Housing,6,2025-04-08,https://legiscan.com/ME/bill/LD632/2025
ME,1978152,,An Act Concerning the Restoration of Electricity During Emergencies for Certain Medically Vulnerable Individuals Who Rely on Electronic Medical Apparatuses,An Act Concerning the Restoration of Electricity During Emergencies for Certain Medically Vulnerable Individuals Who Rely on Electronic Medical Apparatuses,4,2025-04-17,https://legiscan.com/ME/bill/LD633/2025
ME,1977955,,"Resolve, to Establish the Commission to Study the Reduction of Unfunded and Outdated Municipal and County Mandates","Resolve, to Establish the Commission to Study the Reduction of Unfunded and Outdated Municipal and County Mandates",3,2025-05-28,https://legiscan.com/ME/bill/LD634/2025
ME,1977949,,"Resolve, to Direct the Attorney General to Drop the Lawsuit Filed Against Big Oil Companies Concerning Climate Change","Resolve, to Direct the Attorney General to Drop the Lawsuit Filed Against Big Oil Companies Concerning Climate Change",6,2025-05-21,https://legiscan.com/ME/bill/LD635/2025
ME,1977927,,An Act to Remove the Limit on Free Promotional Merchandise Bars and Restaurants May Accept from Vendors,An Act to Remove the Limit on Free Promotional Merchandise Bars and Restaurants May Accept from Vendors,6,2025-04-08,https://legiscan.com/ME/bill/LD636/2025
ME,1978027,,"Resolve, Directing the Department of Health and Human Services to Evaluate the Municipal General Assistance Program Database","Resolve, Directing the Department of Health and Human Services to Evaluate the Municipal General Assistance Program Database",6,2025-05-22,https://legiscan.com/ME/bill/LD637/2025
ME,1977837,,An Act to Create Equal Opportunity Access to Clean Energy by Removing the 100-megawatt Limit on Clean Energy Sources,An Act to Create Equal Opportunity Access to Clean Energy by Removing the 100-megawatt Limit on Clean Energy Sources,6,2025-04-08,https://legiscan.com/ME/bill/LD638/2025
ME,1978118,,An Act to Improve Training Opportunities for Law Enforcement Officers,An Act to Improve Training Opportunities for Law Enforcement Officers,6,2025-05-27,https://legiscan.com/ME/bill/LD639/2025
ME,1977901,,An Act Requiring That Certain Fees Charged by the Courts for Court-ordered Payments Be Capped and Paid by the Defendant,An Act Requiring That Certain Fees Charged by the Courts for Court-ordered Payments Be Capped and Paid by the Defendant,4,2025-06-05,https://legiscan.com/ME/bill/LD640/2025
ME,1978051,,An Act to Support Diversion Efforts to Prevent Homelessness in Maine,An Act to Support Diversion Efforts to Prevent Homelessness in Maine,3,2025-05-27,https://legiscan.com/ME/bill/LD641/2025
ME,1977812,,An Act to Provide Students in the University of Maine System Who Are Parents or Pregnant Individuals Priority Registration for Courses,An Act to Provide Students in the University of Maine System Who Are Parents or Pregnant Individuals Priority Registration for Courses,6,2025-04-08,https://legiscan.com/ME/bill/LD642/2025
ME,1977885,,"Resolve, to Study the Effects of Artificial Intelligence, Cellular Telephones and Social Media on Public Education","Resolve, to Study the Effects of Artificial Intelligence, Cellular Telephones and Social Media on Public Education",6,2025-05-13,https://legiscan.com/ME/bill/LD643/2025
ME,1977845,,An Act to Expand Employment Opportunities for Minor Students by Eliminating Certain Work Limitations,An Act to Expand Employment Opportunities for Minor Students by Eliminating Certain Work Limitations,6,2025-05-14,https://legiscan.com/ME/bill/LD644/2025
ME,1977994,,An Act to Change the Size and Composition of the Board of Directors of the Maine Health Data Organization,An Act to Change the Size and Composition of the Board of Directors of the Maine Health Data Organization,4,2025-03-20,https://legiscan.com/ME/bill/LD645/2025
ME,1978134,,"Resolve, Establishing the Commission to Study Unmanaged Storm Water Pollution","Resolve, Establishing the Commission to Study Unmanaged Storm Water Pollution",3,2025-05-07,https://legiscan.com/ME/bill/LD646/2025
ME,1977938,,An Act Regarding Telephone and Video Call Access in Detention and Correctional Facilities and Jails,An Act Regarding Telephone and Video Call Access in Detention and Correctional Facilities and Jails,6,2025-06-10,https://legiscan.com/ME/bill/LD647/2025
ME,1978138,,An Act to Expand the Supervised Community Confinement Program,An Act to Expand the Supervised Community Confinement Program,3,2025-06-12,https://legiscan.com/ME/bill/LD648/2025
ME,1978121,,An Act to Certify Chiropractic Assistants Who Perform X-rays as Chiropractic Radiographers,An Act to Certify Chiropractic Assistants Who Perform X-rays as Chiropractic Radiographers,4,2025-06-02,https://legiscan.com/ME/bill/LD649/2025
ME,1977962,,An Act to Support Municipal Public Health,An Act to Support Municipal Public Health,4,2025-05-14,https://legiscan.com/ME/bill/LD650/2025
ME,1978002,,An Act to Codify the Maine Health Care Provider Loan Repayment Pilot Program,An Act to Codify the Maine Health Care Provider Loan Repayment Pilot Program,4,2025-05-21,https://legiscan.com/ME/bill/LD651/2025
ME,1977916,,An Act to Provide Qualifying Downtown Businesses and Developments with Assistance Paying Flood Insurance Premiums,An Act to Provide Qualifying Downtown Businesses and Developments with Assistance Paying Flood Insurance Premiums,6,2025-04-10,https://legiscan.com/ME/bill/LD652/2025
ME,1978060,,An Act to Allow Teachers to Qualify for Overtime Pay,An Act to Allow Teachers to Qualify for Overtime Pay,6,2026-01-27,https://legiscan.com/ME/bill/LD653/2025
ME,1977881,,An Act to Increase the Maximum Small Claim Limit,An Act to Increase the Maximum Small Claim Limit,4,2025-06-05,https://legiscan.com/ME/bill/LD654/2025
ME,1978144,,An Act Establishing a State Minimum Hourly Wage for Agricultural Workers,An Act Establishing a State Minimum Hourly Wage for Agricultural Workers,6,2025-05-20,https://legiscan.com/ME/bill/LD655/2025
ME,1978043,,An Act to Save Tax Dollars in Maine's Elections by Amending the Laws Governing When a Ranked-choice Voting Count Must Be Conducted,An Act to Save Tax Dollars in Maine's Elections by Amending the Laws Governing When a Ranked-choice Voting Count Must Be Conducted,6,2025-05-21,https://legiscan.com/ME/bill/LD656/2025
ME,1978103,,An Act to Modify the Law Governing Municipal General Assistance by Designating Broadband Internet Access Service and Wireless Access Point Technology as Basic Necessities,An Act to Modify the Law Governing Municipal General Assistance by Designating Broadband Internet Access Service and Wireless Access Point Technology as Basic Necessities,6,2025-04-30,https://legiscan.com/ME/bill/LD657/2025
ME,1977868,,An Act to Lower Property Taxes by Increasing the Homestead Property Tax Exemption,An Act to Lower Property Taxes by Increasing the Homestead Property Tax Exemption,6,2025-04-08,https://legiscan.com/ME/bill/LD658/2025
ME,1977980,,An Act to Reduce Housing Costs by Not Requiring Fire Sprinkler Systems for Single-family Homes and Duplexes,An Act to Reduce Housing Costs by Not Requiring Fire Sprinkler Systems for Single-family Homes and Duplexes,6,2025-05-06,https://legiscan.com/ME/bill/LD659/2025
ME,1977935,,An Act to Provide Transparency and Public Access to Public School Curricula,An Act to Provide Transparency and Public Access to Public School Curricula,6,2025-06-03,https://legiscan.com/ME/bill/LD660/2025
ME,1978007,,An Act to Amend Motor Vehicle Inspection Requirements,An Act to Amend Motor Vehicle Inspection Requirements,6,2025-05-20,https://legiscan.com/ME/bill/LD661/2025
ME,1977880,,An Act to Support Survivors of Military Sexual Trauma and Active Duty Military Members Transitioning to Civilian Life,An Act to Support Survivors of Military Sexual Trauma and Active Duty Military Members Transitioning to Civilian Life,4,2025-06-05,https://legiscan.com/ME/bill/LD662/2025
ME,1977930,,An Act Regarding Health Care,An Act Regarding Health Care,6,2026-03-05,https://legiscan.com/ME/bill/LD663/2025
ME,1977787,,An Act to Improve Unemployment Insurance,An Act to Improve Unemployment Insurance,6,2025-05-20,https://legiscan.com/ME/bill/LD664/2025
ME,1977997,,An Act Regarding the Use of Military Protective Orders in Protection from Abuse and Protection from Harassment Proceedings,An Act Regarding the Use of Military Protective Orders in Protection from Abuse and Protection from Harassment Proceedings,4,2025-05-21,https://legiscan.com/ME/bill/LD665/2025
ME,1977825,,An Act to Prevent Domestic Violence by Providing Adequate Funding Support for Court-ordered Certified Domestic Violence Intervention Programs,An Act to Prevent Domestic Violence by Providing Adequate Funding Support for Court-ordered Certified Domestic Violence Intervention Programs,3,2025-05-21,https://legiscan.com/ME/bill/LD666/2025
ME,1977924,,An Act to Modernize the State Motor Vehicle Inspection Program and the Law Governing Inspection Fees,An Act to Modernize the State Motor Vehicle Inspection Program and the Law Governing Inspection Fees,6,2025-04-29,https://legiscan.com/ME/bill/LD667/2025
ME,1978020,,An Act to Abolish Ranked-choice Voting,An Act to Abolish Ranked-choice Voting,6,2025-03-13,https://legiscan.com/ME/bill/LD668/2025
ME,1977862,,An Act Regarding Labor,An Act Regarding Labor,2,2026-03-25,https://legiscan.com/ME/bill/LD669/2025
ME,1977895,,An Act to Address Coercive Control in Domestic Abuse Cases,An Act to Address Coercive Control in Domestic Abuse Cases,4,2025-06-17,https://legiscan.com/ME/bill/LD670/2025
ME,1977896,,An Act to Abolish the Maine Income Tax and Establish a Zero-based Budget,An Act to Abolish the Maine Income Tax and Establish a Zero-based Budget,6,2025-05-29,https://legiscan.com/ME/bill/LD671/2025
ME,1978040,,"Resolve, Directing the Department of Education to Report on Financial Literacy Education in the System of Learning Results","Resolve, Directing the Department of Education to Report on Financial Literacy Education in the System of Learning Results",6,2025-05-20,https://legiscan.com/ME/bill/LD701/2025
ME,1978029,,An Act to Designate January 6th as A Day to Remember,An Act to Designate January 6th as A Day to Remember,4,2025-05-22,https://legiscan.com/ME/bill/LD702/2025
ME,1978912,,An Act to Establish a Health Care Gap Year Program for Recent College Graduates,An Act to Establish a Health Care Gap Year Program for Recent College Graduates,3,2025-04-23,https://legiscan.com/ME/bill/LD703/2025
ME,1977786,,An Act to Clarify Performance Standards for Quarries,An Act to Clarify Performance Standards for Quarries,4,2025-05-21,https://legiscan.com/ME/bill/LD704/2025
ME,1977871,,An Act to Provide Appropriations and Allocations for the Operations of State Government,An Act to Provide Appropriations and Allocations for the Operations of State Government,1,2025-02-20,https://legiscan.com/ME/bill/LD705/2025
ME,1978142,,An Act Regarding the Laws Relating to Unemployment Insurance,An Act Regarding the Laws Relating to Unemployment Insurance,4,2025-06-03,https://legiscan.com/ME/bill/LD706/2025
ME,1977859,,"An Act to Amend the Membership of the State Employee Health Commission and Make Referential Changes to the Office of Employee Health, Wellness and Workers' Compensation","An Act to Amend the Membership of the State Employee Health Commission and Make Referential Changes to the Office of Employee Health, Wellness and Workers' Compensation",4,2025-04-23,https://legiscan.com/ME/bill/LD707/2025
ME,1978129,,An Act to Allow for Rescission of a Site Location of Development Permit When a Development Is Decommissioned,An Act to Allow for Rescission of a Site Location of Development Permit When a Development Is Decommissioned,4,2025-04-23,https://legiscan.com/ME/bill/LD708/2025
ME,1978089,,An Act to Establish the Respite for ME Program,An Act to Establish the Respite for ME Program,4,2025-04-15,https://legiscan.com/ME/bill/LD709/2025
ME,1977987,,An Act to Expand Access and Reduce Barriers to Access to Naloxone Hydrochloride and Other Opioid Overdose-reversing Medications,An Act to Expand Access and Reduce Barriers to Access to Naloxone Hydrochloride and Other Opioid Overdose-reversing Medications,4,2025-05-27,https://legiscan.com/ME/bill/LD710/2025
ME,1977801,,An Act to Facilitate the State Meeting Its Climate Goals While Protecting Farms,An Act to Facilitate the State Meeting Its Climate Goals While Protecting Farms,6,2025-04-08,https://legiscan.com/ME/bill/LD711/2025
ME,1977829,,An Act to Clarify the Relationship Between Palliative Care Physicians and Hospital Physicians,An Act to Clarify the Relationship Between Palliative Care Physicians and Hospital Physicians,6,2025-04-29,https://legiscan.com/ME/bill/LD712/2025
ME,1978123,,An Act Regarding Taxation,An Act Regarding Taxation,1,2025-02-20,https://legiscan.com/ME/bill/LD713/2025
ME,1978049,,An Act to Amend the Tax Laws,An Act to Amend the Tax Laws,1,2025-02-20,https://legiscan.com/ME/bill/LD714/2025
ME,1977822,,An Act to Provide Property Tax Relief by Increasing the Availability of the Property Tax Fairness Credit Based on a Resident's Age and Income,An Act to Provide Property Tax Relief by Increasing the Availability of the Property Tax Fairness Credit Based on a Resident's Age and Income,3,2025-06-09,https://legiscan.com/ME/bill/LD715/2025
ME,1978034,,An Act to Restrict the Hunting of Coyotes,An Act to Restrict the Hunting of Coyotes,6,2025-03-27,https://legiscan.com/ME/bill/LD716/2025
ME,1978102,,An Act to Amend the Maine Criminal Code Governing Restitution to Include the Costs of All Analyses of Suspected Illegal Drugs,An Act to Amend the Maine Criminal Code Governing Restitution to Include the Costs of All Analyses of Suspected Illegal Drugs,6,2025-04-22,https://legiscan.com/ME/bill/LD717/2025
ME,1978014,,An Act to Require Municipal Clerks to Issue Absentee Ballots Only to Residents of That Municipality and to Eliminate Ongoing Absentee Voter Status,An Act to Require Municipal Clerks to Issue Absentee Ballots Only to Residents of That Municipality and to Eliminate Ongoing Absentee Voter Status,6,2025-03-18,https://legiscan.com/ME/bill/LD718/2025
ME,1977914,,"Resolve, to Direct the County Corrections Professional Standards Council to Examine Funding of and Compliance by County and Regional Jails","Resolve, to Direct the County Corrections Professional Standards Council to Examine Funding of and Compliance by County and Regional Jails",4,2025-06-09,https://legiscan.com/ME/bill/LD719/2025
ME,1977796,,An Act to Protect Federal Home Loan Banks That Lend Money to Insurer Members That Become Delinquent,An Act to Protect Federal Home Loan Banks That Lend Money to Insurer Members That Become Delinquent,4,2025-03-20,https://legiscan.com/ME/bill/LD720/2025
ME,1978098,,"Resolve, to Support the Full Implementation of Certified Community Behavioral Health Clinics in the State","Resolve, to Support the Full Implementation of Certified Community Behavioral Health Clinics in the State",3,2025-05-28,https://legiscan.com/ME/bill/LD721/2025
ME,1977846,,"Resolve, Directing the Department of Public Safety, Emergency Medical Services' Board to Report to the Joint Standing Committee on Education and Cultural Affairs on the Status of Funds in the Emergency Medical Services Stabilization and Sustainability Program","Resolve, Directing the Department of Public Safety, Emergency Medical Services' Board to Report to the Joint Standing Committee on Education and Cultural Affairs on the Status of Funds in the Emergency Medical Services Stabilization and Sustainability Program",4,2025-05-21,https://legiscan.com/ME/bill/LD722/2025
ME,1978047,,"Resolve, to Direct the Maine Criminal Justice Academy to Study the Feasibility of Establishing a Nonresidential Law Enforcement Training Program","Resolve, to Direct the Maine Criminal Justice Academy to Study the Feasibility of Establishing a Nonresidential Law Enforcement Training Program",6,2025-06-03,https://legiscan.com/ME/bill/LD723/2025
ME,1978154,,An Act to Recognize Eid al-Fitr and Eid al-Adha as State Holidays,An Act to Recognize Eid al-Fitr and Eid al-Adha as State Holidays,6,2025-05-28,https://legiscan.com/ME/bill/LD724/2025
ME,1977968,,An Act to Advance Equitable Energy Policy in Maine,An Act to Advance Equitable Energy Policy in Maine,1,2025-02-20,https://legiscan.com/ME/bill/LD725/2025
ME,1978107,,An Act to Protect Municipalities' Investment in Law Enforcement Officers,An Act to Protect Municipalities' Investment in Law Enforcement Officers,6,2025-06-02,https://legiscan.com/ME/bill/LD726/2025
ME,1977847,,An Act to Repeal Certain Immunization Requirements for Schools,An Act to Repeal Certain Immunization Requirements for Schools,6,2025-05-07,https://legiscan.com/ME/bill/LD727/2025
ME,1977798,,An Act to Amend the Laws Regarding Smelt Fishing,An Act to Amend the Laws Regarding Smelt Fishing,6,2025-03-27,https://legiscan.com/ME/bill/LD728/2025
ME,1977966,,"Resolve, Regarding Legislative Review of Chapter 800: Uniform Reporting of Wholesale Acquisition Costs for Insulin, a Major Substantive Rule of the Maine Health Data Organization","Resolve, Regarding Legislative Review of Chapter 800: Uniform Reporting of Wholesale Acquisition Costs for Insulin, a Major Substantive Rule of the Maine Health Data Organization",4,2025-03-20,https://legiscan.com/ME/bill/LD729/2025
ME,1977958,,"Resolve, Regarding Legislative Review of Portions of Chapter 132: Learning Results: Parameters for Essential Instruction, a Major Substantive Rule of the Department of Education","Resolve, Regarding Legislative Review of Portions of Chapter 132: Learning Results: Parameters for Essential Instruction, a Major Substantive Rule of the Department of Education",4,2025-06-03,https://legiscan.com/ME/bill/LD730/2025
ME,1981657,,An Act to Prohibit Municipalities from Barring the Creation of Homeless Shelters,An Act to Prohibit Municipalities from Barring the Creation of Homeless Shelters,4,2025-05-27,https://legiscan.com/ME/bill/LD731/2025
ME,1981440,,An Act to Prohibit Copyrights for Works of State Government,An Act to Prohibit Copyrights for Works of State Government,6,2025-05-28,https://legiscan.com/ME/bill/LD732/2025
ME,1981365,,"Resolve, to Require the Maine State Housing Authority to Submit a Report on the Pilot Project to Improve Access to Credit for Low-income Individuals","Resolve, to Require the Maine State Housing Authority to Submit a Report on the Pilot Project to Improve Access to Credit for Low-income Individuals",4,2025-05-27,https://legiscan.com/ME/bill/LD733/2025
ME,1981571,,An Act to Promote Voter Registration for Students in Maine's High Schools,An Act to Promote Voter Registration for Students in Maine's High Schools,6,2025-04-08,https://legiscan.com/ME/bill/LD734/2025
ME,1981313,,An Act to Protect Sand Dunes on Sears Island and to Establish Criteria for Legislation Regarding Land Development,An Act to Protect Sand Dunes on Sears Island and to Establish Criteria for Legislation Regarding Land Development,6,2025-04-17,https://legiscan.com/ME/bill/LD735/2025
ME,1981495,,An Act to Improve Ferry Service Reliability by Providing Scholarships at the Maine Maritime Academy,An Act to Improve Ferry Service Reliability by Providing Scholarships at the Maine Maritime Academy,6,2025-05-28,https://legiscan.com/ME/bill/LD736/2025
ME,1981402,,An Act Regarding a So-called Clean Slate Initiative for Arrest and Conviction Records,An Act Regarding a So-called Clean Slate Initiative for Arrest and Conviction Records,6,2025-05-13,https://legiscan.com/ME/bill/LD737/2025
ME,1981345,,An Act to Remove Barriers to Becoming a Lawyer by Establishing a Law Office Study Program,An Act to Remove Barriers to Becoming a Lawyer by Establishing a Law Office Study Program,6,2025-06-17,https://legiscan.com/ME/bill/LD738/2025
ME,1981294,,An Act to Reimburse the City of Ellsworth for a Public Road to a New Court Facility in Hancock County,An Act to Reimburse the City of Ellsworth for a Public Road to a New Court Facility in Hancock County,3,2025-06-05,https://legiscan.com/ME/bill/LD739/2025
ME,1981511,,An Act to Establish a Comprehensive Program to Divert Youth from the Criminal Justice System and Address Their Needs,An Act to Establish a Comprehensive Program to Divert Youth from the Criminal Justice System and Address Their Needs,2,2026-03-25,https://legiscan.com/ME/bill/LD740/2025
ME,1981677,,An Act to Increase Preparedness for Solar Power Adoption in Maine,An Act to Increase Preparedness for Solar Power Adoption in Maine,6,2025-06-03,https://legiscan.com/ME/bill/LD741/2025
ME,1981187,,An Act to Permit Telehealth Services Across State Lines Following Referral from a Primary Care Provider Based in the State,An Act to Permit Telehealth Services Across State Lines Following Referral from a Primary Care Provider Based in the State,6,2025-05-21,https://legiscan.com/ME/bill/LD742/2025
ME,1981204,,An Act to Increase the Availability and Affordability of Health Care by Eliminating Certificate of Need Requirements,An Act to Increase the Availability and Affordability of Health Care by Eliminating Certificate of Need Requirements,6,2025-05-20,https://legiscan.com/ME/bill/LD743/2025
ME,1981703,,An Act to Remove Certain Wharves and Piers from the Laws Governing the Current Use Valuation of Working Waterfront Land,An Act to Remove Certain Wharves and Piers from the Laws Governing the Current Use Valuation of Working Waterfront Land,4,2025-06-17,https://legiscan.com/ME/bill/LD744/2025
ME,1981691,,An Act to Allow a Municipality to Sell Tax-acquired Property in Any Manner Authorized by the Municipality's Legislative Body,An Act to Allow a Municipality to Sell Tax-acquired Property in Any Manner Authorized by the Municipality's Legislative Body,6,2025-04-08,https://legiscan.com/ME/bill/LD745/2025
ME,1981383,,An Act to Authorize a Local Option Sales Tax on Short-term Lodging to Fund Municipalities and Affordable Housing,An Act to Authorize a Local Option Sales Tax on Short-term Lodging to Fund Municipalities and Affordable Housing,6,2025-06-18,https://legiscan.com/ME/bill/LD746/2025
ME,1981622,,An Act to Provide Funds to Reduce Student Homelessness,An Act to Provide Funds to Reduce Student Homelessness,4,2025-06-25,https://legiscan.com/ME/bill/LD747/2025
ME,1981255,,An Act to Increase Bridging Rental Assistance Program Housing Voucher Funding to Reduce the Current Partial Waiting List and Increase Housing Vouchers for Persons Living with Mental Health Challenges,An Act to Increase Bridging Rental Assistance Program Housing Voucher Funding to Reduce the Current Partial Waiting List and Increase Housing Vouchers for Persons Living with Mental Health Challenges,3,2025-05-27,https://legiscan.com/ME/bill/LD748/2025
ME,1981272,,An Act to Ensure That the Will of the Voters Is Reflected in Interim Appointments of United States Senators,An Act to Ensure That the Will of the Voters Is Reflected in Interim Appointments of United States Senators,6,2025-06-25,https://legiscan.com/ME/bill/LD749/2025
ME,1981330,,"Resolve, Regarding Legislative Review of Portions of Chapter 27: Standards for Timber Harvesting and Timber Harvesting Related Activities Within Unorganized and Deorganized Areas of the State, a Major Substantive Rule of the Department of Agriculture, Conservation and Forestry, Bureau of Forestry","Resolve, Regarding Legislative Review of Portions of Chapter 27: Standards for Timber Harvesting and Timber Harvesting Related Activities Within Unorganized and Deorganized Areas of the State, a Major Substantive Rule of the Department of Agriculture, Conservation and Forestry, Bureau of Forestry",4,2025-04-23,https://legiscan.com/ME/bill/LD750/2025
ME,1981589,,An Act to Amend the Hunting Laws Related to the Training of Dogs and Open Training Seasons,An Act to Amend the Hunting Laws Related to the Training of Dogs and Open Training Seasons,4,2025-04-15,https://legiscan.com/ME/bill/LD751/2025
ME,1981456,,An Act to Improve the Efficiency of Certain Department of Health and Human Services Licensing Investigations,An Act to Improve the Efficiency of Certain Department of Health and Human Services Licensing Investigations,4,2025-06-03,https://legiscan.com/ME/bill/LD764/2025
ME,1981548,,An Act to Amend the Laws Governing the Controlled Substances Prescription Monitoring Program,An Act to Amend the Laws Governing the Controlled Substances Prescription Monitoring Program,4,2025-04-17,https://legiscan.com/ME/bill/LD765/2025
ME,1981641,,An Act to Protect the Children of Maine,An Act to Protect the Children of Maine,6,2026-03-12,https://legiscan.com/ME/bill/LD766/2025
ME,1981239,,An Act to Require Bleeding Control Kits in State-owned Buildings,An Act to Require Bleeding Control Kits in State-owned Buildings,6,2025-05-21,https://legiscan.com/ME/bill/LD774/2025
ME,1981606,,An Act Requiring Voter Approval of Legislative and Gubernatorial Pay Increases,An Act Requiring Voter Approval of Legislative and Gubernatorial Pay Increases,6,2025-05-28,https://legiscan.com/ME/bill/LD775/2025
ME,1984509,,An Act to Provide Free School Lunches to Special Purpose Private Schools That Receive Students from the Public School System,An Act to Provide Free School Lunches to Special Purpose Private Schools That Receive Students from the Public School System,6,2025-05-06,https://legiscan.com/ME/bill/LD776/2025
ME,1984804,,"Resolve, Directing the Department of Inland Fisheries and Wildlife to Study Lengthening the Muzzle-loading Season for Deer in Certain Wildlife Management Districts","Resolve, Directing the Department of Inland Fisheries and Wildlife to Study Lengthening the Muzzle-loading Season for Deer in Certain Wildlife Management Districts",4,2025-05-21,https://legiscan.com/ME/bill/LD777/2025
ME,1987497,,An Act to Authorize a General Fund Bond Issue to Fund Mass Timber Manufacturing,An Act to Authorize a General Fund Bond Issue to Fund Mass Timber Manufacturing,1,2025-02-27,https://legiscan.com/ME/bill/LD798/2025
ME,1987015,,An Act to Report Gender Wage Gaps,An Act to Report Gender Wage Gaps,3,2025-06-03,https://legiscan.com/ME/bill/LD799/2025
ME,1987461,,An Act to Fund the Provision of Advocacy Services to Persons with Intellectual Disabilities,An Act to Fund the Provision of Advocacy Services to Persons with Intellectual Disabilities,4,2025-06-25,https://legiscan.com/ME/bill/LD800/2025
ME,1987407,,An Act to Prevent Consumer-generated Electricity from Being Used by Anyone Other than That Consumer,An Act to Prevent Consumer-generated Electricity from Being Used by Anyone Other than That Consumer,6,2025-04-08,https://legiscan.com/ME/bill/LD801/2025
ME,1986943,,"Resolve, Directing the Department of Health and Human Services to Design a Mentoring Program for Youth Who Have Extended Care and Support Agreements with the Department","Resolve, Directing the Department of Health and Human Services to Design a Mentoring Program for Youth Who Have Extended Care and Support Agreements with the Department",4,2025-06-25,https://legiscan.com/ME/bill/LD802/2025
ME,1987349,,An Act to Address Certification Violations for School Staff,An Act to Address Certification Violations for School Staff,6,2025-05-20,https://legiscan.com/ME/bill/LD803/2025
ME,1987333,,An Act to Encourage Election Involvement by Making Election Day a State Holiday in Even-numbered Years,An Act to Encourage Election Involvement by Making Election Day a State Holiday in Even-numbered Years,6,2025-04-01,https://legiscan.com/ME/bill/LD804/2025
ME,1987142,,"Resolve, to Direct the Board of Licensure in Medicine and the Board of Osteopathic Licensure to Conduct a Study Regarding the Feasibility of Combining Those Boards","Resolve, to Direct the Board of Licensure in Medicine and the Board of Osteopathic Licensure to Conduct a Study Regarding the Feasibility of Combining Those Boards",6,2025-03-27,https://legiscan.com/ME/bill/LD805/2025
ME,1987585,,An Act to Amend the Scope of Practice for Expanded Function Dental Assistants,An Act to Amend the Scope of Practice for Expanded Function Dental Assistants,4,2025-05-21,https://legiscan.com/ME/bill/LD806/2025
ME,1987088,,An Act to Limit the Number of Free Motor Vehicle Registrations That May Be Provided to a Disabled Veteran and Reimburse Municipalities for the Loss of Excise Taxes,An Act to Limit the Number of Free Motor Vehicle Registrations That May Be Provided to a Disabled Veteran and Reimburse Municipalities for the Loss of Excise Taxes,6,2025-04-29,https://legiscan.com/ME/bill/LD807/2025
ME,1986926,,An Act to Require School Boards and Governing Bodies of Approved Private Schools to Implement Wearable Panic Alert Systems,An Act to Require School Boards and Governing Bodies of Approved Private Schools to Implement Wearable Panic Alert Systems,6,2025-05-14,https://legiscan.com/ME/bill/LD808/2025
ME,1986961,,An Act to Allow a Motion to Extend a Protection from Abuse Order After Expiration of the Original Order,An Act to Allow a Motion to Extend a Protection from Abuse Order After Expiration of the Original Order,4,2025-05-21,https://legiscan.com/ME/bill/LD809/2025
ME,1987228,,An Act Regarding the Approval of Transmission Lines,An Act Regarding the Approval of Transmission Lines,4,2025-06-11,https://legiscan.com/ME/bill/LD810/2025
ME,1987421,,An Act to Require a Municipal Public Hearing and Vote Before a Sports Wagering Facility May Be Established,An Act to Require a Municipal Public Hearing and Vote Before a Sports Wagering Facility May Be Established,6,2025-03-20,https://legiscan.com/ME/bill/LD811/2025
ME,1986913,,An Act to Provide State Recognition of the Kineo St. John Tribe,An Act to Provide State Recognition of the Kineo St. John Tribe,6,2025-05-07,https://legiscan.com/ME/bill/LD812/2025
ME,1987209,,An Act Regarding State Recognition of Native American Tribes,An Act Regarding State Recognition of Native American Tribes,6,2025-05-07,https://legiscan.com/ME/bill/LD813/2025
ME,1987534,,An Act to Provide Funding to Area Agencies on Aging for Community-based Services and Programs to Support Older Adults,An Act to Provide Funding to Area Agencies on Aging for Community-based Services and Programs to Support Older Adults,3,2025-05-06,https://legiscan.com/ME/bill/LD814/2025
ME,1987281,,An Act to Provide Funding for Respite Care and Supplemental Services Provided by the Family Caregiver Support Program,An Act to Provide Funding for Respite Care and Supplemental Services Provided by the Family Caregiver Support Program,4,2025-06-25,https://legiscan.com/ME/bill/LD815/2025
ME,1987387,,An Act Regarding the Emptying of Elver Fyke Nets,An Act Regarding the Emptying of Elver Fyke Nets,4,2025-04-15,https://legiscan.com/ME/bill/LD816/2025
ME,1987365,,An Act to Remove Restrictions That Prohibit School Administrative Units from Making Purchases Through Cooperatives,An Act to Remove Restrictions That Prohibit School Administrative Units from Making Purchases Through Cooperatives,6,2025-04-08,https://legiscan.com/ME/bill/LD817/2025
ME,1987552,,An Act to Allow Expenditure of Maine Clean Election Act Funding for the Care of Candidates' Dependents,An Act to Allow Expenditure of Maine Clean Election Act Funding for the Care of Candidates' Dependents,3,2025-06-09,https://legiscan.com/ME/bill/LD818/2025
ME,1987244,,An Act to Clarify the Status of Energy Storage Systems with Regard to the Business Equipment Tax Exemption and the Business Equipment Tax Reimbursement Program,An Act to Clarify the Status of Energy Storage Systems with Regard to the Business Equipment Tax Exemption and the Business Equipment Tax Reimbursement Program,4,2025-06-25,https://legiscan.com/ME/bill/LD819/2025
ME,1987158,,"RESOLUTION, Proposing an Amendment to the Constitution of Maine to Establish the Right to Hunt and Fish","RESOLUTION, Proposing an Amendment to the Constitution of Maine to Establish the Right to Hunt and Fish",3,2025-06-02,https://legiscan.com/ME/bill/LD820/2025
ME,1987316,,"An Act to Make Allocations from Maine Turnpike Authority Funds for the Maine Turnpike Authority for the Calendar Year Ending December 31, 2026","An Act to Make Allocations from Maine Turnpike Authority Funds for the Maine Turnpike Authority for the Calendar Year Ending December 31, 2026",4,2025-05-21,https://legiscan.com/ME/bill/LD821/2025
ME,1989695,,An Act to Regulate Social Media Use by Minors Under 16 Years of Age,An Act to Regulate Social Media Use by Minors Under 16 Years of Age,6,2025-06-16,https://legiscan.com/ME/bill/LD844/2025
ME,1989610,,An Act to Establish a First-time Home-buyer Program Administered by the Finance Authority of Maine,An Act to Establish a First-time Home-buyer Program Administered by the Finance Authority of Maine,6,2025-04-08,https://legiscan.com/ME/bill/LD845/2025
ME,1990018,,An Act to Protect Natural Resources by Clarifying Hydropower Dam Removal Requirements,An Act to Protect Natural Resources by Clarifying Hydropower Dam Removal Requirements,6,2026-01-20,https://legiscan.com/ME/bill/LD846/2025
ME,1990028,,"Resolve, to Establish the Commission to Improve Tenant-Landlord Relationships and Increase the Use of Housing Vouchers","Resolve, to Establish the Commission to Improve Tenant-Landlord Relationships and Increase the Use of Housing Vouchers",3,2026-03-25,https://legiscan.com/ME/bill/LD847/2025
ME,1989966,,An Act Regarding the Retired County and Municipal Law Enforcement Officers and Municipal Firefighters Health Insurance Program,An Act Regarding the Retired County and Municipal Law Enforcement Officers and Municipal Firefighters Health Insurance Program,4,2025-05-27,https://legiscan.com/ME/bill/LD848/2025
ME,1989804,,An Act to Establish a Recall Process for Public School Board Members,An Act to Establish a Recall Process for Public School Board Members,6,2026-03-18,https://legiscan.com/ME/bill/LD849/2025
ME,1989604,,An Act to Amend the Motor Vehicle Laws,An Act to Amend the Motor Vehicle Laws,4,2025-05-14,https://legiscan.com/ME/bill/LD850/2025
ME,1989664,,An Act to Establish a Senior Retiree Lobster License,An Act to Establish a Senior Retiree Lobster License,6,2025-06-03,https://legiscan.com/ME/bill/LD851/2025
ME,1989673,,An Act to Reduce the Property Tax Burden by Adequately Funding County Jail Operations,An Act to Reduce the Property Tax Burden by Adequately Funding County Jail Operations,3,2025-06-11,https://legiscan.com/ME/bill/LD852/2025
ME,1989798,,An Act to Replace the Minimum Hourly Wage with a Regionally Based Living Wage,An Act to Replace the Minimum Hourly Wage with a Regionally Based Living Wage,6,2025-05-28,https://legiscan.com/ME/bill/LD853/2025
ME,1989701,,An Act to Provide Equitable Capital Construction Funding for Maine's Charter Schools,An Act to Provide Equitable Capital Construction Funding for Maine's Charter Schools,6,2025-05-13,https://legiscan.com/ME/bill/LD854/2025
ME,1989872,,An Act to Limit Eligibility Under the Maine Clean Election Act,An Act to Limit Eligibility Under the Maine Clean Election Act,6,2025-05-28,https://legiscan.com/ME/bill/LD855/2025
ME,1989905,,An Act to Phase Out the Income Tax,An Act to Phase Out the Income Tax,6,2025-06-11,https://legiscan.com/ME/bill/LD856/2025
ME,1989842,,An Act to Increase Government Transparency in the Procurement of Goods and Services,An Act to Increase Government Transparency in the Procurement of Goods and Services,4,2025-06-10,https://legiscan.com/ME/bill/LD857/2025
ME,1990049,,An Act to Ensure Behavioral and Mental Health Services Are Available to Students by Providing Grants to Schools That Contract for Those Services,An Act to Ensure Behavioral and Mental Health Services Are Available to Students by Providing Grants to Schools That Contract for Those Services,4,2025-06-25,https://legiscan.com/ME/bill/LD858/2025
ME,1989636,,"Resolve, Directing the Treasurer of State to Review and Develop Options for Meeting the Banking Needs of the Cannabis Industry","Resolve, Directing the Treasurer of State to Review and Develop Options for Meeting the Banking Needs of the Cannabis Industry",6,2025-04-08,https://legiscan.com/ME/bill/LD859/2025
ME,1989921,,"An Act to Allow the Public Advocate to Obtain Information from Public Utilities, Competitive Electricity Providers and Standard-offer Service Providers","An Act to Allow the Public Advocate to Obtain Information from Public Utilities, Competitive Electricity Providers and Standard-offer Service Providers",4,2025-05-27,https://legiscan.com/ME/bill/LD860/2025
ME,1989786,,An Act to Prohibit the Public Advocate and a Commissioner of the Public Utilities Commission from Certain Employment Activities Following Service,An Act to Prohibit the Public Advocate and a Commissioner of the Public Utilities Commission from Certain Employment Activities Following Service,4,2025-06-09,https://legiscan.com/ME/bill/LD861/2025
ME,1989856,,"Resolve, to Honor Scarborough Veterans by Renaming the Pine Point Crossing Bridge the Scarborough Veterans Memorial Bridge","Resolve, to Honor Scarborough Veterans by Renaming the Pine Point Crossing Bridge the Scarborough Veterans Memorial Bridge",4,2025-04-15,https://legiscan.com/ME/bill/LD862/2025
ME,1989722,,An Act to Allow a Person or Organization Conducting a Raffle to Use an Approved Payment Management System,An Act to Allow a Person or Organization Conducting a Raffle to Use an Approved Payment Management System,4,2025-05-28,https://legiscan.com/ME/bill/LD863/2025
ME,1989776,,An Act to Allow the Use of Transporter Plates for Transporting Campers or Motor Homes,An Act to Allow the Use of Transporter Plates for Transporting Campers or Motor Homes,6,2025-04-15,https://legiscan.com/ME/bill/LD864/2025
ME,1989682,,An Act to Require MaineCare to Reimburse for Lactation Services in the Homes of Eligible Persons,An Act to Require MaineCare to Reimburse for Lactation Services in the Homes of Eligible Persons,4,2025-06-25,https://legiscan.com/ME/bill/LD865/2025
ME,1990039,,"Resolve, Directing the Department of Inland Fisheries and Wildlife to Implement a Landowner Antlerless Deer Permit Gift Program","Resolve, Directing the Department of Inland Fisheries and Wildlife to Implement a Landowner Antlerless Deer Permit Gift Program",4,2025-06-10,https://legiscan.com/ME/bill/LD866/2025
ME,1989730,,An Act Regarding Pre-need Funeral Insurance,An Act Regarding Pre-need Funeral Insurance,4,2025-06-02,https://legiscan.com/ME/bill/LD867/2025
ME,1990057,,"An Act to Ensure Equity and Safety in Athletics, Restrooms, Changing Rooms and Housing at Elementary, Secondary and Postsecondary Schools","An Act to Ensure Equity and Safety in Athletics, Restrooms, Changing Rooms and Housing at Elementary, Secondary and Postsecondary Schools",6,2025-06-16,https://legiscan.com/ME/bill/LD868/2025
ME,1989751,,An Act to Give Grandparents Intervenor Status in Certain Child Protection Proceedings,An Act to Give Grandparents Intervenor Status in Certain Child Protection Proceedings,6,2025-04-08,https://legiscan.com/ME/bill/LD869/2025
ME,1989828,,An Act Regarding the Membership of the Maine Land Use Planning Commission,An Act Regarding the Membership of the Maine Land Use Planning Commission,4,2025-06-25,https://legiscan.com/ME/bill/LD870/2025
ME,1989712,,"An Act to Exempt All Persons, Including Health Care and Emergency Services Personnel, from COVID-19 Vaccine Requirements","An Act to Exempt All Persons, Including Health Care and Emergency Services Personnel, from COVID-19 Vaccine Requirements",6,2025-04-08,https://legiscan.com/ME/bill/LD871/2025
ME,1989654,,"An Act to Ensure Determinations Made by the State Are Free from Unethical, Unsafe or Illegal Interference by Artificial Intelligence","An Act to Ensure Determinations Made by the State Are Free from Unethical, Unsafe or Illegal Interference by Artificial Intelligence",6,2025-06-09,https://legiscan.com/ME/bill/LD872/2025
ME,1989915,,An Act to Expand Municipal Authority over Utility Pole Permits,An Act to Expand Municipal Authority over Utility Pole Permits,4,2025-04-17,https://legiscan.com/ME/bill/LD873/2025
ME,1989995,,An Act to Provide Relief to Federal or State Employees Affected by a Federal Government or State Government Shutdown,An Act to Provide Relief to Federal or State Employees Affected by a Federal Government or State Government Shutdown,4,2025-06-25,https://legiscan.com/ME/bill/LD874/2025
ME,1989938,,An Act to Fund Essential Services for Victims of Domestic Violence,An Act to Fund Essential Services for Victims of Domestic Violence,3,2025-04-15,https://legiscan.com/ME/bill/LD875/2025
ME,1989834,,An Act to Support the Maine Service Fellows Program,An Act to Support the Maine Service Fellows Program,3,2025-06-02,https://legiscan.com/ME/bill/LD876/2025
ME,1989893,,"Resolve, to Establish the Commission to Study the Employment Practices and Operations of Transportation Network Companies Operating in the State","Resolve, to Establish the Commission to Study the Employment Practices and Operations of Transportation Network Companies Operating in the State",3,2026-03-17,https://legiscan.com/ME/bill/LD877/2025
ME,1989887,,"Resolve, to Study the Effects of 5G and Other Non-ionizing Radio Frequency Radiation-emitting Technology on Bird, Bee, Insect and Other Wildlife Populations and the Effects of Long-term Exposure on Children","Resolve, to Study the Effects of 5G and Other Non-ionizing Radio Frequency Radiation-emitting Technology on Bird, Bee, Insect and Other Wildlife Populations and the Effects of Long-term Exposure on Children",6,2025-05-20,https://legiscan.com/ME/bill/LD878/2025
ME,1990009,,An Act to Increase Maximum Small Claim Limits for Home Construction Contracts,An Act to Increase Maximum Small Claim Limits for Home Construction Contracts,6,2025-06-16,https://legiscan.com/ME/bill/LD879/2025
ME,1989863,,An Act Regarding Nondiscrimination in Financial Services,An Act Regarding Nondiscrimination in Financial Services,6,2025-05-07,https://legiscan.com/ME/bill/LD880/2025
ME,1989985,,An Act to Establish an Apprentice Insurance Producer License,An Act to Establish an Apprentice Insurance Producer License,4,2025-06-03,https://legiscan.com/ME/bill/LD881/2025
ME,1989957,,An Act to Protect Communication with Providers of Critical Incident Stress Management Peer Support,An Act to Protect Communication with Providers of Critical Incident Stress Management Peer Support,1,2025-03-04,https://legiscan.com/ME/bill/LD882/2025
ME,1990064,,An Act to Reduce the Tax Burden on Maine Citizens,An Act to Reduce the Tax Burden on Maine Citizens,1,2025-03-04,https://legiscan.com/ME/bill/LD883/2025
ME,1990076,,"Resolve, to Establish the Criminal Justice Legal Aid Clinic Pilot Project at the University of Maine School of Law","Resolve, to Establish the Criminal Justice Legal Aid Clinic Pilot Project at the University of Maine School of Law",3,2025-04-23,https://legiscan.com/ME/bill/LD884/2025
ME,1989816,,An Act to Allow Certain Persons with a Permit to Carry Concealed Handguns to Possess or Discharge a Firearm on School Property,An Act to Allow Certain Persons with a Permit to Carry Concealed Handguns to Possess or Discharge a Firearm on School Property,6,2025-05-28,https://legiscan.com/ME/bill/LD885/2025
ME,1989978,,An Act to Regulate Medication Abortions,An Act to Regulate Medication Abortions,6,2025-06-10,https://legiscan.com/ME/bill/LD886/2025
ME,1989739,,An Act to Make Manufacturers Responsible for Proper Disposal of Abortion Drugs and Require a Health Care Provider to Be Physically Present During a Chemical Abortion,An Act to Make Manufacturers Responsible for Proper Disposal of Abortion Drugs and Require a Health Care Provider to Be Physically Present During a Chemical Abortion,6,2025-06-10,https://legiscan.com/ME/bill/LD887/2025
ME,1989948,,An Act to Expand Property Tax Relief for Veterans and Survivors of Veterans,An Act to Expand Property Tax Relief for Veterans and Survivors of Veterans,3,2025-05-14,https://legiscan.com/ME/bill/LD888/2025
ME,1989769,,An Act to Clarify the Release of Information by the Department of Health and Human Services in the Law Regarding Automatic Referrals,An Act to Clarify the Release of Information by the Department of Health and Human Services in the Law Regarding Automatic Referrals,4,2025-06-12,https://legiscan.com/ME/bill/LD889/2025
ME,1992650,,An Act Regarding Employees in the Office of the State Auditor,An Act Regarding Employees in the Office of the State Auditor,6,2025-05-29,https://legiscan.com/ME/bill/LD914/2025
ME,1992519,,An Act to Modernize Deed Duplication from Microfilm to a Digital Image,An Act to Modernize Deed Duplication from Microfilm to a Digital Image,4,2025-06-03,https://legiscan.com/ME/bill/LD915/2025
ME,1992328,,An Act to Promote Investment in Housing,An Act to Promote Investment in Housing,1,2025-03-05,https://legiscan.com/ME/bill/LD916/2025
ME,1992614,,An Act Regarding Charges to Uninsured Patients for COVID-19 Vaccines,An Act Regarding Charges to Uninsured Patients for COVID-19 Vaccines,4,2025-04-15,https://legiscan.com/ME/bill/LD917/2025
ME,1992295,,An Act to Allow a Qualifying Religious Organization to Self-insure for Automobile Insurance,An Act to Allow a Qualifying Religious Organization to Self-insure for Automobile Insurance,6,2025-05-14,https://legiscan.com/ME/bill/LD918/2025
ME,1992504,,An Act to Require Parental Permission for Certain Surveys and Questionnaires Administered to Minors in Schools,An Act to Require Parental Permission for Certain Surveys and Questionnaires Administered to Minors in Schools,6,2025-06-02,https://legiscan.com/ME/bill/LD919/2025
ME,1992528,,"Resolve, to Review Efficiencies in the Licensing of Solid Waste Disposal Facilities by the Department of Environmental Protection","Resolve, to Review Efficiencies in the Licensing of Solid Waste Disposal Facilities by the Department of Environmental Protection",6,2025-04-24,https://legiscan.com/ME/bill/LD920/2025
ME,1992210,,An Act to Expand Use of Electronic Proceedings in the Judicial Branch,An Act to Expand Use of Electronic Proceedings in the Judicial Branch,6,2025-06-05,https://legiscan.com/ME/bill/LD921/2025
ME,1992672,,An Act to Amend the Procedure for Filing a Petition to Terminate Parental Rights and Responsibilities,An Act to Amend the Procedure for Filing a Petition to Terminate Parental Rights and Responsibilities,4,2025-04-08,https://legiscan.com/ME/bill/LD922/2025
ME,1992444,,An Act to Promote Accredited Institutions of Higher Education in Maine by Removing Requirements for Supplemental Guide Signs on the Interstate Highway System,An Act to Promote Accredited Institutions of Higher Education in Maine by Removing Requirements for Supplemental Guide Signs on the Interstate Highway System,6,2025-04-08,https://legiscan.com/ME/bill/LD923/2025
ME,1992490,,"Resolve, Directing the Judicial Branch to Authorize the Lease of a Courthouse That Meets Accessibility and Functional Needs in the Town of Newport","Resolve, Directing the Judicial Branch to Authorize the Lease of a Courthouse That Meets Accessibility and Functional Needs in the Town of Newport",6,2025-06-05,https://legiscan.com/ME/bill/LD924/2025
ME,1992358,,"Resolve, To Create a License Plate To Recognize the Semiquincentennial of the United States of America","Resolve, To Create a License Plate To Recognize the Semiquincentennial of the United States of America",6,2025-04-15,https://legiscan.com/ME/bill/LD925/2025
ME,1992005,,An Act to Promote Research and Development in the State by Amending the Research Expense Tax Credit,An Act to Promote Research and Development in the State by Amending the Research Expense Tax Credit,6,2026-03-19,https://legiscan.com/ME/bill/LD926/2025
ME,1992123,,An Act to Require Chaplains in School Administrative Units,An Act to Require Chaplains in School Administrative Units,6,2025-04-01,https://legiscan.com/ME/bill/LD927/2025
ME,1992479,,An Act to Maintain Public Access to Town Ways in Maine,An Act to Maintain Public Access to Town Ways in Maine,6,2025-05-21,https://legiscan.com/ME/bill/LD928/2025
ME,1992159,,An Act to Increase Access to Medical Cannabis for Seniors and Veterans,An Act to Increase Access to Medical Cannabis for Seniors and Veterans,6,2025-04-08,https://legiscan.com/ME/bill/LD929/2025
ME,1992318,,An Act to Amend the Law Governing Items Identified as Prison Contraband,An Act to Amend the Law Governing Items Identified as Prison Contraband,4,2025-06-13,https://legiscan.com/ME/bill/LD930/2025
ME,1992150,,An Act to Amend the Law Allowing Individuals Subject to Pretrial or Presentence Incarceration to Be Credited Time for Participation in Work Projects Within a Jail,An Act to Amend the Law Allowing Individuals Subject to Pretrial or Presentence Incarceration to Be Credited Time for Participation in Work Projects Within a Jail,4,2025-06-12,https://legiscan.com/ME/bill/LD931/2025
ME,1992466,,An Act to Require the Issuance of Maine Agricultural Fair Licenses Every 4 Years,An Act to Require the Issuance of Maine Agricultural Fair Licenses Every 4 Years,4,2025-04-23,https://legiscan.com/ME/bill/LD932/2025
ME,1992234,,An Act to Increase to 100 Percent the State Share of Funding for Special Education Costs of All School Administrative Units,An Act to Increase to 100 Percent the State Share of Funding for Special Education Costs of All School Administrative Units,6,2025-05-21,https://legiscan.com/ME/bill/LD933/2025
ME,1992026,,An Act to Provide 100 Percent of the Maine Resident Homestead Property Tax Exemption Amount to Seniors and Veterans,An Act to Provide 100 Percent of the Maine Resident Homestead Property Tax Exemption Amount to Seniors and Veterans,6,2025-04-08,https://legiscan.com/ME/bill/LD934/2025
ME,1992015,,"Resolve, Directing the Department of Environmental Protection to Report on Air and Soil Chemical and Metal Levels and on Soil Testing on Solar Panel Farm Sites","Resolve, Directing the Department of Environmental Protection to Report on Air and Soil Chemical and Metal Levels and on Soil Testing on Solar Panel Farm Sites",6,2025-05-21,https://legiscan.com/ME/bill/LD935/2025
ME,1992256,,An Act to Amend the Laws Regarding the Mining Excise Tax,An Act to Amend the Laws Regarding the Mining Excise Tax,4,2025-06-25,https://legiscan.com/ME/bill/LD936/2025
ME,1992605,,An Act to Establish a Permit to Hunt Coyote over Bait,An Act to Establish a Permit to Hunt Coyote over Bait,6,2025-05-27,https://legiscan.com/ME/bill/LD937/2025
ME,1992225,,An Act to Implement Certain Local Spending and Sourcing Requirements Regarding the Statewide Supplemental Nutrition Assistance Program,An Act to Implement Certain Local Spending and Sourcing Requirements Regarding the Statewide Supplemental Nutrition Assistance Program,6,2025-04-29,https://legiscan.com/ME/bill/LD938/2025
ME,1992577,,An Act to Increase the Maximum Permissible Size of Recreational Campfires,An Act to Increase the Maximum Permissible Size of Recreational Campfires,6,2025-04-22,https://legiscan.com/ME/bill/LD939/2025
ME,1992588,,An Act to Increase the Maximum Cash Prize for the Long Lake Ice Fishing Derby,An Act to Increase the Maximum Cash Prize for the Long Lake Ice Fishing Derby,4,2025-06-02,https://legiscan.com/ME/bill/LD940/2025
ME,1992244,,An Act Requiring Employers to Disclose Wage Ranges in Job Postings,An Act Requiring Employers to Disclose Wage Ranges in Job Postings,6,2025-04-08,https://legiscan.com/ME/bill/LD941/2025
ME,1992625,,An Act to Safeguard Sustainable Food Sources Provided by Certain Maine Farmers,An Act to Safeguard Sustainable Food Sources Provided by Certain Maine Farmers,6,2025-04-08,https://legiscan.com/ME/bill/LD942/2025
ME,1992680,,An Act to Require the ASPIRE-TANF Program to Be Administered by State Employees,An Act to Require the ASPIRE-TANF Program to Be Administered by State Employees,6,2026-01-27,https://legiscan.com/ME/bill/LD943/2025
ME,1992188,,"RESOLUTION, Proposing an Amendment to the Constitution of Maine to Improve Representation and Simplify Legislative Redistricting","RESOLUTION, Proposing an Amendment to the Constitution of Maine to Improve Representation and Simplify Legislative Redistricting",6,2025-05-21,https://legiscan.com/ME/bill/LD944/2025
ME,1992271,,An Act to Amend the Laws Governing the Powers and Responsibilities of the Maine Redevelopment Land Bank Authority,An Act to Amend the Laws Governing the Powers and Responsibilities of the Maine Redevelopment Land Bank Authority,4,2025-05-14,https://legiscan.com/ME/bill/LD945/2025
ME,1992459,,"Resolve, to Increase Access to Energy Efficiency Programs by Low-income and Moderate-income Residents","Resolve, to Increase Access to Energy Efficiency Programs by Low-income and Moderate-income Residents",4,2025-06-02,https://legiscan.com/ME/bill/LD946/2025
ME,1992662,,An Act to Clarify Overnight Docking at Mainland Ports for Certain Island Ferry Vessels,An Act to Clarify Overnight Docking at Mainland Ports for Certain Island Ferry Vessels,6,2025-05-22,https://legiscan.com/ME/bill/LD947/2025
ME,1992039,,An Act to Reduce Administrative Burdens and Expand Access in the Laws Governing Cannabis,An Act to Reduce Administrative Burdens and Expand Access in the Laws Governing Cannabis,3,2025-06-13,https://legiscan.com/ME/bill/LD948/2025
ME,1992380,,An Act to Clarify Licensing Jurisdiction for Manufactured Housing Communities,An Act to Clarify Licensing Jurisdiction for Manufactured Housing Communities,4,2025-06-09,https://legiscan.com/ME/bill/LD949/2025
ME,1993915,,"An Act to Integrate Asian American, Native Hawaiian and Pacific Islander History into the Statewide System of Learning Results","An Act to Integrate Asian American, Native Hawaiian and Pacific Islander History into the Statewide System of Learning Results",4,2025-06-25,https://legiscan.com/ME/bill/LD957/2025
ME,1993731,,An Act to Prohibit Eminent Domain on Existing Tribal Trust Lands,An Act to Prohibit Eminent Domain on Existing Tribal Trust Lands,5,2025-06-25,https://legiscan.com/ME/bill/LD958/2025
ME,1993530,,An Act to Require the Development of Better Cannabis Testing Criteria and Processes,An Act to Require the Development of Better Cannabis Testing Criteria and Processes,6,2025-05-20,https://legiscan.com/ME/bill/LD959/2025
ME,1993972,,"Resolve, to Allow the Placement of Hospitalized Patients in Nursing Facilities in Alternative Locations Under Certain Circumstances","Resolve, to Allow the Placement of Hospitalized Patients in Nursing Facilities in Alternative Locations Under Certain Circumstances",4,2025-06-03,https://legiscan.com/ME/bill/LD960/2025
ME,1993611,,An Act to Address Maine's Health Care Workforce Shortage and Improve Access to Care,An Act to Address Maine's Health Care Workforce Shortage and Improve Access to Care,4,2026-02-12,https://legiscan.com/ME/bill/LD961/2025
ME,1993644,,An Act to Establish the Offense of Aggravated Operating Under the Influence Resulting in the Death of a Pet,An Act to Establish the Offense of Aggravated Operating Under the Influence Resulting in the Death of a Pet,6,2025-04-15,https://legiscan.com/ME/bill/LD962/2025
ME,1993581,,An Act to Standardize Subsidized Housing Application Forms,An Act to Standardize Subsidized Housing Application Forms,6,2025-04-08,https://legiscan.com/ME/bill/LD963/2025
ME,1993794,,"An Act to Change the Definitions of ""Sunrise"" and ""Sunset"" in the Inland Fisheries and Wildlife Laws to Better Allow for Variations in Timing Across the State","An Act to Change the Definitions of ""Sunrise"" and ""Sunset"" in the Inland Fisheries and Wildlife Laws to Better Allow for Variations in Timing Across the State",6,2025-04-08,https://legiscan.com/ME/bill/LD964/2025
ME,1993884,,An Act to Require the Automatic Repealing of Agency Rules,An Act to Require the Automatic Repealing of Agency Rules,6,2025-06-02,https://legiscan.com/ME/bill/LD965/2025
ME,1995212,,An Act Allowing Access by State Agencies and Hospitals to Certain Confidential Probate Court Records,An Act Allowing Access by State Agencies and Hospitals to Certain Confidential Probate Court Records,4,2025-04-01,https://legiscan.com/ME/bill/LD966/2025
ME,1995023,,An Act to Reinvigorate Maine's Workforce and Ensure Student Job Readiness by Providing Funds for the Career Exploration Program,An Act to Reinvigorate Maine's Workforce and Ensure Student Job Readiness by Providing Funds for the Career Exploration Program,3,2025-05-07,https://legiscan.com/ME/bill/LD967/2025
ME,1994827,,"Resolve, to Study Stakeholder Input Involving the Appointment of the Commissioner of Marine Resources","Resolve, to Study Stakeholder Input Involving the Appointment of the Commissioner of Marine Resources",6,2025-06-05,https://legiscan.com/ME/bill/LD968/2025
ME,1995151,,An Act to Increase Emergency Medical Services Provider Training Opportunities,An Act to Increase Emergency Medical Services Provider Training Opportunities,6,2025-04-17,https://legiscan.com/ME/bill/LD969/2025
ME,1995056,,An Act to Support Affordable Housing Development,An Act to Support Affordable Housing Development,4,2025-06-05,https://legiscan.com/ME/bill/LD970/2025
ME,1994893,,An Act to Amend the Law Regarding the Checking of Baitfish Traps,An Act to Amend the Law Regarding the Checking of Baitfish Traps,4,2025-06-02,https://legiscan.com/ME/bill/LD971/2025
ME,1995118,,An Act to Change the Entity Responsible for Operating the Career and Technical Education Center in Machias to Regional School Unit 37,An Act to Change the Entity Responsible for Operating the Career and Technical Education Center in Machias to Regional School Unit 37,6,2025-05-20,https://legiscan.com/ME/bill/LD972/2025
ME,1994957,,An Act to Establish the Community Partnerships with Public School Systems Grant Program,An Act to Establish the Community Partnerships with Public School Systems Grant Program,3,2025-05-21,https://legiscan.com/ME/bill/LD973/2025
ME,1994990,,"Resolve, Directing the Department of Education to Convene a Stakeholder Group to Improve High School Graduation Rates and Review Policies Related to Graduation Rate Data","Resolve, Directing the Department of Education to Convene a Stakeholder Group to Improve High School Graduation Rates and Review Policies Related to Graduation Rate Data",4,2025-06-05,https://legiscan.com/ME/bill/LD974/2025
ME,1994926,,An Act to Repeal Laws Allowing Abortion and to Criminalize Abortion,An Act to Repeal Laws Allowing Abortion and to Criminalize Abortion,6,2025-06-11,https://legiscan.com/ME/bill/LD975/2025
ME,1994797,,"Resolve, to Establish a Working Group to Facilitate Public Access and Resilience Planning for Swan Island","Resolve, to Establish a Working Group to Facilitate Public Access and Resilience Planning for Swan Island",4,2025-06-09,https://legiscan.com/ME/bill/LD976/2025
ME,1994860,,"Resolve, Requiring the Maine Health Data Organization to Develop a Plan for Measuring Gaps in Home and Community-based Services","Resolve, Requiring the Maine Health Data Organization to Develop a Plan for Measuring Gaps in Home and Community-based Services",4,2025-06-25,https://legiscan.com/ME/bill/LD977/2025
ME,1994766,,An Act to Increase General Assistance Reimbursement for Municipalities and Indian Tribes,An Act to Increase General Assistance Reimbursement for Municipalities and Indian Tribes,2,2025-06-17,https://legiscan.com/ME/bill/LD978/2025
ME,1995182,,"Resolve, Regarding Legislative Review of Chapter 113: Assisted Housing Programs Licensing Rule, a Late-filed Major Substantive Rule of the Department of Health and Human Services","Resolve, Regarding Legislative Review of Chapter 113: Assisted Housing Programs Licensing Rule, a Late-filed Major Substantive Rule of the Department of Health and Human Services",4,2025-06-17,https://legiscan.com/ME/bill/LD979/2025
ME,1996455,,An Act Regarding the Enforcement Provisions of the Law Governing Private Road Maintenance,An Act Regarding the Enforcement Provisions of the Law Governing Private Road Maintenance,6,2025-04-08,https://legiscan.com/ME/bill/LD994/2025
ME,1996381,,An Act to Provide Funding for Low-income Electric Ratepayer Assistance,An Act to Provide Funding for Low-income Electric Ratepayer Assistance,3,2025-04-29,https://legiscan.com/ME/bill/LD995/2025
ME,1996402,,An Act to Create the Weatherization Plus Program and Weatherization Plus Fund,An Act to Create the Weatherization Plus Program and Weatherization Plus Fund,3,2025-06-02,https://legiscan.com/ME/bill/LD996/2025
ME,1996394,,An Act to Allow Residential Use Development in Commercial Districts,An Act to Allow Residential Use Development in Commercial Districts,4,2025-06-16,https://legiscan.com/ME/bill/LD997/2025
ME,1996368,,An Act Regarding an Employer's Authority to Prohibit an Employee from Storing a Firearm in the Employee's Vehicle,An Act Regarding an Employer's Authority to Prohibit an Employee from Storing a Firearm in the Employee's Vehicle,6,2025-06-12,https://legiscan.com/ME/bill/LD998/2025
ME,1996340,,An Act to Include Employees of the Maine Indian Tribal-State Commission in the State's Group Health Plan and to Clarify Future Eligibility for the State's Group Health Plan,An Act to Include Employees of the Maine Indian Tribal-State Commission in the State's Group Health Plan and to Clarify Future Eligibility for the State's Group Health Plan,4,2025-06-09,https://legiscan.com/ME/bill/LD999/2025
ME,1996500,,An Act to Require Correctional Facilities and Substance Use Disorder Treatment Facilities to Release Prisoners and Patients to a Responsible Adult,An Act to Require Correctional Facilities and Substance Use Disorder Treatment Facilities to Release Prisoners and Patients to a Responsible Adult,6,2025-05-20,https://legiscan.com/ME/bill/LD1000/2025
ME,1996281,,An Act to Prohibit Medical Providers and Certain Others from Reporting Prescribed Medication-assisted Treatment of Parents to Child Protective Services,An Act to Prohibit Medical Providers and Certain Others from Reporting Prescribed Medication-assisted Treatment of Parents to Child Protective Services,6,2025-05-29,https://legiscan.com/ME/bill/LD1001/2025
ME,1996492,,An Act to Protect Children's Identification by Requiring Public Schools to Use the Name and Gender Specified on a Child's Birth Certificate,An Act to Protect Children's Identification by Requiring Public Schools to Use the Name and Gender Specified on a Child's Birth Certificate,6,2025-06-13,https://legiscan.com/ME/bill/LD1002/2025
ME,1996597,,An Act Establishing the Retirement Benefit Improvement Fund,An Act Establishing the Retirement Benefit Improvement Fund,3,2025-06-03,https://legiscan.com/ME/bill/LD1003/2025
ME,1996415,,An Act to Ensure the Proper Operation of the State,An Act to Ensure the Proper Operation of the State,1,2025-03-11,https://legiscan.com/ME/bill/LD1004/2025
ME,1996240,,"Resolve, to Study Authorization for Municipal Fire Departments with Trained Personnel to Conduct Fire Sprinkler System Plan Reviews","Resolve, to Study Authorization for Municipal Fire Departments with Trained Personnel to Conduct Fire Sprinkler System Plan Reviews",4,2025-06-12,https://legiscan.com/ME/bill/LD1005/2025
ME,1996329,,An Act to Allow Testing of Pregnant Persons for Drugs Directly Before and After Childbirth,An Act to Allow Testing of Pregnant Persons for Drugs Directly Before and After Childbirth,6,2025-04-17,https://legiscan.com/ME/bill/LD1006/2025
ME,1996190,,An Act to Update the State's Informed Consent Laws Regarding Drug-induced Abortion,An Act to Update the State's Informed Consent Laws Regarding Drug-induced Abortion,6,2025-06-10,https://legiscan.com/ME/bill/LD1007/2025
ME,1996427,,An Act to Require the Attorney General to Seek Legislative Approval Before Filing Any Civil Suit on Behalf of the State and to Authorize Citizen-initiated Petitions to Move for Dismissal,An Act to Require the Attorney General to Seek Legislative Approval Before Filing Any Civil Suit on Behalf of the State and to Authorize Citizen-initiated Petitions to Move for Dismissal,6,2025-05-21,https://legiscan.com/ME/bill/LD1008/2025
ME,1996314,,An Act to Restore Full Civil Rights to Possess Firearms to Persons Previously Convicted of Certain Nonviolent Felony Crimes,An Act to Restore Full Civil Rights to Possess Firearms to Persons Previously Convicted of Certain Nonviolent Felony Crimes,1,2025-03-11,https://legiscan.com/ME/bill/LD1009/2025
ME,1996269,,An Act to Amend the State's Vehicle Inspection Law by Requiring Inspections Biennially,An Act to Amend the State's Vehicle Inspection Law by Requiring Inspections Biennially,6,2025-06-02,https://legiscan.com/ME/bill/LD1010/2025
ME,2005358,,An Act Regarding the Reporting of Medical Debt on Consumer Reports,An Act Regarding the Reporting of Medical Debt on Consumer Reports,6,2025-04-08,https://legiscan.com/ME/bill/LD1030/2025
ME,2005193,,An Act to Allow Time-share Associations to Charge Credit Card Surcharges,An Act to Allow Time-share Associations to Charge Credit Card Surcharges,6,2025-04-08,https://legiscan.com/ME/bill/LD1031/2025
ME,2005206,,An Act Regarding Court Security,An Act Regarding Court Security,2,2025-06-04,https://legiscan.com/ME/bill/LD1032/2025
ME,2004995,,An Act to Regulate Alcoholic Beverage Competitions,An Act to Regulate Alcoholic Beverage Competitions,4,2025-06-02,https://legiscan.com/ME/bill/LD1033/2025
ME,2005265,,An Act to Decriminalize Personal Possession of Therapeutic Amounts of Psilocybin for Adults,An Act to Decriminalize Personal Possession of Therapeutic Amounts of Psilocybin for Adults,6,2025-06-10,https://legiscan.com/ME/bill/LD1034/2025
ME,2004805,,"Resolve, to Study the Safe Disposal of Single-use Propane Canisters","Resolve, to Study the Safe Disposal of Single-use Propane Canisters",6,2025-04-08,https://legiscan.com/ME/bill/LD1035/2025
ME,2004734,,An Act to Protect Recipients of Public Assistance from Housing Discrimination,An Act to Protect Recipients of Public Assistance from Housing Discrimination,6,2025-06-09,https://legiscan.com/ME/bill/LD1036/2025
ME,2004762,,An Act to Lower the Energy Burden of Residents by Advancing Climate Change Goals,An Act to Lower the Energy Burden of Residents by Advancing Climate Change Goals,6,2025-04-17,https://legiscan.com/ME/bill/LD1037/2025
ME,2004925,,An Act to Increase the Maximum Term of a Medical Cannabis Written Certification to 2 Years,An Act to Increase the Maximum Term of a Medical Cannabis Written Certification to 2 Years,6,2025-04-08,https://legiscan.com/ME/bill/LD1038/2025
ME,2005280,,An Act Regarding Municipal Authority over Heavy Vehicle Operation,An Act Regarding Municipal Authority over Heavy Vehicle Operation,6,2025-04-17,https://legiscan.com/ME/bill/LD1039/2025
ME,2004862,,An Act to Raise the Cap on Retirement Benefits for Certain State Employees and Teachers to Which a Cost-of-living Adjustment Is Made,An Act to Raise the Cap on Retirement Benefits for Certain State Employees and Teachers to Which a Cost-of-living Adjustment Is Made,3,2025-05-13,https://legiscan.com/ME/bill/LD1040/2025
ME,2005074,,An Act to Preserve Affordability in Publicly Assisted Housing Developments,An Act to Preserve Affordability in Publicly Assisted Housing Developments,4,2025-06-17,https://legiscan.com/ME/bill/LD1041/2025
ME,2004909,,An Act to Require a Person Operating a Watercraft for Recreational Purposes to Ensure All Children Under 13 Years of Age Wear United States Coast Guard Approved Personal Flotation Devices,An Act to Require a Person Operating a Watercraft for Recreational Purposes to Ensure All Children Under 13 Years of Age Wear United States Coast Guard Approved Personal Flotation Devices,4,2025-05-27,https://legiscan.com/ME/bill/LD1042/2025
ME,2004687,,An Act to Provide Free Admission to State Parks and Historic Sites for the Immediate Family Members of Veterans and Active Military Personnel,An Act to Provide Free Admission to State Parks and Historic Sites for the Immediate Family Members of Veterans and Active Military Personnel,3,2025-05-28,https://legiscan.com/ME/bill/LD1043/2025
ME,2005062,,An Act to Clarify the Qualifying Use of Tax Increment Financing for Extension of a Development District,An Act to Clarify the Qualifying Use of Tax Increment Financing for Extension of a Development District,4,2025-06-13,https://legiscan.com/ME/bill/LD1044/2025
ME,2004748,,An Act to Expand the Use of Tax Increment Financing District Revenue by Adding Public Safety as an Authorized Project Cost,An Act to Expand the Use of Tax Increment Financing District Revenue by Adding Public Safety as an Authorized Project Cost,6,2025-05-20,https://legiscan.com/ME/bill/LD1045/2025
ME,2005011,,An Act to Establish a 180-day State Residency Requirement for Receiving Municipal General Assistance,An Act to Establish a 180-day State Residency Requirement for Receiving Municipal General Assistance,6,2025-04-30,https://legiscan.com/ME/bill/LD1046/2025
ME,2004619,,An Act to Impose an Additional Tax on Certain Unearned Income,An Act to Impose an Additional Tax on Certain Unearned Income,6,2025-05-28,https://legiscan.com/ME/bill/LD1047/2025
ME,2004823,,An Act to Require Certain Notice Requirements for Whistleblower Protections,An Act to Require Certain Notice Requirements for Whistleblower Protections,4,2025-06-10,https://legiscan.com/ME/bill/LD1048/2025
ME,2005387,,An Act to Eliminate the Duty to Inform a Law Enforcement Officer When Carrying a Concealed Handgun Without a Permit,An Act to Eliminate the Duty to Inform a Law Enforcement Officer When Carrying a Concealed Handgun Without a Permit,6,2025-06-13,https://legiscan.com/ME/bill/LD1049/2025
ME,2005440,,An Act to Allow an Adult Hunter to Transfer That Hunter's Antlerless Deer Permit to a Junior Hunter,An Act to Allow an Adult Hunter to Transfer That Hunter's Antlerless Deer Permit to a Junior Hunter,6,2025-04-08,https://legiscan.com/ME/bill/LD1050/2025
ME,2004937,,An Act to Provide Funding to Maintain All-terrain Vehicle Trails,An Act to Provide Funding to Maintain All-terrain Vehicle Trails,6,2025-05-27,https://legiscan.com/ME/bill/LD1051/2025
ME,2004631,,"RESOLUTION, Proposing an Amendment to the Constitution of Maine to Establish the State Auditor as a Constitutional Officer","RESOLUTION, Proposing an Amendment to the Constitution of Maine to Establish the State Auditor as a Constitutional Officer",3,2025-06-09,https://legiscan.com/ME/bill/LD1052/2025
ME,2005021,,An Act to Ensure That Rebates from Prescription Drug Manufacturers Are Passed on to Patients at Pharmacies,An Act to Ensure That Rebates from Prescription Drug Manufacturers Are Passed on to Patients at Pharmacies,6,2025-04-17,https://legiscan.com/ME/bill/LD1053/2025
ME,2005427,,An Act to Amend Certain Definitions in the Laws Governing Conservation Easements,An Act to Amend Certain Definitions in the Laws Governing Conservation Easements,3,2026-03-25,https://legiscan.com/ME/bill/LD1054/2025
ME,2005341,,An Act to Prohibit Discrimination in Access to Anatomical Donations and Organ Transplants,An Act to Prohibit Discrimination in Access to Anatomical Donations and Organ Transplants,6,2025-04-08,https://legiscan.com/ME/bill/LD1055/2025
ME,2004896,,An Act to Clarify the Tax Treatment of Prepaid Wireless Telecommunications Service in Maine,An Act to Clarify the Tax Treatment of Prepaid Wireless Telecommunications Service in Maine,3,2025-06-16,https://legiscan.com/ME/bill/LD1056/2025
ME,2004956,,"Resolve, to Aid Municipalities, Animal Control Officers and Other Parties in Complying with Electronic Dog Licensing Requirements","Resolve, to Aid Municipalities, Animal Control Officers and Other Parties in Complying with Electronic Dog Licensing Requirements",6,2025-05-21,https://legiscan.com/ME/bill/LD1057/2025
ME,2004609,,An Act to Prevent Dental Insurance Companies from Denying Coverage When Other Insurance Is Involved,An Act to Prevent Dental Insurance Companies from Denying Coverage When Other Insurance Is Involved,6,2025-04-17,https://legiscan.com/ME/bill/LD1058/2025
ME,2005234,,"An Act to Establish the Process for the Selection of Delegates for a Convention Called Under the United States Constitution, Article V","An Act to Establish the Process for the Selection of Delegates for a Convention Called Under the United States Constitution, Article V",1,2025-03-12,https://legiscan.com/ME/bill/LD1059/2025
ME,2004778,,An Act to Provide Funding to Reduce Stigma for Parents Seeking Support,An Act to Provide Funding to Reduce Stigma for Parents Seeking Support,3,2025-05-20,https://legiscan.com/ME/bill/LD1060/2025
ME,2005413,,An Act to Increase Community Support for Families in Maine,An Act to Increase Community Support for Families in Maine,3,2025-05-06,https://legiscan.com/ME/bill/LD1061/2025
ME,2005296,,An Act to Eliminate Background Checks for Private Sales of Firearms,An Act to Eliminate Background Checks for Private Sales of Firearms,6,2025-06-13,https://legiscan.com/ME/bill/LD1062/2025
ME,2004793,,An Act to Require Competitive Procurement of Electricity from Generators Fueled by Municipal Solid Waste in Conjunction with Recycling,An Act to Require Competitive Procurement of Electricity from Generators Fueled by Municipal Solid Waste in Conjunction with Recycling,6,2025-06-03,https://legiscan.com/ME/bill/LD1063/2025
ME,2004716,,An Act to Ensure Automobile Insurance Rates Are Maintained upon the Death of a Spouse,An Act to Ensure Automobile Insurance Rates Are Maintained upon the Death of a Spouse,6,2025-04-08,https://legiscan.com/ME/bill/LD1064/2025
ME,2007195,,An Act to Amend Provisions of the Maine Metallic Mineral Mining Act to Advance Health Equity and Improve the Well-being of Vulnerable Populations,An Act to Amend Provisions of the Maine Metallic Mineral Mining Act to Advance Health Equity and Improve the Well-being of Vulnerable Populations,6,2025-04-08,https://legiscan.com/ME/bill/LD1073/2025
ME,2007341,,An Act to Remove the Limit on the Length of Probation That May Be Served for Aggravated Attempted Murder,An Act to Remove the Limit on the Length of Probation That May Be Served for Aggravated Attempted Murder,4,2025-06-02,https://legiscan.com/ME/bill/LD1074/2025
ME,2007308,,An Act to Require Annual Reporting Regarding the Low-income Home Energy Assistance Program,An Act to Require Annual Reporting Regarding the Low-income Home Energy Assistance Program,6,2025-04-17,https://legiscan.com/ME/bill/LD1075/2025
ME,2007540,,An Act to Hire School Security Officers to Protect Students and Make Schools Safer,An Act to Hire School Security Officers to Protect Students and Make Schools Safer,6,2025-04-29,https://legiscan.com/ME/bill/LD1076/2025
ME,2007139,,An Act to Exempt Drinking Water from Sales and Use Tax,An Act to Exempt Drinking Water from Sales and Use Tax,6,2025-06-17,https://legiscan.com/ME/bill/LD1077/2025
ME,2007455,,An Act to Support Maine's Public Health Objectives by Increasing Access to Hypodermic Apparatus Exchange Programs,An Act to Support Maine's Public Health Objectives by Increasing Access to Hypodermic Apparatus Exchange Programs,4,2025-06-10,https://legiscan.com/ME/bill/LD1078/2025
ME,2007127,,An Act to Provide Comprehensive Perimenopause and Menopause Education,An Act to Provide Comprehensive Perimenopause and Menopause Education,4,2025-06-25,https://legiscan.com/ME/bill/LD1079/2025
ME,2007181,,An Act Prohibiting Public Utilities from Requiring Deposits Based Solely on a Residential Customer's Income,An Act Prohibiting Public Utilities from Requiring Deposits Based Solely on a Residential Customer's Income,4,2025-05-22,https://legiscan.com/ME/bill/LD1080/2025
ME,2007484,,An Act to Support Access to General Assistance at Municipal General Assistance Offices and Designated Places,An Act to Support Access to General Assistance at Municipal General Assistance Offices and Designated Places,4,2025-05-27,https://legiscan.com/ME/bill/LD1081/2025
ME,2007371,,An Act to Invest in Maine's Families and Workforce by Amending the Real Estate Transfer Tax,An Act to Invest in Maine's Families and Workforce by Amending the Real Estate Transfer Tax,6,2025-06-25,https://legiscan.com/ME/bill/LD1082/2025
ME,2007442,,"Resolve, to Require the Department of Environmental Protection to Assess Existing Water Retention Structures and Water Levels","Resolve, to Require the Department of Environmental Protection to Assess Existing Water Retention Structures and Water Levels",6,2025-04-17,https://legiscan.com/ME/bill/LD1083/2025
ME,2007280,,"Resolve, to Alleviate the Behavioral Health Workforce Shortage by Allowing the Training and Granting of Behavioral Health Certifications by Community-based Agencies and Hospitals","Resolve, to Alleviate the Behavioral Health Workforce Shortage by Allowing the Training and Granting of Behavioral Health Certifications by Community-based Agencies and Hospitals",6,2025-05-20,https://legiscan.com/ME/bill/LD1084/2025
ME,2007357,,"Resolve, Directing the State Court Administrator to Perform an Inspection and Study of the Rumford Courthouse Building","Resolve, Directing the State Court Administrator to Perform an Inspection and Study of the Rumford Courthouse Building",3,2025-06-03,https://legiscan.com/ME/bill/LD1085/2025
ME,2007112,,"An Act to Remove State Requirements for Nonprofits on Raffles and Internet Raffles with Prizes of $2,500 or Less","An Act to Remove State Requirements for Nonprofits on Raffles and Internet Raffles with Prizes of $2,500 or Less",6,2025-04-08,https://legiscan.com/ME/bill/LD1086/2025
ME,2007265,,An Act to Increase the State's Share of Major Capital School Construction Costs,An Act to Increase the State's Share of Major Capital School Construction Costs,6,2025-06-05,https://legiscan.com/ME/bill/LD1087/2025
ME,2007526,,An Act to Enact the Maine Consumer Data Privacy Act,An Act to Enact the Maine Consumer Data Privacy Act,6,2025-06-25,https://legiscan.com/ME/bill/LD1088/2025
ME,2007099,,"An Act to Permanently Fund 55 Percent of the State's Share of Education by Establishing a Tax on Incomes of More than $1,000,000","An Act to Permanently Fund 55 Percent of the State's Share of Education by Establishing a Tax on Incomes of More than $1,000,000",6,2025-06-12,https://legiscan.com/ME/bill/LD1089/2025
ME,2007400,,"Resolve, to Form a Working Group to Address Vacancies in Municipal Government Management Positions","Resolve, to Form a Working Group to Address Vacancies in Municipal Government Management Positions",6,2025-05-29,https://legiscan.com/ME/bill/LD1090/2025
ME,2007168,,An Act to Reinforce Free Speech at Town Meetings by Requiring Opportunity for Public Comment,An Act to Reinforce Free Speech at Town Meetings by Requiring Opportunity for Public Comment,4,2025-06-09,https://legiscan.com/ME/bill/LD1091/2025
ME,2007428,,An Act to Ensure That Dual Distribution Prohibitions Are Not Violated by Direct Shippers of Wine,An Act to Ensure That Dual Distribution Prohibitions Are Not Violated by Direct Shippers of Wine,6,2025-04-15,https://legiscan.com/ME/bill/LD1092/2025
ME,2007323,,"An Act to Direct the Department of Agriculture, Conservation and Forestry, Bureau of Parks and Lands to Prevent the Use of the Term ""State Park"" by Nonstate Parks","An Act to Direct the Department of Agriculture, Conservation and Forestry, Bureau of Parks and Lands to Prevent the Use of the Term ""State Park"" by Nonstate Parks",6,2026-01-20,https://legiscan.com/ME/bill/LD1093/2025
ME,2007512,,An Act to Prohibit a Person from Obtaining an Elver Dealer's License for a Minimum of 5 Years in Cases of Repeat Violations of License Conditions,An Act to Prohibit a Person from Obtaining an Elver Dealer's License for a Minimum of 5 Years in Cases of Repeat Violations of License Conditions,4,2025-06-05,https://legiscan.com/ME/bill/LD1094/2025
ME,2007294,,An Act to Restrict Removal of Common Loons for Relocation in Maine from Bodies of Water of 500 Acres or Less,An Act to Restrict Removal of Common Loons for Relocation in Maine from Bodies of Water of 500 Acres or Less,6,2025-05-29,https://legiscan.com/ME/bill/LD1095/2025
ME,2007252,,An Act to Allow Municipalities That Have Financed Fiber-optic Broadband Infrastructure to Use Loans or Grants to Repay Associated Debt,An Act to Allow Municipalities That Have Financed Fiber-optic Broadband Infrastructure to Use Loans or Grants to Repay Associated Debt,6,2025-05-21,https://legiscan.com/ME/bill/LD1096/2025
ME,2007413,,"Resolve, to Require the Department of Education to Convene a Group to Develop Best Practices for De-escalation and Behavior Intervention","Resolve, to Require the Department of Education to Convene a Group to Develop Best Practices for De-escalation and Behavior Intervention",4,2025-06-25,https://legiscan.com/ME/bill/LD1097/2025
ME,2007555,,"Resolve, Directing the Department of Education to Review the Use of Abbreviated School Days","Resolve, Directing the Department of Education to Review the Use of Abbreviated School Days",4,2025-06-25,https://legiscan.com/ME/bill/LD1098/2025
ME,2007210,,An Act to Exempt Diapers from Sales Tax,An Act to Exempt Diapers from Sales Tax,3,2025-06-11,https://legiscan.com/ME/bill/LD1099/2025
ME,2009077,,An Act to Limit the Liability of Persons Who Provide Firearm Hold Agreements,An Act to Limit the Liability of Persons Who Provide Firearm Hold Agreements,6,2025-06-13,https://legiscan.com/ME/bill/LD1104/2025
ME,2009093,,An Act Concerning Displaced Civilian Federal Firefighters in Maine,An Act Concerning Displaced Civilian Federal Firefighters in Maine,4,2025-06-05,https://legiscan.com/ME/bill/LD1105/2025
ME,2009227,,An Act to Provide Funds for the Redevelopment of the Island Nursing Home in Hancock County into Affordable Senior Housing,An Act to Provide Funds for the Redevelopment of the Island Nursing Home in Hancock County into Affordable Senior Housing,3,2025-05-27,https://legiscan.com/ME/bill/LD1106/2025
ME,2009039,,An Act to Amend the Tax Expenditure Review Process and Centralize Incentive Data Collection,An Act to Amend the Tax Expenditure Review Process and Centralize Incentive Data Collection,3,2025-06-16,https://legiscan.com/ME/bill/LD1107/2025
ME,2009031,,An Act Regarding the Reunification of Foster Children with Their Parents,An Act Regarding the Reunification of Foster Children with Their Parents,6,2025-05-13,https://legiscan.com/ME/bill/LD1108/2025
ME,2009189,,An Act to Reduce Gun Violence Casualties in Maine by Prohibiting the Possession of Large-capacity Ammunition Feeding Devices,An Act to Reduce Gun Violence Casualties in Maine by Prohibiting the Possession of Large-capacity Ammunition Feeding Devices,6,2025-06-13,https://legiscan.com/ME/bill/LD1109/2025
ME,2009182,,An Act to Require Remittance Fees for Money Transmissions,An Act to Require Remittance Fees for Money Transmissions,6,2025-04-17,https://legiscan.com/ME/bill/LD1110/2025
ME,2009103,,An Act to Provide Water Service Infrastructure to Fairfield Residents Affected by Perfluoroalkyl and Polyfluoroalkyl Substances,An Act to Provide Water Service Infrastructure to Fairfield Residents Affected by Perfluoroalkyl and Polyfluoroalkyl Substances,3,2025-05-21,https://legiscan.com/ME/bill/LD1111/2025
ME,2009209,,"RESOLUTION, Proposing an Amendment to the Constitution of Maine Requiring Not Less Than 90 Percent State Reimbursement for Residential Real Estate Property Tax Exemptions and to Establish a Minimum Homestead Exemption","RESOLUTION, Proposing an Amendment to the Constitution of Maine Requiring Not Less Than 90 Percent State Reimbursement for Residential Real Estate Property Tax Exemptions and to Establish a Minimum Homestead Exemption",6,2025-06-11,https://legiscan.com/ME/bill/LD1112/2025
ME,2009262,,An Act Regarding Fairness in Sentencing for Persons Based on Age,An Act Regarding Fairness in Sentencing for Persons Based on Age,4,2025-06-11,https://legiscan.com/ME/bill/LD1113/2025
ME,2009316,,An Act to Provide That Spouses and Children of Corrections Officers Who Die in the Line of Duty Receive a Pension,An Act to Provide That Spouses and Children of Corrections Officers Who Die in the Line of Duty Receive a Pension,6,2025-06-16,https://legiscan.com/ME/bill/LD1114/2025
ME,2009242,,An Act to Expand Eligibility Under the State's Group Health Plan to Employees and Members of the Maine Association for the Education of Young Children,An Act to Expand Eligibility Under the State's Group Health Plan to Employees and Members of the Maine Association for the Education of Young Children,6,2025-05-20,https://legiscan.com/ME/bill/LD1115/2025
ME,2009157,,An Act to Protect the Constitutional Rights of Petition Circulators,An Act to Protect the Constitutional Rights of Petition Circulators,6,2025-05-20,https://legiscan.com/ME/bill/LD1116/2025
ME,2009086,,An Act to Strengthen Maine's Workforce Through Certified Preapprenticeship Training Programs,An Act to Strengthen Maine's Workforce Through Certified Preapprenticeship Training Programs,4,2025-06-05,https://legiscan.com/ME/bill/LD1117/2025
ME,2009176,,An Act to Establish a Permanent Free Community College Program for Maine,An Act to Establish a Permanent Free Community College Program for Maine,6,2025-05-06,https://legiscan.com/ME/bill/LD1118/2025
ME,2009148,,An Act Regarding Reproductive Health Care,An Act Regarding Reproductive Health Care,6,2026-03-05,https://legiscan.com/ME/bill/LD1119/2025
ME,2009299,,An Act to Promote the Secure Storage of Firearms,An Act to Promote the Secure Storage of Firearms,6,2025-06-13,https://legiscan.com/ME/bill/LD1120/2025
ME,2009363,,An Act to Ensure Equitable Access for All Caregivers to Diaper Changing Stations in State Buildings Open to the Public,An Act to Ensure Equitable Access for All Caregivers to Diaper Changing Stations in State Buildings Open to the Public,4,2025-06-25,https://legiscan.com/ME/bill/LD1121/2025
ME,2009329,,An Act to Amend the Law Banning Single-use Carry-out Bags,An Act to Amend the Law Banning Single-use Carry-out Bags,6,2025-04-08,https://legiscan.com/ME/bill/LD1122/2025
ME,2009308,,An Act to Provide Funding for MaineCare-related Services for Public Schools,An Act to Provide Funding for MaineCare-related Services for Public Schools,3,2025-05-21,https://legiscan.com/ME/bill/LD1123/2025
ME,2009011,,An Act Regarding Retirement Benefits and Salary Adjustments for Judicial Employees,An Act Regarding Retirement Benefits and Salary Adjustments for Judicial Employees,6,2025-05-13,https://legiscan.com/ME/bill/LD1124/2025
ME,2009061,,An Act Regarding the Impact of Certain Nonemergency Transportation Services Contracts on Community Action Agency Programs,An Act Regarding the Impact of Certain Nonemergency Transportation Services Contracts on Community Action Agency Programs,6,2025-04-29,https://legiscan.com/ME/bill/LD1125/2025
ME,2009067,,An Act Requiring Serial Numbers on Firearms and Prohibiting Undetectable Firearms,An Act Requiring Serial Numbers on Firearms and Prohibiting Undetectable Firearms,4,2025-06-25,https://legiscan.com/ME/bill/LD1126/2025
ME,2009142,,An Act to Establish Immunity for a Receiver Appointed by the Public Utilities Commission to Oversee the Operations of a Consumer-owned Water Utility,An Act to Establish Immunity for a Receiver Appointed by the Public Utilities Commission to Oversee the Operations of a Consumer-owned Water Utility,4,2025-04-30,https://legiscan.com/ME/bill/LD1127/2025
ME,2008976,,An Act to Modernize the Formulary for Naturopathic Doctors,An Act to Modernize the Formulary for Naturopathic Doctors,4,2025-05-27,https://legiscan.com/ME/bill/LD1128/2025
ME,2008958,,An Act to Clarify Standards for Defendants' Post-judgment Motions for Relief from Protection from Abuse Orders,An Act to Clarify Standards for Defendants' Post-judgment Motions for Relief from Protection from Abuse Orders,4,2025-05-27,https://legiscan.com/ME/bill/LD1129/2025
ME,2009121,,An Act to Advance Energy Storage Within the State,An Act to Advance Energy Storage Within the State,4,2025-05-21,https://legiscan.com/ME/bill/LD1130/2025
ME,2009131,,An Act to Reform the Process by Which a Person May Petition an Agency to Adopt or Modify Rules Under the Maine Administrative Procedure Act,An Act to Reform the Process by Which a Person May Petition an Agency to Adopt or Modify Rules Under the Maine Administrative Procedure Act,6,2025-06-12,https://legiscan.com/ME/bill/LD1131/2025
ME,2009019,,An Act Regarding the Required State of Mind Relating to Robbery,An Act Regarding the Required State of Mind Relating to Robbery,4,2025-06-03,https://legiscan.com/ME/bill/LD1146/2025
ME,2009253,,An Act Regarding the Required State of Mind Relating to the Threatening Display or Carrying of a Concealed Weapon,An Act Regarding the Required State of Mind Relating to the Threatening Display or Carrying of a Concealed Weapon,6,2025-06-09,https://legiscan.com/ME/bill/LD1147/2025
ME,2009353,,"Resolve, Directing the Secretary of State to Study Providing Access to Absentee Ballots for Municipal Elections to Uniformed Service Voters or Overseas Voters in the Same Manner as Absentee Ballots for Statewide Elections","Resolve, Directing the Secretary of State to Study Providing Access to Absentee Ballots for Municipal Elections to Uniformed Service Voters or Overseas Voters in the Same Manner as Absentee Ballots for Statewide Elections",4,2025-05-27,https://legiscan.com/ME/bill/LD1148/2025
ME,2010990,,An Act to Require an Individual to Present Photographic Identification for the Purpose of Voting,An Act to Require an Individual to Present Photographic Identification for the Purpose of Voting,6,2025-05-14,https://legiscan.com/ME/bill/LD1149/2025
ME,2010906,,An Act to Require Reporting of Sheltering or Aiding Missing Children,An Act to Require Reporting of Sheltering or Aiding Missing Children,4,2025-05-06,https://legiscan.com/ME/bill/LD1150/2025
ME,2011072,,An Act to Protect Access to Health Insurance Under the MaineCare Program,An Act to Protect Access to Health Insurance Under the MaineCare Program,6,2025-05-20,https://legiscan.com/ME/bill/LD1151/2025
ME,2011044,,An Act to Expand the Right to Shop for Health Care Services,An Act to Expand the Right to Shop for Health Care Services,6,2025-05-28,https://legiscan.com/ME/bill/LD1152/2025
ME,2011008,,An Act to Change in Statute the Areas Represented by the Members of the Board of Trustees of the Cross Insurance Arena from Sets of Municipalities to the County Commissioner Districts of Cumberland County,An Act to Change in Statute the Areas Represented by the Members of the Board of Trustees of the Cross Insurance Arena from Sets of Municipalities to the County Commissioner Districts of Cumberland County,4,2025-05-07,https://legiscan.com/ME/bill/LD1153/2025
ME,2011080,,An Act to Require That Informed Consent for Abortion Include Information on Perinatal Hospice,An Act to Require That Informed Consent for Abortion Include Information on Perinatal Hospice,6,2025-06-10,https://legiscan.com/ME/bill/LD1154/2025
ME,2011038,,An Act to Ensure Appropriate County Government Operations Relating to the Position of Dedimus Justice,An Act to Ensure Appropriate County Government Operations Relating to the Position of Dedimus Justice,6,2025-04-24,https://legiscan.com/ME/bill/LD1155/2025
ME,2011059,,An Act to Allow Military Surplus Vehicles to Be Collected and Used in Patriotic Exhibitions and Parades,An Act to Allow Military Surplus Vehicles to Be Collected and Used in Patriotic Exhibitions and Parades,6,2025-04-17,https://legiscan.com/ME/bill/LD1156/2025
ME,2010928,,An Act to Amend the Laws Relating to the State's Background Check Center,An Act to Amend the Laws Relating to the State's Background Check Center,4,2025-06-03,https://legiscan.com/ME/bill/LD1157/2025
ME,2011101,,An Act to Expand Appliance Energy and Water Standards,An Act to Expand Appliance Energy and Water Standards,4,2025-05-27,https://legiscan.com/ME/bill/LD1158/2025
ME,2011052,,An Act to Prohibit Governmental Entities That Charge a Fee for In-person Credit Card Purchases from Refusing to Accept Cash,An Act to Prohibit Governmental Entities That Charge a Fee for In-person Credit Card Purchases from Refusing to Accept Cash,4,2025-06-02,https://legiscan.com/ME/bill/LD1159/2025
ME,2010962,,An Act to Prohibit Ownership of 6 Percent or More or Control of a Public Utility by an Entity Providing Aid to a Foreign Terrorist Organization,An Act to Prohibit Ownership of 6 Percent or More or Control of a Public Utility by an Entity Providing Aid to a Foreign Terrorist Organization,6,2025-05-27,https://legiscan.com/ME/bill/LD1160/2025
ME,2010911,,"RESOLUTION, Proposing an Amendment to the Constitution of Maine Providing for the Popular Election of the Attorney General","RESOLUTION, Proposing an Amendment to the Constitution of Maine Providing for the Popular Election of the Attorney General",6,2025-05-29,https://legiscan.com/ME/bill/LD1161/2025
ME,2010915,,"Resolve, to Establish a Hybrid Juris Doctor Program at the University of Maine School of Law to Address Access to Justice in Rural Maine","Resolve, to Establish a Hybrid Juris Doctor Program at the University of Maine School of Law to Address Access to Justice in Rural Maine",6,2025-04-08,https://legiscan.com/ME/bill/LD1162/2025
ME,2010976,,"Resolve, Directing the State Board of Education to Amend Its Educator Credentialing Rules to Create a Pathway for an Industrial Arts Endorsement","Resolve, Directing the State Board of Education to Amend Its Educator Credentialing Rules to Create a Pathway for an Industrial Arts Endorsement",4,2025-06-10,https://legiscan.com/ME/bill/LD1163/2025
ME,2010996,,An Act to Create Economic Opportunity for the Wabanaki Nations Through Internet Gaming,An Act to Create Economic Opportunity for the Wabanaki Nations Through Internet Gaming,4,2025-06-25,https://legiscan.com/ME/bill/LD1164/2025
ME,2011085,,An Act to Create a Fund for Safe Disposal of Hazardous Fluids from Salvage Yards,An Act to Create a Fund for Safe Disposal of Hazardous Fluids from Salvage Yards,6,2025-04-24,https://legiscan.com/ME/bill/LD1165/2025
ME,2010933,,An Act to Change the Professional Title and Identification of Physician Assistants to Physician Associates,An Act to Change the Professional Title and Identification of Physician Assistants to Physician Associates,4,2025-06-02,https://legiscan.com/ME/bill/LD1166/2025
ME,2011098,,"Resolve, to Create a Pilot Program to Assist Nonprofit Housing Developers in Rehabilitating Existing Aging Housing Stock for First-time Home Buyers","Resolve, to Create a Pilot Program to Assist Nonprofit Housing Developers in Rehabilitating Existing Aging Housing Stock for First-time Home Buyers",3,2025-06-05,https://legiscan.com/ME/bill/LD1167/2025
ME,2011026,,An Act to Amend the Law Regarding the Current Use Valuation of Certain Working Waterfront Land with Respect to Commercial Boat Yards,An Act to Amend the Law Regarding the Current Use Valuation of Certain Working Waterfront Land with Respect to Commercial Boat Yards,6,2025-04-24,https://legiscan.com/ME/bill/LD1168/2025
ME,2010949,,An Act Regarding Employer Payments for the Paid Family and Medical Leave Benefits Program,An Act Regarding Employer Payments for the Paid Family and Medical Leave Benefits Program,6,2025-06-05,https://legiscan.com/ME/bill/LD1169/2025
ME,2011010,,An Act to Make the Maine Redevelopment Land Bank Authority Responsible for the Transfer and Development of State-owned Surplus Land,An Act to Make the Maine Redevelopment Land Bank Authority Responsible for the Transfer and Development of State-owned Surplus Land,4,2025-06-05,https://legiscan.com/ME/bill/LD1170/2025
ME,2010988,,"An Act to Restore Complimentary Licenses to Hunt, Trap and Fish for Residents 70 Years of Age and Older","An Act to Restore Complimentary Licenses to Hunt, Trap and Fish for Residents 70 Years of Age and Older",6,2025-04-08,https://legiscan.com/ME/bill/LD1171/2025
ME,2010908,,An Act to Enact the Passamaquoddy Fisheries and Workforce Development Act,An Act to Enact the Passamaquoddy Fisheries and Workforce Development Act,6,2025-05-21,https://legiscan.com/ME/bill/LD1172/2025
ME,2011089,,"Resolve, to Establish a Group to Study the Laws Governing the Guardianship of Adults and Ongoing Parental Rights of Parents of Disabled Adults","Resolve, to Establish a Group to Study the Laws Governing the Guardianship of Adults and Ongoing Parental Rights of Parents of Disabled Adults",6,2025-04-08,https://legiscan.com/ME/bill/LD1173/2025
ME,2010967,,An Act to Limit the Liability of Gun Shops That Provide Firearm Hold Agreements,An Act to Limit the Liability of Gun Shops That Provide Firearm Hold Agreements,4,2025-06-13,https://legiscan.com/ME/bill/LD1174/2025
ME,2011023,,An Act Regarding the Appointment and Payment of Counsel for Indigent Parents and Minors,An Act Regarding the Appointment and Payment of Counsel for Indigent Parents and Minors,6,2025-04-08,https://legiscan.com/ME/bill/LD1175/2025
ME,2010947,,An Act to Provide for the Sustainable Management of Marine Resources and Create a Noncommercial Northern Shrimp License,An Act to Provide for the Sustainable Management of Marine Resources and Create a Noncommercial Northern Shrimp License,4,2025-06-03,https://legiscan.com/ME/bill/LD1176/2025
ME,2011048,,"Resolve, to Study the Public Health and Environmental Risks from Synthetic Turf","Resolve, to Study the Public Health and Environmental Risks from Synthetic Turf",3,2025-05-22,https://legiscan.com/ME/bill/LD1177/2025
ME,2010942,,An Act to Expedite the Process Involving Municipalities That Illegally Move a Person to Avoid Responsibility for General Assistance Support,An Act to Expedite the Process Involving Municipalities That Illegally Move a Person to Avoid Responsibility for General Assistance Support,6,2025-04-30,https://legiscan.com/ME/bill/LD1178/2025
ME,2011095,,An Act Regarding Safety from Fire for Recreational Vehicles,An Act Regarding Safety from Fire for Recreational Vehicles,4,2025-06-03,https://legiscan.com/ME/bill/LD1179/2025
ME,2011064,,An Act to Prohibit Persons from Providing Incentives to Customers for Opting Out of Paper Billing,An Act to Prohibit Persons from Providing Incentives to Customers for Opting Out of Paper Billing,6,2025-04-17,https://legiscan.com/ME/bill/LD1180/2025
ME,2010984,,An Act Regarding the Designation of Short-term Rental Units as Commercial or Residential in Use,An Act Regarding the Designation of Short-term Rental Units as Commercial or Residential in Use,6,2025-06-05,https://legiscan.com/ME/bill/LD1181/2025
ME,2011018,,An Act to Grant the Rockland Port District an Increase in Its Borrowing Capacity and Include Sustainable Aquaculture and Marine Industries in Its Charter,An Act to Grant the Rockland Port District an Increase in Its Borrowing Capacity and Include Sustainable Aquaculture and Marine Industries in Its Charter,4,2025-04-23,https://legiscan.com/ME/bill/LD1182/2025
ME,2010931,,An Act to Ensure Rent-to-own Protections Apply to Mobile Home Park Tenants,An Act to Ensure Rent-to-own Protections Apply to Mobile Home Park Tenants,4,2025-05-13,https://legiscan.com/ME/bill/LD1183/2025
ME,2011002,,"An Act to Require Municipal Reporting on Residential Building Permits, Dwelling Units Permitted and Demolished and Certificates of Occupancy Issued","An Act to Require Municipal Reporting on Residential Building Permits, Dwelling Units Permitted and Demolished and Certificates of Occupancy Issued",4,2025-06-25,https://legiscan.com/ME/bill/LD1184/2025
ME,2011067,,An Act to Prohibit Persons Under 18 Years of Age from Marrying,An Act to Prohibit Persons Under 18 Years of Age from Marrying,4,2025-04-23,https://legiscan.com/ME/bill/LD1185/2025
ME,2011078,,"Resolve, Directing the Department of Transportation to Study the Feasibility of Ferry Service to Monhegan Island","Resolve, Directing the Department of Transportation to Study the Feasibility of Ferry Service to Monhegan Island",4,2025-06-18,https://legiscan.com/ME/bill/LD1186/2025
ME,2010922,,An Act to Include Certain Mental Health Assessment Data in Firearm Fatalities and Hospitalizations Reports,An Act to Include Certain Mental Health Assessment Data in Firearm Fatalities and Hospitalizations Reports,4,2025-06-25,https://legiscan.com/ME/bill/LD1187/2025
ME,2011030,,An Act to Amend the Law Governing Facilities Approved by the State Harness Racing Commission to Sell Pari-mutuel Pools and Common Pari-mutuel Pools for Simulcast Racing,An Act to Amend the Law Governing Facilities Approved by the State Harness Racing Commission to Sell Pari-mutuel Pools and Common Pari-mutuel Pools for Simulcast Racing,4,2025-06-09,https://legiscan.com/ME/bill/LD1188/2025
ME,2010955,,An Act to Allow an Attorney for the State to Determine Whether to Charge Certain Class E Crimes as Civil Violations,An Act to Allow an Attorney for the State to Determine Whether to Charge Certain Class E Crimes as Civil Violations,4,2025-06-25,https://legiscan.com/ME/bill/LD1189/2025
ME,2011423,,An Act to Allow Chiropractors to Treat Dogs and Equids,An Act to Allow Chiropractors to Treat Dogs and Equids,1,2025-03-20,https://legiscan.com/ME/bill/LD1220/2025
ME,2011221,,"Resolve, Directing the Department of Labor to Study Protection of Paid Family and Medical Leave Benefits Program Funds","Resolve, Directing the Department of Labor to Study Protection of Paid Family and Medical Leave Benefits Program Funds",4,2025-06-03,https://legiscan.com/ME/bill/LD1221/2025
ME,2011321,,An Act to Limit Sovereign Immunity for Schools and School Superintendents,An Act to Limit Sovereign Immunity for Schools and School Superintendents,6,2025-06-09,https://legiscan.com/ME/bill/LD1222/2025
ME,2013329,,An Act to Comprehensively Protect Consumer Privacy,An Act to Comprehensively Protect Consumer Privacy,6,2025-06-17,https://legiscan.com/ME/bill/LD1224/2025
ME,2013305,,An Act to Amend the Nursing Education Loan Repayment Program,An Act to Amend the Nursing Education Loan Repayment Program,6,2025-05-06,https://legiscan.com/ME/bill/LD1225/2025
ME,2013548,,An Act to Protect Consumers by Licensing Residential Building Contractors,An Act to Protect Consumers by Licensing Residential Building Contractors,3,2025-06-03,https://legiscan.com/ME/bill/LD1226/2025
ME,2013437,,An Act to Repeal the Requirement That Motor Vehicle Manufacturers Equip Vehicles with a Standardized Data Access Platform,An Act to Repeal the Requirement That Motor Vehicle Manufacturers Equip Vehicles with a Standardized Data Access Platform,6,2025-06-18,https://legiscan.com/ME/bill/LD1227/2025
ME,2013133,,An Act to Clarify Certain Terms in and to Make Other Changes to the Automotive Right to Repair Laws,An Act to Clarify Certain Terms in and to Make Other Changes to the Automotive Right to Repair Laws,5,2026-01-20,https://legiscan.com/ME/bill/LD1228/2025
ME,2013311,,An Act to Create Equity in Maine's Campaign Finance Laws,An Act to Create Equity in Maine's Campaign Finance Laws,6,2025-06-25,https://legiscan.com/ME/bill/LD1229/2025
ME,2013380,,An Act to Abolish the 72-hour Waiting Period for a Gun Purchase,An Act to Abolish the 72-hour Waiting Period for a Gun Purchase,1,2025-03-25,https://legiscan.com/ME/bill/LD1230/2025
ME,2013171,,An Act to Require Legislative Approval of Proposed Permanent Changes to the Overnight Docking of State Ferries on Islands,An Act to Require Legislative Approval of Proposed Permanent Changes to the Overnight Docking of State Ferries on Islands,4,2025-06-09,https://legiscan.com/ME/bill/LD1231/2025
ME,2013444,,An Act to Require Radon Testing for Certain Commercial and Residential Construction,An Act to Require Radon Testing for Certain Commercial and Residential Construction,6,2025-06-13,https://legiscan.com/ME/bill/LD1232/2025
ME,2013353,,An Act to Modify Confidentiality Laws to Protect Children Being Placed into Custody by the Department of Health and Human Services,An Act to Modify Confidentiality Laws to Protect Children Being Placed into Custody by the Department of Health and Human Services,6,2025-04-15,https://legiscan.com/ME/bill/LD1233/2025
ME,2013161,,An Act Regarding Cellular Telephones in Public Schools,An Act Regarding Cellular Telephones in Public Schools,4,2025-06-02,https://legiscan.com/ME/bill/LD1234/2025
ME,2013507,,An Act to Establish Transparency in Opioid Settlement Funds Allocated to Municipalities or Counties,An Act to Establish Transparency in Opioid Settlement Funds Allocated to Municipalities or Counties,6,2025-04-29,https://legiscan.com/ME/bill/LD1235/2025
ME,2013373,,An Act to Address Employee Retention of State Employees Who Are Firefighters at Bangor International Airport,An Act to Address Employee Retention of State Employees Who Are Firefighters at Bangor International Airport,3,2025-05-27,https://legiscan.com/ME/bill/LD1236/2025
ME,2013238,,An Act to Support Adult Family Care Homes and Residential Care Facilities That Are Small or Located in Rural and Isolated Areas of the State,An Act to Support Adult Family Care Homes and Residential Care Facilities That Are Small or Located in Rural and Isolated Areas of the State,6,2025-04-30,https://legiscan.com/ME/bill/LD1237/2025
ME,2013522,,An Act to Establish a Small-cap Loan Guarantee Program for Affordable Housing Investments,An Act to Establish a Small-cap Loan Guarantee Program for Affordable Housing Investments,6,2025-05-27,https://legiscan.com/ME/bill/LD1238/2025
ME,2013146,,An Act to Require Data Collection on and Reporting of Psychiatric Hospital Resources and Transparency in Denials of Emergency Involuntary Admissions to Psychiatric Hospitals,An Act to Require Data Collection on and Reporting of Psychiatric Hospital Resources and Transparency in Denials of Emergency Involuntary Admissions to Psychiatric Hospitals,6,2025-05-14,https://legiscan.com/ME/bill/LD1239/2025
ME,2013516,,An Act to Align the Schedules for Climate Change Protection Plans and Grid-enhancing Technology Reviews with the Integrated Grid Planning Process,An Act to Align the Schedules for Climate Change Protection Plans and Grid-enhancing Technology Reviews with the Integrated Grid Planning Process,4,2025-04-23,https://legiscan.com/ME/bill/LD1240/2025
ME,2013492,,An Act to Establish the Make Change for Wildlife Program to Support the Maine Endangered and Nongame Wildlife Fund,An Act to Establish the Make Change for Wildlife Program to Support the Maine Endangered and Nongame Wildlife Fund,4,2025-06-09,https://legiscan.com/ME/bill/LD1241/2025
ME,2013186,,An Act to Incentivize the Construction of Solar Carport Canopies and Solar Chargers at Highway Picnic Areas,An Act to Incentivize the Construction of Solar Carport Canopies and Solar Chargers at Highway Picnic Areas,6,2025-05-14,https://legiscan.com/ME/bill/LD1242/2025
ME,2013202,,An Act Regarding the Licensing of Assisted Living Facilities,An Act Regarding the Licensing of Assisted Living Facilities,4,2025-06-02,https://legiscan.com/ME/bill/LD1243/2025
ME,2013283,,An Act to Establish Requirements for Warming Shelters,An Act to Establish Requirements for Warming Shelters,6,2025-04-22,https://legiscan.com/ME/bill/LD1244/2025
ME,2013337,,An Act to Establish a Fund and Council to Support Working Waterfronts,An Act to Establish a Fund and Council to Support Working Waterfronts,4,2025-06-05,https://legiscan.com/ME/bill/LD1245/2025
ME,2013213,,"Resolve, Directing the Department of Economic and Community Development to Convene a Working Group to Review the Process of Setting Impact Fees","Resolve, Directing the Department of Economic and Community Development to Convene a Working Group to Review the Process of Setting Impact Fees",4,2025-06-12,https://legiscan.com/ME/bill/LD1246/2025
ME,2013260,,An Act to Restrict Municipal Ordinance Requirements Regarding Housing Developments,An Act to Restrict Municipal Ordinance Requirements Regarding Housing Developments,6,2026-01-20,https://legiscan.com/ME/bill/LD1247/2025
ME,2013139,,An Act Regarding Physical Escort and Restraint and Seclusion of Students in Schools,An Act Regarding Physical Escort and Restraint and Seclusion of Students in Schools,4,2025-06-05,https://legiscan.com/ME/bill/LD1248/2025
ME,2013564,,An Act to Delay Payment of Benefits Under the Paid Family and Medical Leave Benefits Program,An Act to Delay Payment of Benefits Under the Paid Family and Medical Leave Benefits Program,6,2025-05-20,https://legiscan.com/ME/bill/LD1249/2025
ME,2013541,,An Act to Provide That Portfolio Requirements for Renewable Electricity Resources Apply Only to Actual Retail Sales,An Act to Provide That Portfolio Requirements for Renewable Electricity Resources Apply Only to Actual Retail Sales,6,2025-05-20,https://legiscan.com/ME/bill/LD1250/2025
ME,2013404,,"Resolve, to Reduce the Cost of Energy in Maine and Further Reduce Greenhouse Gas Emissions Through Energy Contracts","Resolve, to Reduce the Cost of Energy in Maine and Further Reduce Greenhouse Gas Emissions Through Energy Contracts",6,2025-05-14,https://legiscan.com/ME/bill/LD1251/2025
ME,2013581,,"An Act to Amend the Laws Governing the Maine Agriculture, Food System and Forest Products Infrastructure Investment Advisory Board","An Act to Amend the Laws Governing the Maine Agriculture, Food System and Forest Products Infrastructure Investment Advisory Board",3,2025-05-22,https://legiscan.com/ME/bill/LD1252/2025
ME,2013345,,An Act to Authorize the Commissioner of Marine Resources to Add Limited-access Area Fishing Days During the Scallop Season,An Act to Authorize the Commissioner of Marine Resources to Add Limited-access Area Fishing Days During the Scallop Season,4,2025-05-27,https://legiscan.com/ME/bill/LD1253/2025
ME,2013320,,An Act to Expand the Licensing of Outpatient Surgical Facilities,An Act to Expand the Licensing of Outpatient Surgical Facilities,6,2025-06-11,https://legiscan.com/ME/bill/LD1254/2025
ME,2013360,,An Act to Ensure In-state Tuition for Postsecondary Students Who Are Registered to Vote in the State and to Amend Eligibility Requirements for the Free Community College Tuition Program,An Act to Ensure In-state Tuition for Postsecondary Students Who Are Registered to Vote in the State and to Amend Eligibility Requirements for the Free Community College Tuition Program,6,2025-06-03,https://legiscan.com/ME/bill/LD1255/2025
ME,2013595,,An Act to Support Healthy Meal Programs in Maine Schools by Allowing the School Revolving Renovation Fund to Make Loans to Repair and Renovate School Kitchens and Cafeterias,An Act to Support Healthy Meal Programs in Maine Schools by Allowing the School Revolving Renovation Fund to Make Loans to Repair and Renovate School Kitchens and Cafeterias,6,2025-05-06,https://legiscan.com/ME/bill/LD1256/2025
ME,2013193,,An Act to Ban the Sale of Cell-cultured Meat,An Act to Ban the Sale of Cell-cultured Meat,6,2025-06-09,https://legiscan.com/ME/bill/LD1257/2025
ME,2013153,,An Act to Include Qualified Out-of-state Electric Vehicle Providers and Clarify Provisions Regarding Electric Bicycles Under the Electric Vehicle Fund,An Act to Include Qualified Out-of-state Electric Vehicle Providers and Clarify Provisions Regarding Electric Bicycles Under the Electric Vehicle Fund,4,2025-06-02,https://legiscan.com/ME/bill/LD1258/2025
ME,2013230,,An Act to Enhance Public Safety in Maine by Defining the Relationship Between Local and Federal Law Enforcement,An Act to Enhance Public Safety in Maine by Defining the Relationship Between Local and Federal Law Enforcement,6,2026-03-17,https://legiscan.com/ME/bill/LD1259/2025
ME,2013573,,An Act to Revise the Tax Laws Regarding the Mi'kmaq Nation,An Act to Revise the Tax Laws Regarding the Mi'kmaq Nation,6,2025-05-06,https://legiscan.com/ME/bill/LD1260/2025
ME,2013388,,"Resolve, to Establish the Community Navigator Pilot Program to Support At-risk Families","Resolve, to Establish the Community Navigator Pilot Program to Support At-risk Families",3,2025-06-11,https://legiscan.com/ME/bill/LD1261/2025
ME,2013179,,An Act to Improve Government Transparency and Accountability by Establishing a Process to Allow a Person to Require the State to Enforce Certain Laws and Rules,An Act to Improve Government Transparency and Accountability by Establishing a Process to Allow a Person to Require the State to Enforce Certain Laws and Rules,6,2025-04-29,https://legiscan.com/ME/bill/LD1262/2025
ME,2013466,,An Act Regarding Penalties for Fentanyl Trafficking When That Trafficking Results in an Overdose Causing Serious Bodily Injury of a Person,An Act Regarding Penalties for Fentanyl Trafficking When That Trafficking Results in an Overdose Causing Serious Bodily Injury of a Person,6,2025-06-17,https://legiscan.com/ME/bill/LD1263/2025
ME,2013587,,"Resolve, Requiring the Director of the Bureau of Parks and Lands in the Department of Agriculture, Conservation and Forestry to Modify the Deed That Conveyed Montpelier, the General Henry Knox Museum in Thomaston, to the Friends of Montpelier","Resolve, Requiring the Director of the Bureau of Parks and Lands in the Department of Agriculture, Conservation and Forestry to Modify the Deed That Conveyed Montpelier, the General Henry Knox Museum in Thomaston, to the Friends of Montpelier",4,2025-05-21,https://legiscan.com/ME/bill/LD1264/2025
ME,2013268,,An Act to Amend the Laws Governing Public Employee Market Pay Studies and Comprehensive Reviews of the Classification Plan for State Service Positions,An Act to Amend the Laws Governing Public Employee Market Pay Studies and Comprehensive Reviews of the Classification Plan for State Service Positions,4,2025-06-25,https://legiscan.com/ME/bill/LD1265/2025
ME,2013474,,"Resolve, Directing the Department of Health and Human Services, Office of Behavioral Health to Convene a Working Group to Propose a Plan for Expanding the Reach of Treatment Courts","Resolve, Directing the Department of Health and Human Services, Office of Behavioral Health to Convene a Working Group to Propose a Plan for Expanding the Reach of Treatment Courts",4,2025-06-17,https://legiscan.com/ME/bill/LD1266/2025
ME,2013429,,"Resolve, Directing the Department of Labor to Convene a Task Force to Examine and Study Issues Relating to the Gap Between the Economic Output and Wages of Workers in the State","Resolve, Directing the Department of Labor to Convene a Task Force to Examine and Study Issues Relating to the Gap Between the Economic Output and Wages of Workers in the State",6,2025-05-06,https://legiscan.com/ME/bill/LD1267/2025
ME,2013423,,An Act to Address Employee Recruitment and Retention Issues Within the Maine State Ferry Service by Providing a Yearly Stipend,An Act to Address Employee Recruitment and Retention Issues Within the Maine State Ferry Service by Providing a Yearly Stipend,6,2025-06-09,https://legiscan.com/ME/bill/LD1268/2025
ME,2013413,,"Resolve, to Study the Costs and Funding of a Universal Health Care Plan for Maine","Resolve, to Study the Costs and Funding of a Universal Health Care Plan for Maine",6,2025-05-27,https://legiscan.com/ME/bill/LD1269/2025
ME,2013396,,An Act to Establish the Department of Energy Resources,An Act to Establish the Department of Energy Resources,4,2025-06-25,https://legiscan.com/ME/bill/LD1270/2025
ME,2013498,,An Act to Make Permanent the Law Allowing School Boards to Accept the Volunteer Services of Immediate Family Members of Superintendents or School Board Members,An Act to Make Permanent the Law Allowing School Boards to Accept the Volunteer Services of Immediate Family Members of Superintendents or School Board Members,6,2025-05-06,https://legiscan.com/ME/bill/LD1271/2025
ME,2013276,,An Act to Address the Housing Crisis by Reducing Barriers to Building More Accessory Dwelling Units,An Act to Address the Housing Crisis by Reducing Barriers to Building More Accessory Dwelling Units,6,2025-05-27,https://legiscan.com/ME/bill/LD1272/2025
ME,2013483,,An Act to Make Paid Family and Medical Leave Voluntary,An Act to Make Paid Family and Medical Leave Voluntary,6,2025-06-03,https://legiscan.com/ME/bill/LD1273/2025
ME,2013556,,An Act to Cap State General Assistance Reimbursement to Municipalities,An Act to Cap State General Assistance Reimbursement to Municipalities,6,2025-05-06,https://legiscan.com/ME/bill/LD1274/2025
ME,2013298,,An Act to Promote the Production of Natural Resources Bioproducts by Amending the Renewable Chemicals Tax Credit,An Act to Promote the Production of Natural Resources Bioproducts by Amending the Renewable Chemicals Tax Credit,4,2025-06-25,https://legiscan.com/ME/bill/LD1275/2025
ME,2013219,,An Act to Align Intrastate Commercial Motor Vehicle Insurance Requirements with Federal Standards,An Act to Align Intrastate Commercial Motor Vehicle Insurance Requirements with Federal Standards,4,2025-05-21,https://legiscan.com/ME/bill/LD1276/2025
ME,2013458,,An Act Regarding Controlled Substances Prescription Monitoring Activities,An Act Regarding Controlled Substances Prescription Monitoring Activities,3,2025-06-09,https://legiscan.com/ME/bill/LD1277/2025
ME,2013244,,An Act to Change the Property Tax Appeal Process,An Act to Change the Property Tax Appeal Process,6,2025-04-29,https://legiscan.com/ME/bill/LD1278/2025
ME,2013253,,"Resolve, Establishing the Biotoxin Testing of Cultured Scallops Pilot Program","Resolve, Establishing the Biotoxin Testing of Cultured Scallops Pilot Program",4,2025-06-25,https://legiscan.com/ME/bill/LD1279/2025
ME,2013533,,"Resolve, to Create Pilot Programs to Provide Tuition Assistance and Grants for Rural Child Care Providers","Resolve, to Create Pilot Programs to Provide Tuition Assistance and Grants for Rural Child Care Providers",6,2025-04-29,https://legiscan.com/ME/bill/LD1280/2025
ME,2014870,,An Act to Reform Net Energy Billing by Establishing Limitations on the Programs' Duration and Compensation,An Act to Reform Net Energy Billing by Establishing Limitations on the Programs' Duration and Compensation,6,2025-06-13,https://legiscan.com/ME/bill/LD1321/2025
ME,2014954,,"Resolve, to Establish a Pilot Program to Enhance Youth Hunting Participation","Resolve, to Establish a Pilot Program to Enhance Youth Hunting Participation",4,2025-05-27,https://legiscan.com/ME/bill/LD1322/2025
ME,2014910,,"Resolve, Directing the Board of Pesticides Control to Evaluate the Impact of Neonicotinoids on Pollinators, Humans and the Environment","Resolve, Directing the Board of Pesticides Control to Evaluate the Impact of Neonicotinoids on Pollinators, Humans and the Environment",4,2025-06-09,https://legiscan.com/ME/bill/LD1323/2025
ME,2014834,,An Act to Protect Maine Consumers Shopping for Electric Vehicles from Deceptive Advertising and Marketing Practices,An Act to Protect Maine Consumers Shopping for Electric Vehicles from Deceptive Advertising and Marketing Practices,6,2025-06-03,https://legiscan.com/ME/bill/LD1324/2025
ME,2014857,,An Act to Create Clarity in the Laws Regarding Property Tax Abatement Appeals,An Act to Create Clarity in the Laws Regarding Property Tax Abatement Appeals,4,2025-06-12,https://legiscan.com/ME/bill/LD1325/2025
ME,2014808,,An Act to Protect the Drinking Water for Consumers of Certain Water Systems by Establishing Maximum Contaminant Levels for Certain Perfluoroalkyl and Polyfluoroalkyl Substances,An Act to Protect the Drinking Water for Consumers of Certain Water Systems by Establishing Maximum Contaminant Levels for Certain Perfluoroalkyl and Polyfluoroalkyl Substances,4,2025-06-12,https://legiscan.com/ME/bill/LD1326/2025
ME,2014852,,"Resolve, Directing the University of Maine System to Study Student Teacher Compensation","Resolve, Directing the University of Maine System to Study Student Teacher Compensation",4,2025-06-05,https://legiscan.com/ME/bill/LD1327/2025
ME,2014894,,An Act to Create Culturally Appropriate and Trauma-informed Housing and Recovery Services,An Act to Create Culturally Appropriate and Trauma-informed Housing and Recovery Services,5,2025-06-25,https://legiscan.com/ME/bill/LD1328/2025
ME,2014948,,An Act to Identify United States Citizenship Status on Driver's Licenses and Nondriver Identification Cards,An Act to Identify United States Citizenship Status on Driver's Licenses and Nondriver Identification Cards,6,2025-05-29,https://legiscan.com/ME/bill/LD1329/2025
ME,2014972,,An Act to Clarify That a Business's License or Subscription to Use Software Is Not Considered a Lease for the Purposes of Sales and Use Tax,An Act to Clarify That a Business's License or Subscription to Use Software Is Not Considered a Lease for the Purposes of Sales and Use Tax,6,2025-06-12,https://legiscan.com/ME/bill/LD1330/2025
ME,2014901,,"RESOLUTION, Proposing an Amendment to the Constitution of Maine Regarding When the Governor May Call the Legislature into Session","RESOLUTION, Proposing an Amendment to the Constitution of Maine Regarding When the Governor May Call the Legislature into Session",6,2025-05-28,https://legiscan.com/ME/bill/LD1331/2025
ME,2014922,,An Act to Establish the Community Schools Success Fund to Ensure the Implementation and Success of Community Schools Programs,An Act to Establish the Community Schools Success Fund to Ensure the Implementation and Success of Community Schools Programs,4,2025-06-10,https://legiscan.com/ME/bill/LD1332/2025
ME,2014828,,An Act to Make Changes to the Paid Family and Medical Leave Benefits Program,An Act to Make Changes to the Paid Family and Medical Leave Benefits Program,6,2025-06-03,https://legiscan.com/ME/bill/LD1333/2025
ME,2014897,,An Act to Require Retailers to Place Any Liquor That Is Accessible to Customers at Least 48 Inches from the Payment Terminal,An Act to Require Retailers to Place Any Liquor That Is Accessible to Customers at Least 48 Inches from the Payment Terminal,6,2025-04-29,https://legiscan.com/ME/bill/LD1334/2025
ME,2014840,,An Act to Prohibit Life Sentences,An Act to Prohibit Life Sentences,6,2025-04-17,https://legiscan.com/ME/bill/LD1335/2025
ME,2014875,,An Act to Establish the Maine-Aomori Sister-state Advisory Council,An Act to Establish the Maine-Aomori Sister-state Advisory Council,4,2025-06-25,https://legiscan.com/ME/bill/LD1336/2025
ME,2014814,,An Act to Amend the Maine Human Rights Act Regarding Female Athletes and Safety in Women's Single-sex Shelters,An Act to Amend the Maine Human Rights Act Regarding Female Athletes and Safety in Women's Single-sex Shelters,6,2025-06-16,https://legiscan.com/ME/bill/LD1337/2025
ME,2014951,,"Resolve, Directing State Agencies and Semiautonomous State Agencies to Provide a List of Surplus Properties and Properties Eligible for Redevelopment to the Maine Redevelopment Land Bank Authority","Resolve, Directing State Agencies and Semiautonomous State Agencies to Provide a List of Surplus Properties and Properties Eligible for Redevelopment to the Maine Redevelopment Land Bank Authority",6,2025-04-30,https://legiscan.com/ME/bill/LD1338/2025
ME,2016540,,An Act to Require Antisemitism to Be Considered as Motivation When Determining a Violation of a Criminal or Civil Law,An Act to Require Antisemitism to Be Considered as Motivation When Determining a Violation of a Criminal or Civil Law,6,2025-05-20,https://legiscan.com/ME/bill/LD1351/2025
ME,2016484,,"An Act to Amend Provisions Regarding the Scallop Fishery License Apprentice Program, Licensing and Limited Access Areas","An Act to Amend Provisions Regarding the Scallop Fishery License Apprentice Program, Licensing and Limited Access Areas",6,2025-04-30,https://legiscan.com/ME/bill/LD1352/2025
ME,2016410,,An Act Regarding Required Landings in the Menhaden Fishery,An Act Regarding Required Landings in the Menhaden Fishery,3,2026-03-25,https://legiscan.com/ME/bill/LD1353/2025
ME,2016334,,An Act Regarding Liquor Licensing in Outdoor Stadiums and Exclusivity in Licensee Agreements,An Act Regarding Liquor Licensing in Outdoor Stadiums and Exclusivity in Licensee Agreements,6,2025-05-13,https://legiscan.com/ME/bill/LD1354/2025
ME,2016558,,"Resolve, to Require the Governor's Energy Office to Study Taxation of Renewable Energy Infrastructure","Resolve, to Require the Governor's Energy Office to Study Taxation of Renewable Energy Infrastructure",4,2025-06-25,https://legiscan.com/ME/bill/LD1355/2025
ME,2016386,,An Act to Change the State's Method of Allocating Electoral Votes from a Congressional District Method to a Winner-take-all Method Contingent on the State of Nebraska Changing its Method of Allocating Electoral Votes,An Act to Change the State's Method of Allocating Electoral Votes from a Congressional District Method to a Winner-take-all Method Contingent on the State of Nebraska Changing its Method of Allocating Electoral Votes,1,2025-03-28,https://legiscan.com/ME/bill/LD1356/2025
ME,2016550,,An Act to Create Alternative Pathways for Certification or Endorsement of Industrial Arts Teachers,An Act to Create Alternative Pathways for Certification or Endorsement of Industrial Arts Teachers,6,2025-06-02,https://legiscan.com/ME/bill/LD1357/2025
ME,2016531,,An Act to Reduce Electricity Rates by Removing Limitations on the Ownership of Generation by an Affiliate of an Investor-owned Transmission and Distribution Utility,An Act to Reduce Electricity Rates by Removing Limitations on the Ownership of Generation by an Affiliate of an Investor-owned Transmission and Distribution Utility,6,2025-05-29,https://legiscan.com/ME/bill/LD1358/2025
ME,2016372,,"Resolve, to Direct the Department of Transportation to Report Progress Made Toward Implementing Recommendations Based on the 2025 Public Transit Advisory Council Report","Resolve, to Direct the Department of Transportation to Report Progress Made Toward Implementing Recommendations Based on the 2025 Public Transit Advisory Council Report",4,2025-06-18,https://legiscan.com/ME/bill/LD1359/2025
ME,2016350,,An Act to Preserve Traditional Driver's Licenses and Nondriver Identification Cards,An Act to Preserve Traditional Driver's Licenses and Nondriver Identification Cards,4,2025-05-27,https://legiscan.com/ME/bill/LD1360/2025
ME,2016468,,An Act to Require Insurance Coverage for Covered Dental Services Provided by Licensed Dental Hygienists,An Act to Require Insurance Coverage for Covered Dental Services Provided by Licensed Dental Hygienists,4,2025-06-25,https://legiscan.com/ME/bill/LD1361/2025
ME,2016395,,An Act to Establish Parity in Funding Between Recovery Community Centers and Peer-run Recovery Centers,An Act to Establish Parity in Funding Between Recovery Community Centers and Peer-run Recovery Centers,6,2025-04-08,https://legiscan.com/ME/bill/LD1362/2025
ME,2016343,,An Act to Exempt Resident Minors' Income from Income Tax,An Act to Exempt Resident Minors' Income from Income Tax,6,2025-05-06,https://legiscan.com/ME/bill/LD1363/2025
ME,2016360,,"Resolve, Authorizing a Study on the Impacts and Risks of Lead-based Ammunition","Resolve, Authorizing a Study on the Impacts and Risks of Lead-based Ammunition",6,2025-06-11,https://legiscan.com/ME/bill/LD1364/2025
ME,2016504,,An Act to Allow Consumption of Adult Use Cannabis in Locally Approved Hospitality Lounges,An Act to Allow Consumption of Adult Use Cannabis in Locally Approved Hospitality Lounges,1,2025-03-28,https://legiscan.com/ME/bill/LD1365/2025
ME,2016376,,An Act to Amend Certain Provisions of the Drug Laws Related to Cocaine Base,An Act to Amend Certain Provisions of the Drug Laws Related to Cocaine Base,4,2025-06-03,https://legiscan.com/ME/bill/LD1366/2025
ME,2016421,,"Resolve, to Study Methods of Gradually Transitioning Individuals from Government Assistance Programs to the Workforce","Resolve, to Study Methods of Gradually Transitioning Individuals from Government Assistance Programs to the Workforce",6,2025-05-13,https://legiscan.com/ME/bill/LD1367/2025
ME,2016494,,An Act to Provide a Property Tax Exemption for Allowing Shellfish Harvester Access to the Intertidal Zone,An Act to Provide a Property Tax Exemption for Allowing Shellfish Harvester Access to the Intertidal Zone,6,2025-04-29,https://legiscan.com/ME/bill/LD1368/2025
ME,2016428,,An Act to Provide Emergency Medical Services Training Through the Maine Community College System,An Act to Provide Emergency Medical Services Training Through the Maine Community College System,6,2025-05-20,https://legiscan.com/ME/bill/LD1369/2025
ME,2016565,,"Resolve, Requiring the Judicial Branch to Report on the Implementation and Operation of Its Electronic Filing System","Resolve, Requiring the Judicial Branch to Report on the Implementation and Operation of Its Electronic Filing System",6,2025-05-07,https://legiscan.com/ME/bill/LD1370/2025
ME,2016478,,An Act to Tie Judicial Salaries to the Average Judicial Salaries of Other New England States,An Act to Tie Judicial Salaries to the Average Judicial Salaries of Other New England States,6,2025-05-21,https://legiscan.com/ME/bill/LD1371/2025
ME,2016521,,An Act to Establish a Special Committee to Review Routine Technical Rules,An Act to Establish a Special Committee to Review Routine Technical Rules,6,2025-06-03,https://legiscan.com/ME/bill/LD1372/2025
ME,2016436,,An Act to Repeal the National Popular Vote Compact,An Act to Repeal the National Popular Vote Compact,6,2025-04-30,https://legiscan.com/ME/bill/LD1373/2025
ME,2016976,,An Act to Protect Maine Communities by Enacting the Extreme Risk Protection Order Act,An Act to Protect Maine Communities by Enacting the Extreme Risk Protection Order Act,1,2025-04-01,https://legiscan.com/ME/bill/LD1378/2025
ME,2017024,,An Act to Require Public Health Warnings to Be Posted and Provided by Firearm Dealers and Gunsmiths,An Act to Require Public Health Warnings to Be Posted and Provided by Firearm Dealers and Gunsmiths,6,2025-06-13,https://legiscan.com/ME/bill/LD1379/2025
ME,2016993,,"Resolve, Establishing the Study Group on Solutions to Address Maine's Behavioral Health Workforce Shortage","Resolve, Establishing the Study Group on Solutions to Address Maine's Behavioral Health Workforce Shortage",6,2025-04-29,https://legiscan.com/ME/bill/LD1380/2025
ME,2016904,,An Act to Authorize the Secretary of State to Designate Law Enforcement Officers Employed by the Department of the Secretary of State to Investigate Alleged Violations of Election Laws,An Act to Authorize the Secretary of State to Designate Law Enforcement Officers Employed by the Department of the Secretary of State to Investigate Alleged Violations of Election Laws,6,2025-04-08,https://legiscan.com/ME/bill/LD1381/2025
ME,2016860,,An Act Regarding Dam Repair,An Act Regarding Dam Repair,3,2025-06-10,https://legiscan.com/ME/bill/LD1382/2025
ME,2016939,,An Act to Require State Divestment from Perpetrators of International Human Rights Violations,An Act to Require State Divestment from Perpetrators of International Human Rights Violations,6,2026-03-18,https://legiscan.com/ME/bill/LD1383/2025
ME,2017012,,"Resolve, Directing the Department of Public Safety and the Department of Transportation to Examine Motor Vehicle Accidents Involving Pedestrians","Resolve, Directing the Department of Public Safety and the Department of Transportation to Examine Motor Vehicle Accidents Involving Pedestrians",6,2025-04-22,https://legiscan.com/ME/bill/LD1384/2025
ME,2016921,,An Act to Consider Municipalities Meeting Regional Housing Goals in Awarding Transportation Grants,An Act to Consider Municipalities Meeting Regional Housing Goals in Awarding Transportation Grants,6,2025-05-27,https://legiscan.com/ME/bill/LD1385/2025
ME,2017019,,An Act to Provide Emergency One-time Relief from the Wild Blueberry Tax for Sellers in Maine and Partial Relief for Processors and Shippers,An Act to Provide Emergency One-time Relief from the Wild Blueberry Tax for Sellers in Maine and Partial Relief for Processors and Shippers,6,2025-06-17,https://legiscan.com/ME/bill/LD1386/2025
ME,2016869,,"Resolve, to Increase the Emergency Medical Workforce by Allowing Military Medical Personnel to Become Eligible for Licensure as Emergency Medical Services Persons","Resolve, to Increase the Emergency Medical Workforce by Allowing Military Medical Personnel to Become Eligible for Licensure as Emergency Medical Services Persons",6,2025-05-28,https://legiscan.com/ME/bill/LD1387/2025
ME,2016944,,An Act to Replace the Participation Threshold in Votes to Adopt or Alter a Municipal Charter with a Lower Approval Threshold,An Act to Replace the Participation Threshold in Votes to Adopt or Alter a Municipal Charter with a Lower Approval Threshold,6,2025-05-21,https://legiscan.com/ME/bill/LD1388/2025
ME,2016854,,An Act to Create the Building Opportunity Through Out-of-school Time Program,An Act to Create the Building Opportunity Through Out-of-school Time Program,4,2025-05-21,https://legiscan.com/ME/bill/LD1389/2025
ME,2016950,,"Resolve, Directing the Secretary of State to Develop Recommendations for a Multiyear Registration System for National Car Rental Companies","Resolve, Directing the Secretary of State to Develop Recommendations for a Multiyear Registration System for National Car Rental Companies",4,2025-06-02,https://legiscan.com/ME/bill/LD1390/2025
ME,2016988,,An Act to Update the Maine Self-service Storage Act,An Act to Update the Maine Self-service Storage Act,4,2025-05-27,https://legiscan.com/ME/bill/LD1391/2025
ME,2016911,,An Act to Limit the Applicability of the Laws Regulating Payroll Processors to Services Provided by Payroll Processors to Employers with a Legal Address in the State,An Act to Limit the Applicability of the Laws Regulating Payroll Processors to Services Provided by Payroll Processors to Employers with a Legal Address in the State,6,2025-04-29,https://legiscan.com/ME/bill/LD1392/2025
ME,2016956,,An Act to Require Continuing Education for Licensed Architects,An Act to Require Continuing Education for Licensed Architects,4,2025-06-02,https://legiscan.com/ME/bill/LD1393/2025
ME,2017023,,An Act to Support Maine's Electric Vehicle Adoption Goals by Providing an Exclusion for Electric Vehicles from Certain Requirements of the Right to Repair Law,An Act to Support Maine's Electric Vehicle Adoption Goals by Providing an Exclusion for Electric Vehicles from Certain Requirements of the Right to Repair Law,6,2025-06-18,https://legiscan.com/ME/bill/LD1394/2025
ME,2016873,,An Act Regarding Human Trafficking Prevention Instruction and Dissemination of and Access to Obscene Material in Schools,An Act Regarding Human Trafficking Prevention Instruction and Dissemination of and Access to Obscene Material in Schools,6,2025-05-29,https://legiscan.com/ME/bill/LD1395/2025
ME,2016941,,An Act to Amend Maine's Municipal Subdivision Standards to Increase the Number of Dwelling Units on or Divisions of a Tract of Land Before the Tract is Considered a Subdivision,An Act to Amend Maine's Municipal Subdivision Standards to Increase the Number of Dwelling Units on or Divisions of a Tract of Land Before the Tract is Considered a Subdivision,6,2025-05-27,https://legiscan.com/ME/bill/LD1396/2025
ME,2016846,,An Act to Fund Community-based Organizations to Prevent and Reduce the Risk of Children's Involvement in the Child Welfare System,An Act to Fund Community-based Organizations to Prevent and Reduce the Risk of Children's Involvement in the Child Welfare System,6,2025-05-20,https://legiscan.com/ME/bill/LD1397/2025
ME,2017002,,An Act Regarding Behavioral Health Support for Students in Public Schools,An Act Regarding Behavioral Health Support for Students in Public Schools,6,2025-05-21,https://legiscan.com/ME/bill/LD1398/2025
ME,2016863,,An Act to Allow Action Against a Person Violating the Confidentiality of an Executive Session of a Public Body or Agency,An Act to Allow Action Against a Person Violating the Confidentiality of an Executive Session of a Public Body or Agency,6,2025-05-06,https://legiscan.com/ME/bill/LD1399/2025
ME,2016895,,An Act to Exempt Certain Public School Districts and Their Employees from the Paid Family and Medical Leave Benefits Program,An Act to Exempt Certain Public School Districts and Their Employees from the Paid Family and Medical Leave Benefits Program,6,2025-06-05,https://legiscan.com/ME/bill/LD1400/2025
ME,2016887,,An Act to Repeal the Provisions of Law Requiring Motor Vehicle Liability Insurance Policies to Cover the Cost of Towing and Storing Certain Vehicles,An Act to Repeal the Provisions of Law Requiring Motor Vehicle Liability Insurance Policies to Cover the Cost of Towing and Storing Certain Vehicles,6,2025-05-07,https://legiscan.com/ME/bill/LD1401/2025
ME,2016973,,An Act to Convene a Stakeholder Group to Determine Methods of Ensuring the Long-term Solvency of the Maine Guaranteed Access Reinsurance Association,An Act to Convene a Stakeholder Group to Determine Methods of Ensuring the Long-term Solvency of the Maine Guaranteed Access Reinsurance Association,6,2025-05-21,https://legiscan.com/ME/bill/LD1402/2025
ME,2016891,,An Act to Expand the Hunter Safety Course Exemption for Certain Individuals with Firearm Training,An Act to Expand the Hunter Safety Course Exemption for Certain Individuals with Firearm Training,6,2025-04-24,https://legiscan.com/ME/bill/LD1403/2025
ME,2016838,,"Resolve, to Create a Working Group on the Status of School Libraries and on Public Libraries in Maine","Resolve, to Create a Working Group on the Status of School Libraries and on Public Libraries in Maine",4,2025-06-25,https://legiscan.com/ME/bill/LD1404/2025
ME,2016960,,An Act to Amend Laws Governing the Public Utilities Commission Concerning Participant Funding,An Act to Amend Laws Governing the Public Utilities Commission Concerning Participant Funding,6,2025-05-28,https://legiscan.com/ME/bill/LD1405/2025
ME,2016953,,An Act to Amend Certain Definitions in the Child and Family Services and Child Protection Act,An Act to Amend Certain Definitions in the Child and Family Services and Child Protection Act,4,2025-06-03,https://legiscan.com/ME/bill/LD1406/2025
ME,2016928,,"Resolve, Directing the Department of Labor to Report the Findings of the Indoor Air Quality Advisory Group","Resolve, Directing the Department of Labor to Report the Findings of the Indoor Air Quality Advisory Group",4,2025-06-02,https://legiscan.com/ME/bill/LD1407/2025
ME,2016917,,An Act to Codify Judicial Deference to Agency Interpretations,An Act to Codify Judicial Deference to Agency Interpretations,6,2025-05-28,https://legiscan.com/ME/bill/LD1408/2025
ME,2016990,,An Act Regarding the Rights of Foster Parents,An Act Regarding the Rights of Foster Parents,6,2025-05-13,https://legiscan.com/ME/bill/LD1409/2025
ME,2016874,,An Act to Provide Due Process in Confiscation and Destruction of Personal Items of Unhoused Persons,An Act to Provide Due Process in Confiscation and Destruction of Personal Items of Unhoused Persons,6,2025-06-03,https://legiscan.com/ME/bill/LD1410/2025
ME,2016971,,An Act to Modify the Laws Regarding Driver's License Applications,An Act to Modify the Laws Regarding Driver's License Applications,4,2025-05-27,https://legiscan.com/ME/bill/LD1411/2025
ME,2016924,,An Act to Increase Contingency Reserves for Maine's Consumer-owned Electric Transmission and Distribution Utilities,An Act to Increase Contingency Reserves for Maine's Consumer-owned Electric Transmission and Distribution Utilities,4,2025-06-02,https://legiscan.com/ME/bill/LD1412/2025
ME,2017287,,"Resolve, to Expand Child Assertive Community Treatment","Resolve, to Expand Child Assertive Community Treatment",4,2025-06-25,https://legiscan.com/ME/bill/LD1426/2025
ME,2017137,,An Act Extending the Statute of Limitations on Criminal Actions Involving Aggravated Sex Trafficking,An Act Extending the Statute of Limitations on Criminal Actions Involving Aggravated Sex Trafficking,4,2025-06-25,https://legiscan.com/ME/bill/LD1427/2025
ME,2019218,,An Act to Increase Access to Child Care for Maine Families,An Act to Increase Access to Child Care for Maine Families,4,2025-06-09,https://legiscan.com/ME/bill/LD1428/2025
ME,2019146,,An Act to Provide Full Reimbursement for Emergency Ambulance Services Provided to MaineCare Members,An Act to Provide Full Reimbursement for Emergency Ambulance Services Provided to MaineCare Members,6,2025-05-27,https://legiscan.com/ME/bill/LD1429/2025
ME,2018985,,An Act Regarding the Transfer of Moose Permits to Disabled Veterans,An Act Regarding the Transfer of Moose Permits to Disabled Veterans,4,2025-06-09,https://legiscan.com/ME/bill/LD1430/2025
ME,2018962,,An Act to Implement an Interstate Voter Registration Cross-check Program,An Act to Implement an Interstate Voter Registration Cross-check Program,6,2025-06-03,https://legiscan.com/ME/bill/LD1431/2025
ME,2019005,,An Act to Remove Consideration of Gender Identity from the Maine Human Rights Act,An Act to Remove Consideration of Gender Identity from the Maine Human Rights Act,6,2025-06-13,https://legiscan.com/ME/bill/LD1432/2025
ME,2018897,,"Resolve, to Establish a Working Waterfront Infrastructure Engineer Corps Pilot Program and to Conduct a Feasibility Study of a Higher Education Service Corps Program","Resolve, to Establish a Working Waterfront Infrastructure Engineer Corps Pilot Program and to Conduct a Feasibility Study of a Higher Education Service Corps Program",4,2025-06-25,https://legiscan.com/ME/bill/LD1433/2025
ME,2019087,,An Act to Allow Veterans' Organizations and Fraternal Organizations to Obtain a License to Operate the Draw Game Keno,An Act to Allow Veterans' Organizations and Fraternal Organizations to Obtain a License to Operate the Draw Game Keno,6,2025-04-29,https://legiscan.com/ME/bill/LD1434/2025
ME,2019070,,An Act to Allow a Municipality or Locally Recognized Lake Association to Post Certain Information on the Department of Inland Fisheries and Wildlife's Information Kiosks Located at State Boat Launch Facilities,An Act to Allow a Municipality or Locally Recognized Lake Association to Post Certain Information on the Department of Inland Fisheries and Wildlife's Information Kiosks Located at State Boat Launch Facilities,6,2025-06-05,https://legiscan.com/ME/bill/LD1435/2025
ME,2019028,,An Act to Update and Clarify Provisions Related to 9-1-1 Services,An Act to Update and Clarify Provisions Related to 9-1-1 Services,4,2025-05-27,https://legiscan.com/ME/bill/LD1436/2025
ME,2019198,,"RESOLUTION, Proposing an Amendment to the Constitution of Maine to Specify the Qualifications of Electors in State and Local Elections","RESOLUTION, Proposing an Amendment to the Constitution of Maine to Specify the Qualifications of Electors in State and Local Elections",6,2025-05-29,https://legiscan.com/ME/bill/LD1437/2025
ME,2018995,,"Resolve, Regarding Deer Hunting on Mount Desert Island","Resolve, Regarding Deer Hunting on Mount Desert Island",6,2025-05-27,https://legiscan.com/ME/bill/LD1438/2025
ME,2019189,,"An Act to Protect the Health and Welfare of Children in Public Schools by Requiring Parental Consent for Certain Tests, Analyses and Diagnoses","An Act to Protect the Health and Welfare of Children in Public Schools by Requiring Parental Consent for Certain Tests, Analyses and Diagnoses",6,2025-06-05,https://legiscan.com/ME/bill/LD1439/2025
ME,2018913,,An Act to Amend the Maine Uniform Probate Code,An Act to Amend the Maine Uniform Probate Code,4,2025-05-27,https://legiscan.com/ME/bill/LD1440/2025
ME,2019227,,An Act to Make General Assistance Officers Mandated Reporters,An Act to Make General Assistance Officers Mandated Reporters,6,2025-05-20,https://legiscan.com/ME/bill/LD1459/2025
ME,2019154,,An Act to Require Parents to Be Informed of Hospitals' Safe Sleep Rules,An Act to Require Parents to Be Informed of Hospitals' Safe Sleep Rules,6,2025-06-09,https://legiscan.com/ME/bill/LD1460/2025
ME,2019012,,An Act to Prohibit School Boards from Implementing or Enforcing Mask Mandates,An Act to Prohibit School Boards from Implementing or Enforcing Mask Mandates,6,2025-06-05,https://legiscan.com/ME/bill/LD1461/2025
ME,2019050,,An Act to Promote Artisans and the Creative Economy,An Act to Promote Artisans and the Creative Economy,4,2025-06-02,https://legiscan.com/ME/bill/LD1462/2025
ME,2019063,,An Act to Prohibit the Auctioning of State Surplus or Forfeited Firearms,An Act to Prohibit the Auctioning of State Surplus or Forfeited Firearms,6,2025-05-13,https://legiscan.com/ME/bill/LD1463/2025
ME,2019019,,An Act to Provide for an Alternative Municipal Property Tax Assessment Rate,An Act to Provide for an Alternative Municipal Property Tax Assessment Rate,6,2025-05-21,https://legiscan.com/ME/bill/LD1464/2025
ME,2019078,,An Act to Create the Office of Workforce Advancement Within the Department of Economic and Community Development and Establish Statewide Workforce Advancement Goals,An Act to Create the Office of Workforce Advancement Within the Department of Economic and Community Development and Establish Statewide Workforce Advancement Goals,6,2025-05-13,https://legiscan.com/ME/bill/LD1465/2025
ME,2019121,,An Act Related to Excusing a School from Making Up Missed Days When It Cannot Operate During a Declared State of Emergency,An Act Related to Excusing a School from Making Up Missed Days When It Cannot Operate During a Declared State of Emergency,6,2025-06-04,https://legiscan.com/ME/bill/LD1466/2025
ME,2019104,,An Act to Ensure Accountability for Repairs Conducted by Independent Repair Facilities on Motor Vehicles Under Warranty,An Act to Ensure Accountability for Repairs Conducted by Independent Repair Facilities on Motor Vehicles Under Warranty,6,2025-06-11,https://legiscan.com/ME/bill/LD1467/2025
ME,2019110,,An Act to Establish Standards for Independent Motor Vehicle Repair Facilities in Maine,An Act to Establish Standards for Independent Motor Vehicle Repair Facilities in Maine,6,2025-05-21,https://legiscan.com/ME/bill/LD1468/2025
ME,2018928,,An Act to Clarify the Quality Rating System for Child Care Services in Maine,An Act to Clarify the Quality Rating System for Child Care Services in Maine,4,2025-06-03,https://legiscan.com/ME/bill/LD1469/2025
ME,2018904,,An Act to Create a Liaison Program to Self-insured Entities and Consumers,An Act to Create a Liaison Program to Self-insured Entities and Consumers,6,2025-05-28,https://legiscan.com/ME/bill/LD1470/2025
ME,2018971,,An Act to Require Energy Efficiency Disclosure Statements for Certain Rental Housing in the State,An Act to Require Energy Efficiency Disclosure Statements for Certain Rental Housing in the State,4,2025-06-10,https://legiscan.com/ME/bill/LD1471/2025
ME,2018945,,An Act to Address Climate Change,An Act to Address Climate Change,6,2025-05-27,https://legiscan.com/ME/bill/LD1472/2025
ME,2019128,,An Act to Require Gas Utilities to Assess for Natural Gas Leaks and to Require Reporting of Gas Leak Information,An Act to Require Gas Utilities to Assess for Natural Gas Leaks and to Require Reporting of Gas Leak Information,4,2025-06-02,https://legiscan.com/ME/bill/LD1473/2025
ME,2019137,,An Act to Strengthen the Teaching of Wabanaki Studies in Maine Schools,An Act to Strengthen the Teaching of Wabanaki Studies in Maine Schools,3,2025-06-10,https://legiscan.com/ME/bill/LD1474/2025
ME,2018938,,"Resolve, to Establish the Commission to Study the Taxation of Digital Assets","Resolve, to Establish the Commission to Study the Taxation of Digital Assets",6,2025-05-21,https://legiscan.com/ME/bill/LD1475/2025
ME,2018890,,"An Act to Support Maine's Homeless Shelters by Imposing a Fee for Booking Hotels, Short-term Rentals and Recreational Vehicle Camping Reservations","An Act to Support Maine's Homeless Shelters by Imposing a Fee for Booking Hotels, Short-term Rentals and Recreational Vehicle Camping Reservations",6,2025-06-05,https://legiscan.com/ME/bill/LD1476/2025
ME,2019172,,"An Act to Provide an Exemption from Pilotage Requirements for Passenger Ferry Service Between Bar Harbor, Maine and Yarmouth, Nova Scotia","An Act to Provide an Exemption from Pilotage Requirements for Passenger Ferry Service Between Bar Harbor, Maine and Yarmouth, Nova Scotia",6,2026-03-17,https://legiscan.com/ME/bill/LD1477/2025
ME,2019212,,An Act to Amend the Laws Governing Baitfish Wholesaler's Licenses,An Act to Amend the Laws Governing Baitfish Wholesaler's Licenses,4,2025-06-03,https://legiscan.com/ME/bill/LD1478/2025
ME,2019095,,An Act to Protect Senior Homeowners in Home-sharing Agreements by Providing for an Expedited Eviction Process,An Act to Protect Senior Homeowners in Home-sharing Agreements by Providing for an Expedited Eviction Process,6,2025-06-09,https://legiscan.com/ME/bill/LD1479/2025
ME,2018978,,An Act Regarding Exceptions for Persons Learning to Drive Who Have Not Yet Completed a Driver Education Course,An Act Regarding Exceptions for Persons Learning to Drive Who Have Not Yet Completed a Driver Education Course,6,2025-05-13,https://legiscan.com/ME/bill/LD1480/2025
ME,2018885,,An Act to Amend the Law Governing Stabilization of Property Taxes on Homesteads of Individuals 65 Years of Age or Older,An Act to Amend the Law Governing Stabilization of Property Taxes on Homesteads of Individuals 65 Years of Age or Older,6,2025-05-21,https://legiscan.com/ME/bill/LD1481/2025
ME,2019163,,"An Act to Require Education Regarding Lesbian, Gay, Bisexual, Transgender, Queer, Questioning and Other Allied Communities","An Act to Require Education Regarding Lesbian, Gay, Bisexual, Transgender, Queer, Questioning and Other Allied Communities",6,2025-04-17,https://legiscan.com/ME/bill/LD1482/2025
ME,2019205,,An Act Related to Public Access of Records of Certain Disciplinary Actions of Public Employees,An Act Related to Public Access of Records of Certain Disciplinary Actions of Public Employees,6,2025-04-24,https://legiscan.com/ME/bill/LD1484/2025
ME,2018921,,An Act to Create a Minimum Standard of Pathology for Children Under 3 Years of Age Who Die of Sudden Infant Death Syndrome or an Unknown Cause,An Act to Create a Minimum Standard of Pathology for Children Under 3 Years of Age Who Die of Sudden Infant Death Syndrome or an Unknown Cause,6,2025-06-09,https://legiscan.com/ME/bill/LD1485/2025
ME,2019036,,An Act to Provide Financing Assistance for Down Payments for First-generation Homeowners,An Act to Provide Financing Assistance for Down Payments for First-generation Homeowners,6,2025-04-30,https://legiscan.com/ME/bill/LD1486/2025
ME,2020462,,"Resolve, Directing the Office of Procurement Services to Study Adapting the Procurement Process to the State Climate Action Plan","Resolve, Directing the Office of Procurement Services to Study Adapting the Procurement Process to the State Climate Action Plan",4,2025-06-10,https://legiscan.com/ME/bill/LD1494/2025
ME,2020472,,An Act to Make the Professional Standards Board Responsible for the Educator Certification Process,An Act to Make the Professional Standards Board Responsible for the Educator Certification Process,6,2025-05-13,https://legiscan.com/ME/bill/LD1495/2025
ME,2020439,,An Act to Ensure Ongoing Access to Medications and Care for Chronic Conditions by Changing Requirements for Prior Authorizations,An Act to Ensure Ongoing Access to Medications and Care for Chronic Conditions by Changing Requirements for Prior Authorizations,3,2025-06-13,https://legiscan.com/ME/bill/LD1496/2025
ME,2020641,,An Act to Amend the Laws Governing Primary Care Reporting by the Maine Quality Forum and to Establish the Primary Care Advisory Council,An Act to Amend the Laws Governing Primary Care Reporting by the Maine Quality Forum and to Establish the Primary Care Advisory Council,4,2025-06-02,https://legiscan.com/ME/bill/LD1497/2025
ME,2020536,,An Act to Address Maine's Housing Crisis by Limiting Municipal Impact Fees on Housing Development,An Act to Address Maine's Housing Crisis by Limiting Municipal Impact Fees on Housing Development,4,2025-06-25,https://legiscan.com/ME/bill/LD1498/2025
ME,2020750,,"An Act to Revoke the Tax-exempt Status of an Organization That Fails to Report Sexual Assaults Committed by Employees, Board Members, Volunteers or Affiliates","An Act to Revoke the Tax-exempt Status of an Organization That Fails to Report Sexual Assaults Committed by Employees, Board Members, Volunteers or Affiliates",6,2025-05-28,https://legiscan.com/ME/bill/LD1499/2025
ME,2020758,,"An Act to Establish the Maine Community Development Financial Institution Fund to Support Small Businesses, Rural Economic Development and Affordable Housing","An Act to Establish the Maine Community Development Financial Institution Fund to Support Small Businesses, Rural Economic Development and Affordable Housing",4,2025-06-25,https://legiscan.com/ME/bill/LD1500/2025
ME,2020595,,An Act to Extend the Time Frame for a Chiropractic Intern License,An Act to Extend the Time Frame for a Chiropractic Intern License,4,2025-05-21,https://legiscan.com/ME/bill/LD1501/2025
ME,2020729,,An Act to Update the Requirements for Health Insurance Coverage of Prostate Cancer Screening,An Act to Update the Requirements for Health Insurance Coverage of Prostate Cancer Screening,1,2025-04-08,https://legiscan.com/ME/bill/LD1502/2025
ME,2020627,,An Act to Create a Green Crab Only Wholesale Dealer License,An Act to Create a Green Crab Only Wholesale Dealer License,4,2025-05-27,https://legiscan.com/ME/bill/LD1503/2025
ME,2020497,,An Act to Support Small Businesses by Providing a Refundable Tax Credit to Certain Businesses to Offset Credit and Debit Card Transaction Fees,An Act to Support Small Businesses by Providing a Refundable Tax Credit to Certain Businesses to Offset Credit and Debit Card Transaction Fees,6,2025-05-27,https://legiscan.com/ME/bill/LD1504/2025
ME,2020706,,An Act to Phase out the Sales and Use Tax,An Act to Phase out the Sales and Use Tax,6,2025-06-09,https://legiscan.com/ME/bill/LD1505/2025
ME,2020485,,An Act to Amend the Personal Property Tax Exemption for Individually Owned Personal Property,An Act to Amend the Personal Property Tax Exemption for Individually Owned Personal Property,3,2025-06-16,https://legiscan.com/ME/bill/LD1506/2025
ME,2020584,,An Act to Require General Public Notification of Oil Terminal Facility Transfer Activities,An Act to Require General Public Notification of Oil Terminal Facility Transfer Activities,1,2025-04-08,https://legiscan.com/ME/bill/LD1507/2025
ME,2020509,,An Act to Clarify the Law Regarding Tinted Windows in Motor Vehicles,An Act to Clarify the Law Regarding Tinted Windows in Motor Vehicles,6,2025-04-30,https://legiscan.com/ME/bill/LD1508/2025
ME,2020605,,"Resolve, to Maintain Access to Home and Community-based Services for Adults with Intellectual Disabilities, Autism Spectrum Disorder or Brain Injury","Resolve, to Maintain Access to Home and Community-based Services for Adults with Intellectual Disabilities, Autism Spectrum Disorder or Brain Injury",6,2025-05-29,https://legiscan.com/ME/bill/LD1509/2025
ME,2020617,,An Act to Establish Statutory Deadlines for Processing Applications for Emergency Medical Services Personnel,An Act to Establish Statutory Deadlines for Processing Applications for Emergency Medical Services Personnel,6,2025-05-13,https://legiscan.com/ME/bill/LD1510/2025
ME,2020657,,An Act to Expand Direct Health Care Service Arrangements,An Act to Expand Direct Health Care Service Arrangements,4,2025-06-13,https://legiscan.com/ME/bill/LD1511/2025
ME,2020561,,An Act to Protect Patients from Health Care Discrimination and Guarantee Access to the Lowest Available Cost for Care,An Act to Protect Patients from Health Care Discrimination and Guarantee Access to the Lowest Available Cost for Care,6,2025-05-28,https://legiscan.com/ME/bill/LD1512/2025
ME,2020574,,An Act to Study the Role of Natural Gas in an Equitable Clean Energy Transition for Maine and to Establish a Commission to Study the Establishment of a Just and Equitable Transition for Maine's Workforce,An Act to Study the Role of Natural Gas in an Equitable Clean Energy Transition for Maine and to Establish a Commission to Study the Establishment of a Just and Equitable Transition for Maine's Workforce,6,2025-05-27,https://legiscan.com/ME/bill/LD1513/2025
ME,2020693,,An Act to Change the Laws Regarding Real Estate Appraisers,An Act to Change the Laws Regarding Real Estate Appraisers,4,2025-06-03,https://legiscan.com/ME/bill/LD1514/2025
ME,2020739,,An Act to Exempt Wheelchair Adapted Motor Vehicles from the Sales and Use Tax,An Act to Exempt Wheelchair Adapted Motor Vehicles from the Sales and Use Tax,3,2025-06-09,https://legiscan.com/ME/bill/LD1515/2025
ME,2020768,,An Act to Strengthen the Maine Development Foundation,An Act to Strengthen the Maine Development Foundation,4,2025-06-03,https://legiscan.com/ME/bill/LD1516/2025
ME,2021174,,"An Act to Replace Participation Thresholds with Approval Thresholds in Certain School, Municipal and County Measures","An Act to Replace Participation Thresholds with Approval Thresholds in Certain School, Municipal and County Measures",6,2025-06-16,https://legiscan.com/ME/bill/LD1517/2025
ME,2021042,,An Act to Clarify the Amount and Use of Unallocated Balances in a School Administrative Unit Budget,An Act to Clarify the Amount and Use of Unallocated Balances in a School Administrative Unit Budget,6,2025-05-21,https://legiscan.com/ME/bill/LD1518/2025
ME,2021074,,An Act to Create a Stewardship Program for Electronic Smoking Devices and Related Products,An Act to Create a Stewardship Program for Electronic Smoking Devices and Related Products,3,2025-06-09,https://legiscan.com/ME/bill/LD1519/2025
ME,2021096,,An Act to Reduce the Income Tax Paid by Volunteers for Mileage Reimbursements,An Act to Reduce the Income Tax Paid by Volunteers for Mileage Reimbursements,6,2025-05-06,https://legiscan.com/ME/bill/LD1520/2025
ME,2021152,,An Act to Require All State Agencies to Provide a Zero-based Budget Once Every 10 Years,An Act to Require All State Agencies to Provide a Zero-based Budget Once Every 10 Years,1,2025-04-08,https://legiscan.com/ME/bill/LD1521/2025
ME,2021213,,An Act to Establish the Maine Eviction Prevention Program,An Act to Establish the Maine Eviction Prevention Program,3,2025-06-09,https://legiscan.com/ME/bill/LD1522/2025
ME,2021194,,"Resolve, to Develop MaineCare Coverage for Doula Services","Resolve, to Develop MaineCare Coverage for Doula Services",4,2025-06-05,https://legiscan.com/ME/bill/LD1523/2025
ME,2021056,,An Act to Enhance Legislative Participation in the Governor's Exercise of Emergency Powers,An Act to Enhance Legislative Participation in the Governor's Exercise of Emergency Powers,6,2025-05-21,https://legiscan.com/ME/bill/LD1524/2025
ME,2021132,,An Act to Promote Firewood Banks in Maine,An Act to Promote Firewood Banks in Maine,4,2025-05-27,https://legiscan.com/ME/bill/LD1525/2025
ME,2022031,,"RESOLUTION, Proposing an Amendment to the Constitution of Maine to Require a Supermajority of the Legislature to Approve Raising Taxes","RESOLUTION, Proposing an Amendment to the Constitution of Maine to Require a Supermajority of the Legislature to Approve Raising Taxes",6,2025-06-03,https://legiscan.com/ME/bill/LD1553/2025
ME,2022082,,"Resolve, Directing the Department of Labor to Report on Sexual Harassment","Resolve, Directing the Department of Labor to Report on Sexual Harassment",4,2025-06-05,https://legiscan.com/ME/bill/LD1554/2025
ME,2022038,,An Act to Establish an Employer Tax Credit for Qualifying Child Care Costs,An Act to Establish an Employer Tax Credit for Qualifying Child Care Costs,3,2025-06-10,https://legiscan.com/ME/bill/LD1555/2025
ME,2021971,,"Resolve, Regarding Increasing the Number of Kennebec County Commissioners","Resolve, Regarding Increasing the Number of Kennebec County Commissioners",6,2025-05-29,https://legiscan.com/ME/bill/LD1556/2025
ME,2022009,,An Act to Ensure Uniformity in the Regulation of Perfluoroalkyl and Polyfluoroalkyl Substances in Pesticides,An Act to Ensure Uniformity in the Regulation of Perfluoroalkyl and Polyfluoroalkyl Substances in Pesticides,6,2025-04-22,https://legiscan.com/ME/bill/LD1557/2025
ME,2021948,,"Resolve, Establishing the Commission to Update Maine's Public Policy on Higher Education","Resolve, Establishing the Commission to Update Maine's Public Policy on Higher Education",4,2025-06-25,https://legiscan.com/ME/bill/LD1558/2025
ME,2021872,,An Act to Authorize Medical Cannabis Farmers' Markets,An Act to Authorize Medical Cannabis Farmers' Markets,6,2025-05-06,https://legiscan.com/ME/bill/LD1559/2025
ME,2021834,,An Act to Address Conflicts of Interest with Municipal Contracts,An Act to Address Conflicts of Interest with Municipal Contracts,6,2025-05-21,https://legiscan.com/ME/bill/LD1560/2025
ME,2021936,,"Resolve, Regarding the Percentage of a Lobster and Crab Fishing Licensee's Lobster Traps That May Be Fished in a Lobster Management Zone Listed on the License as a Secondary Zone","Resolve, Regarding the Percentage of a Lobster and Crab Fishing Licensee's Lobster Traps That May Be Fished in a Lobster Management Zone Listed on the License as a Secondary Zone",4,2025-06-03,https://legiscan.com/ME/bill/LD1561/2025
ME,2021998,,An Act Regarding Municipal Road Standards,An Act Regarding Municipal Road Standards,4,2025-06-11,https://legiscan.com/ME/bill/LD1562/2025
ME,2021906,,An Act to Establish Content Standards for Legislation,An Act to Establish Content Standards for Legislation,6,2025-06-09,https://legiscan.com/ME/bill/LD1563/2025
ME,2021886,,An Act to Delay Implementation of Certain Recent Changes to the Beverage Container Redemption Law and to Make Other Necessary Changes to That Law,An Act to Delay Implementation of Certain Recent Changes to the Beverage Container Redemption Law and to Make Other Necessary Changes to That Law,4,2025-06-03,https://legiscan.com/ME/bill/LD1564/2025
ME,2022069,,An Act to Allow the Use of Certain All-terrain Vehicles on Snowmobile Trails,An Act to Allow the Use of Certain All-terrain Vehicles on Snowmobile Trails,6,2025-05-14,https://legiscan.com/ME/bill/LD1565/2025
ME,2021945,,"An Act to Provide Compensation to Individuals with Lived Experience Serving on Certain Advisory Boards, Commissions, Councils and Similar Groups","An Act to Provide Compensation to Individuals with Lived Experience Serving on Certain Advisory Boards, Commissions, Councils and Similar Groups",4,2025-06-25,https://legiscan.com/ME/bill/LD1566/2025
ME,2021850,,An Act to Require Labeling of Radiation Treatment and Ozonation of Adult Use Cannabis and Inspection and Registration of Associated Equipment,An Act to Require Labeling of Radiation Treatment and Ozonation of Adult Use Cannabis and Inspection and Registration of Associated Equipment,6,2025-05-20,https://legiscan.com/ME/bill/LD1567/2025
ME,2021898,,An Act to Allow the Use of a Siren in a Vehicle Used by a Harbor Master or Deputy Harbor Master,An Act to Allow the Use of a Siren in a Vehicle Used by a Harbor Master or Deputy Harbor Master,4,2025-06-02,https://legiscan.com/ME/bill/LD1568/2025
ME,2021909,,"Resolve, to Direct the Department of Economic and Community Development to Form a Stakeholder Group to Analyze and Improve Home Repair Funding Programs in the State","Resolve, to Direct the Department of Economic and Community Development to Form a Stakeholder Group to Analyze and Improve Home Repair Funding Programs in the State",6,2025-04-30,https://legiscan.com/ME/bill/LD1569/2025
ME,2021881,,An Act to Prohibit Fluoridation of the Public Water Supply,An Act to Prohibit Fluoridation of the Public Water Supply,6,2025-05-14,https://legiscan.com/ME/bill/LD1570/2025
ME,2022072,,An Act to Modify Certification Standards for Full-time Teachers in Public Charter Schools and Standards for Reissuance of Educational Technician Certificates,An Act to Modify Certification Standards for Full-time Teachers in Public Charter Schools and Standards for Reissuance of Educational Technician Certificates,4,2025-06-11,https://legiscan.com/ME/bill/LD1571/2025
ME,2021976,,An Act Regarding Prosecution Standards for Nonfatal Strangulation or Suffocation in Domestic Violence Cases,An Act Regarding Prosecution Standards for Nonfatal Strangulation or Suffocation in Domestic Violence Cases,6,2026-02-24,https://legiscan.com/ME/bill/LD1572/2025
ME,2021939,,An Act to Require Legislative Approval for Certain Emergency Powers of the Governor,An Act to Require Legislative Approval for Certain Emergency Powers of the Governor,6,2025-06-02,https://legiscan.com/ME/bill/LD1573/2025
ME,2022019,,An Act to Amend the Credit for Educational Opportunity and Student Loan Repayment Tax Credit,An Act to Amend the Credit for Educational Opportunity and Student Loan Repayment Tax Credit,3,2025-06-17,https://legiscan.com/ME/bill/LD1574/2025
ME,2021987,,An Act to Allow a Legislator to Choose to Be Paid on an Annual Basis,An Act to Allow a Legislator to Choose to Be Paid on an Annual Basis,4,2025-06-25,https://legiscan.com/ME/bill/LD1575/2025
ME,2021967,,An Act to Extend a One-year Lobbying Prohibition to Partisan and Nonpartisan Staff of the Legislature,An Act to Extend a One-year Lobbying Prohibition to Partisan and Nonpartisan Staff of the Legislature,4,2025-05-27,https://legiscan.com/ME/bill/LD1576/2025
ME,2022078,,"Resolve, to Establish the Commission to Study and Recommend Solutions for Modernizing the Maine Legislature","Resolve, to Establish the Commission to Study and Recommend Solutions for Modernizing the Maine Legislature",6,2026-02-03,https://legiscan.com/ME/bill/LD1577/2025
ME,2021964,,"Resolve, to Establish the Commission to Evaluate the Scope of Regulatory Review and Oversight over Health Care Transactions That Impact the Delivery of Health Care Services in the State","Resolve, to Establish the Commission to Evaluate the Scope of Regulatory Review and Oversight over Health Care Transactions That Impact the Delivery of Health Care Services in the State",4,2025-06-25,https://legiscan.com/ME/bill/LD1578/2025
ME,2021995,,An Act to Abolish School Budget Referenda,An Act to Abolish School Budget Referenda,6,2025-05-14,https://legiscan.com/ME/bill/LD1579/2025
ME,2021862,,An Act to Prohibit Carriers and Pharmacy Benefits Managers from Using Spread Pricing,An Act to Prohibit Carriers and Pharmacy Benefits Managers from Using Spread Pricing,4,2025-06-10,https://legiscan.com/ME/bill/LD1580/2025
ME,2022006,,An Act Regarding the Motor Vehicle Excise Tax and Registration Fees Exemption for Certain Veterans,An Act Regarding the Motor Vehicle Excise Tax and Registration Fees Exemption for Certain Veterans,4,2025-05-27,https://legiscan.com/ME/bill/LD1581/2025
ME,2022057,,An Act to Clarify the Prohibition on the Sale of Beverages in Plastic Containers,An Act to Clarify the Prohibition on the Sale of Beverages in Plastic Containers,6,2025-06-13,https://legiscan.com/ME/bill/LD1582/2025
ME,2021950,,An Act Regarding Home Health Care Services Ordered by a Physician Licensed Outside of Maine,An Act Regarding Home Health Care Services Ordered by a Physician Licensed Outside of Maine,4,2026-03-12,https://legiscan.com/ME/bill/LD1583/2025
ME,2021901,,An Act to Establish Municipal Cost Components for Unorganized Territory Services to Be Rendered in Fiscal Year 2025-26,An Act to Establish Municipal Cost Components for Unorganized Territory Services to Be Rendered in Fiscal Year 2025-26,4,2025-06-03,https://legiscan.com/ME/bill/LD1584/2025
ME,2021838,,"Resolve, to Direct the Maine State Housing Authority to Amend Its Rules Governing the Fuel Assistance Program Regarding Benefit Payments for Wood Fuel","Resolve, to Direct the Maine State Housing Authority to Amend Its Rules Governing the Fuel Assistance Program Regarding Benefit Payments for Wood Fuel",6,2025-06-03,https://legiscan.com/ME/bill/LD1585/2025
ME,2021896,,An Act to Amend the Regional School Unit Budget Validation Referendum Law,An Act to Amend the Regional School Unit Budget Validation Referendum Law,6,2025-05-28,https://legiscan.com/ME/bill/LD1586/2025
ME,2022023,,An Act to Clarify the Bureau of Labor Standards' Investigatory and Enforcement Procedures,An Act to Clarify the Bureau of Labor Standards' Investigatory and Enforcement Procedures,4,2026-03-12,https://legiscan.com/ME/bill/LD1587/2025
ME,2021982,,An Act to Ensure Transparency in Student Transfer Requests,An Act to Ensure Transparency in Student Transfer Requests,3,2025-06-02,https://legiscan.com/ME/bill/LD1588/2025
ME,2021875,,An Act to Improve Parity in Insurance Coverage for Outpatient Counseling Services in Maine,An Act to Improve Parity in Insurance Coverage for Outpatient Counseling Services in Maine,6,2025-05-28,https://legiscan.com/ME/bill/LD1589/2025
ME,2021954,,An Act to Reduce the Counselor and Social Worker Shortage by Amending Reciprocity Requirements for Those Professionals from Other Jurisdictions,An Act to Reduce the Counselor and Social Worker Shortage by Amending Reciprocity Requirements for Those Professionals from Other Jurisdictions,6,2025-05-20,https://legiscan.com/ME/bill/LD1590/2025
ME,2021836,,An Act to Grant a Municipality Authority to Tax Property According to Use,An Act to Grant a Municipality Authority to Tax Property According to Use,6,2025-05-21,https://legiscan.com/ME/bill/LD1591/2025
ME,2021920,,An Act to Reduce Energy Costs by Permitting the Ownership of Generation by Investor-owned Transmission and Distribution Utilities,An Act to Reduce Energy Costs by Permitting the Ownership of Generation by Investor-owned Transmission and Distribution Utilities,6,2025-05-07,https://legiscan.com/ME/bill/LD1592/2025
ME,2021914,,"An Act to Require Certain Public Entities to Define Their Use of the Term ""Equity""","An Act to Require Certain Public Entities to Define Their Use of the Term ""Equity""",6,2025-06-09,https://legiscan.com/ME/bill/LD1593/2025
ME,2021841,,An Act to Change the Appropriation for the Governor's Expense Account and Create Transparency in Expenditures Made from That Account,An Act to Change the Appropriation for the Governor's Expense Account and Create Transparency in Expenditures Made from That Account,6,2025-05-21,https://legiscan.com/ME/bill/LD1594/2025
ME,2021858,,An Act to Strengthen Working Waterfronts Against Nuisance Complaints Regarding Aquaculture,An Act to Strengthen Working Waterfronts Against Nuisance Complaints Regarding Aquaculture,4,2025-06-03,https://legiscan.com/ME/bill/LD1595/2025
ME,2021926,,"Resolve, Directing the Department of Marine Resources to Submit a Report on the Findings and Recommendations of the Aquaculture Advisory Council","Resolve, Directing the Department of Marine Resources to Submit a Report on the Findings and Recommendations of the Aquaculture Advisory Council",4,2025-06-09,https://legiscan.com/ME/bill/LD1596/2025
ME,2022085,,An Act to Prohibit the Use of Dynamic Pricing for Certain Consumer Goods,An Act to Prohibit the Use of Dynamic Pricing for Certain Consumer Goods,6,2025-05-21,https://legiscan.com/ME/bill/LD1597/2025
ME,2022035,,An Act to Provide Relocation Assistance to Crime Victims,An Act to Provide Relocation Assistance to Crime Victims,4,2025-05-27,https://legiscan.com/ME/bill/LD1598/2025
ME,2021866,,An Act to Establish the Maine Emergency Medical Services Commission,An Act to Establish the Maine Emergency Medical Services Commission,6,2025-05-21,https://legiscan.com/ME/bill/LD1599/2025
ME,2021889,,An Act to Provide Regional Support Funding for Municipal Police Departments to Support Special Response Teams,An Act to Provide Regional Support Funding for Municipal Police Departments to Support Special Response Teams,6,2025-05-13,https://legiscan.com/ME/bill/LD1600/2025
ME,2022018,,An Act to Create Parity in Poultry Processing and Farming Licenses and Inspections,An Act to Create Parity in Poultry Processing and Farming Licenses and Inspections,6,2025-05-06,https://legiscan.com/ME/bill/LD1601/2025
ME,2023334,,"An Act to Require Data Collection and Major Substantive Rulemaking for the Lifespan Waiver Providing Home and Community-based Services for Individuals with Intellectual and Developmental Disabilities, Autism Spectrum Disorder or Other Related Conditions","An Act to Require Data Collection and Major Substantive Rulemaking for the Lifespan Waiver Providing Home and Community-based Services for Individuals with Intellectual and Developmental Disabilities, Autism Spectrum Disorder or Other Related Conditions",6,2025-05-20,https://legiscan.com/ME/bill/LD1606/2025
ME,2023304,,An Act to Require Law Enforcement Agencies to Adopt Written Policies Regarding Compliance with Certain Constitutional Obligations Related to Disclosure of Evidence,An Act to Require Law Enforcement Agencies to Adopt Written Policies Regarding Compliance with Certain Constitutional Obligations Related to Disclosure of Evidence,4,2025-06-02,https://legiscan.com/ME/bill/LD1607/2025
ME,2023357,,An Act to Counter Unlawful Cannabis Cultivation,An Act to Counter Unlawful Cannabis Cultivation,6,2025-05-14,https://legiscan.com/ME/bill/LD1608/2025
ME,2023328,,An Act to Prevent the Participation of Individuals and Companies Linked to Federally Recognized Criminal Organizations in the Medical and Adult Use Cannabis Programs,An Act to Prevent the Participation of Individuals and Companies Linked to Federally Recognized Criminal Organizations in the Medical and Adult Use Cannabis Programs,3,2026-03-25,https://legiscan.com/ME/bill/LD1609/2025
ME,2023437,,"RESOLUTION, Proposing an Amendment to the Constitution of Maine to Apportion Differentiated Tax Rates on Real Property According to Use","RESOLUTION, Proposing an Amendment to the Constitution of Maine to Apportion Differentiated Tax Rates on Real Property According to Use",6,2025-05-21,https://legiscan.com/ME/bill/LD1610/2025
ME,2023507,,An Act to Decrease the Retirement Contributions Required for Teachers and State Employees,An Act to Decrease the Retirement Contributions Required for Teachers and State Employees,3,2025-06-03,https://legiscan.com/ME/bill/LD1611/2025
ME,2023416,,"Resolve, Directing the Department of Transportation to Solicit Proposals for the Utilization of Unused State-owned Railroad Lines","Resolve, Directing the Department of Transportation to Solicit Proposals for the Utilization of Unused State-owned Railroad Lines",6,2025-06-09,https://legiscan.com/ME/bill/LD1612/2025
ME,2023468,,An Act to Establish Maine's Care Force to Address the State's Health Care Crisis,An Act to Establish Maine's Care Force to Address the State's Health Care Crisis,6,2025-05-13,https://legiscan.com/ME/bill/LD1613/2025
ME,2023317,,"Resolve, to Facilitate the Ability of the Maine State Museum to Acquire and Preserve Special Collections","Resolve, to Facilitate the Ability of the Maine State Museum to Acquire and Preserve Special Collections",6,2025-05-13,https://legiscan.com/ME/bill/LD1614/2025
ME,2023311,,"Resolve, to Expand Access to Oral Health Care by Studying Alternative Pathways for Obtaining a License to Practice Dentistry","Resolve, to Expand Access to Oral Health Care by Studying Alternative Pathways for Obtaining a License to Practice Dentistry",4,2025-06-25,https://legiscan.com/ME/bill/LD1615/2025
ME,2023429,,An Act to Eliminate Requirements for Drivers to Surrender Their Physical Driver's Licenses During a Temporary Suspension,An Act to Eliminate Requirements for Drivers to Surrender Their Physical Driver's Licenses During a Temporary Suspension,4,2025-05-27,https://legiscan.com/ME/bill/LD1616/2025
ME,2023477,,"An Act to Lower the Exclusion Amount for the Estate Tax and Create an Exclusion for Family Farms and Aquaculture, Fishing and Wood Harvesting Businesses","An Act to Lower the Exclusion Amount for the Estate Tax and Create an Exclusion for Family Farms and Aquaculture, Fishing and Wood Harvesting Businesses",6,2025-05-28,https://legiscan.com/ME/bill/LD1617/2025
ME,2023363,,"Resolve, to Study the Feasibility of Establishing a Dedicated Family Court in Maine","Resolve, to Study the Feasibility of Establishing a Dedicated Family Court in Maine",3,2025-05-21,https://legiscan.com/ME/bill/LD1618/2025
ME,2023517,,"Resolve, to Direct the Governor's Energy Office to Solicit Information Regarding the Creation of a Thermal Energy Networks Program in Maine","Resolve, to Direct the Governor's Energy Office to Solicit Information Regarding the Creation of a Thermal Energy Networks Program in Maine",4,2025-06-05,https://legiscan.com/ME/bill/LD1619/2025
ME,2023386,,An Act to Amend the Laws Regulating the Testing of Adult Use Cannabis and Adult Use Cannabis Products,An Act to Amend the Laws Regulating the Testing of Adult Use Cannabis and Adult Use Cannabis Products,6,2025-06-10,https://legiscan.com/ME/bill/LD1620/2025
ME,2023481,,An Act to Allow Municipalities to Use Tax Increment Financing Revenues to Support Lake Restoration and Protection Activities,An Act to Allow Municipalities to Use Tax Increment Financing Revenues to Support Lake Restoration and Protection Activities,6,2025-05-20,https://legiscan.com/ME/bill/LD1621/2025
ME,2023456,,An Act to Exempt Certain Income from State Income Tax,An Act to Exempt Certain Income from State Income Tax,6,2025-05-28,https://legiscan.com/ME/bill/LD1622/2025
ME,2023376,,An Act to Amend Certain Fish and Wildlife Laws Related to Landowner Representation Regarding Abandoned Property,An Act to Amend Certain Fish and Wildlife Laws Related to Landowner Representation Regarding Abandoned Property,4,2025-06-05,https://legiscan.com/ME/bill/LD1623/2025
ME,2023398,,An Act to Provide Funding for Summer School Programming,An Act to Provide Funding for Summer School Programming,3,2025-06-04,https://legiscan.com/ME/bill/LD1624/2025
ME,2023487,,An Act Regarding the Preservation of Working Waterfronts,An Act Regarding the Preservation of Working Waterfronts,6,2025-05-13,https://legiscan.com/ME/bill/LD1625/2025
ME,2023294,,An Act to Improve Professional Development for Educational Technicians and School Support Staff,An Act to Improve Professional Development for Educational Technicians and School Support Staff,3,2025-06-03,https://legiscan.com/ME/bill/LD1626/2025
ME,2023323,,"An Act Regarding Workforce Development, Education Reform and Talent Retention","An Act Regarding Workforce Development, Education Reform and Talent Retention",6,2025-05-20,https://legiscan.com/ME/bill/LD1627/2025
ME,2023520,,An Act to Allow Municipalities to Regulate Exterior Lights,An Act to Allow Municipalities to Regulate Exterior Lights,6,2025-05-29,https://legiscan.com/ME/bill/LD1628/2025
ME,2023443,,An Act to Require Legislative Committees to Provide Equal Time to Each Member of the Public Who Testifies,An Act to Require Legislative Committees to Provide Equal Time to Each Member of the Public Who Testifies,6,2025-06-05,https://legiscan.com/ME/bill/LD1629/2025
ME,2023422,,An Act to Amend the Open Space Tax Law,An Act to Amend the Open Space Tax Law,6,2025-05-20,https://legiscan.com/ME/bill/LD1630/2025
ME,2023351,,"Resolve, to Implement the Recommendations of the Stakeholder Group to Address Child Stay Times in Hospital Emergency Departments","Resolve, to Implement the Recommendations of the Stakeholder Group to Address Child Stay Times in Hospital Emergency Departments",6,2025-05-14,https://legiscan.com/ME/bill/LD1631/2025
ME,2023502,,An Act to Provide Incentives and Amend Laws Regarding Access to Protect Rural Highway Capacity and Promote Long-term Economic Development,An Act to Provide Incentives and Amend Laws Regarding Access to Protect Rural Highway Capacity and Promote Long-term Economic Development,6,2025-05-22,https://legiscan.com/ME/bill/LD1632/2025
ME,2023403,,An Act to Promote the Recycling and Reuse of Construction Materials,An Act to Promote the Recycling and Reuse of Construction Materials,6,2025-05-13,https://legiscan.com/ME/bill/LD1633/2025
ME,2023511,,An Act Regarding MaineCare Waiting Lists,An Act Regarding MaineCare Waiting Lists,6,2025-05-13,https://legiscan.com/ME/bill/LD1634/2025
ME,2023448,,An Act to Streamline Municipal Referenda Recount Initiation,An Act to Streamline Municipal Referenda Recount Initiation,4,2025-06-05,https://legiscan.com/ME/bill/LD1635/2025
ME,2023687,,An Act to Allow Paralegals to Be Paid by the Maine Commission on Public Defense Services,An Act to Allow Paralegals to Be Paid by the Maine Commission on Public Defense Services,6,2025-05-28,https://legiscan.com/ME/bill/LD1650/2025
ME,2023665,,"An Act to Remove the Term ""Alleged"" When Referring to Victims of Sexual Assault in the Provisions of the Maine Revised Statutes Pertaining to Forensic Examinations","An Act to Remove the Term ""Alleged"" When Referring to Victims of Sexual Assault in the Provisions of the Maine Revised Statutes Pertaining to Forensic Examinations",4,2025-05-21,https://legiscan.com/ME/bill/LD1651/2025
ME,2023672,,An Act to Expand the Dental Care Access Credit,An Act to Expand the Dental Care Access Credit,3,2026-03-25,https://legiscan.com/ME/bill/LD1652/2025
ME,2023724,,An Act to Develop Maine's Credentialed Workforce,An Act to Develop Maine's Credentialed Workforce,4,2025-06-03,https://legiscan.com/ME/bill/LD1653/2025
ME,2023653,,An Act to Exempt Certain Sales and Transfers of Adult Use Cannabis from Excise Tax,An Act to Exempt Certain Sales and Transfers of Adult Use Cannabis from Excise Tax,4,2025-06-25,https://legiscan.com/ME/bill/LD1654/2025
ME,2023706,,An Act to Allow the Keeping of Chickens on Private Residential Property,An Act to Allow the Keeping of Chickens on Private Residential Property,4,2025-05-27,https://legiscan.com/ME/bill/LD1655/2025
ME,2023696,,An Act to Facilitate Compliance with Federal Immigration Law by State and Local Government Entities,An Act to Facilitate Compliance with Federal Immigration Law by State and Local Government Entities,6,2025-06-17,https://legiscan.com/ME/bill/LD1656/2025
ME,2023749,,An Act to Expand the Use of Tax Increment Revenue for Affordable Housing by Adding Authorized Project Costs,An Act to Expand the Use of Tax Increment Revenue for Affordable Housing by Adding Authorized Project Costs,6,2025-06-12,https://legiscan.com/ME/bill/LD1657/2025
ME,2023717,,An Act to Preserve and Strengthen the Fund for a Healthy Maine,An Act to Preserve and Strengthen the Fund for a Healthy Maine,3,2026-03-05,https://legiscan.com/ME/bill/LD1658/2025
ME,2023645,,An Act to Raise Revenue to Fund Firefighting Equipment Purchases and Training Related to Electric Vehicle Fires Through a Fee on Electric Vehicles,An Act to Raise Revenue to Fund Firefighting Equipment Purchases and Training Related to Electric Vehicle Fires Through a Fee on Electric Vehicles,6,2025-05-20,https://legiscan.com/ME/bill/LD1659/2025
ME,2023635,,An Act Creating a Private Right of Action Against a Government Employer,An Act Creating a Private Right of Action Against a Government Employer,6,2025-05-20,https://legiscan.com/ME/bill/LD1660/2025
ME,2023735,,"Resolve, Requiring a Review and Assessment of the State's Invasive Species Management Efforts","Resolve, Requiring a Review and Assessment of the State's Invasive Species Management Efforts",3,2026-03-10,https://legiscan.com/ME/bill/LD1661/2025
ME,2023680,,"An Act to Amend the Laws Regarding Zoning and Land Use Restrictions to Limit Certain Requirements to Municipalities with Populations of More than 10,000","An Act to Amend the Laws Regarding Zoning and Land Use Restrictions to Limit Certain Requirements to Municipalities with Populations of More than 10,000",6,2025-06-05,https://legiscan.com/ME/bill/LD1662/2025
ME,2023743,,An Act Relating to Health Care Transparency and the Maine Health Data Organization,An Act Relating to Health Care Transparency and the Maine Health Data Organization,6,2025-05-21,https://legiscan.com/ME/bill/LD1663/2025
ME,2024225,,An Act to Establish the Maine Public Employees Retirement System Home Repair and Energy Upgrade Loan Program and Fund,An Act to Establish the Maine Public Employees Retirement System Home Repair and Energy Upgrade Loan Program and Fund,6,2025-05-13,https://legiscan.com/ME/bill/LD1670/2025
ME,2024226,,An Act to Establish Disclosure Requirements Regarding Law Enforcement Officer Credibility Information,An Act to Establish Disclosure Requirements Regarding Law Enforcement Officer Credibility Information,6,2026-02-10,https://legiscan.com/ME/bill/LD1671/2025
ME,2024231,,An Act to Allow Participation in the Adult Use Cannabis Tracking System to Be Voluntary,An Act to Allow Participation in the Adult Use Cannabis Tracking System to Be Voluntary,6,2025-06-17,https://legiscan.com/ME/bill/LD1672/2025
ME,2024233,,"Resolve, to Establish a Pilot Project to Facilitate the Inclusion of Economic Impact Statements in the Legislative Process","Resolve, to Establish a Pilot Project to Facilitate the Inclusion of Economic Impact Statements in the Legislative Process",3,2025-06-09,https://legiscan.com/ME/bill/LD1673/2025
ME,2024235,,An Act to Require Insurers to Address Climate Risk in Their Business Activities,An Act to Require Insurers to Address Climate Risk in Their Business Activities,6,2025-05-28,https://legiscan.com/ME/bill/LD1674/2025
ME,2024229,,An Act to Provide Just Compensation in Cases of Taking by Eminent Domain by Transmission and Distribution Utilities,An Act to Provide Just Compensation in Cases of Taking by Eminent Domain by Transmission and Distribution Utilities,6,2025-05-20,https://legiscan.com/ME/bill/LD1675/2025
ME,2024546,,"Resolve, to Study Ways to Improve Recruitment and Retention of Rural Emergency Medical Services Personnel Through Access to Health Insurance","Resolve, to Study Ways to Improve Recruitment and Retention of Rural Emergency Medical Services Personnel Through Access to Health Insurance",6,2025-06-10,https://legiscan.com/ME/bill/LD1676/2025
ME,2024503,,An Act to Establish the Alzheimer's Disease and Related Dementias Prevention and Support Program,An Act to Establish the Alzheimer's Disease and Related Dementias Prevention and Support Program,4,2025-06-25,https://legiscan.com/ME/bill/LD1677/2025
ME,2024450,,An Act to Allocate Commercial Menhaden Fishing Licenses for Island Communities,An Act to Allocate Commercial Menhaden Fishing Licenses for Island Communities,6,2025-05-20,https://legiscan.com/ME/bill/LD1678/2025
ME,2024421,,An Act to Allocate Scallop Dragging Licenses for Island Communities,An Act to Allocate Scallop Dragging Licenses for Island Communities,6,2025-05-20,https://legiscan.com/ME/bill/LD1679/2025
ME,2024497,,An Act to Establish a Permanent Ferry Oversight Committee to Ensure Sustainable and Equitable Ferry Operations,An Act to Establish a Permanent Ferry Oversight Committee to Ensure Sustainable and Equitable Ferry Operations,6,2025-05-22,https://legiscan.com/ME/bill/LD1680/2025
ME,2024356,,"An Act to Consider Municipal Shelter Facilities and Housing Projects Essential for Public Health, Welfare and Safety by Updating the Definition of ""Public Service Infrastructure""","An Act to Consider Municipal Shelter Facilities and Housing Projects Essential for Public Health, Welfare and Safety by Updating the Definition of ""Public Service Infrastructure""",4,2025-06-03,https://legiscan.com/ME/bill/LD1681/2025
ME,2024461,,An Act to Increase Fairness in the Income Tax by Adding Higher Tax Brackets and Tax Rates,An Act to Increase Fairness in the Income Tax by Adding Higher Tax Brackets and Tax Rates,6,2026-01-20,https://legiscan.com/ME/bill/LD1682/2025
ME,2024404,,An Act to Make a Freedom of Access Act Request Free of Charge upon Petition,An Act to Make a Freedom of Access Act Request Free of Charge upon Petition,6,2025-05-28,https://legiscan.com/ME/bill/LD1683/2025
ME,2024553,,An Act to Implement Additional Criteria and Processes for the Supervised Community Confinement Program,An Act to Implement Additional Criteria and Processes for the Supervised Community Confinement Program,4,2025-06-13,https://legiscan.com/ME/bill/LD1684/2025
ME,2024383,,"RESOLUTION, Proposing an Amendment to the Constitution of Maine Concerning the Direct Initiative Process","RESOLUTION, Proposing an Amendment to the Constitution of Maine Concerning the Direct Initiative Process",6,2025-04-30,https://legiscan.com/ME/bill/LD1685/2025
ME,2024516,,"An Act to Clarify, Align and Amend Provisions of the Maine Revised Statutes, Title 35-A","An Act to Clarify, Align and Amend Provisions of the Maine Revised Statutes, Title 35-A",4,2025-05-21,https://legiscan.com/ME/bill/LD1686/2025
ME,2024492,,An Act to Clarify and Increase Access to HIV Prevention Medications,An Act to Clarify and Increase Access to HIV Prevention Medications,4,2025-06-25,https://legiscan.com/ME/bill/LD1687/2025
ME,2024566,,An Act to Encourage Continuing Education Relating to Certain Infection-associated Chronic Conditions for Physicians and Nurses,An Act to Encourage Continuing Education Relating to Certain Infection-associated Chronic Conditions for Physicians and Nurses,6,2025-05-28,https://legiscan.com/ME/bill/LD1688/2025
ME,2024508,,An Act to Implement the Recommendations of the Commission to Study Expansion of Public Preschool and Early Care and Education,An Act to Implement the Recommendations of the Commission to Study Expansion of Public Preschool and Early Care and Education,6,2025-05-21,https://legiscan.com/ME/bill/LD1689/2025
ME,2024471,,An Act Regarding Artificial Intelligence in Campaign Advertising,An Act Regarding Artificial Intelligence in Campaign Advertising,6,2025-05-27,https://legiscan.com/ME/bill/LD1690/2025
ME,2024482,,An Act to Expand Access to Justice in Rural Maine by Incentivizing Attorneys to Practice in Underserved Areas,An Act to Expand Access to Justice in Rural Maine by Incentivizing Attorneys to Practice in Underserved Areas,4,2025-06-16,https://legiscan.com/ME/bill/LD1691/2025
ME,2024415,,An Act Regarding Antlerless Deer Permits for Certain Agricultural Landowners,An Act Regarding Antlerless Deer Permits for Certain Agricultural Landowners,6,2025-05-29,https://legiscan.com/ME/bill/LD1692/2025
ME,2024626,,An Act to Establish a Sustainable Housing Development Prison Work Program,An Act to Establish a Sustainable Housing Development Prison Work Program,6,2025-05-20,https://legiscan.com/ME/bill/LD1693/2025
ME,2024614,,An Act to Provide an Income Tax Credit for Certain Disaster Mitigation Projects for Working Waterfront Property,An Act to Provide an Income Tax Credit for Certain Disaster Mitigation Projects for Working Waterfront Property,6,2026-01-20,https://legiscan.com/ME/bill/LD1694/2025
ME,2024363,,An Act to Require Law Enforcement Agencies to Adopt Written Policies Regarding Sex Trafficking and Commercial Sexual Exploitation,An Act to Require Law Enforcement Agencies to Adopt Written Policies Regarding Sex Trafficking and Commercial Sexual Exploitation,4,2025-06-09,https://legiscan.com/ME/bill/LD1695/2025
ME,2024378,,"Resolve, to Study Maine's Absolute Dominion and Beneficial Use Laws Relating to Water Rights","Resolve, to Study Maine's Absolute Dominion and Beneficial Use Laws Relating to Water Rights",3,2025-05-21,https://legiscan.com/ME/bill/LD1696/2025
ME,2024392,,An Act to Increase Penalties to Deter Violations of the Laws Regarding Improper Pesticide Use,An Act to Increase Penalties to Deter Violations of the Laws Regarding Improper Pesticide Use,4,2025-06-09,https://legiscan.com/ME/bill/LD1697/2025
ME,2024629,,An Act Regarding Changes of Ownership of Dams,An Act Regarding Changes of Ownership of Dams,6,2025-05-20,https://legiscan.com/ME/bill/LD1698/2025
ME,2024622,,An Act to Create a Refundable Tax Credit for Agricultural Enterprises,An Act to Create a Refundable Tax Credit for Agricultural Enterprises,6,2026-01-20,https://legiscan.com/ME/bill/LD1699/2025
ME,2024519,,An Act to Create a Direct Investment Pilot Project Under the Maine Clean Energy and Sustainability Accelerator,An Act to Create a Direct Investment Pilot Project Under the Maine Clean Energy and Sustainability Accelerator,4,2025-05-28,https://legiscan.com/ME/bill/LD1700/2025
ME,2024530,,"Resolve, Directing the Department of Education to Establish a Working Group to Study the Maine Learning Results","Resolve, Directing the Department of Education to Establish a Working Group to Study the Maine Learning Results",4,2025-06-05,https://legiscan.com/ME/bill/LD1701/2025
ME,2024572,,An Act to Amend Election Polling Place Candidate Restrictions,An Act to Amend Election Polling Place Candidate Restrictions,4,2025-06-12,https://legiscan.com/ME/bill/LD1702/2025
ME,2024559,,"Resolve, to Establish the Adverse Childhood Experiences Screening and Resiliency Assessment Pilot Project","Resolve, to Establish the Adverse Childhood Experiences Screening and Resiliency Assessment Pilot Project",6,2025-05-20,https://legiscan.com/ME/bill/LD1703/2025
ME,2024398,,An Act to Prohibit a School Administrative Unit from Adopting a Policy That Allows a Student to Use a Restroom Designated for Use by the Opposite Sex,An Act to Prohibit a School Administrative Unit from Adopting a Policy That Allows a Student to Use a Restroom Designated for Use by the Opposite Sex,6,2025-06-13,https://legiscan.com/ME/bill/LD1704/2025
ME,2024584,,An Act Regarding Adult Education Funding and Oversight,An Act Regarding Adult Education Funding and Oversight,3,2025-06-11,https://legiscan.com/ME/bill/LD1705/2025
ME,2024542,,An Act Regarding Notification of Appointment of Legal Representation for Indigent Clients in Custody,An Act Regarding Notification of Appointment of Legal Representation for Indigent Clients in Custody,3,2025-06-03,https://legiscan.com/ME/bill/LD1706/2025
ME,2024367,,An Act to Require a Person to Be a United States Citizen to Receive State or Local Financial Assistance and to Ensure Municipal Compliance with Federal Immigration Laws,An Act to Require a Person to Be a United States Citizen to Receive State or Local Financial Assistance and to Ensure Municipal Compliance with Federal Immigration Laws,6,2025-06-09,https://legiscan.com/ME/bill/LD1707/2025
ME,2024426,,An Act to Create the Commercial Fishing Safety Fund to Further Develop Training and Provide Equipment to Recover Ships and Other Watercraft and Persons in Distress or Lost at Sea,An Act to Create the Commercial Fishing Safety Fund to Further Develop Training and Provide Equipment to Recover Ships and Other Watercraft and Persons in Distress or Lost at Sea,4,2025-06-03,https://legiscan.com/ME/bill/LD1708/2025
ME,2024478,,An Act Regarding Antique Automobiles,An Act Regarding Antique Automobiles,6,2025-05-20,https://legiscan.com/ME/bill/LD1709/2025
ME,2024438,,An Act Regarding the Authority to Transport Prisoners Confined in Jail and the Use of Physical Force with Respect to Prisoners and Persons Who Have Been Arrested,An Act Regarding the Authority to Transport Prisoners Confined in Jail and the Use of Physical Force with Respect to Prisoners and Persons Who Have Been Arrested,4,2025-06-17,https://legiscan.com/ME/bill/LD1710/2025
ME,2024433,,"Resolve, to Allow Supplemental Nutrition Assistance Program Benefits to Be Used to Purchase Ready-to-cook Meals","Resolve, to Allow Supplemental Nutrition Assistance Program Benefits to Be Used to Purchase Ready-to-cook Meals",6,2025-05-14,https://legiscan.com/ME/bill/LD1711/2025
ME,2024610,,An Act to Amend the Paid Family and Medical Leave Benefits Program to Balance Support of Businesses and Employees,An Act to Amend the Paid Family and Medical Leave Benefits Program to Balance Support of Businesses and Employees,6,2025-06-04,https://legiscan.com/ME/bill/LD1712/2025
ME,2024464,,An Act to Amend the Laws Governing Commingling of Beverage Containers,An Act to Amend the Laws Governing Commingling of Beverage Containers,6,2025-05-20,https://legiscan.com/ME/bill/LD1721/2025
ME,2024602,,An Act to Amend the Laws Governing the Regulation of Aquaculture Leases,An Act to Amend the Laws Governing the Regulation of Aquaculture Leases,4,2025-06-18,https://legiscan.com/ME/bill/LD1722/2025
ME,2024372,,An Act to Amend the Laws Governing Manufactured Housing Communities to Prevent Excessive Rent and Fees Increases,An Act to Amend the Laws Governing Manufactured Housing Communities to Prevent Excessive Rent and Fees Increases,4,2025-06-16,https://legiscan.com/ME/bill/LD1723/2025
ME,2024589,,"Resolve, Authorizing the Baxter State Park Authority to Convey Certain Land in Cumberland County","Resolve, Authorizing the Baxter State Park Authority to Convey Certain Land in Cumberland County",4,2025-06-02,https://legiscan.com/ME/bill/LD1724/2025
ME,2024527,,An Act to Require Reporting Regarding County Jail Boards of Visitors,An Act to Require Reporting Regarding County Jail Boards of Visitors,4,2025-06-11,https://legiscan.com/ME/bill/LD1725/2025
ME,2024578,,An Act to Enhance the Coordination and Effectiveness of Integrated Distribution Grid Planning,An Act to Enhance the Coordination and Effectiveness of Integrated Distribution Grid Planning,4,2025-06-09,https://legiscan.com/ME/bill/LD1726/2025
ME,2024454,,An Act to Ensure Transparency in Consumer Transactions Involving Artificial Intelligence,An Act to Ensure Transparency in Consumer Transactions Involving Artificial Intelligence,4,2025-06-10,https://legiscan.com/ME/bill/LD1727/2025
ME,2025130,,An Act to Establish the Biohazard Waste Disposal Grant Program to Support Public Health Efforts in the State,An Act to Establish the Biohazard Waste Disposal Grant Program to Support Public Health Efforts in the State,4,2025-06-25,https://legiscan.com/ME/bill/LD1738/2025
ME,2025123,,"An Act to Authorize a General Fund Bond Issue to Support Maine's Agricultural Sector, to Create an Agricultural Buildings Property Tax Exemption and to Direct the Department of Agriculture, Conservation and Forestry to Study Barriers to Its Financial Assistance Programs and Study the Potential for a Common Application for Those Programs","An Act to Authorize a General Fund Bond Issue to Support Maine's Agricultural Sector, to Create an Agricultural Buildings Property Tax Exemption and to Direct the Department of Agriculture, Conservation and Forestry to Study Barriers to Its Financial Assistance Programs and Study the Potential for a Common Application for Those Programs",1,2025-04-22,https://legiscan.com/ME/bill/LD1739/2025
ME,2025106,,"An Act to Establish the Science, Technology, Engineering, Arts and Mathematics Education Matching Grant Program","An Act to Establish the Science, Technology, Engineering, Arts and Mathematics Education Matching Grant Program",3,2025-06-09,https://legiscan.com/ME/bill/LD1740/2025
ME,2025104,,An Act Regarding Vacancies in the Office of Sheriff,An Act Regarding Vacancies in the Office of Sheriff,4,2026-03-17,https://legiscan.com/ME/bill/LD1741/2025
ME,2025110,,An Act to Prohibit a State Social Media Platform Account from Restricting User Comments,An Act to Prohibit a State Social Media Platform Account from Restricting User Comments,6,2025-05-28,https://legiscan.com/ME/bill/LD1742/2025
ME,2025134,,An Act to Allow Municipalities to Prohibit Firearms Within Their Municipal Buildings and Voting Places and at Their Municipal Public Proceedings,An Act to Allow Municipalities to Prohibit Firearms Within Their Municipal Buildings and Voting Places and at Their Municipal Public Proceedings,6,2025-06-16,https://legiscan.com/ME/bill/LD1743/2025
ME,2025126,,An Act to Modify Provisions of the State Civil Service System Governing Employee Recruitment and Retention,An Act to Modify Provisions of the State Civil Service System Governing Employee Recruitment and Retention,4,2026-03-25,https://legiscan.com/ME/bill/LD1744/2025
ME,2025105,,An Act to Stabilize Residential Treatment Capacity for Children and Youth in Maine,An Act to Stabilize Residential Treatment Capacity for Children and Youth in Maine,4,2025-06-13,https://legiscan.com/ME/bill/LD1745/2025
ME,2025131,,An Act to Reduce Dental Disease and Ensure Access to Essential Preventive Dental Care Among Maine Children,An Act to Reduce Dental Disease and Ensure Access to Essential Preventive Dental Care Among Maine Children,3,2025-06-10,https://legiscan.com/ME/bill/LD1746/2025
ME,2025113,,An Act to Repeal and Replace the Charter of the Yarmouth Water District,An Act to Repeal and Replace the Charter of the Yarmouth Water District,4,2025-06-02,https://legiscan.com/ME/bill/LD1747/2025
ME,2025111,,An Act to Enhance Businesses' Understanding of Labor Standards and Grow Maine's Energy Economy Through Project Development Information Resources,An Act to Enhance Businesses' Understanding of Labor Standards and Grow Maine's Energy Economy Through Project Development Information Resources,4,2025-06-16,https://legiscan.com/ME/bill/LD1748/2025
ME,2025135,,"Resolve, Directing the Department of Corrections to Study Achieving Gender Equality","Resolve, Directing the Department of Corrections to Study Achieving Gender Equality",4,2025-06-18,https://legiscan.com/ME/bill/LD1749/2025
ME,2025103,,An Act to Require the Attorney General to Create and Update Biennially a Model Residential Lease,An Act to Require the Attorney General to Create and Update Biennially a Model Residential Lease,4,2025-06-11,https://legiscan.com/ME/bill/LD1750/2025
ME,2025138,,An Act to Improve the Growth Management Program Laws,An Act to Improve the Growth Management Program Laws,4,2025-06-18,https://legiscan.com/ME/bill/LD1751/2025
ME,2025120,,An Act to Exempt Broadband Equipment from Sales and Use Tax,An Act to Exempt Broadband Equipment from Sales and Use Tax,6,2025-06-04,https://legiscan.com/ME/bill/LD1752/2025
ME,2025136,,An Act to Establish the Upper St. John Valley Recovery High School Program,An Act to Establish the Upper St. John Valley Recovery High School Program,6,2025-05-20,https://legiscan.com/ME/bill/LD1753/2025
ME,2025112,,An Act to Provide for the Direct Shipment of Spirits to Consumers,An Act to Provide for the Direct Shipment of Spirits to Consumers,6,2025-06-11,https://legiscan.com/ME/bill/LD1754/2025
ME,2025125,,An Act to Increase the Maine Historic Property Rehabilitation Tax Credit in Rural Areas,An Act to Increase the Maine Historic Property Rehabilitation Tax Credit in Rural Areas,4,2025-06-25,https://legiscan.com/ME/bill/LD1755/2025
ME,2025139,,An Act to Establish a Statewide Transportation Project Selection Prioritization Process,An Act to Establish a Statewide Transportation Project Selection Prioritization Process,6,2025-06-16,https://legiscan.com/ME/bill/LD1756/2025
ME,2025129,,An Act to Update the Laws Governing Osteopathic Physician Licensing,An Act to Update the Laws Governing Osteopathic Physician Licensing,4,2025-06-02,https://legiscan.com/ME/bill/LD1757/2025
ME,2025118,,An Act to Expedite Provider Enrollment in MaineCare,An Act to Expedite Provider Enrollment in MaineCare,6,2025-05-14,https://legiscan.com/ME/bill/LD1758/2025
ME,2025137,,An Act to Allow Firefighters to Be Eligible for State College Funding,An Act to Allow Firefighters to Be Eligible for State College Funding,6,2025-06-03,https://legiscan.com/ME/bill/LD1759/2025
ME,2025108,,An Act to Promote Public Education in Maine by Amending the Laws Governing Student Transfers,An Act to Promote Public Education in Maine by Amending the Laws Governing Student Transfers,6,2025-06-09,https://legiscan.com/ME/bill/LD1760/2025
ME,2025122,,An Act to Prohibit Indemnification Agreements,An Act to Prohibit Indemnification Agreements,6,2026-01-27,https://legiscan.com/ME/bill/LD1761/2025
ME,2025102,,An Act to Protect Recreational Trails by Establishing the Trails for the Future Program,An Act to Protect Recreational Trails by Establishing the Trails for the Future Program,6,2025-05-28,https://legiscan.com/ME/bill/LD1762/2025
ME,2025806,,An Act to Regulate Nonwater-dependent Floating Structures on Maine's Waters,An Act to Regulate Nonwater-dependent Floating Structures on Maine's Waters,4,2025-06-16,https://legiscan.com/ME/bill/LD1763/2025
ME,2025743,,An Act to Ensure Equitable Staffing Ratios Across the State for Career and Technical Education Programs in Areas with Smaller Student Populations,An Act to Ensure Equitable Staffing Ratios Across the State for Career and Technical Education Programs in Areas with Smaller Student Populations,3,2025-06-09,https://legiscan.com/ME/bill/LD1764/2025
ME,2025686,,An Act to Ensure Affordability and Stability in Residential Housing and in Manufactured Housing Communities,An Act to Ensure Affordability and Stability in Residential Housing and in Manufactured Housing Communities,4,2025-06-16,https://legiscan.com/ME/bill/LD1765/2025
ME,2026027,,An Act to Authorize the Issuance of a Revenue Bond to Upgrade County Jails to Meet the Corrections Needs of Maine's Counties,An Act to Authorize the Issuance of a Revenue Bond to Upgrade County Jails to Meet the Corrections Needs of Maine's Counties,1,2025-04-24,https://legiscan.com/ME/bill/LD1775/2025
ME,2026019,,An Act to Establish the Interdisciplinary Advisory Board for the State House Complex,An Act to Establish the Interdisciplinary Advisory Board for the State House Complex,6,2025-06-09,https://legiscan.com/ME/bill/LD1776/2025
ME,2026076,,An Act to Reduce Costs and Increase Customer Protections for the State's Net Energy Billing Programs,An Act to Reduce Costs and Increase Customer Protections for the State's Net Energy Billing Programs,4,2025-06-18,https://legiscan.com/ME/bill/LD1777/2025
ME,2025989,,An Act to Update Provisions of the Maine Administrative Procedure Act,An Act to Update Provisions of the Maine Administrative Procedure Act,4,2025-06-17,https://legiscan.com/ME/bill/LD1778/2025
ME,2026098,,An Act to Make the Possession of Under 2 Grams of Certain Schedule W Drugs a Class D Crime,An Act to Make the Possession of Under 2 Grams of Certain Schedule W Drugs a Class D Crime,6,2025-05-13,https://legiscan.com/ME/bill/LD1779/2025
ME,2026063,,An Act to Secure Under Authority of a Subpoena Pretrial Statements from a Witness Other than the Defendant in a Criminal Proceeding,An Act to Secure Under Authority of a Subpoena Pretrial Statements from a Witness Other than the Defendant in a Criminal Proceeding,6,2025-06-16,https://legiscan.com/ME/bill/LD1780/2025
ME,2026103,,An Act to Exempt from the Gasoline Tax Act Ethanol-free Gasoline Used by Vehicles Off-road,An Act to Exempt from the Gasoline Tax Act Ethanol-free Gasoline Used by Vehicles Off-road,6,2025-06-10,https://legiscan.com/ME/bill/LD1781/2025
ME,2026048,,"Resolve, Regarding Host Community Compensation for the Juniper Ridge Landfill in the City of Old Town","Resolve, Regarding Host Community Compensation for the Juniper Ridge Landfill in the City of Old Town",4,2025-06-03,https://legiscan.com/ME/bill/LD1782/2025
ME,2026084,,An Act to Clarify Municipal Affordable Housing Tax Increment Financing,An Act to Clarify Municipal Affordable Housing Tax Increment Financing,4,2025-06-03,https://legiscan.com/ME/bill/LD1783/2025
ME,2026093,,An Act to Require Police Departments to Publish and Make Accessible Their Policies and Procedures and Require Training of Officers,An Act to Require Police Departments to Publish and Make Accessible Their Policies and Procedures and Require Training of Officers,4,2025-06-16,https://legiscan.com/ME/bill/LD1784/2025
ME,2026009,,An Act to Require Health Insurance Carriers to Provide Contact Information for Employees Responsible for Negotiating Health Care Provider Contracts,An Act to Require Health Insurance Carriers to Provide Contact Information for Employees Responsible for Negotiating Health Care Provider Contracts,4,2025-06-10,https://legiscan.com/ME/bill/LD1785/2025
ME,2026090,,An Act to Require the Department of Environmental Protection to Provide Certain Information Regarding Perfluoroalkyl and Polyfluoroalkyl Substances to the Public and Private Drinking Water Well Owners,An Act to Require the Department of Environmental Protection to Provide Certain Information Regarding Perfluoroalkyl and Polyfluoroalkyl Substances to the Public and Private Drinking Water Well Owners,4,2025-06-02,https://legiscan.com/ME/bill/LD1786/2025
ME,2026080,,An Act to Increase Seed Money Contribution Limits for Gubernatorial Candidates Under the Maine Clean Election Act,An Act to Increase Seed Money Contribution Limits for Gubernatorial Candidates Under the Maine Clean Election Act,4,2025-06-09,https://legiscan.com/ME/bill/LD1787/2025
ME,2026006,,An Act to Strengthen the Freedom of Access Act by Categorizing Commercial Requesters,An Act to Strengthen the Freedom of Access Act by Categorizing Commercial Requesters,6,2026-02-03,https://legiscan.com/ME/bill/LD1788/2025
ME,2025992,,An Act to Amend the Education Requirements in the Certified Public Accountant Licensure Laws,An Act to Amend the Education Requirements in the Certified Public Accountant Licensure Laws,4,2025-06-10,https://legiscan.com/ME/bill/LD1789/2025
ME,2026032,,An Act Regarding Lobster Measurement,An Act Regarding Lobster Measurement,6,2025-06-03,https://legiscan.com/ME/bill/LD1790/2025
ME,2026052,,"Resolve, to Direct State Agencies to Implement the Social Security Fairness Act","Resolve, to Direct State Agencies to Implement the Social Security Fairness Act",6,2025-05-13,https://legiscan.com/ME/bill/LD1791/2025
ME,2026207,,An Act to Implement the Recommendations of the Right to Know Advisory Committee Concerning Denials of Public Records Requests,An Act to Implement the Recommendations of the Right to Know Advisory Committee Concerning Denials of Public Records Requests,4,2025-05-27,https://legiscan.com/ME/bill/LD1797/2025
ME,2026152,,"Resolve, Directing the Department of Health and Human Services to Review the Progressive Treatment Program and Processes by Which a Person May Be Involuntarily Admitted to a Psychiatric Hospital or Receive Court-ordered Community Treatment","Resolve, Directing the Department of Health and Human Services to Review the Progressive Treatment Program and Processes by Which a Person May Be Involuntarily Admitted to a Psychiatric Hospital or Receive Court-ordered Community Treatment",6,2025-05-22,https://legiscan.com/ME/bill/LD1799/2025
ME,2026128,,An Act to Prohibit Health Care Entities Providing Dental Plans from Requiring a Dental Provider to Charge Fees for Uncovered Dental Services,An Act to Prohibit Health Care Entities Providing Dental Plans from Requiring a Dental Provider to Charge Fees for Uncovered Dental Services,4,2025-06-10,https://legiscan.com/ME/bill/LD1800/2025
ME,2026641,,An Act to Create a Residential Rental Unit Registry,An Act to Create a Residential Rental Unit Registry,6,2026-03-12,https://legiscan.com/ME/bill/LD1806/2025
ME,2026649,,An Act to Expand the Sales Tax to Luxury Services and Adjust the Sales Tax on Rental Cars,An Act to Expand the Sales Tax to Luxury Services and Adjust the Sales Tax on Rental Cars,6,2025-05-28,https://legiscan.com/ME/bill/LD1807/2025
ME,2026610,,An Act to Enact the Maine Climate Superfund Act,An Act to Enact the Maine Climate Superfund Act,6,2025-05-20,https://legiscan.com/ME/bill/LD1808/2025
ME,2026595,,An Act to Further Stabilize Highway Fund Revenue,An Act to Further Stabilize Highway Fund Revenue,6,2025-05-22,https://legiscan.com/ME/bill/LD1809/2025
ME,2026626,,"Resolve, to Establish the Commission to Study the Judicial Disciplinary Process","Resolve, to Establish the Commission to Study the Judicial Disciplinary Process",3,2025-06-13,https://legiscan.com/ME/bill/LD1810/2025
ME,2026633,,An Act Regarding the Submission of Documents for Protection from Abuse and Protection from Harassment Cases,An Act Regarding the Submission of Documents for Protection from Abuse and Protection from Harassment Cases,6,2025-05-13,https://legiscan.com/ME/bill/LD1811/2025
ME,2026562,,An Act to Establish the Loans for Trade Tools Program,An Act to Establish the Loans for Trade Tools Program,3,2025-06-03,https://legiscan.com/ME/bill/LD1812/2025
ME,2026547,,An Act to Implement the Recommendations of the Right to Know Advisory Committee Concerning State Boards and Commissions,An Act to Implement the Recommendations of the Right to Know Advisory Committee Concerning State Boards and Commissions,4,2025-05-27,https://legiscan.com/ME/bill/LD1813/2025
ME,2026861,,"RESOLUTION, Proposing an Amendment to the Constitution of Maine to Limit Taxes, Spending or Debt Without Approval by the Voters","RESOLUTION, Proposing an Amendment to the Constitution of Maine to Limit Taxes, Spending or Debt Without Approval by the Voters",6,2025-05-28,https://legiscan.com/ME/bill/LD1818/2025
ME,2026880,,An Act Regarding the Brunswick Naval Air Station Job Increment Financing Fund,An Act Regarding the Brunswick Naval Air Station Job Increment Financing Fund,4,2025-06-09,https://legiscan.com/ME/bill/LD1819/2025
ME,2026815,,An Act to Simplify Regulation of the Adult Use Cannabis Industry,An Act to Simplify Regulation of the Adult Use Cannabis Industry,3,2025-06-12,https://legiscan.com/ME/bill/LD1820/2025
ME,2026854,,An Act to Ensure Responsible Business Practices by Licensed Firearms Dealers,An Act to Ensure Responsible Business Practices by Licensed Firearms Dealers,1,2025-04-29,https://legiscan.com/ME/bill/LD1821/2025
ME,2026898,,An Act to Enact the Maine Online Data Privacy Act,An Act to Enact the Maine Online Data Privacy Act,3,2026-03-10,https://legiscan.com/ME/bill/LD1822/2025
ME,2026869,,"An Act to Protect the Confidentiality of Personally Identifiable Information in Records of the Permanent Commission on the Status of Racial, Indigenous and Tribal Populations","An Act to Protect the Confidentiality of Personally Identifiable Information in Records of the Permanent Commission on the Status of Racial, Indigenous and Tribal Populations",4,2025-05-27,https://legiscan.com/ME/bill/LD1826/2025
ME,2026887,,An Act to Implement the Recommendations of the Right to Know Advisory Committee Concerning Public Records Requests,An Act to Implement the Recommendations of the Right to Know Advisory Committee Concerning Public Records Requests,4,2025-05-27,https://legiscan.com/ME/bill/LD1827/2025
ME,2026826,,An Act to Implement the Recommendations of the Right to Know Advisory Committee Concerning Public Records Exceptions,An Act to Implement the Recommendations of the Right to Know Advisory Committee Concerning Public Records Exceptions,4,2025-05-21,https://legiscan.com/ME/bill/LD1828/2025
ME,2027289,,An Act to Build Housing for Maine Families and Attract Workers to Maine Businesses by Amending the Laws Governing Housing Density,An Act to Build Housing for Maine Families and Attract Workers to Maine Businesses by Amending the Laws Governing Housing Density,4,2025-06-17,https://legiscan.com/ME/bill/LD1829/2025
ME,2027302,,"Resolve, to Expand the Recipients of the Report on the Public Safety Health and Wellness Grant Pilot Program and Authorize Legislation to Be Submitted in Response to the Report","Resolve, to Expand the Recipients of the Report on the Public Safety Health and Wellness Grant Pilot Program and Authorize Legislation to Be Submitted in Response to the Report",4,2025-06-05,https://legiscan.com/ME/bill/LD1830/2025
ME,2027207,,An Act to Support Small Adult Use Cannabis Businesses by Establishing a Micro Cannabis Facility License,An Act to Support Small Adult Use Cannabis Businesses by Establishing a Micro Cannabis Facility License,6,2025-05-28,https://legiscan.com/ME/bill/LD1831/2025
ME,2027185,,An Act to Provide Peer Respite for Individuals with Mental Health Care Needs,An Act to Provide Peer Respite for Individuals with Mental Health Care Needs,3,2025-06-09,https://legiscan.com/ME/bill/LD1843/2025
ME,2027200,,An Act to Expand the State's Workforce by Supporting the Transition from Incarceration to Employment,An Act to Expand the State's Workforce by Supporting the Transition from Incarceration to Employment,4,2025-06-25,https://legiscan.com/ME/bill/LD1844/2025
ME,2027296,,An Act to Establish the Working Waterfront Advisory Council,An Act to Establish the Working Waterfront Advisory Council,6,2025-05-21,https://legiscan.com/ME/bill/LD1845/2025
ME,2027249,,An Act to Amend the Law Governing Notification to Vehicle Owners and Lienholders When a Vehicle Is Towed or Left Without Permission on Residential or Business Property,An Act to Amend the Law Governing Notification to Vehicle Owners and Lienholders When a Vehicle Is Towed or Left Without Permission on Residential or Business Property,6,2025-05-20,https://legiscan.com/ME/bill/LD1846/2025
ME,2027193,,"An Act to Institute Testing and Tracking of Medical Use Cannabis and Cannabis Products Similar to Adult Use Cannabis and Cannabis Products, Dedicate a Portion of the Adult Use Cannabis Sales and Excise Tax to Medical Use Cannabis Programs and Create a Study Group","An Act to Institute Testing and Tracking of Medical Use Cannabis and Cannabis Products Similar to Adult Use Cannabis and Cannabis Products, Dedicate a Portion of the Adult Use Cannabis Sales and Excise Tax to Medical Use Cannabis Programs and Create a Study Group",1,2025-04-30,https://legiscan.com/ME/bill/LD1847/2025
ME,2027306,,An Act to Implement Recommendations for Improved Dam Safety,An Act to Implement Recommendations for Improved Dam Safety,3,2025-06-05,https://legiscan.com/ME/bill/LD1848/2025
ME,2027273,,An Act to Establish a Minimum Age at Which Conduct Constitutes a Juvenile Crime and to Confer Jurisdiction to the Juvenile Courts Over Any Criminal Offense Under Maine Law Committed by a Juvenile,An Act to Establish a Minimum Age at Which Conduct Constitutes a Juvenile Crime and to Confer Jurisdiction to the Juvenile Courts Over Any Criminal Offense Under Maine Law Committed by a Juvenile,4,2025-06-18,https://legiscan.com/ME/bill/LD1849/2025
ME,2027226,,"Resolve, to Improve Interagency Coordination and Information Accessibility Regarding Renewable Energy Construction Projects","Resolve, to Improve Interagency Coordination and Information Accessibility Regarding Renewable Energy Construction Projects",4,2025-06-16,https://legiscan.com/ME/bill/LD1850/2025
ME,2027264,,An Act to Bring Parity Among the Wabanaki Nations Regarding the Generation of Revenues from Gaming,An Act to Bring Parity Among the Wabanaki Nations Regarding the Generation of Revenues from Gaming,6,2026-03-25,https://legiscan.com/ME/bill/LD1851/2025
ME,2027282,,An Act to Promote Equitable Property Taxation by Reducing Valuation Based on Nearby Clean Energy Projects,An Act to Promote Equitable Property Taxation by Reducing Valuation Based on Nearby Clean Energy Projects,6,2025-06-05,https://legiscan.com/ME/bill/LD1852/2025
ME,2027240,,An Act to Establish an Educational Tax Credit Program to Help Parents Pay for Nonpublic School Tuition and Fees,An Act to Establish an Educational Tax Credit Program to Help Parents Pay for Nonpublic School Tuition and Fees,6,2025-06-16,https://legiscan.com/ME/bill/LD1853/2025
ME,2027256,,"An Act to Require the Board of Counseling Professionals Licensure, Board of Dental Practice, Board of Speech, Audiology and Hearing, Board of Occupational Therapy Practice, State Board of Social Worker Licensure, Board of Osteopathic Licensure and Board of Licensure in Medicine to Obtain Fingerprint-based Federal Bureau of Investigation Criminal Background Checks for Initial Applicants and Licensees Seeking Compact Privileges","An Act to Require the Board of Counseling Professionals Licensure, Board of Dental Practice, Board of Speech, Audiology and Hearing, Board of Occupational Therapy Practice, State Board of Social Worker Licensure, Board of Osteopathic Licensure and Board of Licensure in Medicine to Obtain Fingerprint-based Federal Bureau of Investigation Criminal Background Checks for Initial Applicants and Licensees Seeking Compact Privileges",4,2025-06-16,https://legiscan.com/ME/bill/LD1854/2025
ME,2027233,,An Act to Repeal the Low-alcohol Spirits Product Tax,An Act to Repeal the Low-alcohol Spirits Product Tax,3,2025-05-28,https://legiscan.com/ME/bill/LD1855/2025
ME,2027215,,An Act Directing the Maine Commission on Public Defense Services to Assist Persons Filing Post-judgment Motions to Seal Criminal History Record Information,An Act Directing the Maine Commission on Public Defense Services to Assist Persons Filing Post-judgment Motions to Seal Criminal History Record Information,6,2025-06-05,https://legiscan.com/ME/bill/LD1856/2025
ME,2027961,,An Act to Reinvest in the Pension Funds of the Maine Public Employees Retirement System,An Act to Reinvest in the Pension Funds of the Maine Public Employees Retirement System,3,2026-02-24,https://legiscan.com/ME/bill/LD1872/2025
ME,2027934,,An Act to Require Age Verification for Online Obscene Matter,An Act to Require Age Verification for Online Obscene Matter,6,2025-06-17,https://legiscan.com/ME/bill/LD1873/2025
ME,2027914,,An Act to Enable the Maine Pilotage Commission to Oversee Pilots Operating in Portland Harbor,An Act to Enable the Maine Pilotage Commission to Oversee Pilots Operating in Portland Harbor,4,2025-06-03,https://legiscan.com/ME/bill/LD1874/2025
ME,2027988,,An Act to Create Equity in Maine's Highway Funding by Imposing a Road Use Fee for Electric Vehicles,An Act to Create Equity in Maine's Highway Funding by Imposing a Road Use Fee for Electric Vehicles,6,2025-05-22,https://legiscan.com/ME/bill/LD1875/2025
ME,2027986,,An Act to Change the Name and Duties of the Taxpayer Advocate to Increase the Use of State Tax Credits,An Act to Change the Name and Duties of the Taxpayer Advocate to Increase the Use of State Tax Credits,4,2025-06-25,https://legiscan.com/ME/bill/LD1876/2025
ME,2027973,,An Act to Increase Penalties for Human Trafficking Offenses,An Act to Increase Penalties for Human Trafficking Offenses,4,2025-06-17,https://legiscan.com/ME/bill/LD1877/2025
ME,2027906,,An Act to Establish a Managed Care Program for MaineCare Services,An Act to Establish a Managed Care Program for MaineCare Services,6,2025-05-27,https://legiscan.com/ME/bill/LD1878/2025
ME,2028004,,An Act to Support Maine's Agricultural Economy by Increasing Revenue from the Corporate Income Tax,An Act to Support Maine's Agricultural Economy by Increasing Revenue from the Corporate Income Tax,3,2025-06-12,https://legiscan.com/ME/bill/LD1879/2025
ME,2027955,,An Act to Require Photographic Identification for Voting,An Act to Require Photographic Identification for Voting,6,2025-05-13,https://legiscan.com/ME/bill/LD1880/2025
ME,2027979,,An Act to Ensure the Rights of Parents of Minor Children in Education,An Act to Ensure the Rights of Parents of Minor Children in Education,6,2025-06-02,https://legiscan.com/ME/bill/LD1881/2025
ME,2027893,,"Resolve, Directing the Department of Environmental Protection to Conduct Rulemaking Regarding Significant Vernal Pools","Resolve, Directing the Department of Environmental Protection to Conduct Rulemaking Regarding Significant Vernal Pools",6,2025-05-27,https://legiscan.com/ME/bill/LD1882/2025
ME,2027991,,An Act to Enact the All Maine Health Act,An Act to Enact the All Maine Health Act,6,2025-05-27,https://legiscan.com/ME/bill/LD1883/2025
ME,2027907,,"Resolve, to Increase the Number of Kennebec County Commissioners","Resolve, to Increase the Number of Kennebec County Commissioners",6,2025-06-02,https://legiscan.com/ME/bill/LD1884/2025
ME,2027940,,"An Act to Create a State Property Tax Directed Toward 2nd Homes for the Purposes of Funding Education, Early Childhood Programs and the Land for Maine's Future Trust Fund","An Act to Create a State Property Tax Directed Toward 2nd Homes for the Purposes of Funding Education, Early Childhood Programs and the Land for Maine's Future Trust Fund",6,2025-05-13,https://legiscan.com/ME/bill/LD1885/2025
ME,2027889,,An Act to Include Serious Bodily Injury in the Law Governing Motor Vehicle Violations Resulting in Death,An Act to Include Serious Bodily Injury in the Law Governing Motor Vehicle Violations Resulting in Death,4,2025-06-09,https://legiscan.com/ME/bill/LD1886/2025
ME,2027904,,"Resolve, To Improve Air Quality and Ventilation in Newly Constructed Schools","Resolve, To Improve Air Quality and Ventilation in Newly Constructed Schools",4,2025-06-02,https://legiscan.com/ME/bill/LD1887/2025
ME,2027995,,"Resolve, to Study the Establishment of a New Crime of Racketeering for Drug Offenses and Sex Trafficking","Resolve, to Study the Establishment of a New Crime of Racketeering for Drug Offenses and Sex Trafficking",3,2025-06-11,https://legiscan.com/ME/bill/LD1888/2025
ME,2027944,,An Act to Expand Tax Incentives for Certain Barn Renovations,An Act to Expand Tax Incentives for Certain Barn Renovations,6,2025-05-28,https://legiscan.com/ME/bill/LD1889/2025
ME,2027998,,An Act to Facilitate the Development of Ambulatory Surgical Facilities by Increasing the Monetary Threshold for Certain Facilities Under the Requirement to Obtain a Certificate of Need and to Index the Threshold Annually Thereafter,An Act to Facilitate the Development of Ambulatory Surgical Facilities by Increasing the Monetary Threshold for Certain Facilities Under the Requirement to Obtain a Certificate of Need and to Index the Threshold Annually Thereafter,4,2026-03-18,https://legiscan.com/ME/bill/LD1890/2025
ME,2027933,,An Act to Address the Dental Professional Workforce Shortage by Establishing Scholarship and Loan Programs and Updating the Dental Care Access Tax Credit,An Act to Address the Dental Professional Workforce Shortage by Establishing Scholarship and Loan Programs and Updating the Dental Care Access Tax Credit,6,2025-05-20,https://legiscan.com/ME/bill/LD1891/2025
ME,2027913,,An Act to Establish Procedures for School Construction Projects,An Act to Establish Procedures for School Construction Projects,1,2025-05-01,https://legiscan.com/ME/bill/LD1892/2025
ME,2027898,,An Act to Establish an Independent Office of the Child Advocate,An Act to Establish an Independent Office of the Child Advocate,1,2025-05-01,https://legiscan.com/ME/bill/LD1893/2025
ME,2027952,,"Resolve, to Establish the Commission to Study Consumer Grocery Pricing Fairness","Resolve, to Establish the Commission to Study Consumer Grocery Pricing Fairness",3,2025-06-05,https://legiscan.com/ME/bill/LD1894/2025
ME,2027950,,An Act to Require the Removal from a Property Tax Lien the Name of a Previous Owner Who Paid Prorated Property Taxes,An Act to Require the Removal from a Property Tax Lien the Name of a Previous Owner Who Paid Prorated Property Taxes,4,2025-06-12,https://legiscan.com/ME/bill/LD1895/2025
ME,2027981,,"Resolve, to Support Pro Se Litigants Regarding the Return Receipt of Service","Resolve, to Support Pro Se Litigants Regarding the Return Receipt of Service",6,2025-06-03,https://legiscan.com/ME/bill/LD1896/2025
ME,2027969,,An Act Regarding Outdoor Cultivation in the Medical Use Cannabis and Adult Use Cannabis Industries,An Act Regarding Outdoor Cultivation in the Medical Use Cannabis and Adult Use Cannabis Industries,4,2025-06-17,https://legiscan.com/ME/bill/LD1897/2025
ME,2027926,,An Act to Correct Outdated References Regarding the Maine Human Rights Act,An Act to Correct Outdated References Regarding the Maine Human Rights Act,4,2025-06-05,https://legiscan.com/ME/bill/LD1898/2025
ME,2027939,,An Act to Eliminate Taxation on Health Care Spending,An Act to Eliminate Taxation on Health Care Spending,6,2025-06-09,https://legiscan.com/ME/bill/LD1899/2025
ME,2027968,,An Act to Bring Parity to the State's Recognition of the Wabanaki Nations' Authority to Provide Electric Power Districts and Child Support Enforcement,An Act to Bring Parity to the State's Recognition of the Wabanaki Nations' Authority to Provide Electric Power Districts and Child Support Enforcement,4,2025-06-09,https://legiscan.com/ME/bill/LD1900/2025
ME,2027895,,An Act to Regulate Shared Appreciation Agreements Relating to Residential Property,An Act to Regulate Shared Appreciation Agreements Relating to Residential Property,1,2025-05-01,https://legiscan.com/ME/bill/LD1901/2025
ME,2028553,,An Act to Allow Matinicus Isle Plantation to Issue a Revenue Bond for Urgently Needed Repairs to the Plantation's Electric Power Generating Facility,An Act to Allow Matinicus Isle Plantation to Issue a Revenue Bond for Urgently Needed Repairs to the Plantation's Electric Power Generating Facility,4,2025-06-02,https://legiscan.com/ME/bill/LD1913/2025
ME,2028485,,An Act to Address Housing Density Requirements in Sole Source Aquifer Island and Peninsular Communities,An Act to Address Housing Density Requirements in Sole Source Aquifer Island and Peninsular Communities,6,2025-05-27,https://legiscan.com/ME/bill/LD1914/2025
ME,2028500,,An Act to Regulate Earned Wage Access Services Providers,An Act to Regulate Earned Wage Access Services Providers,6,2026-02-10,https://legiscan.com/ME/bill/LD1915/2025
ME,2028583,,An Act to Automatically Seal Criminal History Record Information for Class D and Class E Crimes Relating to Marijuana Possession and Cultivation,An Act to Automatically Seal Criminal History Record Information for Class D and Class E Crimes Relating to Marijuana Possession and Cultivation,1,2025-05-06,https://legiscan.com/ME/bill/LD1916/2025
ME,2028519,,An Act to Allow the Sealing of Criminal History Record Information Related to Convictions for Conduct That Is No Longer a Crime in the State,An Act to Allow the Sealing of Criminal History Record Information Related to Convictions for Conduct That Is No Longer a Crime in the State,1,2025-05-06,https://legiscan.com/ME/bill/LD1917/2025
ME,2028449,,An Act to Clarify the Criminal History Record Information Act with Respect to Criminal Charges Dismissed as the Result of a Plea Agreement,An Act to Clarify the Criminal History Record Information Act with Respect to Criminal Charges Dismissed as the Result of a Plea Agreement,1,2025-05-06,https://legiscan.com/ME/bill/LD1918/2025
ME,2028451,,An Act to Expand the Types of Convictions Eligible for Sealing Through a Post-judgment Motion to Seal Criminal History Record Information,An Act to Expand the Types of Convictions Eligible for Sealing Through a Post-judgment Motion to Seal Criminal History Record Information,6,2026-03-10,https://legiscan.com/ME/bill/LD1919/2025
ME,2028575,,An Act to Prohibit the Sale of Potentially Intoxicating Hemp Products to a Person Under 21 Years of Age,An Act to Prohibit the Sale of Potentially Intoxicating Hemp Products to a Person Under 21 Years of Age,4,2025-06-11,https://legiscan.com/ME/bill/LD1920/2025
ME,2028527,,"Resolve, to Establish the Commission to Study Pathways to Increase Efficiency in Resolving Legal Disputes Involving Housing Development Projects","Resolve, to Establish the Commission to Study Pathways to Increase Efficiency in Resolving Legal Disputes Involving Housing Development Projects",3,2026-03-03,https://legiscan.com/ME/bill/LD1921/2025
ME,2028508,,An Act to Support Workforce Development for Families That Were Involved in Child Protective Activities by Requiring the Sealing of Certain Records,An Act to Support Workforce Development for Families That Were Involved in Child Protective Activities by Requiring the Sealing of Certain Records,6,2026-03-19,https://legiscan.com/ME/bill/LD1922/2025
ME,2028521,,An Act to Update Juvenile Justice System Reporting Requirements and to Direct the Department of Corrections and the Department of Health and Human Services to Study Modifying the Long Creek Youth Development Center,An Act to Update Juvenile Justice System Reporting Requirements and to Direct the Department of Corrections and the Department of Health and Human Services to Study Modifying the Long Creek Youth Development Center,4,2026-03-25,https://legiscan.com/ME/bill/LD1923/2025
ME,2028555,,An Act to Encourage New Residential Housing Through a Tax Exemption for the Sale or Rental of Such Housing,An Act to Encourage New Residential Housing Through a Tax Exemption for the Sale or Rental of Such Housing,6,2025-05-28,https://legiscan.com/ME/bill/LD1924/2025
ME,2028504,,An Act to Improve Access to Grant Funding for the Maine Farms for the Future Program,An Act to Improve Access to Grant Funding for the Maine Farms for the Future Program,4,2025-06-03,https://legiscan.com/ME/bill/LD1925/2025
ME,2028525,,An Act to Require Increased Housing Density or Lower Minimum Lot Sizes for Workforce Housing,An Act to Require Increased Housing Density or Lower Minimum Lot Sizes for Workforce Housing,6,2026-02-26,https://legiscan.com/ME/bill/LD1926/2025
ME,2028536,,An Act to Add Mold to the Implied Warranty and Covenant of Habitability,An Act to Add Mold to the Implied Warranty and Covenant of Habitability,4,2025-06-16,https://legiscan.com/ME/bill/LD1927/2025
ME,2028548,,An Act to Prohibit Lodging Establishments from Providing Single-use Plastic Containers,An Act to Prohibit Lodging Establishments from Providing Single-use Plastic Containers,6,2025-06-13,https://legiscan.com/ME/bill/LD1928/2025
ME,2028469,,An Act to Improve Public Utility Service by Addressing Seasonal Property Hazards,An Act to Improve Public Utility Service by Addressing Seasonal Property Hazards,6,2025-05-21,https://legiscan.com/ME/bill/LD1929/2025
ME,2028532,,An Act Regarding Acts of Violence Committed Against a Pregnant Woman,An Act Regarding Acts of Violence Committed Against a Pregnant Woman,6,2025-06-10,https://legiscan.com/ME/bill/LD1930/2025
ME,2028543,,An Act to Annually Reimburse the Town of Charleston for 43 Percent of Property Tax Revenue Lost Due to the Mountain View Correctional Facility's Tax-exempt Status,An Act to Annually Reimburse the Town of Charleston for 43 Percent of Property Tax Revenue Lost Due to the Mountain View Correctional Facility's Tax-exempt Status,6,2026-02-03,https://legiscan.com/ME/bill/LD1931/2025
ME,2028494,,An Act to Support Essential Support Workers and Enhance Workforce Development,An Act to Support Essential Support Workers and Enhance Workforce Development,1,2025-05-06,https://legiscan.com/ME/bill/LD1932/2025
ME,2028479,,"Resolve, to Study Pathways for Tribal Law Enforcement Officers to Receive a Waiver for the Maine Criminal Justice Academy Basic Law Enforcement Training Requirement","Resolve, to Study Pathways for Tribal Law Enforcement Officers to Receive a Waiver for the Maine Criminal Justice Academy Basic Law Enforcement Training Requirement",4,2025-06-11,https://legiscan.com/ME/bill/LD1933/2025
ME,2028585,,An Act to Promote Responsible Outdoor Lighting,An Act to Promote Responsible Outdoor Lighting,4,2025-06-13,https://legiscan.com/ME/bill/LD1934/2025
ME,2028568,,An Act to Increase Penalties for Violations Related to Water Well Drilling,An Act to Increase Penalties for Violations Related to Water Well Drilling,6,2025-06-05,https://legiscan.com/ME/bill/LD1935/2025
ME,2028826,,An Act Regarding the Regulation of Tobacco,An Act Regarding the Regulation of Tobacco,4,2025-06-16,https://legiscan.com/ME/bill/LD1938/2025
ME,2028851,,An Act to Close Maine's Tax Loophole for Offshore Profit Shifting,An Act to Close Maine's Tax Loophole for Offshore Profit Shifting,1,2025-05-06,https://legiscan.com/ME/bill/LD1939/2025
ME,2029057,,An Act to Revise the Growth Management Program Laws,An Act to Revise the Growth Management Program Laws,6,2025-06-18,https://legiscan.com/ME/bill/LD1940/2025
ME,2029096,,An Act to Implement Recommendations of the Commission to Examine Reestablishing Parole,An Act to Implement Recommendations of the Commission to Examine Reestablishing Parole,1,2025-05-07,https://legiscan.com/ME/bill/LD1941/2025
ME,2029083,,"An Act to Modify Taxes Applying to Adult Use Cannabis, Hemp and Hemp Products","An Act to Modify Taxes Applying to Adult Use Cannabis, Hemp and Hemp Products",1,2025-05-07,https://legiscan.com/ME/bill/LD1942/2025
ME,2029046,,"Resolve, to Establish a Commission to Study the Role of Private Equity in Maine's Economy and in Key Economic Sectors","Resolve, to Establish a Commission to Study the Role of Private Equity in Maine's Economy and in Key Economic Sectors",3,2025-06-16,https://legiscan.com/ME/bill/LD1943/2025
ME,2029137,,"An Act to Protect Individuals from the Threatened Unauthorized Dissemination of Certain Private Images, Including Artificially Generated Private Images","An Act to Protect Individuals from the Threatened Unauthorized Dissemination of Certain Private Images, Including Artificially Generated Private Images",4,2025-06-16,https://legiscan.com/ME/bill/LD1944/2025
ME,2029127,,An Act to Clarify Data Collection Processes in Health Care Facilities,An Act to Clarify Data Collection Processes in Health Care Facilities,4,2025-06-03,https://legiscan.com/ME/bill/LD1945/2025
ME,2029143,,An Act to Clarify the Eligibility of Certified Recovery Residences for Bridging Rental Assistance Program Housing Vouchers,An Act to Clarify the Eligibility of Certified Recovery Residences for Bridging Rental Assistance Program Housing Vouchers,4,2025-06-12,https://legiscan.com/ME/bill/LD1946/2025
ME,2029117,,An Act to Amend the Laws Pertaining to the Maine Public Employees Retirement System,An Act to Amend the Laws Pertaining to the Maine Public Employees Retirement System,4,2025-06-02,https://legiscan.com/ME/bill/LD1947/2025
ME,2029105,,An Act to Fund MaineCare,An Act to Fund MaineCare,3,2025-05-13,https://legiscan.com/ME/bill/LD1948/2025
ME,2029066,,An Act to Promote Film Production in Maine,An Act to Promote Film Production in Maine,1,2025-05-07,https://legiscan.com/ME/bill/LD1957/2025
ME,2030277,,An Act to Improve Access to Community Solar Programs in the State,An Act to Improve Access to Community Solar Programs in the State,1,2025-05-13,https://legiscan.com/ME/bill/LD1966/2025
ME,2030297,,"Resolve, to Design a Maine Home Energy Navigator and Coaching Pilot Program","Resolve, to Design a Maine Home Energy Navigator and Coaching Pilot Program",4,2025-06-12,https://legiscan.com/ME/bill/LD1967/2025
ME,2030414,,An Act to Amend the Laws Regarding Legislative Reimbursement,An Act to Amend the Laws Regarding Legislative Reimbursement,4,2025-06-25,https://legiscan.com/ME/bill/LD1968/2025
ME,2030375,,An Act to Amend the Maine Revised Unclaimed Property Act,An Act to Amend the Maine Revised Unclaimed Property Act,1,2025-05-13,https://legiscan.com/ME/bill/LD1969/2025
ME,2030355,,An Act to Amend the Laws Regarding Consent for HIV Testing and Disclosure of Related Medical Information for Insurance Purposes,An Act to Amend the Laws Regarding Consent for HIV Testing and Disclosure of Related Medical Information for Insurance Purposes,4,2026-03-10,https://legiscan.com/ME/bill/LD1970/2025
ME,2030315,,An Act to Protect Workers in This State by Clarifying the Relationship of State and Local Law Enforcement Agencies with Federal Immigration Authorities,An Act to Protect Workers in This State by Clarifying the Relationship of State and Local Law Enforcement Agencies with Federal Immigration Authorities,4,2025-06-18,https://legiscan.com/ME/bill/LD1971/2025
ME,2030260,,An Act to Enhance Transparency and Value in Substantial Health Care Transactions by Changing the Review and Approval Process for Those Transactions,An Act to Enhance Transparency and Value in Substantial Health Care Transactions by Changing the Review and Approval Process for Those Transactions,6,2025-05-28,https://legiscan.com/ME/bill/LD1972/2025
ME,2030229,,"Resolve, to Establish the Commission to Study Oversight and Funding Structures for Recovery Residences and Resident Protections","Resolve, to Establish the Commission to Study Oversight and Funding Structures for Recovery Residences and Resident Protections",6,2025-05-27,https://legiscan.com/ME/bill/LD1973/2025
ME,2030336,,An Act to Affirm Parental Rights,An Act to Affirm Parental Rights,6,2025-06-09,https://legiscan.com/ME/bill/LD1974/2025
ME,2030244,,"Resolve, Directing the Maine Connectivity Authority to Develop Recommendations to Transition Functions Performed by the ConnectMaine Authority to the Maine Connectivity Authority","Resolve, Directing the Maine Connectivity Authority to Develop Recommendations to Transition Functions Performed by the ConnectMaine Authority to the Maine Connectivity Authority",4,2026-03-10,https://legiscan.com/ME/bill/LD1975/2025
ME,2030396,,"Resolve, Regarding Legislative Review of Chapter 379: Compensation for Impacts to High-Value Agricultural Land from Solar Energy Development, a Late-filed Major Substantive Rule of the Department of Environmental Protection","Resolve, Regarding Legislative Review of Chapter 379: Compensation for Impacts to High-Value Agricultural Land from Solar Energy Development, a Late-filed Major Substantive Rule of the Department of Environmental Protection",4,2025-06-02,https://legiscan.com/ME/bill/LD1976/2025
ME,2030576,,An Act Regarding Government Liability Related to Sexual Acts Toward Minors,An Act Regarding Government Liability Related to Sexual Acts Toward Minors,6,2025-06-05,https://legiscan.com/ME/bill/LD1978/2025
ME,2030636,,"Resolve, Directing the Department of Corrections to Convene a Working Group to Examine the Establishment of a Program to Award Earned Time Credit for Educational Achievement to Persons Who Are Incarcerated","Resolve, Directing the Department of Corrections to Convene a Working Group to Examine the Establishment of a Program to Award Earned Time Credit for Educational Achievement to Persons Who Are Incarcerated",4,2025-06-03,https://legiscan.com/ME/bill/LD1979/2025
ME,2031541,,An Act to Ensure Uniformity in the Regulation of PFAS,An Act to Ensure Uniformity in the Regulation of PFAS,6,2025-06-04,https://legiscan.com/ME/bill/LD1982/2025
ME,2034257,,"An Act to Correct Inconsistencies, Conflicts and Errors in the Laws of Maine","An Act to Correct Inconsistencies, Conflicts and Errors in the Laws of Maine",4,2025-06-16,https://legiscan.com/ME/bill/LD1984/2025
ME,2035555,,An Act to Implement the Recommendations of the Maine Abandoned and Discontinued Roads Commission,An Act to Implement the Recommendations of the Maine Abandoned and Discontinued Roads Commission,4,2025-06-25,https://legiscan.com/ME/bill/LD1985/2025
ME,2036791,,An Act to Fund Collective Bargaining Agreements with Executive Branch Employees and Continue the Voluntary Employee Incentive Program,An Act to Fund Collective Bargaining Agreements with Executive Branch Employees and Continue the Voluntary Employee Incentive Program,4,2025-06-25,https://legiscan.com/ME/bill/LD1987/2025
ME,2036832,,An Act to Address Funding Needs for State Employees Affected by Federal Funding Disruptions,An Act to Address Funding Needs for State Employees Affected by Federal Funding Disruptions,4,2025-06-25,https://legiscan.com/ME/bill/LD1988/2025
ME,2056515,,An Act Updating References to the United States Internal Revenue Code of 1986 Contained in the Maine Revised Statutes,An Act Updating References to the United States Internal Revenue Code of 1986 Contained in the Maine Revised Statutes,1,2025-12-03,https://legiscan.com/ME/bill/LD2010/2025
ME,2056561,,An Act to Remove the MaineCare Program from the Prescription Drug Benefit Provisions in the Maine Insurance Code,An Act to Remove the MaineCare Program from the Prescription Drug Benefit Provisions in the Maine Insurance Code,4,2026-03-10,https://legiscan.com/ME/bill/LD2011/2025
ME,2056533,,An Act to Amend the Laws Governing Carbon Monoxide Detectors,An Act to Amend the Laws Governing Carbon Monoxide Detectors,1,2025-12-03,https://legiscan.com/ME/bill/LD2012/2025
ME,2056493,,An Act to Authorize the Commissioner of Marine Resources to Adopt Emergency Rules to Protect Certain Marine Mammals in Exceptional Circumstances,An Act to Authorize the Commissioner of Marine Resources to Adopt Emergency Rules to Protect Certain Marine Mammals in Exceptional Circumstances,4,2026-03-25,https://legiscan.com/ME/bill/LD2013/2025
ME,2056570,,An Act to Update the Funding Method for Career and Technical Education Programs,An Act to Update the Funding Method for Career and Technical Education Programs,6,2026-02-03,https://legiscan.com/ME/bill/LD2014/2025
ME,2056532,,An Act to Require Superintendents of School Administrative Units to Report Data Related to Educator Vacancies,An Act to Require Superintendents of School Administrative Units to Report Data Related to Educator Vacancies,4,2026-03-24,https://legiscan.com/ME/bill/LD2015/2025
ME,2056566,,An Act to Eliminate the Thermal Imaging Camera Program,An Act to Eliminate the Thermal Imaging Camera Program,4,2026-03-03,https://legiscan.com/ME/bill/LD2016/2025
ME,2056528,,An Act to Update Certain Statutes Governing School Nutrition,An Act to Update Certain Statutes Governing School Nutrition,3,2026-03-12,https://legiscan.com/ME/bill/LD2017/2025
ME,2056503,,An Act to Amend the Requirements Governing Self-insurance Plans in the Paid Family and Medical Leave Benefits Program,An Act to Amend the Requirements Governing Self-insurance Plans in the Paid Family and Medical Leave Benefits Program,1,2025-12-03,https://legiscan.com/ME/bill/LD2018/2025
ME,2056529,,An Act to Amend the Laws Governing Licensure of Wholesalers and Manufacturers Under the Maine Pharmacy Act,An Act to Amend the Laws Governing Licensure of Wholesalers and Manufacturers Under the Maine Pharmacy Act,4,2026-02-26,https://legiscan.com/ME/bill/LD2019/2025
ME,2056538,,An Act to Update Department of Education Reporting Requirements,An Act to Update Department of Education Reporting Requirements,1,2025-12-03,https://legiscan.com/ME/bill/LD2020/2025
ME,2056567,,"An Act to Add an Online Option for Reporting of Suspected Abuse, Neglect and Exploitation of Adults","An Act to Add an Online Option for Reporting of Suspected Abuse, Neglect and Exploitation of Adults",4,2026-02-24,https://legiscan.com/ME/bill/LD2021/2025
ME,2056552,,An Act to Clarify the Setting of Group Life Insurance Coverage Levels Under the Maine Public Employees Retirement System,An Act to Clarify the Setting of Group Life Insurance Coverage Levels Under the Maine Public Employees Retirement System,4,2026-03-10,https://legiscan.com/ME/bill/LD2022/2025
ME,2056535,,"Resolve, to Establish a Working Group to Identify Ways to Manage Moorings on Inland Waters","Resolve, to Establish a Working Group to Identify Ways to Manage Moorings on Inland Waters",4,2026-03-25,https://legiscan.com/ME/bill/LD2023/2025
ME,2056507,,"An Act to Make Changes to Certain Licensing Laws Governing For-hire Charter Boat Operators, Lobster and Crab Fishing and Elver Dealers","An Act to Make Changes to Certain Licensing Laws Governing For-hire Charter Boat Operators, Lobster and Crab Fishing and Elver Dealers",4,2026-03-12,https://legiscan.com/ME/bill/LD2024/2025
ME,2056512,,An Act to Create a Limited-purpose License for Aquaculture Nursery and Husbandry Activities and to Clarify the Aquaculture Lease Amendment Process,An Act to Create a Limited-purpose License for Aquaculture Nursery and Husbandry Activities and to Clarify the Aquaculture Lease Amendment Process,1,2025-12-03,https://legiscan.com/ME/bill/LD2025/2025
ME,2056551,,An Act Regarding Distributions from the Stipend Fund for Agricultural Fair Competitions and Events,An Act Regarding Distributions from the Stipend Fund for Agricultural Fair Competitions and Events,6,2026-02-26,https://legiscan.com/ME/bill/LD2026/2025
ME,2056549,,"Resolve, to Rename a Bridge in Woolwich the Woolwich Veterans Memorial Bridge","Resolve, to Rename a Bridge in Woolwich the Woolwich Veterans Memorial Bridge",4,2026-02-12,https://legiscan.com/ME/bill/LD2027/2025
ME,2056494,,"Resolve, to Rename a Bridge in West Forks Plantation and The Forks Plantation the Gordon Clifton Berry, Sr. Bridge","Resolve, to Rename a Bridge in West Forks Plantation and The Forks Plantation the Gordon Clifton Berry, Sr. Bridge",4,2026-02-26,https://legiscan.com/ME/bill/LD2028/2025
ME,2056555,,"Resolve, to Name the New East Main Street Bridge in Dover-Foxcroft in Honor of Private Willard Merrill and Private Barton Merrill, Jr.","Resolve, to Name the New East Main Street Bridge in Dover-Foxcroft in Honor of Private Willard Merrill and Private Barton Merrill, Jr.",4,2026-02-24,https://legiscan.com/ME/bill/LD2029/2025
ME,2056571,,An Act to Expand the Scope of Practice of Independent Practice Dental Hygienists,An Act to Expand the Scope of Practice of Independent Practice Dental Hygienists,4,2026-03-25,https://legiscan.com/ME/bill/LD2030/2025
ME,2056526,,An Act to Offer Military Veterans a 50 Percent Discount on the License Fee for a Commercial Shellfish License,An Act to Offer Military Veterans a 50 Percent Discount on the License Fee for a Commercial Shellfish License,6,2026-03-18,https://legiscan.com/ME/bill/LD2031/2025
ME,2056531,,An Act to Amend the Extreme Risk Protection Order Procedure,An Act to Amend the Extreme Risk Protection Order Procedure,4,2026-02-26,https://legiscan.com/ME/bill/LD2032/2025
ME,2056521,,"Resolve, to Designate Route 3 in Trenton as the Deputy Luke Gross Memorial Highway","Resolve, to Designate Route 3 in Trenton as the Deputy Luke Gross Memorial Highway",4,2026-02-26,https://legiscan.com/ME/bill/LD2033/2025
ME,2056500,,An Act to Support Funding for Educational Programs and Opportunities,An Act to Support Funding for Educational Programs and Opportunities,6,2026-02-10,https://legiscan.com/ME/bill/LD2034/2025
ME,2056559,,An Act to Increase the Fee Cap for the Board of Licensing of Auctioneers,An Act to Increase the Fee Cap for the Board of Licensing of Auctioneers,4,2026-03-17,https://legiscan.com/ME/bill/LD2035/2025
ME,2056548,,An Act to Clarify the Approval Process for and the Operation of the Commingling Program for the Management of Beverage Containers,An Act to Clarify the Approval Process for and the Operation of the Commingling Program for the Management of Beverage Containers,1,2025-12-03,https://legiscan.com/ME/bill/LD2036/2025
ME,2056539,,An Act to Update the Regional Greenhouse Gas Initiative Allowances,An Act to Update the Regional Greenhouse Gas Initiative Allowances,4,2026-03-03,https://legiscan.com/ME/bill/LD2037/2025
ME,2056511,,An Act to Require Maine Transmission and Distribution Utility Participation in a Regional Transmission Organization,An Act to Require Maine Transmission and Distribution Utility Participation in a Regional Transmission Organization,2,2026-03-24,https://legiscan.com/ME/bill/LD2038/2025
ME,2056496,,"Resolve, Regarding Legislative Review of Portions of Chapter 1: Fee Schedule, a Major Substantive Rule of the Department of Agriculture, Conservation and Forestry, Maine Land Use Planning Commission","Resolve, Regarding Legislative Review of Portions of Chapter 1: Fee Schedule, a Major Substantive Rule of the Department of Agriculture, Conservation and Forestry, Maine Land Use Planning Commission",4,2026-03-12,https://legiscan.com/ME/bill/LD2039/2025
ME,2056540,,"Resolve, to Study Food Insecurity Measures in Maine","Resolve, to Study Food Insecurity Measures in Maine",4,2026-03-17,https://legiscan.com/ME/bill/LD2040/2025
ME,2056568,,An Act to Increase the Debt Limit of the North Jay Water District,An Act to Increase the Debt Limit of the North Jay Water District,4,2026-02-26,https://legiscan.com/ME/bill/LD2041/2025
ME,2057550,,An Act to Clarify Indemnification When Seeking Remedy for Labor Law Violations,An Act to Clarify Indemnification When Seeking Remedy for Labor Law Violations,6,2026-02-26,https://legiscan.com/ME/bill/LD2049/2025
ME,2057547,,An Act to Dissolve the Great Salt Bay Community School District,An Act to Dissolve the Great Salt Bay Community School District,4,2026-02-26,https://legiscan.com/ME/bill/LD2050/2025
ME,2057519,,An Act to Ensure Access to the Supplemental Nutrition Assistance Program in Maine,An Act to Ensure Access to the Supplemental Nutrition Assistance Program in Maine,1,2025-12-09,https://legiscan.com/ME/bill/LD2051/2025
ME,2057501,,"Resolve, to Study the Use of Technology in Classrooms and Study Safeguards Related to Its Use","Resolve, to Study the Use of Technology in Classrooms and Study Safeguards Related to Its Use",4,2026-03-25,https://legiscan.com/ME/bill/LD2052/2025
ME,2057523,,An Act to Improve Safety by Allowing the Use of Variable-message Signs on Certain Vehicles,An Act to Improve Safety by Allowing the Use of Variable-message Signs on Certain Vehicles,4,2026-02-26,https://legiscan.com/ME/bill/LD2053/2025
ME,2057526,,An Act to Clarify the Laws Regarding Moose Hunting Permits for Hunting Outfitters,An Act to Clarify the Laws Regarding Moose Hunting Permits for Hunting Outfitters,1,2025-12-09,https://legiscan.com/ME/bill/LD2054/2025
ME,2057540,,An Act to Amend or Correct Certain Inland Fisheries and Wildlife Laws,An Act to Amend or Correct Certain Inland Fisheries and Wildlife Laws,4,2026-03-10,https://legiscan.com/ME/bill/LD2055/2025
ME,2058938,,An Act to Bring the Law Governing Emergency Equipment for Trucks and Truck Tractors into Alignment with the Federal Motor Carrier Laws,An Act to Bring the Law Governing Emergency Equipment for Trucks and Truck Tractors into Alignment with the Federal Motor Carrier Laws,4,2026-02-26,https://legiscan.com/ME/bill/LD2068/2025
ME,2058963,,An Act Designating July 21st as Maine Commercial Fishing Remembrance Day,An Act Designating July 21st as Maine Commercial Fishing Remembrance Day,4,2026-03-10,https://legiscan.com/ME/bill/LD2069/2025
ME,2058864,,An Act to Prohibit Landfill Expansion into Wetlands,An Act to Prohibit Landfill Expansion into Wetlands,1,2025-12-15,https://legiscan.com/ME/bill/LD2070/2025
ME,2058933,,"An Act to Expand Access to Vaccines Approved by the United States Food and Drug Administration by Allowing Pharmacists to Prescribe, Dispense and Administer Vaccines and Require Insurance Coverage","An Act to Expand Access to Vaccines Approved by the United States Food and Drug Administration by Allowing Pharmacists to Prescribe, Dispense and Administer Vaccines and Require Insurance Coverage",1,2025-12-15,https://legiscan.com/ME/bill/LD2071/2025
ME,2058944,,An Act to Make Changes to the Laws Governing Financial Institutions and to Eliminate Certain Administrative Fees Paid by Banks and Credit Unions Under the Maine Consumer Credit Code,An Act to Make Changes to the Laws Governing Financial Institutions and to Eliminate Certain Administrative Fees Paid by Banks and Credit Unions Under the Maine Consumer Credit Code,4,2026-03-10,https://legiscan.com/ME/bill/LD2072/2025
ME,2058971,,An Act to Add Positions to the Maine State Police Executive Protection Unit,An Act to Add Positions to the Maine State Police Executive Protection Unit,6,2026-03-05,https://legiscan.com/ME/bill/LD2073/2025
ME,2058901,,An Act to Update the Requirements for Social Worker Licensure,An Act to Update the Requirements for Social Worker Licensure,4,2026-03-19,https://legiscan.com/ME/bill/LD2074/2025
ME,2058879,,"Resolve, to Authorize the State Tax Assessor to Convey the Interest of the State in Certain Real Estate in the Unorganized Territory","Resolve, to Authorize the State Tax Assessor to Convey the Interest of the State in Certain Real Estate in the Unorganized Territory",4,2026-03-17,https://legiscan.com/ME/bill/LD2075/2025
ME,2058884,,An Act to Amend the Laws Governing the Reporting of Incidents by Municipal Fire Chiefs,An Act to Amend the Laws Governing the Reporting of Incidents by Municipal Fire Chiefs,4,2026-03-25,https://legiscan.com/ME/bill/LD2076/2025
ME,2065473,,An Act to Reduce the Cost of Purchasing a Home by Providing Grants to Reduce Mortgage Rates,An Act to Reduce the Cost of Purchasing a Home by Providing Grants to Reduce Mortgage Rates,1,2026-01-07,https://legiscan.com/ME/bill/LD2077/2025
ME,2065453,,An Act to Exempt from Sales Tax the Sale and Delivery of All Residential Electricity,An Act to Exempt from Sales Tax the Sale and Delivery of All Residential Electricity,3,2026-03-10,https://legiscan.com/ME/bill/LD2078/2025
ME,2065412,,An Act to Amend the Laws Governing Municipal Reporting on Residential Buildings,An Act to Amend the Laws Governing Municipal Reporting on Residential Buildings,4,2026-03-18,https://legiscan.com/ME/bill/LD2079/2025
ME,2065343,,An Act to Protect Consumers by Prohibiting the Use of Credit Cards in Sports Wagering and Internet Gaming,An Act to Protect Consumers by Prohibiting the Use of Credit Cards in Sports Wagering and Internet Gaming,4,2026-03-25,https://legiscan.com/ME/bill/LD2080/2025
ME,2065379,,An Act to Provide Health Care Cost Reimbursement for Retired Law Enforcement Canines,An Act to Provide Health Care Cost Reimbursement for Retired Law Enforcement Canines,1,2026-01-07,https://legiscan.com/ME/bill/LD2081/2025
ME,2065334,,An Act to Regulate the Use of Artificial Intelligence in Providing Certain Mental Health Services,An Act to Regulate the Use of Artificial Intelligence in Providing Certain Mental Health Services,1,2026-01-07,https://legiscan.com/ME/bill/LD2082/2025
ME,2065428,,An Act to Expand Access to Certified Residential Medication Aide Training,An Act to Expand Access to Certified Residential Medication Aide Training,4,2026-03-17,https://legiscan.com/ME/bill/LD2083/2025
ME,2065496,,An Act to Amend the Laws Regulating Transient Sales of Home Repair Services,An Act to Amend the Laws Regulating Transient Sales of Home Repair Services,4,2026-03-03,https://legiscan.com/ME/bill/LD2084/2025
ME,2065350,,An Act to Include a Certain Emergency Communications Position at the Department of Public Safety in the 1998 Special Plan,An Act to Include a Certain Emergency Communications Position at the Department of Public Safety in the 1998 Special Plan,4,2026-03-19,https://legiscan.com/ME/bill/LD2085/2025
ME,2065418,,An Act to Amend the Law Governing the Authority of the Governor to Set Salary Rates for State Police Command Staff,An Act to Amend the Law Governing the Authority of the Governor to Set Salary Rates for State Police Command Staff,6,2026-03-17,https://legiscan.com/ME/bill/LD2086/2025
ME,2065426,,An Act to Amend the Laws Governing the Licensure of American Sign Language Interpreters,An Act to Amend the Laws Governing the Licensure of American Sign Language Interpreters,4,2026-03-19,https://legiscan.com/ME/bill/LD2087/2025
ME,2065370,,An Act to Increase Access to Primary Care Provided by Physician Associates,An Act to Increase Access to Primary Care Provided by Physician Associates,4,2026-03-25,https://legiscan.com/ME/bill/LD2088/2025
ME,2065375,,An Act to Amend the Law Governing Agricultural Labor Housing Standards,An Act to Amend the Law Governing Agricultural Labor Housing Standards,1,2026-01-07,https://legiscan.com/ME/bill/LD2089/2025
ME,2065478,,An Act to Establish a One-year Probationary Period for Public Safety Dispatchers,An Act to Establish a One-year Probationary Period for Public Safety Dispatchers,1,2026-01-07,https://legiscan.com/ME/bill/LD2090/2025
ME,2065392,,An Act to Continue Training Programs for Emergency Medical Services,An Act to Continue Training Programs for Emergency Medical Services,6,2026-02-03,https://legiscan.com/ME/bill/LD2091/2025
ME,2065383,,An Act to Update Certain Terms and References Regarding Information Technology and Cybersecurity,An Act to Update Certain Terms and References Regarding Information Technology and Cybersecurity,1,2026-01-07,https://legiscan.com/ME/bill/LD2092/2025
ME,2065348,,An Act to Codify and Update a Provision of Private and Special Law Governing Temporary Disability for State Employees,An Act to Codify and Update a Provision of Private and Special Law Governing Temporary Disability for State Employees,4,2026-03-25,https://legiscan.com/ME/bill/LD2093/2025
ME,2065373,,An Act to Authorize a General Fund Bond Issue to Support Maine's Agricultural and Forestry Sectors,An Act to Authorize a General Fund Bond Issue to Support Maine's Agricultural and Forestry Sectors,1,2026-01-07,https://legiscan.com/ME/bill/LD2094/2025
ME,2065465,,An Act to Prohibit Bulk Purchasing of Tickets in Certain Lottery Games,An Act to Prohibit Bulk Purchasing of Tickets in Certain Lottery Games,4,2026-03-25,https://legiscan.com/ME/bill/LD2095/2025
ME,2065398,,An Act Regarding Scheduling of Agricultural Fairs and Pulling Events,An Act Regarding Scheduling of Agricultural Fairs and Pulling Events,4,2026-03-18,https://legiscan.com/ME/bill/LD2096/2025
ME,2065484,,An Act to Modify the Law Governing Revocation of a Code Enforcement Officer's Certification,An Act to Modify the Law Governing Revocation of a Code Enforcement Officer's Certification,1,2026-01-07,https://legiscan.com/ME/bill/LD2097/2025
ME,2065409,,An Act to Update Certain Higher Education Statutes and Laws,An Act to Update Certain Higher Education Statutes and Laws,4,2026-03-25,https://legiscan.com/ME/bill/LD2098/2025
ME,2065437,,An Act to Amend Certain Eligibility Requirements for Secondary Students Receiving State Subsidies for Postsecondary Courses,An Act to Amend Certain Eligibility Requirements for Secondary Students Receiving State Subsidies for Postsecondary Courses,4,2026-03-25,https://legiscan.com/ME/bill/LD2099/2025
ME,2065479,,An Act to Update the Laws Regarding Fuel Gas Detector Requirements,An Act to Update the Laws Regarding Fuel Gas Detector Requirements,2,2026-03-25,https://legiscan.com/ME/bill/LD2100/2025
ME,2065446,,An Act to Establish a Monetary Penalty for Employers Whose Unemployment Payment Is Returned Unpaid,An Act to Establish a Monetary Penalty for Employers Whose Unemployment Payment Is Returned Unpaid,3,2026-03-25,https://legiscan.com/ME/bill/LD2101/2025
ME,2065387,,An Act to Clarify and Strengthen the Government Shutdown Loan Guarantee Program,An Act to Clarify and Strengthen the Government Shutdown Loan Guarantee Program,4,2026-03-18,https://legiscan.com/ME/bill/LD2102/2025
ME,2065438,,An Act Requiring Hospitals to Adopt Cybersecurity Plans,An Act Requiring Hospitals to Adopt Cybersecurity Plans,1,2026-01-07,https://legiscan.com/ME/bill/LD2103/2025
ME,2065457,,An Act to Clarify Contractual Rights of Personal Sports Mobile Dealers,An Act to Clarify Contractual Rights of Personal Sports Mobile Dealers,4,2026-03-18,https://legiscan.com/ME/bill/LD2104/2025
ME,2065468,,An Act to Update Maine's Mandated Reporting Laws,An Act to Update Maine's Mandated Reporting Laws,1,2026-01-07,https://legiscan.com/ME/bill/LD2105/2025
ME,2065393,,An Act to Prohibit the Disclosure of Nonpublic Records Without Proper Judicial Review,An Act to Prohibit the Disclosure of Nonpublic Records Without Proper Judicial Review,1,2026-01-07,https://legiscan.com/ME/bill/LD2106/2025
ME,2065401,,An Act to Establish the Maine Nonprofit Security Grant Program,An Act to Establish the Maine Nonprofit Security Grant Program,3,2026-03-25,https://legiscan.com/ME/bill/LD2107/2025
ME,2065395,,An Act to Establish the Suicide Mortality Review Panel,An Act to Establish the Suicide Mortality Review Panel,4,2026-03-19,https://legiscan.com/ME/bill/LD2108/2025
ME,2065482,,"An Act to Define ""Public Education"" and Clarify That a Private School Receiving Approval for Public Tuition Must Be Located in the State","An Act to Define ""Public Education"" and Clarify That a Private School Receiving Approval for Public Tuition Must Be Located in the State",4,2026-03-24,https://legiscan.com/ME/bill/LD2109/2025
ME,2065408,,An Act to Update Employer Substance Use Testing Policy Requirements,An Act to Update Employer Substance Use Testing Policy Requirements,1,2026-01-07,https://legiscan.com/ME/bill/LD2110/2025
ME,2065471,,An Act to Amend the Charter of the Boothbay-Boothbay Harbor Community School District,An Act to Amend the Charter of the Boothbay-Boothbay Harbor Community School District,4,2026-03-24,https://legiscan.com/ME/bill/LD2111/2025
ME,2065470,,An Act to Authorize Municipalities to Form Community Choice Aggregation Programs to Procure Electricity,An Act to Authorize Municipalities to Form Community Choice Aggregation Programs to Procure Electricity,1,2026-01-07,https://legiscan.com/ME/bill/LD2112/2025
ME,2065406,,An Act to Align Long-range Grid Strategy with the State Energy Plan and Strengthen Integrated Grid Planning,An Act to Align Long-range Grid Strategy with the State Energy Plan and Strengthen Integrated Grid Planning,6,2026-03-18,https://legiscan.com/ME/bill/LD2113/2025
ME,2065449,,An Act Regarding Public Preschool Programs Serving Children Who Are 3 Years of Age,An Act Regarding Public Preschool Programs Serving Children Who Are 3 Years of Age,4,2026-03-25,https://legiscan.com/ME/bill/LD2114/2025
ME,2065463,,An Act to Protect Private Wells from Hazardous Substances,An Act to Protect Private Wells from Hazardous Substances,3,2026-03-10,https://legiscan.com/ME/bill/LD2115/2025
ME,2065335,,An Act to Make Permanent the Affordable Housing Income Tax Credit,An Act to Make Permanent the Affordable Housing Income Tax Credit,1,2026-01-07,https://legiscan.com/ME/bill/LD2116/2025
ME,2065462,,"Resolve, Directing the Department of Health and Human Services to Amend Its Rule Chapter 101: MaineCare Benefits Manual, Chapter II, Section 21, Home and Community Benefits for Members with Intellectual Disabilities or Autism Spectrum Disorder","Resolve, Directing the Department of Health and Human Services to Amend Its Rule Chapter 101: MaineCare Benefits Manual, Chapter II, Section 21, Home and Community Benefits for Members with Intellectual Disabilities or Autism Spectrum Disorder",1,2026-01-07,https://legiscan.com/ME/bill/LD2117/2025
ME,2065495,,"An Act to Eliminate the Natural Areas Program and Reassign Certain Responsibilities Under the Program to the Department of Inland Fisheries and Wildlife and to Amend the Law Governing Administration of the Department of Inland Fisheries and Wildlife, Bureau of Resource Management","An Act to Eliminate the Natural Areas Program and Reassign Certain Responsibilities Under the Program to the Department of Inland Fisheries and Wildlife and to Amend the Law Governing Administration of the Department of Inland Fisheries and Wildlife, Bureau of Resource Management",1,2026-01-07,https://legiscan.com/ME/bill/LD2118/2025
ME,2065459,,"An Act to Expand Reimbursement for Treatment in Place, Community Paramedicine and Alternate Destination Transport","An Act to Expand Reimbursement for Treatment in Place, Community Paramedicine and Alternate Destination Transport",1,2026-01-07,https://legiscan.com/ME/bill/LD2119/2025
ME,2065443,,An Act to Enable Survivors of Abuse to Disable Connected Vehicle Services,An Act to Enable Survivors of Abuse to Disable Connected Vehicle Services,6,2026-02-24,https://legiscan.com/ME/bill/LD2120/2025
ME,2065501,,"An Act to Enhance the Safety of Judicial and Elected Officials, Constitutional Officers and the State Auditor by Allowing Certain Personal Information to Be Removed from Designated Public Records","An Act to Enhance the Safety of Judicial and Elected Officials, Constitutional Officers and the State Auditor by Allowing Certain Personal Information to Be Removed from Designated Public Records",1,2026-01-07,https://legiscan.com/ME/bill/LD2121/2025
ME,2065488,,An Act to Prevent Negative Impacts from Federal Funding Changes to and Fund Eligibility Determinations and Outreach for the Supplemental Nutrition Assistance Program,An Act to Prevent Negative Impacts from Federal Funding Changes to and Fund Eligibility Determinations and Outreach for the Supplemental Nutrition Assistance Program,1,2026-01-07,https://legiscan.com/ME/bill/LD2122/2025
ME,2065364,,"Resolve, to Improve Dental Care Access by Modifying the MaineCare Reimbursement Methodology for the Provision of Certain Dental Services","Resolve, to Improve Dental Care Access by Modifying the MaineCare Reimbursement Methodology for the Provision of Certain Dental Services",3,2026-03-25,https://legiscan.com/ME/bill/LD2123/2025
ME,2065342,,An Act to Support Emergency Shelter Funding Using Revenue from the Real Estate Transfer Tax,An Act to Support Emergency Shelter Funding Using Revenue from the Real Estate Transfer Tax,2,2026-03-25,https://legiscan.com/ME/bill/LD2124/2025
ME,2065490,,An Act to Sustain Access to Children's Residential Care Services,An Act to Sustain Access to Children's Residential Care Services,3,2026-03-10,https://legiscan.com/ME/bill/LD2125/2025
ME,2065417,,"An Act to Make Allocations from Maine Turnpike Authority Funds for the Maine Turnpike Authority for the Calendar Year Ending December 31, 2027","An Act to Make Allocations from Maine Turnpike Authority Funds for the Maine Turnpike Authority for the Calendar Year Ending December 31, 2027",4,2026-03-17,https://legiscan.com/ME/bill/LD2152/2025
ME,2065358,,An Act to Transfer the Responsibilities of the Governor's Energy Office to the Department of Energy Resources,An Act to Transfer the Responsibilities of the Governor's Energy Office to the Department of Energy Resources,4,2026-03-19,https://legiscan.com/ME/bill/LD2153/2025
ME,2066398,,An Act to Establish the Health Information Technology Fund to Support a State-designated Statewide Health Information Exchange,An Act to Establish the Health Information Technology Fund to Support a State-designated Statewide Health Information Exchange,3,2026-03-17,https://legiscan.com/ME/bill/LD2154/2025
ME,2066400,,An Act to Prohibit the Unauthorized Use of Drones on or over the Premises of Correctional Facilities and Jails,An Act to Prohibit the Unauthorized Use of Drones on or over the Premises of Correctional Facilities and Jails,2,2026-03-25,https://legiscan.com/ME/bill/LD2157/2025
ME,2069518,,An Act to Address Vacancies on the Knox County Budget Committee,An Act to Address Vacancies on the Knox County Budget Committee,4,2026-03-12,https://legiscan.com/ME/bill/LD2158/2025
ME,2069364,,An Act to Require School Buses to Be Equipped with and to Use School Bus Crossing Arms,An Act to Require School Buses to Be Equipped with and to Use School Bus Crossing Arms,1,2026-01-13,https://legiscan.com/ME/bill/LD2159/2025
ME,2069442,,An Act to Modify Provisions of Law Affecting Small Distilleries,An Act to Modify Provisions of Law Affecting Small Distilleries,6,2026-03-05,https://legiscan.com/ME/bill/LD2160/2025
ME,2069483,,"An Act to Modify Certain Statutes Governing Revocation of Probation, Victim Confidentiality and the Commissioner of Corrections","An Act to Modify Certain Statutes Governing Revocation of Probation, Victim Confidentiality and the Commissioner of Corrections",1,2026-01-13,https://legiscan.com/ME/bill/LD2161/2025
ME,2069405,,An Act to Regulate and Prevent Children's Access to Artificial Intelligence Chatbots with Human-like Features and Social Artificial Intelligence Companions,An Act to Regulate and Prevent Children's Access to Artificial Intelligence Chatbots with Human-like Features and Social Artificial Intelligence Companions,1,2026-01-13,https://legiscan.com/ME/bill/LD2162/2025
ME,2069324,,An Act to Improve the Response to Complaints by Victims of Crime and Enhance Victims' Rights,An Act to Improve the Response to Complaints by Victims of Crime and Enhance Victims' Rights,1,2026-01-13,https://legiscan.com/ME/bill/LD2163/2025
ME,2071004,,An Act to Assist Communities with Converting Vacant School Buildings into Housing,An Act to Assist Communities with Converting Vacant School Buildings into Housing,1,2026-01-13,https://legiscan.com/ME/bill/LD2164/2025
ME,2071923,,An Act to Change Supervisory Authority over the Capitol Police,An Act to Change Supervisory Authority over the Capitol Police,1,2026-01-13,https://legiscan.com/ME/bill/LD2165/2025
ME,2077934,,"Resolve, Regarding Legislative Review of Chapter 6: Delegation of Nursing Activities and Tasks to Unlicensed Assistive Personnel by Registered Professional Nurses, a Major Substantive Rule of the Department of Professional and Financial Regulation, State Board of Nursing","Resolve, Regarding Legislative Review of Chapter 6: Delegation of Nursing Activities and Tasks to Unlicensed Assistive Personnel by Registered Professional Nurses, a Major Substantive Rule of the Department of Professional and Financial Regulation, State Board of Nursing",4,2026-03-12,https://legiscan.com/ME/bill/LD2166/2025
ME,2077632,,"Resolve, Regarding Legislative Review of Portions of Chapter 100: Enforcement Procedures, a Major Substantive Rule of the Maine Health Data Organization","Resolve, Regarding Legislative Review of Portions of Chapter 100: Enforcement Procedures, a Major Substantive Rule of the Maine Health Data Organization",4,2026-03-10,https://legiscan.com/ME/bill/LD2167/2025
ME,2078237,,An Act to Increase Accountability for Persons Engaged in Commercial Sexual Exploitation and Human Trafficking and to Support Victims,An Act to Increase Accountability for Persons Engaged in Commercial Sexual Exploitation and Human Trafficking and to Support Victims,1,2026-01-20,https://legiscan.com/ME/bill/LD2168/2025
ME,2078957,,"An Act to Correct Inconsistencies, Conflicts and Errors in the Laws of Maine","An Act to Correct Inconsistencies, Conflicts and Errors in the Laws of Maine",1,2026-01-20,https://legiscan.com/ME/bill/LD2170/2025
ME,2078247,,"Resolve, Regarding Legislative Review of Portions of Chapter 305: Natural Resources Protection Act - Permit by Rule Standards and Portions of Chapter 335: Significant Wildlife Habitat, Major Substantive Rules of the Department of Environmental Protection","Resolve, Regarding Legislative Review of Portions of Chapter 305: Natural Resources Protection Act - Permit by Rule Standards and Portions of Chapter 335: Significant Wildlife Habitat, Major Substantive Rules of the Department of Environmental Protection",3,2026-03-19,https://legiscan.com/ME/bill/LD2171/2025
ME,2085217,,"Resolve, Regarding Legislative Review of Portions of Chapter 33: Rule Governing Physical Restraint and Seclusion, a Major Substantive Rule of the Department of Education, State Board of Education","Resolve, Regarding Legislative Review of Portions of Chapter 33: Rule Governing Physical Restraint and Seclusion, a Major Substantive Rule of the Department of Education, State Board of Education",4,2026-03-25,https://legiscan.com/ME/bill/LD2172/2025
ME,2086605,,An Act to Update the Laws Regarding Housing Developments and Accessory Dwelling Units,An Act to Update the Laws Regarding Housing Developments and Accessory Dwelling Units,1,2026-01-27,https://legiscan.com/ME/bill/LD2173/2025
ME,2086895,,An Act to Replace the Maine Waterway Development and Conservation Act with the Maine Renewable Energy and Associated Transmission Development and Conservation Act,An Act to Replace the Maine Waterway Development and Conservation Act with the Maine Renewable Energy and Associated Transmission Development and Conservation Act,6,2026-03-12,https://legiscan.com/ME/bill/LD2174/2025
ME,2086749,,"Resolve, Regarding Legislative Review of Portions of Chapter 115: The Credentialing of Education Personnel, a Major Substantive Rule of the Department of Education, State Board of Education","Resolve, Regarding Legislative Review of Portions of Chapter 115: The Credentialing of Education Personnel, a Major Substantive Rule of the Department of Education, State Board of Education",1,2026-01-27,https://legiscan.com/ME/bill/LD2175/2025
ME,2091906,,An Act to Update and Improve the MaineCare Reimbursement System,An Act to Update and Improve the MaineCare Reimbursement System,1,2026-01-27,https://legiscan.com/ME/bill/LD2177/2025
ME,2100243,,"An Act to Make Changes to the Laws Regarding the Department of Administrative and Financial Services, Bureau of Human Resources and the State Civil Service Appeals Board","An Act to Make Changes to the Laws Regarding the Department of Administrative and Financial Services, Bureau of Human Resources and the State Civil Service Appeals Board",1,2026-02-03,https://legiscan.com/ME/bill/LD2180/2025
ME,2103748,,An Act to Amend Certain State Tax Laws,An Act to Amend Certain State Tax Laws,1,2026-02-03,https://legiscan.com/ME/bill/LD2188/2025
ME,2103679,,An Act to Require Prior Notification of Closures of Labor and Delivery Units and Changes in Maternity or Newborn Care Services by Hospitals as Recommended by the Commission to Evaluate the Scope of Regulatory Review and Oversight over Health Care Transactions That Impact the Delivery of Health Care Services in the State,An Act to Require Prior Notification of Closures of Labor and Delivery Units and Changes in Maternity or Newborn Care Services by Hospitals as Recommended by the Commission to Evaluate the Scope of Regulatory Review and Oversight over Health Care Transactions That Impact the Delivery of Health Care Services in the State,3,2026-03-19,https://legiscan.com/ME/bill/LD2189/2025
ME,2103539,,An Act to Implement Certain Changes in the Certificate of Need Laws Recommended by the Commission to Evaluate the Scope of Regulatory Review and Oversight over Health Care Transactions That Impact the Delivery of Health Care Services in the State,An Act to Implement Certain Changes in the Certificate of Need Laws Recommended by the Commission to Evaluate the Scope of Regulatory Review and Oversight over Health Care Transactions That Impact the Delivery of Health Care Services in the State,6,2026-03-03,https://legiscan.com/ME/bill/LD2190/2025
ME,2103614,,An Act to Establish a Biennial Inspection System for Vehicle Rental Companies,An Act to Establish a Biennial Inspection System for Vehicle Rental Companies,4,2026-03-25,https://legiscan.com/ME/bill/LD2191/2025
ME,2104630,,"An Act to Lower Health Insurance Costs, Reduce Barriers to Health Care and Ensure Fair Prices for Health Care","An Act to Lower Health Insurance Costs, Reduce Barriers to Health Care and Ensure Fair Prices for Health Care",1,2026-02-03,https://legiscan.com/ME/bill/LD2196/2025
ME,2108737,,An Act to Prohibit the Sale and Leaseback of a Health Care Entity's Main Campus to a Real Estate Investment Trust as Recommended by the Commission to Evaluate the Scope of Regulatory Review and Oversight over Health Care Transactions That Impact the Delivery of Health Care Services in the State,An Act to Prohibit the Sale and Leaseback of a Health Care Entity's Main Campus to a Real Estate Investment Trust as Recommended by the Commission to Evaluate the Scope of Regulatory Review and Oversight over Health Care Transactions That Impact the Delivery of Health Care Services in the State,6,2026-03-03,https://legiscan.com/ME/bill/LD2197/2025
ME,2108785,,An Act to Implement Certain Recommendations Related to the Ratio of Debt to Equity in Transactions Involving Health Care Entities from the Commission to Evaluate the Scope of Regulatory Review and Oversight over Health Care Transactions That Impact the Delivery of Health Care Services in the State,An Act to Implement Certain Recommendations Related to the Ratio of Debt to Equity in Transactions Involving Health Care Entities from the Commission to Evaluate the Scope of Regulatory Review and Oversight over Health Care Transactions That Impact the Delivery of Health Care Services in the State,6,2026-03-03,https://legiscan.com/ME/bill/LD2198/2025
ME,2108687,,An Act to Prohibit Interference with the Professional Judgment and Clinical Decisions of Licensed Health Care Professionals as Recommended by the Commission to Evaluate the Scope of Regulatory Review and Oversight over Health Care Transactions That Impact the Delivery of Health Care Services in the State,An Act to Prohibit Interference with the Professional Judgment and Clinical Decisions of Licensed Health Care Professionals as Recommended by the Commission to Evaluate the Scope of Regulatory Review and Oversight over Health Care Transactions That Impact the Delivery of Health Care Services in the State,6,2026-03-03,https://legiscan.com/ME/bill/LD2199/2025
ME,2108444,,An Act to Prohibit Noncompete Clauses for Health Care Professionals as Recommended by the Commission to Evaluate the Scope of Regulatory Review and Oversight over Health Care Transactions That Impact the Delivery of Health Care Services in the State,An Act to Prohibit Noncompete Clauses for Health Care Professionals as Recommended by the Commission to Evaluate the Scope of Regulatory Review and Oversight over Health Care Transactions That Impact the Delivery of Health Care Services in the State,1,2026-02-10,https://legiscan.com/ME/bill/LD2200/2025
ME,2108637,,"An Act to Implement Certain Recommendations Related to the Regulatory Review and Approval of Certain Health Care Transactions Involving Private Equity Companies, Hedge Funds or Management Services Organizations from the Commission to Evaluate the Scope of Regulatory Review and Oversight over Health Care Transactions That Impact the Delivery of Health Care Services in the State","An Act to Implement Certain Recommendations Related to the Regulatory Review and Approval of Certain Health Care Transactions Involving Private Equity Companies, Hedge Funds or Management Services Organizations from the Commission to Evaluate the Scope of Regulatory Review and Oversight over Health Care Transactions That Impact the Delivery of Health Care Services in the State",1,2026-02-10,https://legiscan.com/ME/bill/LD2201/2025
ME,2108538,,An Act to Require Notice to the Attorney General Prior to the Merger of Certain Health Care Entities as Recommended by the Commission to Evaluate the Scope of Regulatory Review and Oversight over Health Care Transactions That Impact the Delivery of Health Care Services in the State,An Act to Require Notice to the Attorney General Prior to the Merger of Certain Health Care Entities as Recommended by the Commission to Evaluate the Scope of Regulatory Review and Oversight over Health Care Transactions That Impact the Delivery of Health Care Services in the State,1,2026-02-10,https://legiscan.com/ME/bill/LD2202/2025
ME,2108586,,An Act to Limit Rates Charged to Low-income Electricity Consumers,An Act to Limit Rates Charged to Low-income Electricity Consumers,4,2026-03-25,https://legiscan.com/ME/bill/LD2203/2025
ME,2108487,,An Act Expanding Access to Oral Health Care by Creating a New Path for Obtaining a License to Practice Dentistry,An Act Expanding Access to Oral Health Care by Creating a New Path for Obtaining a License to Practice Dentistry,6,2026-03-10,https://legiscan.com/ME/bill/LD2206/2025
ME,2108834,,An Act Regarding the Statute of Limitations for Certain Sexual Offenses Committed Against Minors,An Act Regarding the Statute of Limitations for Certain Sexual Offenses Committed Against Minors,3,2026-03-25,https://legiscan.com/ME/bill/LD2207/2025
ME,2110627,,An Act to Offset Federal Cuts to Health Insurance for Certain Maine Families and Seniors,An Act to Offset Federal Cuts to Health Insurance for Certain Maine Families and Seniors,1,2026-02-10,https://legiscan.com/ME/bill/LD2208/2025
ME,2110811,,"Resolve, to Direct the Department of Health and Human Services to Develop Innovative Models for the Delivery of Dental Services to Expand Access to Oral Health Care Throughout the State","Resolve, to Direct the Department of Health and Human Services to Develop Innovative Models for the Delivery of Dental Services to Expand Access to Oral Health Care Throughout the State",3,2026-03-25,https://legiscan.com/ME/bill/LD2209/2025
ME,2111002,,An Act to Clarify Board of Environmental Protection Procedures Regarding Appeals of Licensing or Permitting Decisions of the Commissioner of Environmental Protection,An Act to Clarify Board of Environmental Protection Procedures Regarding Appeals of Licensing or Permitting Decisions of the Commissioner of Environmental Protection,3,2026-03-25,https://legiscan.com/ME/bill/LD2210/2025
ME,2114142,,"An Act Making Supplemental Appropriations and Allocations from the General Fund and Other Funds for the Expenditures of State Government and Changing Certain Provisions of the Law Necessary to the Proper Operations of State Government for the Fiscal Years Ending June 30, 2026 and June 30, 2027","An Act Making Supplemental Appropriations and Allocations from the General Fund and Other Funds for the Expenditures of State Government and Changing Certain Provisions of the Law Necessary to the Proper Operations of State Government for the Fiscal Years Ending June 30, 2026 and June 30, 2027",1,2026-02-12,https://legiscan.com/ME/bill/LD2212/2025
ME,2114067,,"An Act Making Supplemental Allocations from the Highway Fund and Other Funds for the Expenditures of State Government and Changing Certain Provisions of the Law Necessary to the Proper Operations of State Government for the Fiscal Years Ending June 30, 2026 and June 30, 2027","An Act Making Supplemental Allocations from the Highway Fund and Other Funds for the Expenditures of State Government and Changing Certain Provisions of the Law Necessary to the Proper Operations of State Government for the Fiscal Years Ending June 30, 2026 and June 30, 2027",1,2026-02-12,https://legiscan.com/ME/bill/LD2213/2025
ME,2118814,,An Act to Confirm and Finalize the Boundary Between the Town of Kittery and the Town of York,An Act to Confirm and Finalize the Boundary Between the Town of Kittery and the Town of York,3,2026-03-25,https://legiscan.com/ME/bill/LD2214/2025
ME,2118887,,An Act Relating to Nonwater-dependent Floating Structures,An Act Relating to Nonwater-dependent Floating Structures,4,2026-03-10,https://legiscan.com/ME/bill/LD2215/2025
ME,2122108,,An Act to Increase the Per Diem Rate for Members of the Maine Labor Relations Board,An Act to Increase the Per Diem Rate for Members of the Maine Labor Relations Board,3,2026-03-25,https://legiscan.com/ME/bill/LD2218/2025
ME,2122109,,An Act to Implement the Recommendations of the Right To Know Advisory Committee Concerning Certain Existing Public Records Exceptions,An Act to Implement the Recommendations of the Right To Know Advisory Committee Concerning Certain Existing Public Records Exceptions,1,2026-02-24,https://legiscan.com/ME/bill/LD2219/2025
ME,2122110,,An Act to Establish the Maine Home Energy Navigator and Coaching Resource Hub,An Act to Establish the Maine Home Energy Navigator and Coaching Resource Hub,3,2026-03-19,https://legiscan.com/ME/bill/LD2220/2025
ME,2122881,,An Act to Establish Municipal Cost Components for Unorganized Territory Services to Be Rendered in Fiscal Year 2026-27,An Act to Establish Municipal Cost Components for Unorganized Territory Services to Be Rendered in Fiscal Year 2026-27,1,2026-02-24,https://legiscan.com/ME/bill/LD2222/2025
ME,2122953,,An Act to Increase Funding for Construction Plan Reviews and Clarify Rule-making Authority for Municipal Reviews of Development,An Act to Increase Funding for Construction Plan Reviews and Clarify Rule-making Authority for Municipal Reviews of Development,1,2026-02-24,https://legiscan.com/ME/bill/LD2223/2025
ME,2127417,,An Act to Amend the Essential Programs and Services School Funding Formula,An Act to Amend the Essential Programs and Services School Funding Formula,1,2026-03-03,https://legiscan.com/ME/bill/LD2226/2025
ME,2127996,,An Act to Update Financial Assurance Requirements for Certain Solid Waste Facilities,An Act to Update Financial Assurance Requirements for Certain Solid Waste Facilities,3,2026-03-25,https://legiscan.com/ME/bill/LD2227/2025
ME,2128564,,An Act to Eliminate Inactive Boards and Commissions,An Act to Eliminate Inactive Boards and Commissions,1,2026-03-05,https://legiscan.com/ME/bill/LD2228/2025
ME,2130839,,"An Act to Support Owners of Manufactured Housing, Mobile Homes and Tiny Homes","An Act to Support Owners of Manufactured Housing, Mobile Homes and Tiny Homes",1,2026-03-10,https://legiscan.com/ME/bill/LD2231/2025
ME,2130780,,An Act to Increase County Jail Funding,An Act to Increase County Jail Funding,1,2026-03-10,https://legiscan.com/ME/bill/LD2232/2025
ME,2132311,,An Act to Combine the Board of Licensure in Medicine and Board of Osteopathic Licensure into a Single Licensing Board for All Physicians and Physician Associates,An Act to Combine the Board of Licensure in Medicine and Board of Osteopathic Licensure into a Single Licensing Board for All Physicians and Physician Associates,1,2026-03-12,https://legiscan.com/ME/bill/LD2233/2025
ME,2132668,,An Act to Increase the Debt Limit of the Vinalhaven Water District,An Act to Increase the Debt Limit of the Vinalhaven Water District,2,2026-03-25,https://legiscan.com/ME/bill/LD2234/2025
ME,2134037,,"Resolve, to Direct the Department of Corrections to Study Alternative Methods for Operating County Jails","Resolve, to Direct the Department of Corrections to Study Alternative Methods for Operating County Jails",1,2026-03-17,https://legiscan.com/ME/bill/LD2235/2025
ME,2134028,,An Act Regarding Public Records Maintained by the Department of Inland Fisheries and Wildlife,An Act Regarding Public Records Maintained by the Department of Inland Fisheries and Wildlife,1,2026-03-17,https://legiscan.com/ME/bill/LD2236/2025
ME,2134024,,"Resolve, Regarding Legislative Review of Chapter 348: Exemption for On-farm Raising, Slaughter, and Processing of Less than 1,000 Ready-to-cook Whole Poultry, a Late-filed Major Substantive Rule of the Department of Agriculture, Conservation and Forestry","Resolve, Regarding Legislative Review of Chapter 348: Exemption for On-farm Raising, Slaughter, and Processing of Less than 1,000 Ready-to-cook Whole Poultry, a Late-filed Major Substantive Rule of the Department of Agriculture, Conservation and Forestry",1,2026-03-17,https://legiscan.com/ME/bill/LD2238/2025
ME,2135543,,An Act to Designate School Sports Participation and Facilities by Sex,An Act to Designate School Sports Participation and Facilities by Sex,1,2026-03-19,https://legiscan.com/ME/bill/LD2239/2025
ME,2136007,,"Resolve, Regarding Legislative Review of Chapter 10: Significant Wildlife Habitat, a Late-filed Major Substantive Rule of the Department of Inland Fisheries and Wildlife","Resolve, Regarding Legislative Review of Chapter 10: Significant Wildlife Habitat, a Late-filed Major Substantive Rule of the Department of Inland Fisheries and Wildlife",1,2026-03-19,https://legiscan.com/ME/bill/LD2240/2025
ME,2137417,,"Resolve, Regarding Legislative Review of Portions of Chapter 6: Standards Relating to Prescriptive Authorities and Collaborative Relationship for Naturopathic Doctors, a Late-filed Major Substantive Rule of the Department of Professional and Financial Regulation","Resolve, Regarding Legislative Review of Portions of Chapter 6: Standards Relating to Prescriptive Authorities and Collaborative Relationship for Naturopathic Doctors, a Late-filed Major Substantive Rule of the Department of Professional and Financial Regulation",1,2026-03-24,https://legiscan.com/ME/bill/LD2242/2025
ME,1894439,,"Joint Order, Authorizing the Broadcast by Radio or Television of Joint Conventions","Joint Order, Authorizing the Broadcast by Radio or Television of Joint Conventions",1,2024-12-04,https://legiscan.com/ME/bill/HP0001/2025
ME,1894440,,"Joint Order, Directing the Preparation of a Compilation of Bills and Resolves Considered by the Legislature","Joint Order, Directing the Preparation of a Compilation of Bills and Resolves Considered by the Legislature",1,2024-12-04,https://legiscan.com/ME/bill/HP0002/2025
ME,1903256,,"Communication, Clerk of the House, Joint Rule 308.2 letter reference 52 bills 1/6/2025.","Communication, Clerk of the House, Joint Rule 308.2 letter reference 52 bills 1/6/2025.",1,2025-01-08,https://legiscan.com/ME/bill/HP0055/2025
ME,1917641,,"Joint Order, to Amend Joint Rule 206 Regarding Tribal Representatives","Joint Order, to Amend Joint Rule 206 Regarding Tribal Representatives",1,2025-01-14,https://legiscan.com/ME/bill/HP0129/2025
ME,1917328,,"Joint Order, to Amend Joint Rule 208 to Eliminate All but Certain Concept Drafts","Joint Order, to Amend Joint Rule 208 to Eliminate All but Certain Concept Drafts",6,2025-06-25,https://legiscan.com/ME/bill/HP0130/2025
ME,1918494,,"Communication, Clerk of the House, Joint Rule 308.2 letter reference 2 bills 1/14/2025.","Communication, Clerk of the House, Joint Rule 308.2 letter reference 2 bills 1/14/2025.",1,2025-01-21,https://legiscan.com/ME/bill/HP0133/2025
ME,1923984,,"Communication, Clerk of the House, Joint Rule 308.2 letter reference 20 bills 1/16/2025.","Communication, Clerk of the House, Joint Rule 308.2 letter reference 20 bills 1/16/2025.",1,2025-01-21,https://legiscan.com/ME/bill/HP0160/2025
ME,1938007,,"Communication, Clerk of the House, Joint Rule 308.2 letter reference 13 bills 1/23/2025.","Communication, Clerk of the House, Joint Rule 308.2 letter reference 13 bills 1/23/2025.",1,2025-01-28,https://legiscan.com/ME/bill/HP0177/2025
ME,1948453,,"Communication, Clerk of the House, Joint Rule 308.2 letter reference 62 bills 1/30/2025.","Communication, Clerk of the House, Joint Rule 308.2 letter reference 62 bills 1/30/2025.",1,2025-02-04,https://legiscan.com/ME/bill/HP0250/2025
ME,1960293,,"Communication, Clerk of the House, Joint Rule 308.2 letter reference 26 bills 2/6/2025.","Communication, Clerk of the House, Joint Rule 308.2 letter reference 26 bills 2/6/2025.",1,2025-02-11,https://legiscan.com/ME/bill/HP0332/2025
ME,1961620,,"Communication, Clerk of the House, Joint Rule 308.2 letter reference 6 bills 2/7/2025.","Communication, Clerk of the House, Joint Rule 308.2 letter reference 6 bills 2/7/2025.",1,2025-02-11,https://legiscan.com/ME/bill/HP0339/2025
ME,1963468,,Joint Order Allowing Reports of Ought Not to Pass to Be Made After the Committee Vote,Joint Order Allowing Reports of Ought Not to Pass to Be Made After the Committee Vote,1,2025-02-11,https://legiscan.com/ME/bill/HP0367/2025
ME,1978079,,"Communication, Clerk of the House, Joint Rule 308.2 letter reference 100 bills 2/20/2025.","Communication, Clerk of the House, Joint Rule 308.2 letter reference 100 bills 2/20/2025.",1,2025-02-25,https://legiscan.com/ME/bill/HP0470/2025
ME,1979121,,JOINT RESOLUTION RECOGNIZING FEBRUARY 2025 AS NATIONAL PARENT LEADERSHIP MONTH,JOINT RESOLUTION RECOGNIZING FEBRUARY 2025 AS NATIONAL PARENT LEADERSHIP MONTH,1,2025-02-25,https://legiscan.com/ME/bill/HP0471/2025
ME,1979015,,JOINT RESOLUTION TO SUPPORT FAMILY CAREGIVERS IN MAINE,JOINT RESOLUTION TO SUPPORT FAMILY CAREGIVERS IN MAINE,1,2025-02-25,https://legiscan.com/ME/bill/HP0472/2025
ME,1984164,,JOINT RESOLUTION RECOGNIZING THE MUSLIM CELEBRATION OF THE HOLY MONTH OF RAMADAN,JOINT RESOLUTION RECOGNIZING THE MUSLIM CELEBRATION OF THE HOLY MONTH OF RAMADAN,1,2025-03-04,https://legiscan.com/ME/bill/HP0499/2025
ME,1984413,,"Joint Order, to Require the Joint Standing Committee on Education and Cultural Affairs to Report Out a Bill Prohibiting Educational Institutions from Being Members of Certain Organizations","Joint Order, to Require the Joint Standing Committee on Education and Cultural Affairs to Report Out a Bill Prohibiting Educational Institutions from Being Members of Certain Organizations",6,2025-06-25,https://legiscan.com/ME/bill/HP0500/2025
ME,1985004,,"Communication, Clerk of the House, Joint Rule 308.2 letter reference 2 bills 2/26/2025.","Communication, Clerk of the House, Joint Rule 308.2 letter reference 2 bills 2/26/2025.",1,2025-03-04,https://legiscan.com/ME/bill/HP0503/2025
ME,1987192,,JOINT RESOLUTION RECOGNIZING MARCH 2025 AS SOCIAL WORK MONTH,JOINT RESOLUTION RECOGNIZING MARCH 2025 AS SOCIAL WORK MONTH,1,2025-03-04,https://legiscan.com/ME/bill/HP0504/2025
ME,1987300,,"Communication, Clerk of the House, Joint Rule 308.2 letter reference 24 bills 2/27/2025.","Communication, Clerk of the House, Joint Rule 308.2 letter reference 24 bills 2/27/2025.",1,2025-03-04,https://legiscan.com/ME/bill/HP0529/2025
ME,1989618,,"JOINT RESOLUTION RECOGNIZING MARCH 6, 2025 AS BLACK BALLOON DAY","JOINT RESOLUTION RECOGNIZING MARCH 6, 2025 AS BLACK BALLOON DAY",1,2025-03-04,https://legiscan.com/ME/bill/HP0576/2025
ME,1989623,,JOINT RESOLUTION RECOGNIZING FEBRUARY 2025 AS CHILDREN'S DENTAL HEALTH MONTH,JOINT RESOLUTION RECOGNIZING FEBRUARY 2025 AS CHILDREN'S DENTAL HEALTH MONTH,1,2025-03-04,https://legiscan.com/ME/bill/HP0577/2025
ME,1992421,,JOINT RESOLUTION ACKNOWLEDGING THE HOLODOMOR AS AN ACT OF GENOCIDE AGAINST THE UKRAINIAN PEOPLE,JOINT RESOLUTION ACKNOWLEDGING THE HOLODOMOR AS AN ACT OF GENOCIDE AGAINST THE UKRAINIAN PEOPLE,1,2025-03-11,https://legiscan.com/ME/bill/HP0578/2025
ME,1992969,,"Communication, Clerk of the House, Joint Rule 308.2 letter reference 36 bills 3/5/2025.","Communication, Clerk of the House, Joint Rule 308.2 letter reference 36 bills 3/5/2025.",1,2025-03-11,https://legiscan.com/ME/bill/HP0615/2025
ME,1993558,,"Communication, Clerk of the House, Joint Rule 308.2 letter reference 9 bills 3/6/2025.","Communication, Clerk of the House, Joint Rule 308.2 letter reference 9 bills 3/6/2025.",1,2025-03-11,https://legiscan.com/ME/bill/HP0625/2025
ME,1995086,,"Communication, Clerk of the House, Joint Rule 308.2 letter reference 14 bills 3/7/2025.","Communication, Clerk of the House, Joint Rule 308.2 letter reference 14 bills 3/7/2025.",1,2025-03-11,https://legiscan.com/ME/bill/HP0640/2025
ME,2005179,,"Joint Order, to Require the Joint Standing Committee on Taxation to Report Out a Bill Establishing Municipal Cost Components for the Unorganized Territory","Joint Order, to Require the Joint Standing Committee on Taxation to Report Out a Bill Establishing Municipal Cost Components for the Unorganized Territory",1,2025-03-18,https://legiscan.com/ME/bill/HP0658/2025
ME,2004983,,"Communication, Clerk of the House, Joint Rule 308.2 letter reference 35 bills 3/12/2025.","Communication, Clerk of the House, Joint Rule 308.2 letter reference 35 bills 3/12/2025.",1,2025-03-18,https://legiscan.com/ME/bill/HP0694/2025
ME,2007471,,"Communication, Clerk of the House, Joint Rule 308.2 letter reference 27 bills 3/14/2025.","Communication, Clerk of the House, Joint Rule 308.2 letter reference 27 bills 3/14/2025.",1,2025-03-18,https://legiscan.com/ME/bill/HP0722/2025
ME,2010973,,"Enclosed please find my official certification to the 132nd Legislature of the citizen initiative petition entitled ""An Act to Require an Individual to Present Photographic Identification for the Purpose of Voting"".","Enclosed please find my official certification to the 132nd Legislature of the citizen initiative petition entitled ""An Act to Require an Individual to Present Photographic Identification for the Purpose of Voting"".",1,2025-03-20,https://legiscan.com/ME/bill/HP0754/2025
ME,2016515,,"Communication, Clerk of the House, Joint Rule 308.2 letter reference 23 bills 3/28/2025.","Communication, Clerk of the House, Joint Rule 308.2 letter reference 23 bills 3/28/2025.",1,2025-04-01,https://legiscan.com/ME/bill/HP0897/2025
ME,2016329,,JOINT RESOLUTION RECOGNIZING APRIL 2025 AS CHILD ABUSE PREVENTION MONTH,JOINT RESOLUTION RECOGNIZING APRIL 2025 AS CHILD ABUSE PREVENTION MONTH,1,2025-04-01,https://legiscan.com/ME/bill/HP0898/2025
ME,2016884,,"Enclosed please find my official certification to the 132nd Legislature of the citizen initiative petition entitled ""An Act to Protect Maine Communities by Enacting the Extreme Risk Protection Order Act"".","Enclosed please find my official certification to the 132nd Legislature of the citizen initiative petition entitled ""An Act to Protect Maine Communities by Enacting the Extreme Risk Protection Order Act"".",1,2025-04-01,https://legiscan.com/ME/bill/HP0899/2025
ME,2016842,,"JOINT RESOLUTION RECOGNIZING APRIL 6, 2025 TO APRIL 12, 2025 AS NATIONAL LIBRARY WEEK","JOINT RESOLUTION RECOGNIZING APRIL 6, 2025 TO APRIL 12, 2025 AS NATIONAL LIBRARY WEEK",1,2025-04-01,https://legiscan.com/ME/bill/HP0900/2025
ME,2019044,,"JOINT RESOLUTION HONORING THE LATE HONORABLE LOIS GALGAY RECKITT ON THE OCCASION OF THE BOSTON RED SOX OPENING HOME GAME ON APRIL 4, 2025","JOINT RESOLUTION HONORING THE LATE HONORABLE LOIS GALGAY RECKITT ON THE OCCASION OF THE BOSTON RED SOX OPENING HOME GAME ON APRIL 4, 2025",1,2025-04-03,https://legiscan.com/ME/bill/HP0950/2025
ME,2021114,,"Joint Order, Directing the Office of the Executive Director to Develop a Plan for Increasing Public Access to Legislative Proceedings","Joint Order, Directing the Office of the Executive Director to Develop a Plan for Increasing Public Access to Legislative Proceedings",1,2025-04-08,https://legiscan.com/ME/bill/HP1001/2025
ME,2023433,,"Communication, Clerk of the House, Joint Rule 308.2 letter reference 30 bills 4/11/2025.","Communication, Clerk of the House, Joint Rule 308.2 letter reference 30 bills 4/11/2025.",1,2025-04-15,https://legiscan.com/ME/bill/HP1090/2025
ME,2024692,,JOINT RESOLUTION RECOGNIZING CHRISTIAN HOLY WEEK IN MAINE,JOINT RESOLUTION RECOGNIZING CHRISTIAN HOLY WEEK IN MAINE,1,2025-04-17,https://legiscan.com/ME/bill/HP1155/2025
ME,2025391,,JOINT RESOLUTION TO RECOGNIZE FRANCO-AMERICAN DAY,JOINT RESOLUTION TO RECOGNIZE FRANCO-AMERICAN DAY,1,2025-04-23,https://legiscan.com/ME/bill/HP1181/2025
ME,2026066,,JOINT RESOLUTION TO RECOGNIZE THE SEMIQUINCENTENNIAL OF THE BATTLES OF LEXINGTON AND CONCORD,JOINT RESOLUTION TO RECOGNIZE THE SEMIQUINCENTENNIAL OF THE BATTLES OF LEXINGTON AND CONCORD,1,2025-04-24,https://legiscan.com/ME/bill/HP1185/2025
ME,2026601,,JOINT RESOLUTION RECOGNIZING APRIL 2025 AS SEXUAL ASSAULT AWARENESS MONTH,JOINT RESOLUTION RECOGNIZING APRIL 2025 AS SEXUAL ASSAULT AWARENESS MONTH,1,2025-04-29,https://legiscan.com/ME/bill/HP1206/2025
ME,2026585,,"Communication, Clerk of the House, Joint Rule 308.2 letter reference 7 bills 4/25/2025.","Communication, Clerk of the House, Joint Rule 308.2 letter reference 7 bills 4/25/2025.",1,2025-04-29,https://legiscan.com/ME/bill/HP1215/2025
ME,2027921,,JOINT RESOLUTION RECOGNIZING MAY 2025 AS MENTAL HEALTH AWARENESS MONTH,JOINT RESOLUTION RECOGNIZING MAY 2025 AS MENTAL HEALTH AWARENESS MONTH,1,2025-05-06,https://legiscan.com/ME/bill/HP1241/2025
ME,2027956,,JOINT RESOLUTION HONORING THE MEMORY OF POPE FRANCIS,JOINT RESOLUTION HONORING THE MEMORY OF POPE FRANCIS,1,2025-05-06,https://legiscan.com/ME/bill/HP1242/2025
ME,2027890,,"Communication, Clerk of the House, Joint Rule 308.2 letter reference 30 bills 5/1/2025.","Communication, Clerk of the House, Joint Rule 308.2 letter reference 30 bills 5/1/2025.",1,2025-05-06,https://legiscan.com/ME/bill/HP1273/2025
ME,2028996,,"JOINT RESOLUTION RECOGNIZING MAY 4, 2025 TO MAY 10, 2025 AS MAINE HOMESCHOOL EDUCATION WEEK","JOINT RESOLUTION RECOGNIZING MAY 4, 2025 TO MAY 10, 2025 AS MAINE HOMESCHOOL EDUCATION WEEK",1,2025-05-07,https://legiscan.com/ME/bill/HP1308/2025
ME,2032295,,"JOINT RESOLUTION RECOGNIZING MAY 2025 AS ASIAN AMERICAN, NATIVE HAWAIIAN AND PACIFIC ISLANDER MONTH","JOINT RESOLUTION RECOGNIZING MAY 2025 AS ASIAN AMERICAN, NATIVE HAWAIIAN AND PACIFIC ISLANDER MONTH",1,2025-05-20,https://legiscan.com/ME/bill/HP1323/2025
ME,2032245,,"JOINT RESOLUTION RECOGNIZING MAY 18, 2025 TO MAY 24, 2025 AS EMERGENCY MEDICAL SERVICES WEEK","JOINT RESOLUTION RECOGNIZING MAY 18, 2025 TO MAY 24, 2025 AS EMERGENCY MEDICAL SERVICES WEEK",1,2025-05-20,https://legiscan.com/ME/bill/HP1324/2025
ME,2031649,,"Communication, Clerk of the House, Joint Rule 308.2 letter reference 1 bill 5/15/2025.","Communication, Clerk of the House, Joint Rule 308.2 letter reference 1 bill 5/15/2025.",1,2025-05-20,https://legiscan.com/ME/bill/HP1326/2025
ME,2032826,,JOINT RESOLUTION RECOGNIZING MEMORIAL DAY,JOINT RESOLUTION RECOGNIZING MEMORIAL DAY,1,2025-05-22,https://legiscan.com/ME/bill/HP1327/2025
ME,2034303,,JOINT RESOLUTION TO EXPRESS THE LEGISLATURE'S OPPOSITION TO THE REMOVAL OF NAVIGATIONAL BUOYS,JOINT RESOLUTION TO EXPRESS THE LEGISLATURE'S OPPOSITION TO THE REMOVAL OF NAVIGATIONAL BUOYS,1,2025-05-29,https://legiscan.com/ME/bill/HP1329/2025
ME,2034474,,"Joint Order, to Recall from the Governor's Desk to the House L.D. 1389, An Act to Create the Building Opportunity Through Out-of-school Time Program","Joint Order, to Recall from the Governor's Desk to the House L.D. 1389, An Act to Create the Building Opportunity Through Out-of-school Time Program",1,2025-05-29,https://legiscan.com/ME/bill/HP1330/2025
ME,2034689,,JOINT RESOLUTION TO HONOR THE LIFE AND LEGACY OF SAMANTHA SMITH,JOINT RESOLUTION TO HONOR THE LIFE AND LEGACY OF SAMANTHA SMITH,1,2025-06-02,https://legiscan.com/ME/bill/HP1331/2025
ME,2036233,,"Joint Order, to Require the Legislative Council to Hold a Public Hearing on the Initiated Bill Enacting the Extreme Risk Protection Order Act","Joint Order, to Require the Legislative Council to Hold a Public Hearing on the Initiated Bill Enacting the Extreme Risk Protection Order Act",1,2025-06-10,https://legiscan.com/ME/bill/HP1333/2025
ME,2036677,,"JOINT RESOLUTION RECOGNIZING JUNE 20, 2025 AS WORLD REFUGEE DAY IN MAINE","JOINT RESOLUTION RECOGNIZING JUNE 20, 2025 AS WORLD REFUGEE DAY IN MAINE",1,2025-06-11,https://legiscan.com/ME/bill/HP1334/2025
ME,2037320,,Joint Order Recalling Legislative Document 949 from the Governor's Desk,Joint Order Recalling Legislative Document 949 from the Governor's Desk,1,2025-06-13,https://legiscan.com/ME/bill/HP1337/2025
ME,2037401,,JOINT RESOLUTION RECOGNIZING JUNE 2025 AS PRIDE MONTH,JOINT RESOLUTION RECOGNIZING JUNE 2025 AS PRIDE MONTH,1,2025-06-18,https://legiscan.com/ME/bill/HP1338/2025
ME,2037429,,JOINT RESOLUTION TO EXPRESS THE LEGISLATURE'S DEEPEST CONDOLENCES ON THE DEATHS OF MINNESOTA REPRESENTATIVE MELISSA HORTMAN AND HER HUSBAND MARK HORTMAN,JOINT RESOLUTION TO EXPRESS THE LEGISLATURE'S DEEPEST CONDOLENCES ON THE DEATHS OF MINNESOTA REPRESENTATIVE MELISSA HORTMAN AND HER HUSBAND MARK HORTMAN,1,2025-06-18,https://legiscan.com/ME/bill/HP1339/2025
ME,2056560,,"Communication, Clerk of the House, Joint Rule 308.2 letter reference 32 bills 12/3/2025.","Communication, Clerk of the House, Joint Rule 308.2 letter reference 32 bills 12/3/2025.",1,2026-01-07,https://legiscan.com/ME/bill/HP1372/2025
ME,2057515,,"Communication, Clerk of the House, Joint Rule 308.2 letter reference 7 bills 12/9/2025.","Communication, Clerk of the House, Joint Rule 308.2 letter reference 7 bills 12/9/2025.",1,2026-01-07,https://legiscan.com/ME/bill/HP1380/2025
ME,2058911,,"Communication, Clerk of the House, Joint Rule 308.2 letter reference 9 bills 12/15/2025.","Communication, Clerk of the House, Joint Rule 308.2 letter reference 9 bills 12/15/2025.",1,2026-01-07,https://legiscan.com/ME/bill/HP1390/2025
ME,2065445,,"Joint Order, to Recall from the Governor's Desk to the House L.D. 338, An Act to Increase the Size and Balance of Jury Pools","Joint Order, to Recall from the Governor's Desk to the House L.D. 338, An Act to Increase the Size and Balance of Jury Pools",1,2026-01-07,https://legiscan.com/ME/bill/HP1391/2025
ME,2066399,,"Joint Order, to Recall from the Governor's Desk L.D. 1187, An Act to Require Certain Mental Health Data to Be Included in Uniform Crime Reports","Joint Order, to Recall from the Governor's Desk L.D. 1187, An Act to Require Certain Mental Health Data to Be Included in Uniform Crime Reports",1,2026-01-07,https://legiscan.com/ME/bill/HP1444/2025
ME,2066396,,"Joint Order, to Recall from the Governor's Desk to the House L.D. 522, Resolve, Directing the Permanent Commission on the Status of Women to Study the Extent of Workforce Gender Segregation in the State","Joint Order, to Recall from the Governor's Desk to the House L.D. 522, Resolve, Directing the Permanent Commission on the Status of Women to Study the Extent of Workforce Gender Segregation in the State",1,2026-01-07,https://legiscan.com/ME/bill/HP1445/2025
ME,2090786,,JOINT RESOLUTION RECOGNIZING THE LIFE AND ACCOMPLISHMENTS OF THE LATE UNITED STATES SENATOR MARGARET CHASE SMITH,JOINT RESOLUTION RECOGNIZING THE LIFE AND ACCOMPLISHMENTS OF THE LATE UNITED STATES SENATOR MARGARET CHASE SMITH,1,2026-01-27,https://legiscan.com/ME/bill/HP1464/2025
ME,2094735,,"JOINT RESOLUTION RECOGNIZING SEPTEMBER 20, 2026 TO SEPTEMBER 26, 2026 AS FRONTOTEMPORAL DEGENERATION AWARENESS WEEK","JOINT RESOLUTION RECOGNIZING SEPTEMBER 20, 2026 TO SEPTEMBER 26, 2026 AS FRONTOTEMPORAL DEGENERATION AWARENESS WEEK",1,2026-02-03,https://legiscan.com/ME/bill/HP1466/2025
ME,2102288,,"JOINT RESOLUTION RECOGNIZING FEBRUARY 3, 2026 AS OLDER MAINERS DAY","JOINT RESOLUTION RECOGNIZING FEBRUARY 3, 2026 AS OLDER MAINERS DAY",1,2026-02-03,https://legiscan.com/ME/bill/HP1468/2025
ME,2104963,,JOINT RESOLUTION RECOGNIZING JANUARY 2026 AS HUMAN TRAFFICKING PREVENTION MONTH,JOINT RESOLUTION RECOGNIZING JANUARY 2026 AS HUMAN TRAFFICKING PREVENTION MONTH,1,2026-02-10,https://legiscan.com/ME/bill/HP1473/2025
ME,2104790,,JOINT RESOLUTION RECOGNIZING JANUARY 2026 AS STALKING AWARENESS MONTH,JOINT RESOLUTION RECOGNIZING JANUARY 2026 AS STALKING AWARENESS MONTH,1,2026-02-10,https://legiscan.com/ME/bill/HP1474/2025
ME,2108886,,"JOINT RESOLUTION TO HONOR THE LIFE, FAITH, LEADERSHIP AND LEGACY OF CHARLES ""CHARLIE"" JAMES KIRK","JOINT RESOLUTION TO HONOR THE LIFE, FAITH, LEADERSHIP AND LEGACY OF CHARLES ""CHARLIE"" JAMES KIRK",6,2026-03-18,https://legiscan.com/ME/bill/HP1485/2025
ME,2110270,,"Joint Order, to Require the Joint Standing Committee on Health Coverage, Insurance and Financial Services to Report Out a Bill Combining the Board of Licensure in Medicine and the Board of Osteopathic Licensure into a Single Board","Joint Order, to Require the Joint Standing Committee on Health Coverage, Insurance and Financial Services to Report Out a Bill Combining the Board of Licensure in Medicine and the Board of Osteopathic Licensure into a Single Board",1,2026-02-10,https://legiscan.com/ME/bill/HP1486/2025
ME,2111804,,JOINT RESOLUTION RECOGNIZING FEBRUARY 2026 AS 211 MAINE MONTH,JOINT RESOLUTION RECOGNIZING FEBRUARY 2026 AS 211 MAINE MONTH,1,2026-02-10,https://legiscan.com/ME/bill/HP1490/2025
ME,2123787,,JOINT RESOLUTION RECOGNIZING FEBRUARY 2026 AS CHILDREN'S DENTAL HEALTH MONTH,JOINT RESOLUTION RECOGNIZING FEBRUARY 2026 AS CHILDREN'S DENTAL HEALTH MONTH,1,2026-02-26,https://legiscan.com/ME/bill/HP1500/2025
ME,2127400,,JOINT RESOLUTION RECOGNIZING MARCH 2026 AS SOCIAL WORK MONTH,JOINT RESOLUTION RECOGNIZING MARCH 2026 AS SOCIAL WORK MONTH,1,2026-03-05,https://legiscan.com/ME/bill/HP1501/2025
ME,2127383,,JOINT RESOLUTION RECOGNIZING THE MUSLIM CELEBRATION OF THE HOLY MONTH OF RAMADAN,JOINT RESOLUTION RECOGNIZING THE MUSLIM CELEBRATION OF THE HOLY MONTH OF RAMADAN,1,2026-03-05,https://legiscan.com/ME/bill/HP1502/2025
ME,2131184,,JOINT RESOLUTION RECOGNIZING LUNAR NEW YEAR CELEBRATIONS AND THE YEAR OF THE HORSE,JOINT RESOLUTION RECOGNIZING LUNAR NEW YEAR CELEBRATIONS AND THE YEAR OF THE HORSE,1,2026-03-12,https://legiscan.com/ME/bill/HP1508/2025
ME,2135663,,"Enclosed please find my official certification to the 132nd Legislature of the citizen initiative petition entitled ""An Act to Designate School Sports Participation and Facilities by Sex"".","Enclosed please find my official certification to the 132nd Legislature of the citizen initiative petition entitled ""An Act to Designate School Sports Participation and Facilities by Sex"".",1,2026-03-19,https://legiscan.com/ME/bill/HP1514/2025
ME,2136937,,JOINT RESOLUTION RECOGNIZING APRIL 2026 AS CHILD ABUSE PREVENTION MONTH,JOINT RESOLUTION RECOGNIZING APRIL 2026 AS CHILD ABUSE PREVENTION MONTH,0,,https://legiscan.com/ME/bill/HP1516/2025
ME,2136873,,JOINT RESOLUTION RECOGNIZING THE AMERICAN COLLEGE OF OBSTETRICIANS AND GYNECOLOGISTS ON THE OCCASION OF ITS 75TH ANNIVERSARY,JOINT RESOLUTION RECOGNIZING THE AMERICAN COLLEGE OF OBSTETRICIANS AND GYNECOLOGISTS ON THE OCCASION OF ITS 75TH ANNIVERSARY,0,,https://legiscan.com/ME/bill/HP1517/2025
ME,2137062,,JOINT RESOLUTION RECOGNIZING FEBRUARY 2026 AS TEEN DATING VIOLENCE AWARENESS AND PREVENTION MONTH,JOINT RESOLUTION RECOGNIZING FEBRUARY 2026 AS TEEN DATING VIOLENCE AWARENESS AND PREVENTION MONTH,0,,https://legiscan.com/ME/bill/HP1518/2025
ME,2137129,,JOINT RESOLUTION RECOGNIZING APRIL 2026 AS SEXUAL ASSAULT AWARENESS MONTH,JOINT RESOLUTION RECOGNIZING APRIL 2026 AS SEXUAL ASSAULT AWARENESS MONTH,0,,https://legiscan.com/ME/bill/HP1519/2025
ME,2136997,,JOINT RESOLUTION RECOGNIZING THE LONGSTANDING PARTNERSHIP BETWEEN THE PROVINCE OF QUEBEC AND THE STATE OF MAINE,JOINT RESOLUTION RECOGNIZING THE LONGSTANDING PARTNERSHIP BETWEEN THE PROVINCE OF QUEBEC AND THE STATE OF MAINE,0,,https://legiscan.com/ME/bill/HP1520/2025
ME,1903680,,"An Act to Increase Storm Preparedness for Maine's Communities, Homes and Infrastructure","An Act to Increase Storm Preparedness for Maine's Communities, Homes and Infrastructure",4,2025-04-22,https://legiscan.com/ME/bill/LD1/2025
ME,1903146,,An Act to Allow Military Vehicles Purchased for Civilian Use to Be Registered and Operated on Maine Roads,An Act to Allow Military Vehicles Purchased for Civilian Use to Be Registered and Operated on Maine Roads,6,2025-04-01,https://legiscan.com/ME/bill/LD2/2025
ME,1903275,,An Act to Adopt Eastern Daylight Time Year-round Contingent on Federal Approval,An Act to Adopt Eastern Daylight Time Year-round Contingent on Federal Approval,4,2025-06-02,https://legiscan.com/ME/bill/LD3/2025
ME,1903062,,An Act to Adopt Eastern Standard Time Year-round,An Act to Adopt Eastern Standard Time Year-round,6,2025-06-10,https://legiscan.com/ME/bill/LD4/2025
ME,1903269,,An Act to Clarify the Law Regarding Prior Authorization for Air Ambulances,An Act to Clarify the Law Regarding Prior Authorization for Air Ambulances,4,2025-04-17,https://legiscan.com/ME/bill/LD5/2025
ME,1903229,,An Act to Allow Persons to Label Their Wild Animal Traps with Their Online Identification Number Issued by the Department of Inland Fisheries and Wildlife,An Act to Allow Persons to Label Their Wild Animal Traps with Their Online Identification Number Issued by the Department of Inland Fisheries and Wildlife,4,2025-05-07,https://legiscan.com/ME/bill/LD6/2025
ME,1902993,,An Act to Increase the Homestead Property Tax Exemption for Residents 65 Years of Age or Older,An Act to Increase the Homestead Property Tax Exemption for Residents 65 Years of Age or Older,6,2025-04-08,https://legiscan.com/ME/bill/LD7/2025
ME,1903100,,An Act Regarding the Term of Appointment of Judicial Officers,An Act Regarding the Term of Appointment of Judicial Officers,4,2025-05-27,https://legiscan.com/ME/bill/LD8/2025
ME,1903265,,An Act Regarding Campaign Finance Disclosure,An Act Regarding Campaign Finance Disclosure,4,2025-06-03,https://legiscan.com/ME/bill/LD9/2025
ME,1902982,,An Act to Add Political Affiliation as a Protected Class to the Maine Human Rights Act,An Act to Add Political Affiliation as a Protected Class to the Maine Human Rights Act,6,2025-06-04,https://legiscan.com/ME/bill/LD10/2025
ME,1903251,,An Act Regarding Temperature Standards for School Buildings,An Act Regarding Temperature Standards for School Buildings,4,2025-06-02,https://legiscan.com/ME/bill/LD11/2025
ME,1903042,,An Act to Amend the Freedom of Access Act to Apply to Legislative Caucuses,An Act to Amend the Freedom of Access Act to Apply to Legislative Caucuses,6,2025-04-08,https://legiscan.com/ME/bill/LD12/2025
ME,1903089,,An Act to Provide Funds Necessary for the Production and Delivery of Election Materials by the Secretary of State,An Act to Provide Funds Necessary for the Production and Delivery of Election Materials by the Secretary of State,3,2025-06-09,https://legiscan.com/ME/bill/LD13/2025
ME,1902968,,An Act to Provide Indigenous Peoples Free Access to State Parks,An Act to Provide Indigenous Peoples Free Access to State Parks,3,2025-05-14,https://legiscan.com/ME/bill/LD14/2025
ME,1903209,,An Act to Modify the Excise Tax on Camper Trailers,An Act to Modify the Excise Tax on Camper Trailers,4,2025-06-16,https://legiscan.com/ME/bill/LD15/2025
ME,1903074,,An Act to Establish Separate Prosecutorial Districts in Downeast Maine,An Act to Establish Separate Prosecutorial Districts in Downeast Maine,6,2025-05-29,https://legiscan.com/ME/bill/LD16/2025
ME,1903244,,An Act to Designate the Warden of the Maine State Prison as Chief Administrative Officer of the Bolduc Correctional Facility,An Act to Designate the Warden of the Maine State Prison as Chief Administrative Officer of the Bolduc Correctional Facility,4,2025-03-18,https://legiscan.com/ME/bill/LD17/2025
ME,1903192,,An Act to Offset the Costs of Client Medical Care Support Workers at Department of Corrections Facilities and Study Correctional Service Fees and Collections,An Act to Offset the Costs of Client Medical Care Support Workers at Department of Corrections Facilities and Study Correctional Service Fees and Collections,3,2025-06-05,https://legiscan.com/ME/bill/LD18/2025
ME,1903226,,"An Act to Change the Definition of ""Oversized ATV"" in the Laws Governing the Registration of All-terrain Vehicles","An Act to Change the Definition of ""Oversized ATV"" in the Laws Governing the Registration of All-terrain Vehicles",1,2025-01-08,https://legiscan.com/ME/bill/LD19/2025
ME,1903200,,An Act Regarding the First Judicial District and the District Court Locations in the Judicial Divisions of Androscoggin and Western Aroostook,An Act Regarding the First Judicial District and the District Court Locations in the Judicial Divisions of Androscoggin and Western Aroostook,4,2025-06-25,https://legiscan.com/ME/bill/LD20/2025
ME,1903183,,An Act to Update the Provision of Law Concerning Student Codes of Conduct in Order to Reflect Best Practices Regarding Behavioral Threat Assessment and Response,An Act to Update the Provision of Law Concerning Student Codes of Conduct in Order to Reflect Best Practices Regarding Behavioral Threat Assessment and Response,4,2025-05-27,https://legiscan.com/ME/bill/LD21/2025
ME,1903095,,An Act to Update the Laws Governing Education in the Unorganized Territory,An Act to Update the Laws Governing Education in the Unorganized Territory,4,2025-06-25,https://legiscan.com/ME/bill/LD22/2025
ME,1902974,,An Act to Extend the Period of Time a Dentist May Operate the Practice of a Deceased or Incapacitated Dentist,An Act to Extend the Period of Time a Dentist May Operate the Practice of a Deceased or Incapacitated Dentist,4,2025-05-27,https://legiscan.com/ME/bill/LD23/2025
ME,1903155,,"Resolve, Authorizing the Director of the Bureau of Parks and Lands to Convey Public Land Parcels in Lincoln Plantation and Sandy River Plantation","Resolve, Authorizing the Director of the Bureau of Parks and Lands to Convey Public Land Parcels in Lincoln Plantation and Sandy River Plantation",4,2025-04-29,https://legiscan.com/ME/bill/LD24/2025
ME,1903025,,An Act to Authorize a General Fund Bond Issue to Fund Wastewater Treatment Facility Planning and Construction of Infrastructure Projects,An Act to Authorize a General Fund Bond Issue to Fund Wastewater Treatment Facility Planning and Construction of Infrastructure Projects,1,2025-01-08,https://legiscan.com/ME/bill/LD25/2025
ME,1903140,,An Act to Add an Inflation Adjustment to the Maximum Amount of Funding Disbursed from the Maine Ground and Surface Waters Clean-up and Response Fund for Certain Personal Services of the Department of Environmental Protection,An Act to Add an Inflation Adjustment to the Maximum Amount of Funding Disbursed from the Maine Ground and Surface Waters Clean-up and Response Fund for Certain Personal Services of the Department of Environmental Protection,4,2025-05-21,https://legiscan.com/ME/bill/LD26/2025
ME,1903266,,An Act to Amend and Simplify Certain Inland Fisheries and Wildlife Licensing and Permitting Laws,An Act to Amend and Simplify Certain Inland Fisheries and Wildlife Licensing and Permitting Laws,4,2025-05-27,https://legiscan.com/ME/bill/LD27/2025
ME,1903301,,"Resolve, to Rename the Twin Rivers Fire Academy in Fairfield the Duane Bickford Fire Training Facility","Resolve, to Rename the Twin Rivers Fire Academy in Fairfield the Duane Bickford Fire Training Facility",4,2025-05-13,https://legiscan.com/ME/bill/LD28/2025
ME,1903314,,"Resolve, to Require the Department of Transportation to Implement the Recommendations of the Lower Road Rail Use Advisory Council and the Calais Branch Rail Use Advisory Council","Resolve, to Require the Department of Transportation to Implement the Recommendations of the Lower Road Rail Use Advisory Council and the Calais Branch Rail Use Advisory Council",4,2025-06-18,https://legiscan.com/ME/bill/LD29/2025
ME,1902959,,"Resolve, to Direct the Department of Transportation to Implement the Recommendations of the Portland to Auburn Rail Use Advisory Council","Resolve, to Direct the Department of Transportation to Implement the Recommendations of the Portland to Auburn Rail Use Advisory Council",4,2025-06-18,https://legiscan.com/ME/bill/LD30/2025
ME,1902951,,An Act Regarding School Enrollment for Military-connected Students,An Act Regarding School Enrollment for Military-connected Students,4,2025-05-14,https://legiscan.com/ME/bill/LD31/2025
ME,1902998,,An Act to Repeal the Laws Regarding Net Energy Billing,An Act to Repeal the Laws Regarding Net Energy Billing,1,2025-01-08,https://legiscan.com/ME/bill/LD32/2025
ME,1903173,,An Act to Amend the Laws Governing Fantasy Contests,An Act to Amend the Laws Governing Fantasy Contests,4,2025-05-21,https://legiscan.com/ME/bill/LD33/2025
ME,1903013,,An Act to Increase the Minimum Salary for Teachers,An Act to Increase the Minimum Salary for Teachers,3,2025-06-03,https://legiscan.com/ME/bill/LD34/2025
ME,1903105,,An Act to Strengthen Local Emergency Medical Services by Increasing the MaineCare Reimbursement Rate for Ambulance Services,An Act to Strengthen Local Emergency Medical Services by Increasing the MaineCare Reimbursement Rate for Ambulance Services,6,2026-01-07,https://legiscan.com/ME/bill/LD35/2025
ME,1903218,,An Act to Clarify Processes of the Board of Environmental Protection,An Act to Clarify Processes of the Board of Environmental Protection,4,2025-05-06,https://legiscan.com/ME/bill/LD36/2025
ME,1902986,,"Resolve, to Rename a Bridge in Old Orchard Beach the Captain Christopher S. Cash Memorial Bridge","Resolve, to Rename a Bridge in Old Orchard Beach the Captain Christopher S. Cash Memorial Bridge",4,2025-03-20,https://legiscan.com/ME/bill/LD37/2025
ME,1903036,,An Act Requiring Photographic Identification for Voting,An Act Requiring Photographic Identification for Voting,6,2025-06-05,https://legiscan.com/ME/bill/LD38/2025
ME,1903690,,An Act to Assess Impact Fees on Megayachts,An Act to Assess Impact Fees on Megayachts,6,2025-06-02,https://legiscan.com/ME/bill/LD115/2025
ME,1903419,,An Act to Prohibit the Use of Piercing Guns,An Act to Prohibit the Use of Piercing Guns,6,2025-03-27,https://legiscan.com/ME/bill/LD116/2025
ME,1903627,,An Act to Provide Funding for Sexual Assault Services,An Act to Provide Funding for Sexual Assault Services,4,2025-06-25,https://legiscan.com/ME/bill/LD117/2025
ME,1903599,,An Act to Allow Candidates for Sheriff and District Attorney to Participate in the Maine Clean Election Act,An Act to Allow Candidates for Sheriff and District Attorney to Participate in the Maine Clean Election Act,6,2025-03-18,https://legiscan.com/ME/bill/LD118/2025
ME,1903446,,An Act to Include the Declaration of an Emergency by the President of the United States as a Basis to Allow the Governor to Provide Disaster Relief to Local Governments,An Act to Include the Declaration of an Emergency by the President of the United States as a Basis to Allow the Governor to Provide Disaster Relief to Local Governments,4,2025-06-02,https://legiscan.com/ME/bill/LD119/2025
ME,1903503,,An Act to Expand the Membership of the Homeland Security Advisory Council,An Act to Expand the Membership of the Homeland Security Advisory Council,4,2025-06-02,https://legiscan.com/ME/bill/LD120/2025
ME,1903516,,An Act to Amend the Maine Litter Control Act,An Act to Amend the Maine Litter Control Act,4,2025-05-21,https://legiscan.com/ME/bill/LD121/2025
ME,1903369,,An Act to Update Certain Laws Regarding Extended Care and Adoption,An Act to Update Certain Laws Regarding Extended Care and Adoption,4,2025-06-09,https://legiscan.com/ME/bill/LD122/2025
ME,1903613,,An Act Regarding Licensure of Emergency Medical Services Persons,An Act Regarding Licensure of Emergency Medical Services Persons,4,2025-03-18,https://legiscan.com/ME/bill/LD123/2025
ME,1903546,,An Act to Protect the Right to Food,An Act to Protect the Right to Food,4,2025-06-02,https://legiscan.com/ME/bill/LD124/2025
ME,1903431,,An Act to Increase the Total Amount of Credits Authorized Under the Maine Seed Capital Tax Credit Program,An Act to Increase the Total Amount of Credits Authorized Under the Maine Seed Capital Tax Credit Program,4,2025-06-25,https://legiscan.com/ME/bill/LD125/2025
ME,1903462,,An Act to Expand the Use of the Veterans' Homelessness Prevention Partnership Fund,An Act to Expand the Use of the Veterans' Homelessness Prevention Partnership Fund,4,2025-04-24,https://legiscan.com/ME/bill/LD126/2025
ME,1903584,,An Act to Strengthen Legislative Oversight of Government Agencies and Programs by Reaffirming the Legislature's Access to Confidential Records,An Act to Strengthen Legislative Oversight of Government Agencies and Programs by Reaffirming the Legislature's Access to Confidential Records,1,2025-01-08,https://legiscan.com/ME/bill/LD127/2025
ME,1903665,,An Act to Support Permitting of Certain Multifamily Housing Developments Under the Site Location of Development Laws,An Act to Support Permitting of Certain Multifamily Housing Developments Under the Site Location of Development Laws,4,2026-03-05,https://legiscan.com/ME/bill/LD128/2025
ME,1903475,,An Act to Amend the Law Governing Dedimus Justices,An Act to Amend the Law Governing Dedimus Justices,4,2025-06-10,https://legiscan.com/ME/bill/LD129/2025
ME,1903487,,An Act to Establish the PFAS Response Program and to Modify the Fund To Address PFAS Contamination,An Act to Establish the PFAS Response Program and to Modify the Fund To Address PFAS Contamination,4,2025-05-07,https://legiscan.com/ME/bill/LD130/2025
ME,1903571,,An Act to Eliminate the Provision of the Maine Workers' Compensation Act of 1992 That Allows an Employer Member of a Group Self-insurer to Insure Its Employees Through a Fronting Arrangement,An Act to Eliminate the Provision of the Maine Workers' Compensation Act of 1992 That Allows an Employer Member of a Group Self-insurer to Insure Its Employees Through a Fronting Arrangement,4,2025-03-11,https://legiscan.com/ME/bill/LD131/2025
ME,1903642,,"Resolve, to Establish the Commission to Study the Constitution of Maine","Resolve, to Establish the Commission to Study the Constitution of Maine",6,2025-06-03,https://legiscan.com/ME/bill/LD132/2025
ME,1903404,,An Act to Amend the Laws Regarding Nuisance Dogs,An Act to Amend the Laws Regarding Nuisance Dogs,6,2025-04-08,https://legiscan.com/ME/bill/LD133/2025
ME,1903656,,An Act to Require Certain Individuals Who Instruct Children Under 18 Years of Age in Dance or Creative Movement to Undergo a Criminal Background Check,An Act to Require Certain Individuals Who Instruct Children Under 18 Years of Age in Dance or Creative Movement to Undergo a Criminal Background Check,6,2025-03-27,https://legiscan.com/ME/bill/LD134/2025
ME,1903532,,An Act to Provide Compensation to Members of the Permanent Commission on the Status of Women to Enhance Equitable Commission Participation from Across the State,An Act to Provide Compensation to Members of the Permanent Commission on the Status of Women to Enhance Equitable Commission Participation from Across the State,4,2025-05-21,https://legiscan.com/ME/bill/LD135/2025
ME,1903382,,An Act to Transfer the Responsibility for Tax Expenditure Review from the Government Oversight Committee to the Joint Standing Committee on Taxation,An Act to Transfer the Responsibility for Tax Expenditure Review from the Government Oversight Committee to the Joint Standing Committee on Taxation,6,2025-04-24,https://legiscan.com/ME/bill/LD136/2025
ME,1903859,,An Act to Expand the 1998 Special Retirement Plan to Include Employees Who Work for the Office of Chief Medical Examiner,An Act to Expand the 1998 Special Retirement Plan to Include Employees Who Work for the Office of Chief Medical Examiner,3,2025-06-03,https://legiscan.com/ME/bill/LD137/2025
ME,1904160,,An Act Regarding the Permitting of Projects Affecting Public-use Airports Under the Natural Resources Protection Act and the Site Location of Development Laws,An Act Regarding the Permitting of Projects Affecting Public-use Airports Under the Natural Resources Protection Act and the Site Location of Development Laws,4,2025-06-03,https://legiscan.com/ME/bill/LD138/2025
ME,1904179,,"Resolve, Directing the Department of Inland Fisheries and Wildlife to Study Establishing a Program for the Electronic Tagging of Deer","Resolve, Directing the Department of Inland Fisheries and Wildlife to Study Establishing a Program for the Electronic Tagging of Deer",4,2025-05-21,https://legiscan.com/ME/bill/LD139/2025
ME,1914830,,An Act to Incrementally Increase the Homestead Property Tax Exemption,An Act to Incrementally Increase the Homestead Property Tax Exemption,3,2025-06-09,https://legiscan.com/ME/bill/LD140/2025
ME,1914995,,An Act to Provide Limited Immunity to Maine Human Rights Commission Mediators,An Act to Provide Limited Immunity to Maine Human Rights Commission Mediators,4,2025-05-13,https://legiscan.com/ME/bill/LD141/2025
ME,1914953,,"Resolve, Directing the Bureau of Financial Institutions to Issue Guidance Related to the Charging of Multiple Fees for Attempted Withdrawals Involving Insufficient Funds","Resolve, Directing the Bureau of Financial Institutions to Issue Guidance Related to the Charging of Multiple Fees for Attempted Withdrawals Involving Insufficient Funds",4,2025-05-27,https://legiscan.com/ME/bill/LD142/2025
ME,1914865,,An Act to Improve Women's Health and Economic Security by Funding Family Planning Services,An Act to Improve Women's Health and Economic Security by Funding Family Planning Services,4,2025-06-25,https://legiscan.com/ME/bill/LD143/2025
ME,1915039,,An Act to Create a Limited Retail Seafood Harvester Certificate,An Act to Create a Limited Retail Seafood Harvester Certificate,4,2025-05-21,https://legiscan.com/ME/bill/LD144/2025
ME,1915083,,"An Act Pertaining to Sales and Use Tax Exemptions for Durable Medical Equipment, Breast Pumps and Mobility-enhancing Equipment","An Act Pertaining to Sales and Use Tax Exemptions for Durable Medical Equipment, Breast Pumps and Mobility-enhancing Equipment",3,2025-06-09,https://legiscan.com/ME/bill/LD145/2025
ME,1914909,,An Act to Increase the Maximum Amount of the Historic Property Rehabilitation Tax Credit That May be Taken in a Year,An Act to Increase the Maximum Amount of the Historic Property Rehabilitation Tax Credit That May be Taken in a Year,4,2025-06-25,https://legiscan.com/ME/bill/LD146/2025
ME,1915679,,An Act to Create the Small Business Capital Savings Account Program,An Act to Create the Small Business Capital Savings Account Program,3,2025-06-18,https://legiscan.com/ME/bill/LD195/2025
ME,1915540,,An Act Regarding Documents Obtained by Subpoena by the Government Oversight Committee,An Act Regarding Documents Obtained by Subpoena by the Government Oversight Committee,6,2025-03-20,https://legiscan.com/ME/bill/LD196/2025
ME,1915572,,"Resolve, to Direct the Governor's Energy Office to Conduct a Study Regarding the Future of Electric Transmission Infrastructure in the State","Resolve, to Direct the Governor's Energy Office to Conduct a Study Regarding the Future of Electric Transmission Infrastructure in the State",4,2025-05-28,https://legiscan.com/ME/bill/LD197/2025
ME,1915889,,An Act to Prohibit the University of Maine System Campus Police from Issuing a Citation or Summons Related to a Parking Violation to a Visitor of the University of Maine System,An Act to Prohibit the University of Maine System Campus Police from Issuing a Citation or Summons Related to a Parking Violation to a Visitor of the University of Maine System,6,2025-03-18,https://legiscan.com/ME/bill/LD198/2025
ME,1915842,,An Act to Change the Limits on Candidates' Communications with Voters at the Polls,An Act to Change the Limits on Candidates' Communications with Voters at the Polls,6,2025-03-20,https://legiscan.com/ME/bill/LD199/2025
ME,1915499,,"Resolve, to Rename the Sebago Lake Road Crossing Bridge in the Town of Standish","Resolve, to Rename the Sebago Lake Road Crossing Bridge in the Town of Standish",4,2025-03-20,https://legiscan.com/ME/bill/LD200/2025
ME,1915823,,An Act to Establish a Limit on the Interest Rate Charged for Revolving Loans,An Act to Establish a Limit on the Interest Rate Charged for Revolving Loans,6,2025-03-04,https://legiscan.com/ME/bill/LD201/2025
ME,1915520,,An Act to Increase the Number of Children a Child Care Provider May Care for Without Having to Be Licensed by the Department of Health and Human Services,An Act to Increase the Number of Children a Child Care Provider May Care for Without Having to Be Licensed by the Department of Health and Human Services,4,2025-05-27,https://legiscan.com/ME/bill/LD202/2025
ME,1915398,,An Act to Provide an Income Tax Credit for Employer-supported Child Care,An Act to Provide an Income Tax Credit for Employer-supported Child Care,6,2025-05-06,https://legiscan.com/ME/bill/LD203/2025
ME,1915531,,An Act to Reduce the Cost of Electricity by Removing the 100-megawatt Limit on Renewable Resources of Energy,An Act to Reduce the Cost of Electricity by Removing the 100-megawatt Limit on Renewable Resources of Energy,6,2025-04-08,https://legiscan.com/ME/bill/LD204/2025
ME,1915781,,An Act to Amend the Bag Limit for Turkey,An Act to Amend the Bag Limit for Turkey,6,2025-03-27,https://legiscan.com/ME/bill/LD205/2025
ME,1915323,,An Act to Protect Maine Businesses by Eliminating the Automatic Cost-of-living Adjustment to the Minimum Hourly Wage,An Act to Protect Maine Businesses by Eliminating the Automatic Cost-of-living Adjustment to the Minimum Hourly Wage,6,2025-05-22,https://legiscan.com/ME/bill/LD206/2025
ME,1915282,,An Act to Amend the Laws Governing Qualifying Contributions of Cash Under the Maine Clean Election Act,An Act to Amend the Laws Governing Qualifying Contributions of Cash Under the Maine Clean Election Act,6,2025-03-04,https://legiscan.com/ME/bill/LD207/2025
ME,1924160,,An Act to Increase the Percentage of Funds Provided to Municipalities Through State-Municipal Revenue Sharing,An Act to Increase the Percentage of Funds Provided to Municipalities Through State-Municipal Revenue Sharing,6,2025-03-20,https://legiscan.com/ME/bill/LD237/2025
ME,1923810,,An Act to Protect Emergency Medical Services Persons' Right to Work in Multiple Health Care Settings,An Act to Protect Emergency Medical Services Persons' Right to Work in Multiple Health Care Settings,4,2025-04-30,https://legiscan.com/ME/bill/LD238/2025
ME,1923543,,An Act to Allow Retail Pharmacies to Operate Remote Dispensing Sites in Rural Areas,An Act to Allow Retail Pharmacies to Operate Remote Dispensing Sites in Rural Areas,4,2025-05-27,https://legiscan.com/ME/bill/LD239/2025
ME,1924015,,An Act to Create Consistency in Retirement Service Benefits Deferral Under the Maine Public Employees Retirement System,An Act to Create Consistency in Retirement Service Benefits Deferral Under the Maine Public Employees Retirement System,4,2025-03-20,https://legiscan.com/ME/bill/LD240/2025
ME,1924072,,An Act to Authorize the Public Utilities Commission to Approve Rate Adjustments for Low-income Water Utility Ratepayers,An Act to Authorize the Public Utilities Commission to Approve Rate Adjustments for Low-income Water Utility Ratepayers,4,2025-05-27,https://legiscan.com/ME/bill/LD241/2025
ME,1923901,,An Act to Extend the Maximum Time Period for Certain School Construction Bonds,An Act to Extend the Maximum Time Period for Certain School Construction Bonds,4,2025-06-02,https://legiscan.com/ME/bill/LD242/2025
ME,1923691,,"Resolve, to Name a Railroad Crossing in Wiscasset the James Weldon Johnson Crossing","Resolve, to Name a Railroad Crossing in Wiscasset the James Weldon Johnson Crossing",4,2025-04-10,https://legiscan.com/ME/bill/LD243/2025
ME,1923487,,"Resolve, to Provide Safe, Short-term Housing to Individuals Recently Released from Correctional Facilities","Resolve, to Provide Safe, Short-term Housing to Individuals Recently Released from Correctional Facilities",3,2025-06-17,https://legiscan.com/ME/bill/LD244/2025
ME,1923927,,An Act to Implement the Recommendations of the Blue Ribbon Commission to Study Emergency Medical Services in the State,An Act to Implement the Recommendations of the Blue Ribbon Commission to Study Emergency Medical Services in the State,4,2025-06-25,https://legiscan.com/ME/bill/LD245/2025
ME,1923750,,An Act to Establish the Option of Sentencing Alternatives for Primary Caregivers,An Act to Establish the Option of Sentencing Alternatives for Primary Caregivers,4,2025-06-09,https://legiscan.com/ME/bill/LD246/2025
ME,1923369,,An Act Regarding Recommendations for Changing Place Names in the State,An Act Regarding Recommendations for Changing Place Names in the State,6,2025-04-24,https://legiscan.com/ME/bill/LD247/2025
ME,1927175,,An Act to Rename the Administrator of the Office of Chief Medical Examiner the Director of Medical Examiner Operations,An Act to Rename the Administrator of the Office of Chief Medical Examiner the Director of Medical Examiner Operations,4,2025-03-20,https://legiscan.com/ME/bill/LD248/2025
ME,1927012,,An Act to Update Certain Medical Examiner Fees,An Act to Update Certain Medical Examiner Fees,3,2025-05-22,https://legiscan.com/ME/bill/LD249/2025
ME,1926958,,An Act Regarding the Disposal of Abandoned Human Remains,An Act Regarding the Disposal of Abandoned Human Remains,4,2025-03-20,https://legiscan.com/ME/bill/LD250/2025
ME,1927124,,An Act to Protect the Confidentiality of Information of Individual Customers of a Public Utility,An Act to Protect the Confidentiality of Information of Individual Customers of a Public Utility,4,2025-05-21,https://legiscan.com/ME/bill/LD251/2025
ME,1927950,,An Act to Designate November as Pancreatic Cancer Awareness Month,An Act to Designate November as Pancreatic Cancer Awareness Month,4,2025-04-08,https://legiscan.com/ME/bill/LD254/2025
ME,1937698,,An Act to Support Mobile Home Residents in Purchasing Their Mobile Home Parks,An Act to Support Mobile Home Residents in Purchasing Their Mobile Home Parks,3,2025-05-22,https://legiscan.com/ME/bill/LD255/2025
ME,1937563,,An Act to Establish a Sales Tax Holiday for Purchases of Certain School Supplies for the Month of August,An Act to Establish a Sales Tax Holiday for Purchases of Certain School Supplies for the Month of August,6,2025-03-20,https://legiscan.com/ME/bill/LD256/2025
ME,1937738,,An Act to Eliminate the Practice of Net Energy Billing,An Act to Eliminate the Practice of Net Energy Billing,6,2025-04-22,https://legiscan.com/ME/bill/LD257/2025
ME,1937650,,"Resolve, to Establish a Program to Recruit and Retain Behavioral Health Clinicians","Resolve, to Establish a Program to Recruit and Retain Behavioral Health Clinicians",6,2025-03-27,https://legiscan.com/ME/bill/LD258/2025
ME,1937208,,An Act to Establish the Criminal Records Review Commission in Statute,An Act to Establish the Criminal Records Review Commission in Statute,4,2025-06-25,https://legiscan.com/ME/bill/LD259/2025
ME,1939910,,An Act to Eliminate the Tobacco Products Tax on Certain Products That Contain Nicotine,An Act to Eliminate the Tobacco Products Tax on Certain Products That Contain Nicotine,6,2025-05-29,https://legiscan.com/ME/bill/LD278/2025
ME,1942087,,An Act to Address the Shortage of Direct Care Workers for Children with Disabilities in Maine,An Act to Address the Shortage of Direct Care Workers for Children with Disabilities in Maine,6,2025-05-14,https://legiscan.com/ME/bill/LD279/2025
ME,1942204,,An Act to Establish Lifetime Ferry Passes for Retired Maine State Ferry Service Employees,An Act to Establish Lifetime Ferry Passes for Retired Maine State Ferry Service Employees,4,2025-06-03,https://legiscan.com/ME/bill/LD280/2025
ME,1942315,,"An Act to Provide Support for Certain Maine Discovery Museum Science, Technology, Engineering and Mathematics Educational Programming Throughout the State","An Act to Provide Support for Certain Maine Discovery Museum Science, Technology, Engineering and Mathematics Educational Programming Throughout the State",3,2025-05-14,https://legiscan.com/ME/bill/LD281/2025
ME,1948903,,An Act Regarding the Operations of the Department of Inland Fisheries and Wildlife,An Act Regarding the Operations of the Department of Inland Fisheries and Wildlife,1,2025-01-30,https://legiscan.com/ME/bill/LD350/2025
ME,1949123,,An Act to Authorize a General Fund Bond Issue to Build a Warehouse for Goods and Cargo at Bangor International Airport,An Act to Authorize a General Fund Bond Issue to Build a Warehouse for Goods and Cargo at Bangor International Airport,1,2025-01-30,https://legiscan.com/ME/bill/LD351/2025
ME,1949058,,An Act to Improve Criminal Justice and Public Safety,An Act to Improve Criminal Justice and Public Safety,1,2025-01-30,https://legiscan.com/ME/bill/LD352/2025
ME,1948585,,"Resolve, to Establish the Commission to Recommend Methods for Preventing Deed Fraud in the State","Resolve, to Establish the Commission to Recommend Methods for Preventing Deed Fraud in the State",4,2025-06-25,https://legiscan.com/ME/bill/LD353/2025
ME,1948892,,An Act to Improve Education in Maine,An Act to Improve Education in Maine,1,2025-01-30,https://legiscan.com/ME/bill/LD354/2025
ME,1948922,,An Act to Advance the Maine Retirement Savings Program,An Act to Advance the Maine Retirement Savings Program,3,2025-06-09,https://legiscan.com/ME/bill/LD355/2025
ME,1948285,,"Resolve, Directing the Board of Pesticides Control to Prohibit the Use of Rodenticides in Outdoor Residential Settings","Resolve, Directing the Board of Pesticides Control to Prohibit the Use of Rodenticides in Outdoor Residential Settings",4,2025-05-27,https://legiscan.com/ME/bill/LD356/2025
ME,1948746,,An Act to Establish a State Minimum Hourly Wage for Agricultural Workers,An Act to Establish a State Minimum Hourly Wage for Agricultural Workers,6,2025-05-20,https://legiscan.com/ME/bill/LD357/2025
ME,1948982,,An Act to Increase Fees Paid to Registers of Deeds,An Act to Increase Fees Paid to Registers of Deeds,4,2025-06-03,https://legiscan.com/ME/bill/LD358/2025
ME,1948672,,An Act to Prohibit Net Energy Billing by Certain Customers,An Act to Prohibit Net Energy Billing by Certain Customers,6,2025-05-20,https://legiscan.com/ME/bill/LD359/2025
ME,1948706,,An Act Supporting the Dirigo Reads Literacy Program,An Act Supporting the Dirigo Reads Literacy Program,6,2025-03-20,https://legiscan.com/ME/bill/LD360/2025
ME,1948995,,An Act to Support the Francis Malcolm Science Center,An Act to Support the Francis Malcolm Science Center,3,2025-05-28,https://legiscan.com/ME/bill/LD361/2025
ME,1948638,,An Act to Authorize a General Fund Bond Issue to Replenish the Land for Maine's Future Program,An Act to Authorize a General Fund Bond Issue to Replenish the Land for Maine's Future Program,1,2025-01-30,https://legiscan.com/ME/bill/LD362/2025
ME,1949042,,An Act to Authorize a General Fund Bond Issue to Create the School Capital Improvement Fund,An Act to Authorize a General Fund Bond Issue to Create the School Capital Improvement Fund,1,2025-01-30,https://legiscan.com/ME/bill/LD363/2025
ME,1948440,,An Act to Promote Economic Development in Maine,An Act to Promote Economic Development in Maine,1,2025-01-30,https://legiscan.com/ME/bill/LD364/2025
ME,1948567,,An Act to Establish a Moratorium on the Sale of Mobile Home Parks,An Act to Establish a Moratorium on the Sale of Mobile Home Parks,6,2025-06-16,https://legiscan.com/ME/bill/LD365/2025
ME,1948761,,An Act to Ensure Consistency of Income Tax Deductions for Retired Members of the Uniformed Services,An Act to Ensure Consistency of Income Tax Deductions for Retired Members of the Uniformed Services,4,2025-06-25,https://legiscan.com/ME/bill/LD366/2025
ME,1948448,,"An Act to Authorize General Fund Bond Issues to Improve Highways, Bridges and Nonhighway Modes of Transportation","An Act to Authorize General Fund Bond Issues to Improve Highways, Bridges and Nonhighway Modes of Transportation",6,2025-04-17,https://legiscan.com/ME/bill/LD367/2025
ME,1948333,,An Act to Address Concerns Regarding Radiation Machines and Similar Equipment Used in the Cannabis Industry,An Act to Address Concerns Regarding Radiation Machines and Similar Equipment Used in the Cannabis Industry,6,2025-04-08,https://legiscan.com/ME/bill/LD368/2025
ME,1948956,,An Act to Grant or Extend Conditional Teaching Certificates Under Certain Circumstances,An Act to Grant or Extend Conditional Teaching Certificates Under Certain Circumstances,6,2025-06-03,https://legiscan.com/ME/bill/LD369/2025
ME,1948485,,"Resolve, Directing the Department of Education to Collect Data on Secondary School Mathematics Requirements","Resolve, Directing the Department of Education to Collect Data on Secondary School Mathematics Requirements",4,2025-06-25,https://legiscan.com/ME/bill/LD370/2025
ME,1948937,,An Act to Expand Hydroelectric Development by Removing the 100-megawatt Cap,An Act to Expand Hydroelectric Development by Removing the 100-megawatt Cap,6,2025-06-10,https://legiscan.com/ME/bill/LD371/2025
ME,1948678,,An Act to Protect Maine People from Inflation by Exempting Gold and Silver Coins and Bullion from the State Sales and Use Tax,An Act to Protect Maine People from Inflation by Exempting Gold and Silver Coins and Bullion from the State Sales and Use Tax,6,2025-06-16,https://legiscan.com/ME/bill/LD372/2025
ME,1948735,,"An Act to Establish ""Welcome Home"" as the Official State Anthem","An Act to Establish ""Welcome Home"" as the Official State Anthem",6,2025-04-17,https://legiscan.com/ME/bill/LD373/2025
ME,1948845,,"Resolve, to Establish the Commission to Make Recommendations for Equity in the Compensation of Prosecutors and Public Defenders in the State","Resolve, to Establish the Commission to Make Recommendations for Equity in the Compensation of Prosecutors and Public Defenders in the State",3,2026-02-24,https://legiscan.com/ME/bill/LD374/2025
ME,1949116,,"Resolve, Directing the University of Maine System to Study the Feasibility of Distance Learning Programs at the University of Maine School of Law","Resolve, Directing the University of Maine System to Study the Feasibility of Distance Learning Programs at the University of Maine School of Law",4,2025-05-22,https://legiscan.com/ME/bill/LD375/2025
ME,1948329,,An Act to Improve Maternal and Infant Health Outcomes Through Doula Care,An Act to Improve Maternal and Infant Health Outcomes Through Doula Care,6,2025-05-13,https://legiscan.com/ME/bill/LD376/2025
ME,1951760,,An Act to Establish a University of Maine Medical School and to Dedicate Funds from Raising the Cigarette Tax to the School,An Act to Establish a University of Maine Medical School and to Dedicate Funds from Raising the Cigarette Tax to the School,6,2025-03-18,https://legiscan.com/ME/bill/LD377/2025
ME,1951765,,An Act to Strengthen the Health Care System in Maine,An Act to Strengthen the Health Care System in Maine,1,2025-02-04,https://legiscan.com/ME/bill/LD378/2025
ME,1951452,,An Act Regarding Confidential Information Gathered for Forest Fire Emergency Response and Planning,An Act Regarding Confidential Information Gathered for Forest Fire Emergency Response and Planning,4,2025-05-14,https://legiscan.com/ME/bill/LD379/2025
ME,1951472,,An Act to Amend Certain Laws Regarding Gender-affirming Health Care Services,An Act to Amend Certain Laws Regarding Gender-affirming Health Care Services,6,2025-06-13,https://legiscan.com/ME/bill/LD380/2025
ME,1951562,,An Act to Enable Mortgage Portability and Promote Housing Affordability in the State,An Act to Enable Mortgage Portability and Promote Housing Affordability in the State,6,2025-03-20,https://legiscan.com/ME/bill/LD381/2025
ME,1951732,,An Act to Establish a System of Revenue Sharing for the Use and Management of Coastal Resources,An Act to Establish a System of Revenue Sharing for the Use and Management of Coastal Resources,6,2026-02-03,https://legiscan.com/ME/bill/LD382/2025
ME,1951458,,An Act to Facilitate the Consolidation of the Department of Environmental Protection and the Maine Land Use Planning Commission into a Single Combined Entity,An Act to Facilitate the Consolidation of the Department of Environmental Protection and the Maine Land Use Planning Commission into a Single Combined Entity,6,2025-05-29,https://legiscan.com/ME/bill/LD383/2025
ME,1951694,,An Act to Prevent Student Homelessness,An Act to Prevent Student Homelessness,4,2025-06-25,https://legiscan.com/ME/bill/LD384/2025
ME,1951656,,"An Act to Protect Communications by Alleged Victims Regarding Sexual Assault, Sexual Harassment, Sexual Misconduct, Cyberbullying or Discrimination from Litigation","An Act to Protect Communications by Alleged Victims Regarding Sexual Assault, Sexual Harassment, Sexual Misconduct, Cyberbullying or Discrimination from Litigation",4,2025-06-09,https://legiscan.com/ME/bill/LD385/2025
ME,1951492,,An Act Regarding Information That May Be Shared by Law Enforcement Entities with a School Superintendent or a Principal,An Act Regarding Information That May Be Shared by Law Enforcement Entities with a School Superintendent or a Principal,4,2025-05-13,https://legiscan.com/ME/bill/LD386/2025
ME,1951550,,An Act to Prohibit the Governor from Relocating Illegal Immigrants to This State,An Act to Prohibit the Governor from Relocating Illegal Immigrants to This State,6,2025-03-27,https://legiscan.com/ME/bill/LD387/2025
ME,1951501,,An Act to Provide Access to Quality Family Child Care for Military Personnel by Exempting Certain Military Child Care Providers from State Licensing Requirements,An Act to Provide Access to Quality Family Child Care for Military Personnel by Exempting Certain Military Child Care Providers from State Licensing Requirements,4,2025-05-21,https://legiscan.com/ME/bill/LD388/2025
ME,1951672,,"Resolve, to Increase Transparency and Evaluate Emergency Response Through a COVID-19 Review Commission","Resolve, to Increase Transparency and Evaluate Emergency Response Through a COVID-19 Review Commission",6,2025-05-07,https://legiscan.com/ME/bill/LD389/2025
ME,1951633,,An Act to Establish a Primary Election Period for Unenrolled Candidates in Order to Receive Campaign Contributions in Amounts Equal to Amounts Allowed for Enrolled Candidates in the Same Period,An Act to Establish a Primary Election Period for Unenrolled Candidates in Order to Receive Campaign Contributions in Amounts Equal to Amounts Allowed for Enrolled Candidates in the Same Period,4,2025-05-27,https://legiscan.com/ME/bill/LD390/2025
ME,1951519,,An Act to Advance Recognition of the Inherent Rights of the Wabanaki Nations,An Act to Advance Recognition of the Inherent Rights of the Wabanaki Nations,1,2025-02-04,https://legiscan.com/ME/bill/LD391/2025
ME,1951558,,An Act to Amend the Laws Governing Cannabis,An Act to Amend the Laws Governing Cannabis,6,2025-05-20,https://legiscan.com/ME/bill/LD392/2025
ME,1951645,,An Act to Designate Certain Bridges as Veterans Memorial Bridges,An Act to Designate Certain Bridges as Veterans Memorial Bridges,6,2026-03-19,https://legiscan.com/ME/bill/LD393/2025
ME,1951481,,An Act to Improve Transportation Infrastructure in Maine,An Act to Improve Transportation Infrastructure in Maine,6,2026-03-19,https://legiscan.com/ME/bill/LD394/2025
ME,1951640,,An Act to Restore Access to Federal Laws Beneficial to the Wabanaki Nations,An Act to Restore Access to Federal Laws Beneficial to the Wabanaki Nations,1,2025-02-04,https://legiscan.com/ME/bill/LD395/2025
ME,1951412,,"Resolve, Directing the Department of Education to Develop a Grant Program to Encourage Secondary Schools to Adopt Later Start Times","Resolve, Directing the Department of Education to Develop a Grant Program to Encourage Secondary Schools to Adopt Later Start Times",4,2025-06-25,https://legiscan.com/ME/bill/LD396/2025
ME,1957419,,"RESOLUTION, Proposing an Amendment to the Constitution of Maine to Provide for the Popular Election of the Secretary of State and the Attorney General by Ranked-choice Voting","RESOLUTION, Proposing an Amendment to the Constitution of Maine to Provide for the Popular Election of the Secretary of State and the Attorney General by Ranked-choice Voting",6,2025-05-21,https://legiscan.com/ME/bill/LD452/2025
ME,1956689,,An Act to Require the State to Pay 90 Percent of All General Assistance Expenses of Municipalities and Indian Tribes,An Act to Require the State to Pay 90 Percent of All General Assistance Expenses of Municipalities and Indian Tribes,6,2025-04-30,https://legiscan.com/ME/bill/LD453/2025
ME,1956790,,An Act to Allow Candidates for Secretary of State or Attorney General to Participate in the Maine Clean Election Act,An Act to Allow Candidates for Secretary of State or Attorney General to Participate in the Maine Clean Election Act,6,2025-03-18,https://legiscan.com/ME/bill/LD454/2025
ME,1957154,,"RESOLUTION, Proposing an Amendment to the Constitution of Maine to Require a Statewide Popular Election of the Secretary of State, the Treasurer of State and the Attorney General for 4-year Terms","RESOLUTION, Proposing an Amendment to the Constitution of Maine to Require a Statewide Popular Election of the Secretary of State, the Treasurer of State and the Attorney General for 4-year Terms",6,2025-06-10,https://legiscan.com/ME/bill/LD455/2025
ME,1956886,,An Act to Improve Public Defense Services,An Act to Improve Public Defense Services,1,2025-02-11,https://legiscan.com/ME/bill/LD456/2025
ME,1957182,,An Act to Fund Climate Resiliency Projects Related to the Repair of Campus Infrastructure Used for Active Transportation and Outdoor Recreation,An Act to Fund Climate Resiliency Projects Related to the Repair of Campus Infrastructure Used for Active Transportation and Outdoor Recreation,3,2025-04-23,https://legiscan.com/ME/bill/LD457/2025
ME,1957118,,An Act Regarding the Domestic Violence Advocate Privilege,An Act Regarding the Domestic Violence Advocate Privilege,4,2025-05-27,https://legiscan.com/ME/bill/LD458/2025
ME,1957285,,An Act to Regulate the Use of Prior Authorization for Health Care Provider Services,An Act to Regulate the Use of Prior Authorization for Health Care Provider Services,6,2025-05-21,https://legiscan.com/ME/bill/LD459/2025
ME,1957451,,"Resolve, to Rename a Bridge in Newfield the Dam's Mills Veterans Memorial Bridge","Resolve, to Rename a Bridge in Newfield the Dam's Mills Veterans Memorial Bridge",4,2025-03-20,https://legiscan.com/ME/bill/LD460/2025
ME,1957220,,An Act to Fund Rural Patrol Services in Washington County,An Act to Fund Rural Patrol Services in Washington County,3,2025-05-06,https://legiscan.com/ME/bill/LD461/2025
ME,1957085,,An Act to Amend the Eligibility Criteria for Creditable Service in the Armed Forces of the United States Under the Maine Public Employees Retirement System,An Act to Amend the Eligibility Criteria for Creditable Service in the Armed Forces of the United States Under the Maine Public Employees Retirement System,3,2025-04-23,https://legiscan.com/ME/bill/LD462/2025
ME,1957320,,"Resolve, to Rename the New Ten Mile River Bridge on Pequawket Trail in Brownfield the Brownfield Veterans Memorial Bridge","Resolve, to Rename the New Ten Mile River Bridge on Pequawket Trail in Brownfield the Brownfield Veterans Memorial Bridge",4,2025-03-20,https://legiscan.com/ME/bill/LD463/2025
ME,1957253,,"Resolve, to Rename the Brackett Mill Bridge in Denmark the Brackett Mill Veterans Memorial Bridge","Resolve, to Rename the Brackett Mill Bridge in Denmark the Brackett Mill Veterans Memorial Bridge",4,2025-03-20,https://legiscan.com/ME/bill/LD464/2025
ME,1957477,,An Act to Update Waste Discharge License Fees,An Act to Update Waste Discharge License Fees,4,2025-05-06,https://legiscan.com/ME/bill/LD465/2025
ME,1956623,,An Act to Extend the Law Governing Electric Power and Service Residential Rates for Military Veterans' Organizations,An Act to Extend the Law Governing Electric Power and Service Residential Rates for Military Veterans' Organizations,4,2025-04-08,https://legiscan.com/ME/bill/LD466/2025
ME,1956855,,An Act to Require the State to Pay Medicare Part B Premiums for Certain Retired State Employees,An Act to Require the State to Pay Medicare Part B Premiums for Certain Retired State Employees,3,2025-05-22,https://legiscan.com/ME/bill/LD467/2025
ME,1956956,,An Act to Address Food Insecurity by Helping Maine Residents Access Locally Produced Food,An Act to Address Food Insecurity by Helping Maine Residents Access Locally Produced Food,3,2025-04-10,https://legiscan.com/ME/bill/LD468/2025
ME,1957055,,An Act to Prioritize State Access to Electricity Generated in Canada via High-impact Electric Transmission Lines,An Act to Prioritize State Access to Electricity Generated in Canada via High-impact Electric Transmission Lines,6,2025-03-27,https://legiscan.com/ME/bill/LD469/2025
ME,1956723,,"Resolve, Directing the Department of Education to Review Teacher Mentoring Programs in Maine Public Schools","Resolve, Directing the Department of Education to Review Teacher Mentoring Programs in Maine Public Schools",4,2025-06-25,https://legiscan.com/ME/bill/LD470/2025
ME,1957019,,"Resolve, to Establish a Pilot Program to Expand Intensive English Language Learner Programs","Resolve, to Establish a Pilot Program to Expand Intensive English Language Learner Programs",6,2026-02-03,https://legiscan.com/ME/bill/LD471/2025
ME,1957386,,"Resolve, Directing the Maine-Canadian Legislative Advisory Commission and the New England and Eastern Canada Legislative Commission to Examine Restoring Passenger Rail from Boston to Montreal","Resolve, Directing the Maine-Canadian Legislative Advisory Commission and the New England and Eastern Canada Legislative Commission to Examine Restoring Passenger Rail from Boston to Montreal",4,2025-05-07,https://legiscan.com/ME/bill/LD472/2025
ME,1956755,,"An Act to Support Agriculture, Conservation and Forestry in Maine","An Act to Support Agriculture, Conservation and Forestry in Maine",1,2025-02-05,https://legiscan.com/ME/bill/LD473/2025
ME,1956655,,An Act to Establish a Stewardship Program for Primary and Rechargeable Batteries,An Act to Establish a Stewardship Program for Primary and Rechargeable Batteries,3,2026-03-25,https://legiscan.com/ME/bill/LD474/2025
ME,1957352,,An Act to Protect Maine's Marine Resources,An Act to Protect Maine's Marine Resources,6,2026-03-12,https://legiscan.com/ME/bill/LD475/2025
ME,1956921,,An Act to Ban the Sale of Polystyrene Packing Peanuts in the State,An Act to Ban the Sale of Polystyrene Packing Peanuts in the State,6,2025-03-27,https://legiscan.com/ME/bill/LD476/2025
ME,1962724,,An Act Regarding the Substance Use Disorder Services Commission,An Act Regarding the Substance Use Disorder Services Commission,4,2025-05-27,https://legiscan.com/ME/bill/LD503/2025
ME,1962245,,An Act to Improve Family Court Procedure,An Act to Improve Family Court Procedure,3,2025-05-20,https://legiscan.com/ME/bill/LD504/2025
ME,1962449,,An Act to Update Processes and Fees in the Probate Court System,An Act to Update Processes and Fees in the Probate Court System,3,2025-06-02,https://legiscan.com/ME/bill/LD505/2025
ME,1962586,,An Act to Authorize a General Fund Bond Issue for Research and Development and Commercialization,An Act to Authorize a General Fund Bond Issue for Research and Development and Commercialization,1,2025-02-07,https://legiscan.com/ME/bill/LD506/2025
ME,1961898,,An Act to Authorize a General Fund Bond Issue to Fund LifeFlight of Maine,An Act to Authorize a General Fund Bond Issue to Fund LifeFlight of Maine,1,2025-02-07,https://legiscan.com/ME/bill/LD507/2025
ME,1962107,,"RESOLUTION, Proposing an Amendment to the Constitution of Maine to Require Constitutional Officers to Be Elected by Popular Election","RESOLUTION, Proposing an Amendment to the Constitution of Maine to Require Constitutional Officers to Be Elected by Popular Election",6,2025-06-11,https://legiscan.com/ME/bill/LD508/2025
ME,1962380,,An Act to Allow a Journeyman Electrician to Supervise 3 Helper Electricians,An Act to Allow a Journeyman Electrician to Supervise 3 Helper Electricians,6,2025-06-03,https://legiscan.com/ME/bill/LD509/2025
ME,1962795,,"An Act to Require the Department of Agriculture, Conservation and Forestry, Bureau of Parks and Lands to Maintain the Weld to Byron Road in Township 6 North of Weld","An Act to Require the Department of Agriculture, Conservation and Forestry, Bureau of Parks and Lands to Maintain the Weld to Byron Road in Township 6 North of Weld",3,2025-04-22,https://legiscan.com/ME/bill/LD510/2025
ME,1962313,,"Resolve, to Direct the Department of Transportation to Implement the Recommendations of the Portland to Auburn Rail Use Advisory Council","Resolve, to Direct the Department of Transportation to Implement the Recommendations of the Portland to Auburn Rail Use Advisory Council",6,2025-04-22,https://legiscan.com/ME/bill/LD511/2025
ME,1962041,,An Act to Provide Educational Opportunities for Students in Secondary Schools with 200 or Fewer Students,An Act to Provide Educational Opportunities for Students in Secondary Schools with 200 or Fewer Students,6,2025-05-07,https://legiscan.com/ME/bill/LD512/2025
ME,1962661,,An Act to Allow the Spouse of a School Board Member to Serve as a Stipend Employee Within the School Board's Jurisdiction,An Act to Allow the Spouse of a School Board Member to Serve as a Stipend Employee Within the School Board's Jurisdiction,6,2025-05-07,https://legiscan.com/ME/bill/LD513/2025
ME,1962516,,"Resolve, to Raise MaineCare Reimbursement Rates for Detoxification Services for Substance Use Disorder Treatment","Resolve, to Raise MaineCare Reimbursement Rates for Detoxification Services for Substance Use Disorder Treatment",6,2025-03-27,https://legiscan.com/ME/bill/LD514/2025
ME,1963509,,An Act Regarding Intoxicating Hemp Products,An Act Regarding Intoxicating Hemp Products,6,2025-03-04,https://legiscan.com/ME/bill/LD548/2025
ME,1963526,,An Act to Establish a Statewide Sexual Assault Forensic Examination Kit Tracking System and Update Certain Requirements Regarding Sexual Assault Forensic Examination Kits,An Act to Establish a Statewide Sexual Assault Forensic Examination Kit Tracking System and Update Certain Requirements Regarding Sexual Assault Forensic Examination Kits,3,2025-06-17,https://legiscan.com/ME/bill/LD549/2025
ME,1963530,,"An Act to Support Outdoor, Agricultural-based and Hands-on Experiential Learning in Public Schools","An Act to Support Outdoor, Agricultural-based and Hands-on Experiential Learning in Public Schools",4,2025-05-27,https://legiscan.com/ME/bill/LD550/2025
ME,1963433,,An Act to Restore Balanced Emergency Powers,An Act to Restore Balanced Emergency Powers,6,2025-05-28,https://legiscan.com/ME/bill/LD551/2025
ME,1963514,,"An Act to Create an Outfitter License for Owners and Operators of Hunting, Fishing and Recreation Businesses Who Are Not Maine Guides","An Act to Create an Outfitter License for Owners and Operators of Hunting, Fishing and Recreation Businesses Who Are Not Maine Guides",6,2025-06-04,https://legiscan.com/ME/bill/LD552/2025
ME,1963411,,An Act to Assert State Sovereignty over Ocean Waters and Marine Resources up to 12 Nautical Miles off the State's Coast,An Act to Assert State Sovereignty over Ocean Waters and Marine Resources up to 12 Nautical Miles off the State's Coast,6,2025-06-03,https://legiscan.com/ME/bill/LD553/2025
ME,1963524,,An Act to Encourage Resident-owned Communities and Preserve Affordable Housing Through Tax Deductions,An Act to Encourage Resident-owned Communities and Preserve Affordable Housing Through Tax Deductions,4,2025-06-25,https://legiscan.com/ME/bill/LD554/2025
ME,1963472,,An Act to Create a Separate Department of Child and Family Services,An Act to Create a Separate Department of Child and Family Services,1,2025-02-11,https://legiscan.com/ME/bill/LD555/2025
ME,1963482,,An Act to Preserve Heating and Energy Choice by Prohibiting a Municipality from Prohibiting a Particular Energy System or Energy Distributor,An Act to Preserve Heating and Energy Choice by Prohibiting a Municipality from Prohibiting a Particular Energy System or Energy Distributor,4,2025-06-25,https://legiscan.com/ME/bill/LD556/2025
ME,1963418,,An Act to Allow All-terrain Vehicles to Be Used on a Public Way,An Act to Allow All-terrain Vehicles to Be Used on a Public Way,6,2025-04-15,https://legiscan.com/ME/bill/LD557/2025
ME,1974645,,An Act to Strengthen Consumer Protections by Prohibiting the Report of Medical Debt on Consumer Reports,An Act to Strengthen Consumer Protections by Prohibiting the Report of Medical Debt on Consumer Reports,4,2025-06-02,https://legiscan.com/ME/bill/LD558/2025
ME,1974737,,An Act to Provide Property Tax Stabilization for Older Maine Residents,An Act to Provide Property Tax Stabilization for Older Maine Residents,6,2025-04-10,https://legiscan.com/ME/bill/LD559/2025
ME,1975169,,An Act to Authorize a General Fund Bond Issue to Improve Coastal Climate Resiliency,An Act to Authorize a General Fund Bond Issue to Improve Coastal Climate Resiliency,1,2025-02-19,https://legiscan.com/ME/bill/LD560/2025
ME,1974909,,An Act to Ensure Subsidy Reimbursements for Certain Child Care Providers,An Act to Ensure Subsidy Reimbursements for Certain Child Care Providers,3,2025-06-03,https://legiscan.com/ME/bill/LD561/2025
ME,1974667,,An Act to Update Reimbursement Rates for Transportation of Deceased Persons by Funeral Homes When the Transport is at the Request of the Chief Medical Examiner,An Act to Update Reimbursement Rates for Transportation of Deceased Persons by Funeral Homes When the Transport is at the Request of the Chief Medical Examiner,3,2025-05-22,https://legiscan.com/ME/bill/LD562/2025
ME,1974779,,"Resolve, Directing the Department of Health and Human Services to Apply for a Waiver from the Federal Government for the Medicaid Limitation on Payment to a Facility with More than 16 Inpatient Beds for Psychiatric Treatment","Resolve, Directing the Department of Health and Human Services to Apply for a Waiver from the Federal Government for the Medicaid Limitation on Payment to a Facility with More than 16 Inpatient Beds for Psychiatric Treatment",6,2025-05-14,https://legiscan.com/ME/bill/LD563/2025
ME,1975083,,An Act to Improve the Operations of State Government,An Act to Improve the Operations of State Government,6,2026-03-25,https://legiscan.com/ME/bill/LD564/2025
ME,1974882,,"An Act to Amend the Definition of ""Homestead"" Under the Homestead Property Tax Exemption Laws","An Act to Amend the Definition of ""Homestead"" Under the Homestead Property Tax Exemption Laws",6,2025-04-01,https://legiscan.com/ME/bill/LD565/2025
ME,1975184,,An Act to Modernize the Motor Vehicle Inspection Program and Amend the Law Governing Inspection Fees,An Act to Modernize the Motor Vehicle Inspection Program and Amend the Law Governing Inspection Fees,6,2026-01-20,https://legiscan.com/ME/bill/LD566/2025
ME,1975139,,An Act to Designate the 2nd Week of May and the 2nd Week of September as Dark Sky Week,An Act to Designate the 2nd Week of May and the 2nd Week of September as Dark Sky Week,4,2025-05-21,https://legiscan.com/ME/bill/LD567/2025
ME,1974695,,"Resolve, Directing the Public Utilities Commission to Evaluate Different Procurement Methods for Standard-offer Service","Resolve, Directing the Public Utilities Commission to Evaluate Different Procurement Methods for Standard-offer Service",4,2025-06-02,https://legiscan.com/ME/bill/LD568/2025
ME,1975212,,"Resolve, to Rename the Shapleigh Bridge the Shapleigh Veterans Memorial Bridge","Resolve, to Rename the Shapleigh Bridge the Shapleigh Veterans Memorial Bridge",4,2025-04-10,https://legiscan.com/ME/bill/LD569/2025
ME,1974842,,An Act to Provide an Additional Maine Resident Homestead Property Tax Exemption Based on Income,An Act to Provide an Additional Maine Resident Homestead Property Tax Exemption Based on Income,6,2025-04-08,https://legiscan.com/ME/bill/LD570/2025
ME,1974985,,An Act to Improve Conditions for Maine Workers and Retirees,An Act to Improve Conditions for Maine Workers and Retirees,6,2026-03-17,https://legiscan.com/ME/bill/LD571/2025
ME,1975153,,An Act to Improve Maine's Workers' Compensation Laws,An Act to Improve Maine's Workers' Compensation Laws,6,2025-05-27,https://legiscan.com/ME/bill/LD572/2025
ME,1974765,,An Act to Improve Penalty Collection for Labor Protection Violations,An Act to Improve Penalty Collection for Labor Protection Violations,6,2025-05-27,https://legiscan.com/ME/bill/LD573/2025
ME,1975055,,An Act to Improve Labor Conditions for Workers in the State,An Act to Improve Labor Conditions for Workers in the State,6,2026-03-17,https://legiscan.com/ME/bill/LD574/2025
ME,1974654,,An Act to Ensure Equitable Access to the Paid Family and Medical Leave Benefits Program by Removing the Requirement That Leave Must Be Scheduled to Prevent Undue Hardship on the Employer,An Act to Ensure Equitable Access to the Paid Family and Medical Leave Benefits Program by Removing the Requirement That Leave Must Be Scheduled to Prevent Undue Hardship on the Employer,6,2025-05-20,https://legiscan.com/ME/bill/LD575/2025
ME,1974852,,An Act Regarding Reciprocal Licensure for Professional Engineers,An Act Regarding Reciprocal Licensure for Professional Engineers,4,2025-05-21,https://legiscan.com/ME/bill/LD576/2025
ME,1974795,,An Act to Maximize Federal Funding and Protect Maine's School Meals Programs,An Act to Maximize Federal Funding and Protect Maine's School Meals Programs,3,2025-06-13,https://legiscan.com/ME/bill/LD577/2025
ME,1974808,,An Act to Improve Occupational Regulation,An Act to Improve Occupational Regulation,6,2025-05-27,https://legiscan.com/ME/bill/LD578/2025
ME,1975010,,An Act to Include Certain Mental Health Workers Under the 1998 Special Plan for Retirement,An Act to Include Certain Mental Health Workers Under the 1998 Special Plan for Retirement,3,2025-06-11,https://legiscan.com/ME/bill/LD579/2025
ME,1974970,,An Act to Protect Maine Consumers by Prohibiting Fees Charged for Receiving Paper Statements from Financial Institutions and Credit Card Issuers,An Act to Protect Maine Consumers by Prohibiting Fees Charged for Receiving Paper Statements from Financial Institutions and Credit Card Issuers,4,2025-04-17,https://legiscan.com/ME/bill/LD580/2025
ME,1975225,,An Act to Fund the Doctors for Maine's Future Scholarship Program,An Act to Fund the Doctors for Maine's Future Scholarship Program,3,2025-05-14,https://legiscan.com/ME/bill/LD581/2025
ME,1974753,,An Act to Require Health Insurance Carriers to Provide Coverage for Blood Testing for Perfluoroalkyl and Polyfluoroalkyl Substances,An Act to Require Health Insurance Carriers to Provide Coverage for Blood Testing for Perfluoroalkyl and Polyfluoroalkyl Substances,3,2025-05-14,https://legiscan.com/ME/bill/LD582/2025
ME,1975111,,An Act to Support Informed Community Self-determination in Emergency Medical Services Planning,An Act to Support Informed Community Self-determination in Emergency Medical Services Planning,4,2025-06-25,https://legiscan.com/ME/bill/LD583/2025
ME,1975025,,An Act to Make the Director of the Office of Cannabis Policy an Appointed Position Subject to Confirmation by the Legislature,An Act to Make the Director of the Office of Cannabis Policy an Appointed Position Subject to Confirmation by the Legislature,6,2026-03-18,https://legiscan.com/ME/bill/LD584/2025
ME,1975195,,An Act to Use Certain Regional Transmission Organization Payments for Beneficial Electrification to Reduce Electricity Rates,An Act to Use Certain Regional Transmission Organization Payments for Beneficial Electrification to Reduce Electricity Rates,4,2025-04-22,https://legiscan.com/ME/bill/LD585/2025
ME,1974998,,An Act to Provide a Court Authority to Issue Proximity Restrictions in Protection from Abuse Orders,An Act to Provide a Court Authority to Issue Proximity Restrictions in Protection from Abuse Orders,4,2025-04-08,https://legiscan.com/ME/bill/LD586/2025
ME,1974954,,An Act to Require School Boards to Adopt a Policy on Automated External Defibrillator Access at School-sponsored Athletic Events,An Act to Require School Boards to Adopt a Policy on Automated External Defibrillator Access at School-sponsored Athletic Events,4,2025-06-25,https://legiscan.com/ME/bill/LD587/2025
ME,1974710,,An Act to Enact the Agricultural Employees Concerted Activity Protection Act,An Act to Enact the Agricultural Employees Concerted Activity Protection Act,5,2025-06-25,https://legiscan.com/ME/bill/LD588/2025
ME,1974925,,An Act to Establish a State Minimum Hourly Wage for Agricultural Workers,An Act to Establish a State Minimum Hourly Wage for Agricultural Workers,4,2025-06-03,https://legiscan.com/ME/bill/LD589/2025
ME,1975098,,An Act Regarding the Inclusion of Racial and Other Demographic Data from State Agencies in the Legislative Process,An Act Regarding the Inclusion of Racial and Other Demographic Data from State Agencies in the Legislative Process,3,2026-03-12,https://legiscan.com/ME/bill/LD590/2025
ME,1975036,,"Resolve, Establishing the Commission to Study MaineCare Estate Recovery","Resolve, Establishing the Commission to Study MaineCare Estate Recovery",6,2025-04-17,https://legiscan.com/ME/bill/LD591/2025
ME,1974822,,"Resolve, to Study Laws Regarding Endangering the Welfare of a Child","Resolve, to Study Laws Regarding Endangering the Welfare of a Child",3,2025-06-13,https://legiscan.com/ME/bill/LD592/2025
ME,1974723,,An Act to Extend Funding for the Land for Maine's Future Program,An Act to Extend Funding for the Land for Maine's Future Program,3,2025-05-22,https://legiscan.com/ME/bill/LD593/2025
ME,1974868,,"Resolve, Directing the State Auditor to Audit All State Agencies","Resolve, Directing the State Auditor to Audit All State Agencies",6,2025-06-03,https://legiscan.com/ME/bill/LD594/2025
ME,1974935,,An Act to Update Privacy Protections for Maine Consumers,An Act to Update Privacy Protections for Maine Consumers,1,2025-02-19,https://legiscan.com/ME/bill/LD595/2025
ME,1974682,,"Resolve, to Provide Legislative Approval of Northern Maine Transmission Infrastructure","Resolve, to Provide Legislative Approval of Northern Maine Transmission Infrastructure",6,2026-01-07,https://legiscan.com/ME/bill/LD596/2025
ME,1975124,,An Act to Direct the Public Utilities Commission to Conduct Procurements for Energy or Renewable Energy Credits,An Act to Direct the Public Utilities Commission to Conduct Procurements for Energy or Renewable Energy Credits,4,2025-06-16,https://legiscan.com/ME/bill/LD597/2025
ME,1975067,,An Act to Require Minimum Pay for Reporting to Work,An Act to Require Minimum Pay for Reporting to Work,4,2025-06-11,https://legiscan.com/ME/bill/LD598/2025
ME,1974892,,An Act to Raise the Salary Threshold for Overtime Pay,An Act to Raise the Salary Threshold for Overtime Pay,3,2025-05-22,https://legiscan.com/ME/bill/LD599/2025
ME,1977626,,"Resolve, to Rename the Salmon Falls Bridge Between Buxton and Hollis the Salmon Falls Veterans Memorial Bridge","Resolve, to Rename the Salmon Falls Bridge Between Buxton and Hollis the Salmon Falls Veterans Memorial Bridge",4,2025-04-10,https://legiscan.com/ME/bill/LD672/2025
ME,1977650,,An Act to Better Support the Educational Attainment of Low-income and Moderate-income Communities by Providing Additional Funding to Certain School Administrative Units,An Act to Better Support the Educational Attainment of Low-income and Moderate-income Communities by Providing Additional Funding to Certain School Administrative Units,6,2025-05-21,https://legiscan.com/ME/bill/LD673/2025
ME,1977297,,An Act to Create a History Education and Learning Mobile Unit Within the Maine State Archives,An Act to Create a History Education and Learning Mobile Unit Within the Maine State Archives,6,2025-05-14,https://legiscan.com/ME/bill/LD674/2025
ME,1977507,,An Act to Protect Consumers by Increasing Transparency and Accountability in the Pharmaceutical Industry,An Act to Protect Consumers by Increasing Transparency and Accountability in the Pharmaceutical Industry,6,2025-05-21,https://legiscan.com/ME/bill/LD675/2025
ME,1977567,,An Act to Fund the Recommendations of the Mountain Division Rail Use Advisory Council,An Act to Fund the Recommendations of the Mountain Division Rail Use Advisory Council,6,2025-04-29,https://legiscan.com/ME/bill/LD676/2025
ME,1977668,,"An Act to Update the Statutory Definition of ""Machine Gun"" and Prohibit Possession of a Rapid-fire Device","An Act to Update the Statutory Definition of ""Machine Gun"" and Prohibit Possession of a Rapid-fire Device",6,2025-06-13,https://legiscan.com/ME/bill/LD677/2025
ME,1977162,,An Act to Provide for the 2025 and 2026 Allocations of the State Ceiling on Private Activity Bonds,An Act to Provide for the 2025 and 2026 Allocations of the State Ceiling on Private Activity Bonds,4,2025-04-23,https://legiscan.com/ME/bill/LD678/2025
ME,1977282,,An Act to Increase the Funding to the Live Fire Service Training Facilities Fund,An Act to Increase the Funding to the Live Fire Service Training Facilities Fund,3,2025-05-29,https://legiscan.com/ME/bill/LD679/2025
ME,1977442,,An Act to Support Higher Education in Maine by Providing Funds to Maine's Community Colleges,An Act to Support Higher Education in Maine by Providing Funds to Maine's Community Colleges,6,2025-05-20,https://legiscan.com/ME/bill/LD680/2025
ME,1977690,,An Act Regarding Public Higher Education Funding in the State,An Act Regarding Public Higher Education Funding in the State,3,2025-06-02,https://legiscan.com/ME/bill/LD681/2025
ME,1977323,,An Act to Amend Certain Laws Regarding Abortions,An Act to Amend Certain Laws Regarding Abortions,6,2025-06-10,https://legiscan.com/ME/bill/LD682/2025
ME,1977420,,An Act to Clarify the Law Governing the Minimum Indirect Financial Interest Disclosure Requirement for Liquor Licenses,An Act to Clarify the Law Governing the Minimum Indirect Financial Interest Disclosure Requirement for Liquor Licenses,4,2025-04-08,https://legiscan.com/ME/bill/LD683/2025
ME,1977360,,An Act to Amend the Laws Governing Liquor and Lottery Operations,An Act to Amend the Laws Governing Liquor and Lottery Operations,6,2025-05-20,https://legiscan.com/ME/bill/LD684/2025
ME,1977611,,"Resolve, to Rename the Mill Pond Bridge the Sebago Veterans Memorial Bridge","Resolve, to Rename the Mill Pond Bridge the Sebago Veterans Memorial Bridge",4,2025-04-10,https://legiscan.com/ME/bill/LD685/2025
ME,1977203,,"Resolve, to Rename the Kezar Falls Bridge Between Porter and Parsonsfield the Kezar Falls Veterans Memorial Bridge","Resolve, to Rename the Kezar Falls Bridge Between Porter and Parsonsfield the Kezar Falls Veterans Memorial Bridge",4,2025-04-10,https://legiscan.com/ME/bill/LD686/2025
ME,1977548,,An Act to Assert State Ownership over Ocean Waters up to 12 Nautical Miles and Submerged Lands and Marine Resources up to 24 Nautical Miles off the State's Coast and to Direct the Attorney General to Study That Ownership,An Act to Assert State Ownership over Ocean Waters up to 12 Nautical Miles and Submerged Lands and Marine Resources up to 24 Nautical Miles off the State's Coast and to Direct the Attorney General to Study That Ownership,6,2025-03-20,https://legiscan.com/ME/bill/LD687/2025
ME,1977243,,An Act to Authorize Department of the Secretary of State Law Enforcement Officers to Initiate a Libel Proceeding Regarding Catalytic Converters,An Act to Authorize Department of the Secretary of State Law Enforcement Officers to Initiate a Libel Proceeding Regarding Catalytic Converters,6,2025-05-28,https://legiscan.com/ME/bill/LD688/2025
ME,1977398,,An Act to Support the Northern New England Poison Center,An Act to Support the Northern New England Poison Center,4,2025-06-25,https://legiscan.com/ME/bill/LD689/2025
ME,1977732,,An Act to Authorize a General Fund Bond Issue to Provide Funding for Affordable and Low-income Housing Programs,An Act to Authorize a General Fund Bond Issue to Provide Funding for Affordable and Low-income Housing Programs,1,2025-02-20,https://legiscan.com/ME/bill/LD690/2025
ME,1977526,,An Act to Authorize a General Fund Bond Issue for Further Investment in Maine-based Businesses,An Act to Authorize a General Fund Bond Issue for Further Investment in Maine-based Businesses,1,2025-02-20,https://legiscan.com/ME/bill/LD691/2025
ME,1977150,,An Act to Increase Support for Statewide Emergency Broadcast Messaging,An Act to Increase Support for Statewide Emergency Broadcast Messaging,4,2025-06-25,https://legiscan.com/ME/bill/LD692/2025
ME,1977585,,"An Act to Support the Department of the Secretary of State, Bureau of Corporations, Elections and Commissions","An Act to Support the Department of the Secretary of State, Bureau of Corporations, Elections and Commissions",4,2025-05-14,https://legiscan.com/ME/bill/LD693/2025
ME,1977180,,An Act to Require Petitions for Interstate Transmission Lines to Include Provisions for Conservation Funding,An Act to Require Petitions for Interstate Transmission Lines to Include Provisions for Conservation Funding,6,2026-01-07,https://legiscan.com/ME/bill/LD694/2025
ME,1977261,,An Act Regarding the Laws of the State of Maine,An Act Regarding the Laws of the State of Maine,1,2025-02-20,https://legiscan.com/ME/bill/LD695/2025
ME,1977750,,An Act to Bolster the Maine Teacher Residency Program,An Act to Bolster the Maine Teacher Residency Program,3,2025-05-22,https://legiscan.com/ME/bill/LD696/2025
ME,1977221,,An Act to Direct the Maine Prescription Drug Affordability Board to Assess Strategies to Reduce Prescription Drug Costs and to Take Steps to Implement Reference-based Pricing,An Act to Direct the Maine Prescription Drug Affordability Board to Assess Strategies to Reduce Prescription Drug Costs and to Take Steps to Implement Reference-based Pricing,4,2025-06-25,https://legiscan.com/ME/bill/LD697/2025
ME,1977486,,An Act to Sustain Emergency Homeless Shelters in Maine,An Act to Sustain Emergency Homeless Shelters in Maine,4,2025-06-25,https://legiscan.com/ME/bill/LD698/2025
ME,1977710,,An Act Providing Appropriations and Allocations for State Government Operations,An Act Providing Appropriations and Allocations for State Government Operations,1,2025-02-20,https://legiscan.com/ME/bill/LD699/2025
ME,1977380,,An Act to Promote Student Enrollment and Degree Completion in the University of Maine System by Awarding Waivers of Tuition and Fees to Eligible Students,An Act to Promote Student Enrollment and Degree Completion in the University of Maine System by Awarding Waivers of Tuition and Fees to Eligible Students,3,2025-05-14,https://legiscan.com/ME/bill/LD700/2025
ME,1981124,,An Act to Strengthen Maine's Child Protection Laws by Limiting Contact with Violent Offenders,An Act to Strengthen Maine's Child Protection Laws by Limiting Contact with Violent Offenders,6,2025-04-08,https://legiscan.com/ME/bill/LD752/2025
ME,1980819,,An Act to Authorize the Use of Funds Resulting from the Issuance of Securities by the Maine Governmental Facilities Authority for the Purpose of Developing or Improving New or Existing Court Facilities in Penobscot County,An Act to Authorize the Use of Funds Resulting from the Issuance of Securities by the Maine Governmental Facilities Authority for the Purpose of Developing or Improving New or Existing Court Facilities in Penobscot County,4,2025-06-25,https://legiscan.com/ME/bill/LD753/2025
ME,1980872,,"An Act to Ban the Sale, Use and Possession of Single-use Electronic Cigarettes and to Review Extended Producer Responsibility Options for All Batteries","An Act to Ban the Sale, Use and Possession of Single-use Electronic Cigarettes and to Review Extended Producer Responsibility Options for All Batteries",6,2026-01-27,https://legiscan.com/ME/bill/LD754/2025
ME,1980768,,An Act to Prevent Opioid Overdose Deaths by Allowing Municipalities to Approve the Establishment of Overdose Prevention Centers,An Act to Prevent Opioid Overdose Deaths by Allowing Municipalities to Approve the Establishment of Overdose Prevention Centers,6,2026-01-13,https://legiscan.com/ME/bill/LD755/2025
ME,1980743,,An Act Creating and Sustaining Jobs Through the Development of Cooperatives and Employee-owned Businesses by Providing Tax Deductions for Certain Qualified Business Activities,An Act Creating and Sustaining Jobs Through the Development of Cooperatives and Employee-owned Businesses by Providing Tax Deductions for Certain Qualified Business Activities,3,2025-06-12,https://legiscan.com/ME/bill/LD756/2025
ME,1980845,,"Resolve, to Study and Oversee Water in the State of Maine","Resolve, to Study and Oversee Water in the State of Maine",6,2025-05-13,https://legiscan.com/ME/bill/LD757/2025
ME,1980897,,"Resolve, to Conduct a Study to Update Flood Hazard Data in the Sandy River Watershed","Resolve, to Conduct a Study to Update Flood Hazard Data in the Sandy River Watershed",4,2025-05-27,https://legiscan.com/ME/bill/LD758/2025
ME,1980718,,An Act to Increase Patient Safety in Long-term Care Facilities,An Act to Increase Patient Safety in Long-term Care Facilities,6,2025-04-17,https://legiscan.com/ME/bill/LD759/2025
ME,1981076,,"Resolve, to Establish the Commission to Study the Need to Codify or Recodify Laws Regarding Residential Community Ownership Associations by Adopting the Uniform Common Interest Ownership Act","Resolve, to Establish the Commission to Study the Need to Codify or Recodify Laws Regarding Residential Community Ownership Associations by Adopting the Uniform Common Interest Ownership Act",3,2025-05-22,https://legiscan.com/ME/bill/LD760/2025
ME,1981050,,"An Act to Support the Maintenance, Preservation and Promotion of State Historic Sites","An Act to Support the Maintenance, Preservation and Promotion of State Historic Sites",3,2025-05-14,https://legiscan.com/ME/bill/LD761/2025
ME,1980975,,"An Act to Authorize a General Fund Bond Issue for the Maintenance, Preservation and Promotion of State Historic Sites","An Act to Authorize a General Fund Bond Issue for the Maintenance, Preservation and Promotion of State Historic Sites",1,2025-02-25,https://legiscan.com/ME/bill/LD762/2025
ME,1981025,,An Act to Improve Long-term Care by Providing Funding for Nursing Facilities,An Act to Improve Long-term Care by Providing Funding for Nursing Facilities,6,2025-05-06,https://legiscan.com/ME/bill/LD763/2025
ME,1981101,,An Act to Amend the Laws Governing Licensing of Certain Types of Establishments and Professions by the Department of Health and Human Services,An Act to Amend the Laws Governing Licensing of Certain Types of Establishments and Professions by the Department of Health and Human Services,4,2025-06-11,https://legiscan.com/ME/bill/LD767/2025
ME,1980999,,An Act to Update the Laws Governing the Licensing of Intermediate Care Facilities for Persons with Intellectual Disabilities,An Act to Update the Laws Governing the Licensing of Intermediate Care Facilities for Persons with Intellectual Disabilities,4,2025-06-03,https://legiscan.com/ME/bill/LD768/2025
ME,1980948,,An Act Regarding Access to Behavioral Health Supports for Adults with Certain Disabilities,An Act Regarding Access to Behavioral Health Supports for Adults with Certain Disabilities,4,2025-06-09,https://legiscan.com/ME/bill/LD769/2025
ME,1981476,,An Act to Establish the Office of the Inspector General of Child Protection,An Act to Establish the Office of the Inspector General of Child Protection,6,2025-05-27,https://legiscan.com/ME/bill/LD770/2025
ME,1981152,,"An Act to Include Possession of Compounds, Mixtures or Substances Containing a Detectable Amount of Certain Scheduled Drugs to Prove the Offense of Unlawful Trafficking of Scheduled Drugs","An Act to Include Possession of Compounds, Mixtures or Substances Containing a Detectable Amount of Certain Scheduled Drugs to Prove the Offense of Unlawful Trafficking of Scheduled Drugs",6,2025-05-29,https://legiscan.com/ME/bill/LD771/2025
ME,1981424,,An Act to Assist Nursing Facilities in the Management of Facility Beds,An Act to Assist Nursing Facilities in the Management of Facility Beds,6,2025-04-08,https://legiscan.com/ME/bill/LD772/2025
ME,1981171,,An Act to Provide for the Issuance of Enhanced Driver's Licenses and Enhanced Nondriver Identification Cards in Maine,An Act to Provide for the Issuance of Enhanced Driver's Licenses and Enhanced Nondriver Identification Cards in Maine,6,2025-05-20,https://legiscan.com/ME/bill/LD773/2025
ME,1984907,,An Act to Establish a State Tax Amnesty Program to Increase Revenue Collections,An Act to Establish a State Tax Amnesty Program to Increase Revenue Collections,6,2025-04-08,https://legiscan.com/ME/bill/LD778/2025
ME,1985203,,An Act to Fund the Aroostook County Drug Treatment Court,An Act to Fund the Aroostook County Drug Treatment Court,4,2025-06-25,https://legiscan.com/ME/bill/LD779/2025
ME,1985497,,An Act to Fund State Government,An Act to Fund State Government,1,2025-03-04,https://legiscan.com/ME/bill/LD780/2025
ME,1985304,,An Act to Provide for Appropriations and Allocations,An Act to Provide for Appropriations and Allocations,1,2025-03-04,https://legiscan.com/ME/bill/LD781/2025
ME,1984709,,An Act to Amend MaineCare Financial Eligibility Requirements,An Act to Amend MaineCare Financial Eligibility Requirements,6,2025-05-27,https://legiscan.com/ME/bill/LD782/2025
ME,1985105,,An Act to Continue Support for the Maine Multicultural Center,An Act to Continue Support for the Maine Multicultural Center,3,2025-05-07,https://legiscan.com/ME/bill/LD783/2025
ME,1985404,,An Act to Create a Rebuttable Presumption Related to Specialized Risk Screening for First Responders,An Act to Create a Rebuttable Presumption Related to Specialized Risk Screening for First Responders,4,2025-06-25,https://legiscan.com/ME/bill/LD784/2025
ME,1984608,,An Act to Enact the Remaining Recommendations of the Task Force on Changes to the Maine Indian Claims Settlement Implementing Act,An Act to Enact the Remaining Recommendations of the Task Force on Changes to the Maine Indian Claims Settlement Implementing Act,1,2025-03-04,https://legiscan.com/ME/bill/LD785/2025
ME,1987067,,An Act to Promote Public Safety and Retain Essential First Responders by Converting the Maine Length of Service Award Program Trust Fund to a Nonlapsing Fund,An Act to Promote Public Safety and Retain Essential First Responders by Converting the Maine Length of Service Award Program Trust Fund to a Nonlapsing Fund,4,2025-06-02,https://legiscan.com/ME/bill/LD786/2025
ME,1987174,,An Act to Clarify Residency Requirements for the Maine School of Science and Mathematics,An Act to Clarify Residency Requirements for the Maine School of Science and Mathematics,4,2025-06-25,https://legiscan.com/ME/bill/LD787/2025
ME,1986978,,An Act to Promote an Innovation-driven Economy by Increasing Research and Development Spending,An Act to Promote an Innovation-driven Economy by Increasing Research and Development Spending,4,2025-05-27,https://legiscan.com/ME/bill/LD788/2025
ME,1987048,,"RESOLUTION, Proposing an Amendment to the Constitution of Maine to Require Legislative Approval of Any State of Emergency Lasting Longer than 60 Days","RESOLUTION, Proposing an Amendment to the Constitution of Maine to Require Legislative Approval of Any State of Emergency Lasting Longer than 60 Days",6,2025-05-21,https://legiscan.com/ME/bill/LD789/2025
ME,1987102,,An Act to Prevent Denial of Patient Access Through Collaborative Care,An Act to Prevent Denial of Patient Access Through Collaborative Care,6,2025-04-08,https://legiscan.com/ME/bill/LD790/2025
ME,1987515,,An Act Regarding Children with Behavioral Health Needs Awaiting Placement in Residential Care Facilities,An Act Regarding Children with Behavioral Health Needs Awaiting Placement in Residential Care Facilities,6,2025-05-14,https://legiscan.com/ME/bill/LD791/2025
ME,1987569,,An Act to Fund Medical Research and Cancer Prevention,An Act to Fund Medical Research and Cancer Prevention,6,2025-05-14,https://legiscan.com/ME/bill/LD792/2025
ME,1987030,,"Resolve, to Establish the Working Group to Review and Update the Laws Governing Harness Racing","Resolve, to Establish the Working Group to Review and Update the Laws Governing Harness Racing",3,2025-06-13,https://legiscan.com/ME/bill/LD793/2025
ME,1986997,,An Act to Include Judicial Marshals in the 1998 Special Plan for Retirement,An Act to Include Judicial Marshals in the 1998 Special Plan for Retirement,3,2025-05-13,https://legiscan.com/ME/bill/LD794/2025
ME,1987480,,An Act to Establish a Waiver Process from the Permit Requirements for the Use of Explosives in Recreational or Hobby Mining Activities,An Act to Establish a Waiver Process from the Permit Requirements for the Use of Explosives in Recreational or Hobby Mining Activities,4,2025-05-14,https://legiscan.com/ME/bill/LD795/2025
ME,1987121,,"Resolve, to Rename a Bridge in Windham and Gorham the Little Falls Veterans Memorial Bridge","Resolve, to Rename a Bridge in Windham and Gorham the Little Falls Veterans Memorial Bridge",4,2025-04-22,https://legiscan.com/ME/bill/LD796/2025
ME,1987266,,An Act to Amend the Laws Regarding Work Search Efforts for Unemployment Benefits and to Eliminate Benefits for Temporary Unemployment,An Act to Amend the Laws Regarding Work Search Efforts for Unemployment Benefits and to Eliminate Benefits for Temporary Unemployment,6,2025-04-08,https://legiscan.com/ME/bill/LD797/2025
ME,1989346,,An Act to End the Collection of Certain Probation Fees,An Act to End the Collection of Certain Probation Fees,6,2025-05-07,https://legiscan.com/ME/bill/LD822/2025
ME,1989562,,"An Act to Establish a Grant Program to Provide for Statewide and Equitable Access to Experiential Science, Technology, Engineering and Mathematics Competition Programs","An Act to Establish a Grant Program to Provide for Statewide and Equitable Access to Experiential Science, Technology, Engineering and Mathematics Competition Programs",3,2025-06-02,https://legiscan.com/ME/bill/LD823/2025
ME,1989522,,An Act Regarding Pet Fees in Rental Housing,An Act Regarding Pet Fees in Rental Housing,6,2025-04-30,https://legiscan.com/ME/bill/LD824/2025
ME,1989396,,"An Act to Prohibit Geoengineering, Including the Use of Cloud Seeding, Weather Modification, Excessive Radio Waves and Microwave Radiation","An Act to Prohibit Geoengineering, Including the Use of Cloud Seeding, Weather Modification, Excessive Radio Waves and Microwave Radiation",6,2025-05-14,https://legiscan.com/ME/bill/LD825/2025
ME,1989571,,An Act to Authorize a General Fund Bond Issue to Establish the School Energy Savings Revolving Loan Fund,An Act to Authorize a General Fund Bond Issue to Establish the School Energy Savings Revolving Loan Fund,1,2025-03-04,https://legiscan.com/ME/bill/LD826/2025
ME,1989502,,An Act to Allow the Sale of Polymer-coated Cookware That Is Authorized for Food Contact by the United States Food and Drug Administration,An Act to Allow the Sale of Polymer-coated Cookware That Is Authorized for Food Contact by the United States Food and Drug Administration,6,2025-04-17,https://legiscan.com/ME/bill/LD827/2025
ME,1989450,,An Act to Allow Chiropractors to Be Designated as School Health Advisors,An Act to Allow Chiropractors to Be Designated as School Health Advisors,6,2025-05-22,https://legiscan.com/ME/bill/LD828/2025
ME,1989483,,An Act to Standardize the Laws Regarding the Carrying of Concealed Handguns in State Parks,An Act to Standardize the Laws Regarding the Carrying of Concealed Handguns in State Parks,6,2025-06-13,https://legiscan.com/ME/bill/LD829/2025
ME,1989386,,An Act to Protect Maine's Scenic Beauty by Requiring Solar Panel Fields to Be Hidden from View,An Act to Protect Maine's Scenic Beauty by Requiring Solar Panel Fields to Be Hidden from View,6,2025-06-03,https://legiscan.com/ME/bill/LD830/2025
ME,1989459,,An Act Regarding Abandoned Vehicles Due to Involuntary Psychiatric Hospitalization,An Act Regarding Abandoned Vehicles Due to Involuntary Psychiatric Hospitalization,6,2025-05-22,https://legiscan.com/ME/bill/LD831/2025
ME,1989542,,An Act to Provide Funds to Reduce the Debt of the Vassalboro Sanitary District,An Act to Provide Funds to Reduce the Debt of the Vassalboro Sanitary District,6,2025-05-29,https://legiscan.com/ME/bill/LD832/2025
ME,1989514,,An Act to Expand the Earned Paid Leave Exception,An Act to Expand the Earned Paid Leave Exception,6,2025-05-13,https://legiscan.com/ME/bill/LD833/2025
ME,1989409,,An Act to Update the State Supplement to Supplemental Security Income,An Act to Update the State Supplement to Supplemental Security Income,3,2025-06-11,https://legiscan.com/ME/bill/LD834/2025
ME,1989579,,An Act to Allow Children to Participate in Beano Games Conducted by Nonprofit Charitable Organizations,An Act to Allow Children to Participate in Beano Games Conducted by Nonprofit Charitable Organizations,6,2025-05-22,https://legiscan.com/ME/bill/LD835/2025
ME,1989492,,An Act to Authorize a General Fund Bond Issue to Upgrade Municipal Culverts at Stream Crossings,An Act to Authorize a General Fund Bond Issue to Upgrade Municipal Culverts at Stream Crossings,1,2025-03-04,https://legiscan.com/ME/bill/LD836/2025
ME,1989365,,An Act to Require Positions Taken by the Public Advocate to Be Consistent with the Cost-effective Implementation of the State's Greenhouse Gas Emissions Reductions Obligations,An Act to Require Positions Taken by the Public Advocate to Be Consistent with the Cost-effective Implementation of the State's Greenhouse Gas Emissions Reductions Obligations,4,2025-05-14,https://legiscan.com/ME/bill/LD837/2025
ME,1989430,,"Resolve, to Establish the Commission to Study Options for Public Financing of Transmission and Distribution Infrastructure, Generation Projects and Energy Storage Projects","Resolve, to Establish the Commission to Study Options for Public Financing of Transmission and Distribution Infrastructure, Generation Projects and Energy Storage Projects",3,2026-03-25,https://legiscan.com/ME/bill/LD838/2025
ME,1989417,,An Act to Create the Net Energy Billing Cost Stabilization Fund,An Act to Create the Net Energy Billing Cost Stabilization Fund,4,2025-06-25,https://legiscan.com/ME/bill/LD839/2025
ME,1989532,,An Act to Modernize the State Supplement to Supplemental Security Income by Removing Marriage Disincentives,An Act to Modernize the State Supplement to Supplemental Security Income by Removing Marriage Disincentives,3,2025-04-22,https://legiscan.com/ME/bill/LD840/2025
ME,1989472,,"Resolve, to Study the Delivery of Emergency Medical Services to and Ferry Service Effects on Unbridged Island Communities in the State","Resolve, to Study the Delivery of Emergency Medical Services to and Ferry Service Effects on Unbridged Island Communities in the State",4,2025-06-17,https://legiscan.com/ME/bill/LD841/2025
ME,1989441,,"An Act to Improve the Health of Maine Residents by Amending the Laws Governing the MaineCare, Maine Rx Plus and Emergency MaineCare Programs","An Act to Improve the Health of Maine Residents by Amending the Laws Governing the MaineCare, Maine Rx Plus and Emergency MaineCare Programs",6,2025-05-20,https://legiscan.com/ME/bill/LD842/2025
ME,1989375,,An Act to Continue Funding for the Health Insurance Consumer Assistance Program,An Act to Continue Funding for the Health Insurance Consumer Assistance Program,4,2025-06-05,https://legiscan.com/ME/bill/LD843/2025
ME,1989354,,"An Act to Permit the Dispensing of Ivermectin Pursuant to a Standing Order upon Request for COVID-19, Flu and Cancer Patients","An Act to Permit the Dispensing of Ivermectin Pursuant to a Standing Order upon Request for COVID-19, Flu and Cancer Patients",6,2025-05-21,https://legiscan.com/ME/bill/LD890/2025
ME,1989551,,An Act to Exclude Poverty as a Factor When Determining Instances of Willful Neglect or Abuse of a Child,An Act to Exclude Poverty as a Factor When Determining Instances of Willful Neglect or Abuse of a Child,6,2025-04-30,https://legiscan.com/ME/bill/LD891/2025
ME,1989644,,"An Act to Expand Property Tax Relief for Veterans and Their Surviving Spouses, Minor Children and Parents","An Act to Expand Property Tax Relief for Veterans and Their Surviving Spouses, Minor Children and Parents",6,2025-04-01,https://legiscan.com/ME/bill/LD892/2025
ME,1990084,,An Act to Exempt Nonprofit Agricultural Membership Organizations from Insurance Requirements,An Act to Exempt Nonprofit Agricultural Membership Organizations from Insurance Requirements,6,2026-02-10,https://legiscan.com/ME/bill/LD893/2025
ME,1992176,,An Act to Amend the Laws Governing Paid Family and Medical Leave,An Act to Amend the Laws Governing Paid Family and Medical Leave,4,2025-06-09,https://legiscan.com/ME/bill/LD894/2025
ME,1992637,,An Act to Support Immersive Outdoor Education by Establishing the Outdoor School for All Maine Students Program,An Act to Support Immersive Outdoor Education by Establishing the Outdoor School for All Maine Students Program,4,2025-05-21,https://legiscan.com/ME/bill/LD895/2025
ME,1992072,,An Act to Provide Young Children Stable Access to Health Care,An Act to Provide Young Children Stable Access to Health Care,3,2025-06-03,https://legiscan.com/ME/bill/LD896/2025
ME,1992405,,An Act Regarding the Calculation of Electric Rate Contracting Costs,An Act Regarding the Calculation of Electric Rate Contracting Costs,1,2025-03-05,https://legiscan.com/ME/bill/LD897/2025
ME,1992284,,"Resolve, to Support Rural Health Care Workforce Recruitment","Resolve, to Support Rural Health Care Workforce Recruitment",4,2025-06-02,https://legiscan.com/ME/bill/LD898/2025
ME,1992088,,An Act to Strengthen the Requirements for Medical Payments Coverage,An Act to Strengthen the Requirements for Medical Payments Coverage,4,2025-05-21,https://legiscan.com/ME/bill/LD899/2025
ME,1992538,,An Act to Protect State Retiree Pensions from Inflation,An Act to Protect State Retiree Pensions from Inflation,3,2025-05-28,https://legiscan.com/ME/bill/LD900/2025
ME,1992305,,"Resolve, Directing the Maine Redevelopment Land Bank Authority to Take Appropriate Actions to Identify Opportunities for the Beneficial Reuse of the Buildings and Land Commonly Known as the Bangor Mall","Resolve, Directing the Maine Redevelopment Land Bank Authority to Take Appropriate Actions to Identify Opportunities for the Beneficial Reuse of the Buildings and Land Commonly Known as the Bangor Mall",4,2025-06-03,https://legiscan.com/ME/bill/LD901/2025
ME,1992199,,An Act to Establish the Medical Debt Relief Program,An Act to Establish the Medical Debt Relief Program,6,2025-04-08,https://legiscan.com/ME/bill/LD902/2025
ME,1992051,,An Act to Regulate the Advertising of Cannabis Products,An Act to Regulate the Advertising of Cannabis Products,6,2025-04-08,https://legiscan.com/ME/bill/LD903/2025
ME,1992370,,An Act to Exempt from Fees Certain Services Performed by the Health and Environmental Testing Laboratory for Criminal Investigations,An Act to Exempt from Fees Certain Services Performed by the Health and Environmental Testing Laboratory for Criminal Investigations,6,2025-04-17,https://legiscan.com/ME/bill/LD904/2025
ME,1992100,,An Act to Clarify the Process to Transfer Funds Resulting from the Expiration of Unused Kilowatt-hour Credits to Be Used to Provide Assistance to Low-income Electricity Customers,An Act to Clarify the Process to Transfer Funds Resulting from the Expiration of Unused Kilowatt-hour Credits to Be Used to Provide Assistance to Low-income Electricity Customers,4,2025-04-23,https://legiscan.com/ME/bill/LD905/2025
ME,1992062,,An Act to Update the Solar Energy Development Reporting Date Deadline,An Act to Update the Solar Energy Development Reporting Date Deadline,4,2025-04-17,https://legiscan.com/ME/bill/LD906/2025
ME,1992553,,An Act to Amend the Law Governing Zoning Ordinance Variances for Persons with Permanent Disabilities,An Act to Amend the Law Governing Zoning Ordinance Variances for Persons with Permanent Disabilities,4,2025-05-21,https://legiscan.com/ME/bill/LD907/2025
ME,1992139,,An Act to Eliminate the Sales Tax on Prepared Foods and Support the State's Hospitality Industry,An Act to Eliminate the Sales Tax on Prepared Foods and Support the State's Hospitality Industry,6,2025-04-15,https://legiscan.com/ME/bill/LD908/2025
ME,1992391,,An Act to Expand Property Tax Relief for Veterans and Their Survivors,An Act to Expand Property Tax Relief for Veterans and Their Survivors,6,2025-04-01,https://legiscan.com/ME/bill/LD909/2025
ME,1992566,,An Act to Collect Data to Better Understand the Consumer's Health Insurance Experience,An Act to Collect Data to Better Understand the Consumer's Health Insurance Experience,6,2026-01-27,https://legiscan.com/ME/bill/LD910/2025
ME,1992348,,An Act to Clarify Procedures for When a Candidate Withdraws from an Election Determined by Ranked-choice Voting or When a Candidate Dies or Becomes Disqualified in an Election Determined by Ranked-choice Voting,An Act to Clarify Procedures for When a Candidate Withdraws from an Election Determined by Ranked-choice Voting or When a Candidate Dies or Becomes Disqualified in an Election Determined by Ranked-choice Voting,4,2025-06-16,https://legiscan.com/ME/bill/LD911/2025
ME,1992433,,An Act to Limit the Amount of Electricity That May Be Provided to Data Centers on a Certain Commercial or Industrial Site,An Act to Limit the Amount of Electricity That May Be Provided to Data Centers on a Certain Commercial or Industrial Site,4,2025-05-21,https://legiscan.com/ME/bill/LD912/2025
ME,1992111,,An Act to Amend the Law Regulating the Resale of Tickets,An Act to Amend the Law Regulating the Resale of Tickets,4,2025-06-13,https://legiscan.com/ME/bill/LD913/2025
ME,1994002,,An Act to Increase Access to Protection from Abuse Orders by Allowing Children to File Protection from Abuse Orders on Their Own Behalf,An Act to Increase Access to Protection from Abuse Orders by Allowing Children to File Protection from Abuse Orders on Their Own Behalf,4,2025-05-28,https://legiscan.com/ME/bill/LD950/2025
ME,1993853,,An Act to Require Disclosure of Campaign Funding Sources,An Act to Require Disclosure of Campaign Funding Sources,6,2025-04-23,https://legiscan.com/ME/bill/LD951/2025
ME,1993754,,An Act to Exempt Agricultural Employers and Employees from the Maine Paid Family and Medical Leave Benefits Program,An Act to Exempt Agricultural Employers and Employees from the Maine Paid Family and Medical Leave Benefits Program,6,2025-06-03,https://legiscan.com/ME/bill/LD952/2025
ME,1993507,,"An Act to Change the Definition of ""Machine Gun"" in the Maine Criminal Code","An Act to Change the Definition of ""Machine Gun"" in the Maine Criminal Code",6,2025-06-17,https://legiscan.com/ME/bill/LD953/2025
ME,1993667,,An Act to Amend the Law Governing the Membership of the Government Oversight Committee,An Act to Amend the Law Governing the Membership of the Government Oversight Committee,4,2025-05-21,https://legiscan.com/ME/bill/LD954/2025
ME,1993701,,An Act to Ensure Human Oversight in Medical Insurance Payment Decisions,An Act to Ensure Human Oversight in Medical Insurance Payment Decisions,6,2025-05-20,https://legiscan.com/ME/bill/LD955/2025
ME,1993941,,"Resolve, Directing the Department of Transportation to Implement the Recommendation of the Calais Branch Rail Use Advisory Council to Create a Multi-use Trail","Resolve, Directing the Department of Transportation to Implement the Recommendation of the Calais Branch Rail Use Advisory Council to Create a Multi-use Trail",6,2025-04-22,https://legiscan.com/ME/bill/LD956/2025
ME,1996592,,"Resolve, to Create the Commission to Improve the Oversight of the Long-term Care System","Resolve, to Create the Commission to Improve the Oversight of the Long-term Care System",6,2025-04-08,https://legiscan.com/ME/bill/LD980/2025
ME,1996292,,An Act to Facilitate the Establishment of an Automated Crime Victim Notification System,An Act to Facilitate the Establishment of an Automated Crime Victim Notification System,3,2025-06-13,https://legiscan.com/ME/bill/LD981/2025
ME,1996480,,An Act to Establish Equal Tax Treatment for the Mi'kmaq Nation,An Act to Establish Equal Tax Treatment for the Mi'kmaq Nation,4,2025-06-25,https://legiscan.com/ME/bill/LD982/2025
ME,1996441,,An Act Regarding Service of Notice of Restricted Person Status to Hospitalized Patients,An Act Regarding Service of Notice of Restricted Person Status to Hospitalized Patients,4,2025-05-21,https://legiscan.com/ME/bill/LD983/2025
ME,1996202,,An Act to Require State-owned or Leased Buildings Occupied by 50 or More Executive Branch Employees to Have at Least One Automated External Defibrillator and One Bleeding Control Kit,An Act to Require State-owned or Leased Buildings Occupied by 50 or More Executive Branch Employees to Have at Least One Automated External Defibrillator and One Bleeding Control Kit,3,2025-06-09,https://legiscan.com/ME/bill/LD984/2025
ME,1996541,,An Act to Impose a Moratorium on the Ownership or Operation of Hospitals in the State by Private Equity Companies or Real Estate Investment Trusts,An Act to Impose a Moratorium on the Ownership or Operation of Hospitals in the State by Private Equity Companies or Real Estate Investment Trusts,4,2025-06-10,https://legiscan.com/ME/bill/LD985/2025
ME,1996552,,An Act to Eliminate the Crime of Felony Murder,An Act to Eliminate the Crime of Felony Murder,6,2025-04-01,https://legiscan.com/ME/bill/LD986/2025
ME,1996512,,An Act Clarifying Exemptions from the Law Regulating Products Containing PFAS,An Act Clarifying Exemptions from the Law Regulating Products Containing PFAS,4,2025-05-07,https://legiscan.com/ME/bill/LD987/2025
ME,1996227,,An Act to Allow Hunting on University of Maine System Property,An Act to Allow Hunting on University of Maine System Property,6,2025-05-20,https://legiscan.com/ME/bill/LD988/2025
ME,1996303,,An Act to Recognize Amateur Radio License Holders by Waiving Fees for License Plates Displaying Call Signs,An Act to Recognize Amateur Radio License Holders by Waiving Fees for License Plates Displaying Call Signs,6,2025-04-15,https://legiscan.com/ME/bill/LD989/2025
ME,1996566,,"Resolve, Requiring the Office of the Attorney General to Develop and Promote an Optional Online Registry Informing Landlords of Their Rights and Obligations","Resolve, Requiring the Office of the Attorney General to Develop and Promote an Optional Online Registry Informing Landlords of Their Rights and Obligations",6,2025-05-13,https://legiscan.com/ME/bill/LD990/2025
ME,1996253,,An Act to Prevent Conflicts of Interest When Voting on Municipal Employee Compensation,An Act to Prevent Conflicts of Interest When Voting on Municipal Employee Compensation,6,2025-04-01,https://legiscan.com/ME/bill/LD991/2025
ME,1996579,,An Act to Protect Consumers from Hidden Fees and Ensure Transparent Pricing for Live Event Tickets and Short-term Lodging,An Act to Protect Consumers from Hidden Fees and Ensure Transparent Pricing for Live Event Tickets and Short-term Lodging,6,2025-05-22,https://legiscan.com/ME/bill/LD992/2025
ME,1996469,,An Act to Require First Responder Training for Mental Health Crisis and Critical Incident Stress Recognition,An Act to Require First Responder Training for Mental Health Crisis and Critical Incident Stress Recognition,6,2025-04-08,https://legiscan.com/ME/bill/LD993/2025
ME,2004969,,An Act to Change the Residency Requirements for State Funding for Student Tuition at the Maine School of Science and Mathematics,An Act to Change the Residency Requirements for State Funding for Student Tuition at the Maine School of Science and Mathematics,6,2025-06-03,https://legiscan.com/ME/bill/LD1011/2025
ME,2005401,,An Act to Fund the Operations of the University of Maine Cooperative Extension Tick Laboratory,An Act to Fund the Operations of the University of Maine Cooperative Extension Tick Laboratory,4,2025-06-25,https://legiscan.com/ME/bill/LD1012/2025
ME,2005131,,An Act to Protect Taxpayers by Requiring Referenda on Significant Municipal Debt,An Act to Protect Taxpayers by Requiring Referenda on Significant Municipal Debt,6,2025-05-22,https://legiscan.com/ME/bill/LD1013/2025
ME,2005252,,An Act to Authorize a General Fund Bond Issue to Develop Maine Talent and Innovation by Improving the Infrastructure of the University of Maine System,An Act to Authorize a General Fund Bond Issue to Develop Maine Talent and Innovation by Improving the Infrastructure of the University of Maine System,1,2025-03-12,https://legiscan.com/ME/bill/LD1014/2025
ME,2005087,,An Act to Require a Minimum of 2 Persons on a Crew for the Operation of Freight Trains,An Act to Require a Minimum of 2 Persons on a Crew for the Operation of Freight Trains,6,2025-05-20,https://legiscan.com/ME/bill/LD1015/2025
ME,2005147,,An Act to Establish the Manufactured Housing Community and Mobile Home Park Preservation and Assistance Fund,An Act to Establish the Manufactured Housing Community and Mobile Home Park Preservation and Assistance Fund,4,2025-06-12,https://legiscan.com/ME/bill/LD1016/2025
ME,2004645,,An Act to Include Food Provided or Served at Emergency Shelters in General Assistance Reimbursement,An Act to Include Food Provided or Served at Emergency Shelters in General Assistance Reimbursement,3,2025-05-28,https://legiscan.com/ME/bill/LD1017/2025
ME,2005119,,An Act to Protect Health Care for Rural and Underserved Areas by Prohibiting Discrimination by Participants in a Federal Drug Discount Program,An Act to Protect Health Care for Rural and Underserved Areas by Prohibiting Discrimination by Participants in a Federal Drug Discount Program,6,2025-06-25,https://legiscan.com/ME/bill/LD1018/2025
ME,2005220,,An Act to Provide Funding for Fort McClary,An Act to Provide Funding for Fort McClary,6,2025-04-15,https://legiscan.com/ME/bill/LD1019/2025
ME,2004700,,An Act to Repeal the Laws Providing for the Construction of a Connector to Gorham and to Resell Land Taken Under Those Laws to Previous Property Owners,An Act to Repeal the Laws Providing for the Construction of a Connector to Gorham and to Resell Land Taken Under Those Laws to Previous Property Owners,6,2025-06-13,https://legiscan.com/ME/bill/LD1020/2025
ME,2005159,,An Act to Remove Certain Cost-of-living Adjustment Restrictions for Retired Members of the Law Enforcement Bargaining Unit Who Are 65 Years of Age or Older,An Act to Remove Certain Cost-of-living Adjustment Restrictions for Retired Members of the Law Enforcement Bargaining Unit Who Are 65 Years of Age or Older,3,2025-06-04,https://legiscan.com/ME/bill/LD1021/2025
ME,2005047,,An Act to Protect and Increase Access to Justice in Civil Legal Matters for Persons with Low Incomes,An Act to Protect and Increase Access to Justice in Civil Legal Matters for Persons with Low Incomes,3,2025-05-22,https://legiscan.com/ME/bill/LD1022/2025
ME,2004657,,"Resolve, to Reestablish the Blue Economy Task Force to Support Maine's Emergence as a Center for Blue Economy Innovation and Opportunity in the 21st Century","Resolve, to Reestablish the Blue Economy Task Force to Support Maine's Emergence as a Center for Blue Economy Innovation and Opportunity in the 21st Century",4,2025-06-25,https://legiscan.com/ME/bill/LD1023/2025
ME,2005311,,An Act to Expand the List of Crimes That Do Not Qualify for Immunity Under Maine's Good Samaritan Laws Concerning Drug-related Medical Assistance,An Act to Expand the List of Crimes That Do Not Qualify for Immunity Under Maine's Good Samaritan Laws Concerning Drug-related Medical Assistance,6,2025-05-29,https://legiscan.com/ME/bill/LD1024/2025
ME,2005100,,An Act to Allow Federal Civil Service to Count for Purposes of Maine Public Employees Retirement System Benefits,An Act to Allow Federal Civil Service to Count for Purposes of Maine Public Employees Retirement System Benefits,4,2025-06-02,https://legiscan.com/ME/bill/LD1025/2025
ME,2004836,,An Act to Provide Mapping Services for Aquaculture Lease Siting,An Act to Provide Mapping Services for Aquaculture Lease Siting,6,2026-02-03,https://legiscan.com/ME/bill/LD1026/2025
ME,2004849,,An Act to Strengthen the Law Regarding Relief for Improvident Transfers of Title,An Act to Strengthen the Law Regarding Relief for Improvident Transfers of Title,4,2025-06-09,https://legiscan.com/ME/bill/LD1027/2025
ME,2004876,,"Resolve, to Establish the Task Force to Study Equitable Access to Maternal Health Care and Birthing Facilities","Resolve, to Establish the Task Force to Study Equitable Access to Maternal Health Care and Birthing Facilities",6,2025-04-29,https://legiscan.com/ME/bill/LD1028/2025
ME,2005371,,An Act to Ensure General Assistance for Housing Does Not Reduce Assistance for Other Basic Necessities and to Increase Presumptive Eligibility and State Reimbursement for General Assistance,An Act to Ensure General Assistance for Housing Does Not Reduce Assistance for Other Basic Necessities and to Increase Presumptive Eligibility and State Reimbursement for General Assistance,6,2025-05-22,https://legiscan.com/ME/bill/LD1029/2025
ME,2004671,,An Act Regarding the Reduction and Recycling of Food Waste,An Act Regarding the Reduction and Recycling of Food Waste,4,2025-06-10,https://legiscan.com/ME/bill/LD1065/2025
ME,2007238,,An Act Regarding Limits on Municipal General Assistance Programs,An Act Regarding Limits on Municipal General Assistance Programs,6,2025-05-22,https://legiscan.com/ME/bill/LD1066/2025
ME,2007498,,An Act to Improve the Process for Mobile Home Owners to Purchase Their Mobile Home Park,An Act to Improve the Process for Mobile Home Owners to Purchase Their Mobile Home Park,6,2025-06-04,https://legiscan.com/ME/bill/LD1067/2025
ME,2007568,,An Act to Allow the People to Elect the State Auditor,An Act to Allow the People to Elect the State Auditor,6,2025-06-25,https://legiscan.com/ME/bill/LD1068/2025
ME,2007224,,"Resolve, Directing the Department of Education to Review Personal Finance Course Offerings in Maine Schools and Convene a Working Group of Relevant Stakeholders","Resolve, Directing the Department of Education to Review Personal Finance Course Offerings in Maine Schools and Convene a Working Group of Relevant Stakeholders",4,2025-06-25,https://legiscan.com/ME/bill/LD1069/2025
ME,2007154,,"Resolve, to Study a Medicaid Forward Plan for Maine","Resolve, to Study a Medicaid Forward Plan for Maine",6,2025-04-29,https://legiscan.com/ME/bill/LD1070/2025
ME,2007385,,"Resolve, Directing the Department of Education to Conduct a Review of the Implementation of Public Law 2021, Chapter 295 and Directing the Department of Health and Human Services to Consult with School Administrators Regarding Developing a Plan for Community-based Crisis Receiving Centers","Resolve, Directing the Department of Education to Conduct a Review of the Implementation of Public Law 2021, Chapter 295 and Directing the Department of Health and Human Services to Consult with School Administrators Regarding Developing a Plan for Community-based Crisis Receiving Centers",6,2025-05-14,https://legiscan.com/ME/bill/LD1071/2025
ME,2007086,,An Act to Amend the Laws Governing the Land for Maine's Future Program and to Authorize the Use of Options to Purchase at Agricultural Value,An Act to Amend the Laws Governing the Land for Maine's Future Program and to Authorize the Use of Options to Purchase at Agricultural Value,4,2025-06-25,https://legiscan.com/ME/bill/LD1072/2025
ME,2007590,,An Act to Clarify the Requirements for Accessing Nonformulary Drugs and Drugs Used to Treat Serious Mental Illness,An Act to Clarify the Requirements for Accessing Nonformulary Drugs and Drugs Used to Treat Serious Mental Illness,4,2025-06-25,https://legiscan.com/ME/bill/LD1100/2025
ME,2007863,,An Act to Address the Limited Availability of Counsel in Courts to Represent Indigent Parties in Matters Affecting Their Fundamental Rights,An Act to Address the Limited Availability of Counsel in Courts to Represent Indigent Parties in Matters Affecting Their Fundamental Rights,4,2025-04-10,https://legiscan.com/ME/bill/LD1101/2025
ME,2007724,,"Resolve, to Raise Awareness of the Importance of Brain Health and Reducing the Risk of Dementia","Resolve, to Raise Awareness of the Importance of Brain Health and Reducing the Risk of Dementia",6,2025-04-08,https://legiscan.com/ME/bill/LD1102/2025
ME,2008140,,An Act Regarding Unallocated Balances in a School Administrative Unit School Budget,An Act Regarding Unallocated Balances in a School Administrative Unit School Budget,4,2025-06-02,https://legiscan.com/ME/bill/LD1103/2025
ME,2009373,,An Act to Further Protect Low-impact Landscaping,An Act to Further Protect Low-impact Landscaping,6,2025-04-17,https://legiscan.com/ME/bill/LD1132/2025
ME,2009046,,An Act to Allow Electric Vehicle Charging Stations by Condominium and Residential Associations,An Act to Allow Electric Vehicle Charging Stations by Condominium and Residential Associations,4,2025-06-09,https://legiscan.com/ME/bill/LD1133/2025
ME,2009277,,An Act to Prohibit Males from Participating in Female Sports or Using Female Facilities,An Act to Prohibit Males from Participating in Female Sports or Using Female Facilities,6,2025-06-13,https://legiscan.com/ME/bill/LD1134/2025
ME,2009291,,"Resolve, to Convene a Working Group to Study the Use of Oral Fluid Testing in Determining Intoxication of Drivers, Aircraft Operators and Hunters","Resolve, to Convene a Working Group to Study the Use of Oral Fluid Testing in Determining Intoxication of Drivers, Aircraft Operators and Hunters",4,2025-06-13,https://legiscan.com/ME/bill/LD1135/2025
ME,2008953,,An Act to Defend the Rights of LGBTQ+ Persons in the State,An Act to Defend the Rights of LGBTQ+ Persons in the State,6,2026-02-10,https://legiscan.com/ME/bill/LD1136/2025
ME,2009113,,An Act to Expand Landowner Liability Protections to Include Sport Shooting Ranges,An Act to Expand Landowner Liability Protections to Include Sport Shooting Ranges,6,2025-05-06,https://legiscan.com/ME/bill/LD1137/2025
ME,2009218,,An Act to Reduce Pollution Associated with Transportation in Alignment with the State's Climate Action Plan,An Act to Reduce Pollution Associated with Transportation in Alignment with the State's Climate Action Plan,6,2025-06-16,https://legiscan.com/ME/bill/LD1138/2025
ME,2008984,,An Act to Provide Funding for Essential Services for Victims of Crimes,An Act to Provide Funding for Essential Services for Victims of Crimes,3,2025-05-20,https://legiscan.com/ME/bill/LD1139/2025
ME,2009345,,An Act to Authorize a General Fund Bond Issue to Strengthen the Resilience and Growth of Maine's Agricultural Economy,An Act to Authorize a General Fund Bond Issue to Strengthen the Resilience and Growth of Maine's Agricultural Economy,1,2025-03-18,https://legiscan.com/ME/bill/LD1140/2025
ME,2008994,,An Act to Increase the Procurement of Maine Foods by Certain State Institutions,An Act to Increase the Procurement of Maine Foods by Certain State Institutions,4,2025-06-25,https://legiscan.com/ME/bill/LD1141/2025
ME,2009268,,An Act Regarding Reimbursement for Volunteers of the So-called Hooked on Fishing - Not on Drugs Program,An Act Regarding Reimbursement for Volunteers of the So-called Hooked on Fishing - Not on Drugs Program,6,2025-04-08,https://legiscan.com/ME/bill/LD1142/2025
ME,2009237,,An Act to Update Language on Setback Variances for Single-family Dwellings,An Act to Update Language on Setback Variances for Single-family Dwellings,4,2025-06-05,https://legiscan.com/ME/bill/LD1143/2025
ME,2009198,,An Act to Reinstate the Property Tax Stabilization Program,An Act to Reinstate the Property Tax Stabilization Program,6,2025-04-24,https://legiscan.com/ME/bill/LD1144/2025
ME,2009003,,An Act to Protect Residents Living in Mobile Home Parks,An Act to Protect Residents Living in Mobile Home Parks,4,2025-06-11,https://legiscan.com/ME/bill/LD1145/2025
ME,2010714,,An Act to Increase State Funding for Emergency Shelters,An Act to Increase State Funding for Emergency Shelters,6,2025-04-08,https://legiscan.com/ME/bill/LD1190/2025
ME,2010810,,An Act to Ensure Timely Reimbursement for Providers of Child Care Services for Children in Foster Care,An Act to Ensure Timely Reimbursement for Providers of Child Care Services for Children in Foster Care,6,2025-04-29,https://legiscan.com/ME/bill/LD1191/2025
ME,2010847,,An Act to Increase the Commercial Insurance Reimbursement Rate for Ambulance Services,An Act to Increase the Commercial Insurance Reimbursement Rate for Ambulance Services,6,2025-05-20,https://legiscan.com/ME/bill/LD1192/2025
ME,2010826,,An Act to Require the Legislature to Elect Constitutional Officers and the State Auditor in Convention with an Open Ballot System,An Act to Require the Legislature to Elect Constitutional Officers and the State Auditor in Convention with an Open Ballot System,6,2025-06-25,https://legiscan.com/ME/bill/LD1193/2025
ME,2010728,,An Act to Phase Out Vehicle Excise Taxes and Implement a Fee for Infrastructure Funding Based on a Vehicle's Annual Mileage,An Act to Phase Out Vehicle Excise Taxes and Implement a Fee for Infrastructure Funding Based on a Vehicle's Annual Mileage,6,2025-04-29,https://legiscan.com/ME/bill/LD1194/2025
ME,2010725,,An Act to Amend the Provisions of the Maine Workers' Compensation Act of 1992 Governing Requirements for Self-insurers,An Act to Amend the Provisions of the Maine Workers' Compensation Act of 1992 Governing Requirements for Self-insurers,4,2025-04-23,https://legiscan.com/ME/bill/LD1195/2025
ME,2010786,,"Resolve, to Require the Towns of Kittery and York to Develop a Boundary Description","Resolve, to Require the Towns of Kittery and York to Develop a Boundary Description",6,2025-05-29,https://legiscan.com/ME/bill/LD1196/2025
ME,2010796,,An Act to Update the Maine Money Transmission Modernization Act by Removing Provisions of Law Regarding Unhosted Wallets,An Act to Update the Maine Money Transmission Modernization Act by Removing Provisions of Law Regarding Unhosted Wallets,6,2025-05-28,https://legiscan.com/ME/bill/LD1197/2025
ME,2010832,,"Resolve, Directing the Department of Agriculture, Conservation and Forestry to Assess Its Current Meat and Poultry Inspection Programs","Resolve, Directing the Department of Agriculture, Conservation and Forestry to Assess Its Current Meat and Poultry Inspection Programs",4,2025-05-27,https://legiscan.com/ME/bill/LD1198/2025
ME,2010883,,"Resolve, Regarding the Development of a Medication Administration Training Program for Maine Youth Camps","Resolve, Regarding the Development of a Medication Administration Training Program for Maine Youth Camps",6,2025-04-08,https://legiscan.com/ME/bill/LD1199/2025
ME,2010887,,An Act to Prohibit the Sale of Items Intended to Be Used to Inhale Nitrous Oxide for Recreational Purposes,An Act to Prohibit the Sale of Items Intended to Be Used to Inhale Nitrous Oxide for Recreational Purposes,6,2025-06-13,https://legiscan.com/ME/bill/LD1200/2025
ME,2010720,,An Act to Protect Maine Agriculture and Farms by Exempting Certain Pesticides from Regulation,An Act to Protect Maine Agriculture and Farms by Exempting Certain Pesticides from Regulation,6,2025-06-25,https://legiscan.com/ME/bill/LD1201/2025
ME,2010873,,An Act to Establish the African American Studies Advisory Council and Provide Funding to Support African American Studies,An Act to Establish the African American Studies Advisory Council and Provide Funding to Support African American Studies,3,2025-06-10,https://legiscan.com/ME/bill/LD1202/2025
ME,2010736,,An Act to Provide Grants to Schools That Contract for Behavioral and Mental Health Services,An Act to Provide Grants to Schools That Contract for Behavioral and Mental Health Services,6,2025-05-14,https://legiscan.com/ME/bill/LD1203/2025
ME,2010749,,An Act to Support Direct Access Worker Employment by Removing Certain Employment Disqualifications,An Act to Support Direct Access Worker Employment by Removing Certain Employment Disqualifications,6,2025-05-27,https://legiscan.com/ME/bill/LD1204/2025
ME,2010864,,An Act to Set Limits on Virtual Currency Kiosks,An Act to Set Limits on Virtual Currency Kiosks,6,2025-05-22,https://legiscan.com/ME/bill/LD1205/2025
ME,2010754,,An Act to Control Property Taxes by Increasing the Percentage of the Business Equipment Tax Exemption That Municipalities May Recover,An Act to Control Property Taxes by Increasing the Percentage of the Business Equipment Tax Exemption That Municipalities May Recover,6,2025-06-09,https://legiscan.com/ME/bill/LD1206/2025
ME,2010861,,"An Act to Amend the Site Location of Development Laws to Require a 100-foot Buffer Between Solar Energy Developments and Rivers, Streams and Brooks","An Act to Amend the Site Location of Development Laws to Require a 100-foot Buffer Between Solar Energy Developments and Rivers, Streams and Brooks",4,2025-05-21,https://legiscan.com/ME/bill/LD1207/2025
ME,2010793,,An Act to Amend the Statutory Balance Limit on the Finance Authority of Maine's Loan Insurance Reserves for General Fund Transfers,An Act to Amend the Statutory Balance Limit on the Finance Authority of Maine's Loan Insurance Reserves for General Fund Transfers,4,2025-06-25,https://legiscan.com/ME/bill/LD1208/2025
ME,2010841,,"Resolve, to Create a Working Group to Study the Safety and Use of Nonconforming Vehicles on Maine's Roads and Highways","Resolve, to Create a Working Group to Study the Safety and Use of Nonconforming Vehicles on Maine's Roads and Highways",4,2025-05-14,https://legiscan.com/ME/bill/LD1209/2025
ME,2010822,,An Act to Regarding Renewable Electricity Generation by Hydropower Projects,An Act to Regarding Renewable Electricity Generation by Hydropower Projects,6,2025-05-22,https://legiscan.com/ME/bill/LD1210/2025
ME,2010779,,An Act Regarding Certain Definitions in the Sales and Use Tax Laws Affecting Rental Equipment,An Act Regarding Certain Definitions in the Sales and Use Tax Laws Affecting Rental Equipment,3,2025-06-18,https://legiscan.com/ME/bill/LD1211/2025
ME,2010712,,"Resolve, to Study Opportunities for the Efficiency Maine Trust to Support the Promotion and Use of Modern Wood Heating","Resolve, to Study Opportunities for the Efficiency Maine Trust to Support the Promotion and Use of Modern Wood Heating",4,2025-06-02,https://legiscan.com/ME/bill/LD1212/2025
ME,2010760,,An Act Regarding Apportionment of Stipends to Agricultural Fairs,An Act Regarding Apportionment of Stipends to Agricultural Fairs,4,2025-05-28,https://legiscan.com/ME/bill/LD1213/2025
ME,2010814,,"An Act to Designate the Second Congressional District ""Acadia""","An Act to Designate the Second Congressional District ""Acadia""",6,2025-05-28,https://legiscan.com/ME/bill/LD1214/2025
ME,2010876,,An Act Regarding Residency Restrictions for Sex Offenders,An Act Regarding Residency Restrictions for Sex Offenders,6,2025-05-13,https://legiscan.com/ME/bill/LD1215/2025
ME,2010769,,An Act to Improve Behavioral Health Crisis Services and Suicide Prevention Services,An Act to Improve Behavioral Health Crisis Services and Suicide Prevention Services,3,2026-03-25,https://legiscan.com/ME/bill/LD1216/2025
ME,2010776,,An Act Regarding the New Markets Tax Credit and the Maine New Markets Capital Investment Program,An Act Regarding the New Markets Tax Credit and the Maine New Markets Capital Investment Program,4,2025-06-25,https://legiscan.com/ME/bill/LD1217/2025
ME,2010853,,An Act to Allow Certain County Commissioners Who Are Maine Public Employees Retirement System Members to Switch to the Legislative Retirement Program,An Act to Allow Certain County Commissioners Who Are Maine Public Employees Retirement System Members to Switch to the Legislative Retirement Program,6,2025-04-29,https://legiscan.com/ME/bill/LD1218/2025
ME,2010740,,An Act to Increase State Funding for the Campuses of the University of Maine System,An Act to Increase State Funding for the Campuses of the University of Maine System,3,2025-05-27,https://legiscan.com/ME/bill/LD1219/2025
ME,2011823,,An Act to Lower Electric Rates for Maine Ratepayers by Requiring the Payment of Certain Costs from the General Fund,An Act to Lower Electric Rates for Maine Ratepayers by Requiring the Payment of Certain Costs from the General Fund,0,,https://legiscan.com/ME/bill/LD1223/2025
ME,2012908,,An Act to Address the Safety of Nurses and Improve Patient Care by Enacting the Maine Quality Care Act,An Act to Address the Safety of Nurses and Improve Patient Care by Enacting the Maine Quality Care Act,1,2025-03-25,https://legiscan.com/ME/bill/LD1281/2025
ME,2013011,,An Act Regarding Eligibility for Historic Preservation Bond Proceeds,An Act Regarding Eligibility for Historic Preservation Bond Proceeds,3,2025-05-22,https://legiscan.com/ME/bill/LD1282/2025
ME,2012997,,An Act to Allow Employees Covered Under the Maine Retirement Savings Program to Elect to Enroll and Unenroll in a Payroll Deduction for an Individual Retirement Account,An Act to Allow Employees Covered Under the Maine Retirement Savings Program to Elect to Enroll and Unenroll in a Payroll Deduction for an Individual Retirement Account,6,2025-06-10,https://legiscan.com/ME/bill/LD1283/2025
ME,2012971,,An Act to Repeal Provisions of Law Governing the Privacy of Broadband Internet Customer Personal Information,An Act to Repeal Provisions of Law Governing the Privacy of Broadband Internet Customer Personal Information,6,2025-05-28,https://legiscan.com/ME/bill/LD1284/2025
ME,2012901,,An Act to Prohibit the Consideration of Legacy Preferences or Donor Preferences in Postsecondary Educational Institution Admissions,An Act to Prohibit the Consideration of Legacy Preferences or Donor Preferences in Postsecondary Educational Institution Admissions,6,2025-05-06,https://legiscan.com/ME/bill/LD1285/2025
ME,2013095,,"Resolve, to Establish the Commission to Study the Impact of Blockchain Technology and Cryptocurrency on Maine's Economy and the Risks of Fraud and Theft to Maine Consumers","Resolve, to Establish the Commission to Study the Impact of Blockchain Technology and Cryptocurrency on Maine's Economy and the Risks of Fraud and Theft to Maine Consumers",3,2025-06-04,https://legiscan.com/ME/bill/LD1286/2025
ME,2013117,,An Act to Support Workforce Development by Establishing the Housing Stability Fund,An Act to Support Workforce Development by Establishing the Housing Stability Fund,4,2025-06-25,https://legiscan.com/ME/bill/LD1287/2025
ME,2013112,,"An Act to Amend Certain Provisions of Maine's Drug Laws Regarding Heroin, Fentanyl and Cocaine","An Act to Amend Certain Provisions of Maine's Drug Laws Regarding Heroin, Fentanyl and Cocaine",6,2025-05-28,https://legiscan.com/ME/bill/LD1288/2025
ME,2013055,,An Act to Amend the Election Recount Process,An Act to Amend the Election Recount Process,6,2025-04-30,https://legiscan.com/ME/bill/LD1289/2025
ME,2012979,,An Act to Update the Laws Regarding Athletic Trainers,An Act to Update the Laws Regarding Athletic Trainers,4,2025-06-02,https://legiscan.com/ME/bill/LD1290/2025
ME,2013048,,"Resolve, to Establish the Commission to Study the Apportionment of Service Revenue","Resolve, to Establish the Commission to Study the Apportionment of Service Revenue",6,2025-05-21,https://legiscan.com/ME/bill/LD1291/2025
ME,2013104,,An Act to Codify the Maine Turnpike Authority's Contributions to the Highway Fund with Regard to the Sensible Transportation Policy Act,An Act to Codify the Maine Turnpike Authority's Contributions to the Highway Fund with Regard to the Sensible Transportation Policy Act,6,2025-05-29,https://legiscan.com/ME/bill/LD1292/2025
ME,2012939,,An Act to Prohibit Coyote-killing Contests in Maine,An Act to Prohibit Coyote-killing Contests in Maine,6,2025-05-27,https://legiscan.com/ME/bill/LD1293/2025
ME,2012917,,An Act to Expand the Dependent Exemption Tax Credit,An Act to Expand the Dependent Exemption Tax Credit,3,2025-06-13,https://legiscan.com/ME/bill/LD1294/2025
ME,2012988,,An Act to Waive Basic Law Enforcement Training Requirements for Full-time Law Enforcement Officers Who Have Successfully Completed Equivalent Courses in Other Jurisdictions,An Act to Waive Basic Law Enforcement Training Requirements for Full-time Law Enforcement Officers Who Have Successfully Completed Equivalent Courses in Other Jurisdictions,6,2025-04-23,https://legiscan.com/ME/bill/LD1295/2025
ME,2013020,,An Act to Amend the Law Governing Watercraft Franchisor Warranty Reimbursements,An Act to Amend the Law Governing Watercraft Franchisor Warranty Reimbursements,4,2025-06-09,https://legiscan.com/ME/bill/LD1296/2025
ME,2013073,,"Resolve, to Establish the Committee to Study the Use of Sunflower Crops to Produce Biofuels and Other Products","Resolve, to Establish the Committee to Study the Use of Sunflower Crops to Produce Biofuels and Other Products",3,2025-05-07,https://legiscan.com/ME/bill/LD1297/2025
ME,2012950,,An Act Establishing Alternative Pathways to Social Worker Licensing,An Act Establishing Alternative Pathways to Social Worker Licensing,6,2025-06-18,https://legiscan.com/ME/bill/LD1298/2025
ME,2013065,,An Act to Prohibit the Unsecured Storage of Handguns in Motor Vehicles,An Act to Prohibit the Unsecured Storage of Handguns in Motor Vehicles,6,2025-06-16,https://legiscan.com/ME/bill/LD1299/2025
ME,2012894,,An Act to Strengthen Maine's Implied Warranty Laws,An Act to Strengthen Maine's Implied Warranty Laws,6,2025-04-23,https://legiscan.com/ME/bill/LD1300/2025
ME,2012930,,An Act to Prohibit the Use of Artificial Intelligence in the Denial of Health Insurance Claims,An Act to Prohibit the Use of Artificial Intelligence in the Denial of Health Insurance Claims,6,2026-01-27,https://legiscan.com/ME/bill/LD1301/2025
ME,2012959,,An Act Regarding the Number of Voters of a Municipality Required to Petition for Consideration of Deorganization of That Municipality,An Act Regarding the Number of Voters of a Municipality Required to Petition for Consideration of Deorganization of That Municipality,4,2025-06-02,https://legiscan.com/ME/bill/LD1302/2025
ME,2013029,,An Act to Amend the Laws Governing Qualifications for the State Auditor,An Act to Amend the Laws Governing Qualifications for the State Auditor,4,2025-06-10,https://legiscan.com/ME/bill/LD1303/2025
ME,2013037,,"RESOLUTION, Proposing an Amendment to the Constitution of Maine to Limit Property Tax Increases for Individuals 65 Years of Age or Older and Shift the Tax Burden to State Gaming Revenues","RESOLUTION, Proposing an Amendment to the Constitution of Maine to Limit Property Tax Increases for Individuals 65 Years of Age or Older and Shift the Tax Burden to State Gaming Revenues",6,2025-05-21,https://legiscan.com/ME/bill/LD1304/2025
ME,2013086,,An Act to Improve Access to Transportation to Work for Forestry Workers and Migrant and Seasonal Farm Workers,An Act to Improve Access to Transportation to Work for Forestry Workers and Migrant and Seasonal Farm Workers,6,2025-05-20,https://legiscan.com/ME/bill/LD1305/2025
ME,2014942,,An Act to Continue the Exemption for Polystyrene Foam Disposable Food Service Containers Prepackaged at Wholesale,An Act to Continue the Exemption for Polystyrene Foam Disposable Food Service Containers Prepackaged at Wholesale,4,2025-05-27,https://legiscan.com/ME/bill/LD1306/2025
ME,2014860,,An Act to Suspend the Remittance Obligation for Paid Family and Medical Leave Private Plan Users,An Act to Suspend the Remittance Obligation for Paid Family and Medical Leave Private Plan Users,6,2025-06-03,https://legiscan.com/ME/bill/LD1307/2025
ME,2014782,,"Resolve, Directing the Department of Inland Fisheries and Wildlife and the Department of Agriculture, Conservation and Forestry to Examine Issues Related to Public Access to Privately Owned Lands","Resolve, Directing the Department of Inland Fisheries and Wildlife and the Department of Agriculture, Conservation and Forestry to Examine Issues Related to Public Access to Privately Owned Lands",4,2025-06-11,https://legiscan.com/ME/bill/LD1308/2025
ME,2014845,,An Act to Increase the Membership of the Public Utilities Commission to 5 Members,An Act to Increase the Membership of the Public Utilities Commission to 5 Members,6,2025-04-22,https://legiscan.com/ME/bill/LD1309/2025
ME,2014974,,An Act to Amend the Laws Governing Insurance Coverage of Preventive and Primary Health Services,An Act to Amend the Laws Governing Insurance Coverage of Preventive and Primary Health Services,4,2025-06-02,https://legiscan.com/ME/bill/LD1310/2025
ME,2014929,,An Act to Expand Maine's Health Care Workforce by Improving Educational Opportunities,An Act to Expand Maine's Health Care Workforce by Improving Educational Opportunities,3,2025-06-09,https://legiscan.com/ME/bill/LD1311/2025
ME,2014970,,An Act to Provide a Source of Revenue for School Construction and for the Land for Maine's Future Trust Fund,An Act to Provide a Source of Revenue for School Construction and for the Land for Maine's Future Trust Fund,1,2025-03-27,https://legiscan.com/ME/bill/LD1312/2025
ME,2014966,,An Act to Promote Equity in the Forest Products Industry by Allowing Commercial Wood Haulers to Be Eligible for Certain Sales Tax Exemptions and Refunds,An Act to Promote Equity in the Forest Products Industry by Allowing Commercial Wood Haulers to Be Eligible for Certain Sales Tax Exemptions and Refunds,3,2025-06-16,https://legiscan.com/ME/bill/LD1313/2025
ME,2014784,,An Act to Protect Cannabis Industry Workers' Access to Personal Credit,An Act to Protect Cannabis Industry Workers' Access to Personal Credit,6,2025-05-28,https://legiscan.com/ME/bill/LD1314/2025
ME,2014916,,An Act to Authorize the Display of an Inherent Resolve Campaign Medal Decal on a Special Veterans License Plate and Authorize Certain Other Service Members to Receive Special Commemorative Decals,An Act to Authorize the Display of an Inherent Resolve Campaign Medal Decal on a Special Veterans License Plate and Authorize Certain Other Service Members to Receive Special Commemorative Decals,4,2025-06-18,https://legiscan.com/ME/bill/LD1315/2025
ME,2014806,,"An Act to Amend the Mandated Reporter Laws Regarding Medical Records, Additional Information and Immunity","An Act to Amend the Mandated Reporter Laws Regarding Medical Records, Additional Information and Immunity",6,2025-05-20,https://legiscan.com/ME/bill/LD1316/2025
ME,2014937,,"An Act to Promote Responsible, Cost-effective Energy in Maine by Amending the Tariff Rates Applicable to the Commercial and Institutional Net Energy Billing Program","An Act to Promote Responsible, Cost-effective Energy in Maine by Amending the Tariff Rates Applicable to the Commercial and Institutional Net Energy Billing Program",6,2025-05-20,https://legiscan.com/ME/bill/LD1317/2025
ME,2014819,,An Act to Enhance Data Collection Requirements Related to Immigration Status and Asylum Seekers to Safeguard Services for Legal Residents,An Act to Enhance Data Collection Requirements Related to Immigration Status and Asylum Seekers to Safeguard Services for Legal Residents,6,2025-06-16,https://legiscan.com/ME/bill/LD1318/2025
ME,2014789,,An Act to Amend the Law Regarding the Suspension of Licenses Issued by the Department of Marine Resources for Failure to Comply with Reporting Requirements,An Act to Amend the Law Regarding the Suspension of Licenses Issued by the Department of Marine Resources for Failure to Comply with Reporting Requirements,4,2025-06-03,https://legiscan.com/ME/bill/LD1319/2025
ME,2014886,,An Act to Prevent Illicit Cultivation and Trafficking Within Maine's Regulated Cannabis Industry,An Act to Prevent Illicit Cultivation and Trafficking Within Maine's Regulated Cannabis Industry,6,2025-05-14,https://legiscan.com/ME/bill/LD1320/2025
ME,2016244,,An Act to Regulate Virtual Currency Kiosks,An Act to Regulate Virtual Currency Kiosks,4,2025-06-10,https://legiscan.com/ME/bill/LD1339/2025
ME,2016282,,An Act to Establish the Municipal Stream Crossing Fund,An Act to Establish the Municipal Stream Crossing Fund,4,2025-05-27,https://legiscan.com/ME/bill/LD1340/2025
ME,2016271,,"Resolve, Directing the Department of Marine Resources to Evaluate How to Effectively Allow 2 Licensed Individuals to Fish for Lobsters or Scallops from a Single Vessel","Resolve, Directing the Department of Marine Resources to Evaluate How to Effectively Allow 2 Licensed Individuals to Fish for Lobsters or Scallops from a Single Vessel",4,2025-05-27,https://legiscan.com/ME/bill/LD1341/2025
ME,2016307,,An Act Regarding Vehicle Inspection and Registration,An Act Regarding Vehicle Inspection and Registration,6,2025-06-03,https://legiscan.com/ME/bill/LD1342/2025
ME,2016303,,An Act to Protect the Right to Harvest Fish and Wildlife,An Act to Protect the Right to Harvest Fish and Wildlife,3,2026-03-17,https://legiscan.com/ME/bill/LD1343/2025
ME,2016294,,An Act to Improve the Response Time to Tenant Mold Complaints,An Act to Improve the Response Time to Tenant Mold Complaints,6,2025-06-03,https://legiscan.com/ME/bill/LD1344/2025
ME,2016262,,"Resolve, Directing the Department of Health and Human Services to Timely Provide Interim Settlement Payments to Long-term Care Facilities","Resolve, Directing the Department of Health and Human Services to Timely Provide Interim Settlement Payments to Long-term Care Facilities",6,2025-05-06,https://legiscan.com/ME/bill/LD1345/2025
ME,2016241,,An Act Regarding the Supply of Water to the Town of New Sharon,An Act Regarding the Supply of Water to the Town of New Sharon,6,2025-05-20,https://legiscan.com/ME/bill/LD1346/2025
ME,2016257,,"Resolve, Establishing the Commission to Study the Maine Tort Claims Act","Resolve, Establishing the Commission to Study the Maine Tort Claims Act",3,2025-05-27,https://legiscan.com/ME/bill/LD1347/2025
ME,2016249,,An Act to Increase the Limit on Damages Under the Maine Tort Claims Act for Negligence Involving School Field Trips,An Act to Increase the Limit on Damages Under the Maine Tort Claims Act for Negligence Involving School Field Trips,6,2025-04-29,https://legiscan.com/ME/bill/LD1348/2025
ME,2016276,,An Act to Require Legislative Approval for a Contract to Operate the Juniper Ridge Landfill,An Act to Require Legislative Approval for a Contract to Operate the Juniper Ridge Landfill,6,2025-06-03,https://legiscan.com/ME/bill/LD1349/2025
ME,2016291,,An Act to Ban Corporate Contributions to Candidates,An Act to Ban Corporate Contributions to Candidates,6,2025-04-23,https://legiscan.com/ME/bill/LD1350/2025
ME,2016570,,An Act to Establish Additional Requirements for Dentists to Administer Botulinum Toxin and Dermal Fillers,An Act to Establish Additional Requirements for Dentists to Administer Botulinum Toxin and Dermal Fillers,6,2025-05-06,https://legiscan.com/ME/bill/LD1374/2025
ME,2016451,,"Resolve, to Establish a Working Group to Address Regulatory Barriers to Housing Construction","Resolve, to Establish a Working Group to Address Regulatory Barriers to Housing Construction",4,2025-06-04,https://legiscan.com/ME/bill/LD1375/2025
ME,2016405,,An Act to Increase the Acceptable Level of Alcohol in a Low-alcohol Spirits Product and to Increase Availability of Those Products,An Act to Increase the Acceptable Level of Alcohol in a Low-alcohol Spirits Product and to Increase Availability of Those Products,6,2025-06-09,https://legiscan.com/ME/bill/LD1376/2025
ME,2016459,,"Resolve, to Convene a Working Group to Evaluate Potential Regulation of the Vehicle Towing Industry and the Impact on State Agencies and Industries","Resolve, to Convene a Working Group to Evaluate Potential Regulation of the Vehicle Towing Industry and the Impact on State Agencies and Industries",4,2025-06-02,https://legiscan.com/ME/bill/LD1377/2025
ME,2016985,,An Act to Amend Laws Governing Hearing Aid Dealers to Allow an Exception to Certain Hearing Examination Requirements,An Act to Amend Laws Governing Hearing Aid Dealers to Allow an Exception to Certain Hearing Examination Requirements,4,2025-05-27,https://legiscan.com/ME/bill/LD1413/2025
ME,2016982,,"Resolve, to Improve the Availability of Child Care by Increasing Certain Reimbursements Under the Maine Child Care Affordability Program and Establishing a Grant Program to Facilitate Off-hours Care","Resolve, to Improve the Availability of Child Care by Increasing Certain Reimbursements Under the Maine Child Care Affordability Program and Establishing a Grant Program to Facilitate Off-hours Care",3,2026-03-10,https://legiscan.com/ME/bill/LD1414/2025
ME,2016910,,An Act to Expand Reporting Requirements for Legislators and Lobbyists,An Act to Expand Reporting Requirements for Legislators and Lobbyists,6,2025-05-20,https://legiscan.com/ME/bill/LD1415/2025
ME,2016963,,An Act to Establish a Commission to Study the Placement of Individuals Committed by a Court to the Custody of the Department of Health and Human Services and to Update a Cross-reference Regarding Such Placement,An Act to Establish a Commission to Study the Placement of Individuals Committed by a Court to the Custody of the Department of Health and Human Services and to Update a Cross-reference Regarding Such Placement,3,2026-03-19,https://legiscan.com/ME/bill/LD1416/2025
ME,2016878,,An Act to Strengthen the Authority of Local Officials to Enforce Provisions Regarding Dangerous and Nuisance Properties that Constitute a Threat to Public Health and Safety,An Act to Strengthen the Authority of Local Officials to Enforce Provisions Regarding Dangerous and Nuisance Properties that Constitute a Threat to Public Health and Safety,6,2025-05-21,https://legiscan.com/ME/bill/LD1417/2025
ME,2016901,,"An Act to Protect Access to Reproductive Health Care, Including Fertility Treatments and Contraceptives","An Act to Protect Access to Reproductive Health Care, Including Fertility Treatments and Contraceptives",6,2026-01-27,https://legiscan.com/ME/bill/LD1418/2025
ME,2017007,,An Act to Provide a Sales Tax Exemption for Housing Constructed Off-site Similar to That for On-site Construction,An Act to Provide a Sales Tax Exemption for Housing Constructed Off-site Similar to That for On-site Construction,3,2026-02-10,https://legiscan.com/ME/bill/LD1419/2025
ME,2016999,,"Resolve, to Establish the Commission to Ensure a Just and Equitable Energy Transition for Maine's Workforce","Resolve, to Establish the Commission to Ensure a Just and Equitable Energy Transition for Maine's Workforce",3,2025-05-29,https://legiscan.com/ME/bill/LD1420/2025
ME,2016851,,An Act to Clarify Parental Notifications Regarding Child Care Facility Investigations,An Act to Clarify Parental Notifications Regarding Child Care Facility Investigations,6,2025-04-30,https://legiscan.com/ME/bill/LD1421/2025
ME,2017432,,An Act Regarding Open Primary Elections and Ranked-choice Voting,An Act Regarding Open Primary Elections and Ranked-choice Voting,6,2025-05-14,https://legiscan.com/ME/bill/LD1422/2025
ME,2017209,,An Act to Improve Recycling by Updating the Stewardship Program for Packaging,An Act to Improve Recycling by Updating the Stewardship Program for Packaging,4,2025-06-17,https://legiscan.com/ME/bill/LD1423/2025
ME,2017359,,An Act to Authorize a General Fund Bond Issue for Investment in Workforce Housing and Raise Certain Income Eligibility Limits in the Affordable Homeownership Program,An Act to Authorize a General Fund Bond Issue for Investment in Workforce Housing and Raise Certain Income Eligibility Limits in the Affordable Homeownership Program,1,2025-04-01,https://legiscan.com/ME/bill/LD1424/2025
ME,2017503,,An Act to Improve Access to Sustainable and Low-barrier Trauma Recovery Services,An Act to Improve Access to Sustainable and Low-barrier Trauma Recovery Services,3,2025-05-28,https://legiscan.com/ME/bill/LD1425/2025
ME,2017998,,"Resolve, to Establish the Commission to Study the Future of Recreational Access in Maine","Resolve, to Establish the Commission to Study the Future of Recreational Access in Maine",6,2025-05-27,https://legiscan.com/ME/bill/LD1441/2025
ME,2018150,,"Resolve, Regarding Personal Care Agency Licensing Rules","Resolve, Regarding Personal Care Agency Licensing Rules",6,2025-05-29,https://legiscan.com/ME/bill/LD1442/2025
ME,2018341,,An Act to Ensure the Financial Stability of Behavioral Health Service Providers and Housing Assistance Providers,An Act to Ensure the Financial Stability of Behavioral Health Service Providers and Housing Assistance Providers,3,2025-06-09,https://legiscan.com/ME/bill/LD1443/2025
ME,2018034,,An Act to Prevent Foreclosures Without Strict Compliance with Notice Requirements,An Act to Prevent Foreclosures Without Strict Compliance with Notice Requirements,1,2025-04-08,https://legiscan.com/ME/bill/LD1444/2025
ME,2018229,,An Act to Prevent Financial Exploitation of Vulnerable Adults,An Act to Prevent Financial Exploitation of Vulnerable Adults,4,2025-06-02,https://legiscan.com/ME/bill/LD1445/2025
ME,2018303,,"RESOLUTION, Proposing an Amendment to the Constitution of Maine to Lower the Voting Age to 16 Years of Age","RESOLUTION, Proposing an Amendment to the Constitution of Maine to Lower the Voting Age to 16 Years of Age",6,2025-05-14,https://legiscan.com/ME/bill/LD1446/2025
ME,2018110,,"Resolve, Directing the Department of Health and Human Services to Expedite Reimbursement of All Vendors","Resolve, Directing the Department of Health and Human Services to Expedite Reimbursement of All Vendors",6,2025-05-06,https://legiscan.com/ME/bill/LD1447/2025
ME,2018073,,An Act to Provide Winter Access to the Bog Lake Public Boat Launch in Northfield,An Act to Provide Winter Access to the Bog Lake Public Boat Launch in Northfield,6,2025-05-27,https://legiscan.com/ME/bill/LD1448/2025
ME,2018266,,"Resolve, Establishing the Working Group on Modernizing State Grants, Contracts and Procurement","Resolve, Establishing the Working Group on Modernizing State Grants, Contracts and Procurement",3,2025-06-13,https://legiscan.com/ME/bill/LD1449/2025
ME,2017961,,An Act Regarding the Voluntary Municipal Farm Support Program,An Act Regarding the Voluntary Municipal Farm Support Program,4,2025-06-02,https://legiscan.com/ME/bill/LD1450/2025
ME,2018191,,"Resolve, Directing the Department of Transportation to Establish the Maine Coordinating Working Group on Access and Mobility","Resolve, Directing the Department of Transportation to Establish the Maine Coordinating Working Group on Access and Mobility",4,2025-06-09,https://legiscan.com/ME/bill/LD1451/2025
ME,2018762,,An Act to Allow the Emergency Medical Services' Board to Assess Civil Penalties for the Noncompliance of Emergency Medical Services Persons with the Requirement to Administer Naloxone Hydrochloride in Compliance with Trainings and Procedures Developed by the Board,An Act to Allow the Emergency Medical Services' Board to Assess Civil Penalties for the Noncompliance of Emergency Medical Services Persons with the Requirement to Administer Naloxone Hydrochloride in Compliance with Trainings and Procedures Developed by the Board,6,2025-04-29,https://legiscan.com/ME/bill/LD1452/2025
ME,2018735,,"Resolve, to Establish the Housing Production Innovation Working Group","Resolve, to Establish the Housing Production Innovation Working Group",4,2025-06-25,https://legiscan.com/ME/bill/LD1453/2025
ME,2018709,,"An Act to Redefine ""Term"" in the Law Governing Term Limits for Constitutional Offices","An Act to Redefine ""Term"" in the Law Governing Term Limits for Constitutional Offices",6,2025-05-21,https://legiscan.com/ME/bill/LD1454/2025
ME,2018817,,An Act to Prevent Illegal Cannabis Growing Operations in the State,An Act to Prevent Illegal Cannabis Growing Operations in the State,6,2025-05-14,https://legiscan.com/ME/bill/LD1455/2025
ME,2018680,,An Act to Expand the Number of On-premises Retail Liquor Licenses a Liquor Manufacturer May Be Issued,An Act to Expand the Number of On-premises Retail Liquor Licenses a Liquor Manufacturer May Be Issued,4,2025-05-22,https://legiscan.com/ME/bill/LD1456/2025
ME,2018790,,"Resolve, to Allow the Maine Turnpike Authority to Conduct a Pilot Program to Implement Automated Speed Control Systems in Highway Work Zones","Resolve, to Allow the Maine Turnpike Authority to Conduct a Pilot Program to Implement Automated Speed Control Systems in Highway Work Zones",1,2025-04-08,https://legiscan.com/ME/bill/LD1457/2025
ME,2018654,,An Act Regarding Compensation Fees and Related Conservation Efforts for Solar and Wind Energy Development and High-impact Electric Transmission Lines Under the Site Location of Development Laws,An Act Regarding Compensation Fees and Related Conservation Efforts for Solar and Wind Energy Development and High-impact Electric Transmission Lines Under the Site Location of Development Laws,6,2025-05-29,https://legiscan.com/ME/bill/LD1458/2025
ME,2018870,,An Act to Validate Certain Referendum Proceedings Conducted by the City of South Portland,An Act to Validate Certain Referendum Proceedings Conducted by the City of South Portland,4,2025-06-02,https://legiscan.com/ME/bill/LD1483/2025
ME,2019180,,An Act to Support Community Violence Prevention and Intervention Programs,An Act to Support Community Violence Prevention and Intervention Programs,6,2025-04-30,https://legiscan.com/ME/bill/LD1487/2025
ME,2018954,,An Act Regarding Cannabis Testing,An Act Regarding Cannabis Testing,4,2025-06-17,https://legiscan.com/ME/bill/LD1488/2025
ME,2020450,,"Resolve, to Provide Stability to Long-term Care Facility Funding","Resolve, to Provide Stability to Long-term Care Facility Funding",6,2025-04-30,https://legiscan.com/ME/bill/LD1489/2025
ME,2020668,,An Act to Allow Nonprofit Organizations to Sell Progressive Sealed Ticket Games and to Offer Partner-assisted Beano,An Act to Allow Nonprofit Organizations to Sell Progressive Sealed Ticket Games and to Offer Partner-assisted Beano,4,2025-06-11,https://legiscan.com/ME/bill/LD1490/2025
ME,2020681,,An Act to Provide a Tax Credit for New Attorneys Practicing in Underserved Areas,An Act to Provide a Tax Credit for New Attorneys Practicing in Underserved Areas,6,2025-05-06,https://legiscan.com/ME/bill/LD1491/2025
ME,2020548,,An Act to Fairly Compensate Teachers for Overtime Hours,An Act to Fairly Compensate Teachers for Overtime Hours,6,2025-04-17,https://legiscan.com/ME/bill/LD1492/2025
ME,2020717,,An Act to Limit Corporate Use of the Visual Media Production Credit,An Act to Limit Corporate Use of the Visual Media Production Credit,4,2025-06-11,https://legiscan.com/ME/bill/LD1493/2025
ME,2021030,,An Act to Change the Permissible Hours and Penalities Pertaining to the Use of Consumer Fireworks,An Act to Change the Permissible Hours and Penalities Pertaining to the Use of Consumer Fireworks,6,2025-05-21,https://legiscan.com/ME/bill/LD1526/2025
ME,2020967,,An Act to Require Postage Prepaid Envelopes Be Provided for the Return of Absentee Ballots,An Act to Require Postage Prepaid Envelopes Be Provided for the Return of Absentee Ballots,6,2025-04-23,https://legiscan.com/ME/bill/LD1527/2025
ME,2020981,,An Act to Support Farmland Conservation,An Act to Support Farmland Conservation,3,2025-05-22,https://legiscan.com/ME/bill/LD1528/2025
ME,2020961,,An Act to Enhance the Protection of High-value Natural Resources Statewide,An Act to Enhance the Protection of High-value Natural Resources Statewide,4,2025-06-25,https://legiscan.com/ME/bill/LD1529/2025
ME,2021026,,An Act to Improve the Sustainability of Emergency Medical Services in Maine,An Act to Improve the Sustainability of Emergency Medical Services in Maine,1,2025-04-08,https://legiscan.com/ME/bill/LD1530/2025
ME,2020994,,An Act to Better Protect Animal-drawn Vehicles and Motorists on Public Roadways,An Act to Better Protect Animal-drawn Vehicles and Motorists on Public Roadways,6,2025-05-13,https://legiscan.com/ME/bill/LD1531/2025
ME,2020975,,An Act to Expand the Department of Inland Fisheries and Wildlife Outdoor Education Programs to Schools and Communities,An Act to Expand the Department of Inland Fisheries and Wildlife Outdoor Education Programs to Schools and Communities,6,2025-05-27,https://legiscan.com/ME/bill/LD1532/2025
ME,2020948,,An Act to Ensure the Retention of R1 Research Institution Status by the University of Maine,An Act to Ensure the Retention of R1 Research Institution Status by the University of Maine,6,2025-05-13,https://legiscan.com/ME/bill/LD1533/2025
ME,2021019,,An Act Enabling Municipalities to Protect Tenants and Stabilize Rents,An Act Enabling Municipalities to Protect Tenants and Stabilize Rents,6,2025-05-27,https://legiscan.com/ME/bill/LD1534/2025
ME,2021002,,An Act to Reduce Illegal Cannabis Operations by Requiring Permits for High Electrical Usage,An Act to Reduce Illegal Cannabis Operations by Requiring Permits for High Electrical Usage,6,2025-06-09,https://legiscan.com/ME/bill/LD1535/2025
ME,2020955,,An Act to Amend the Laws Governing Bail,An Act to Amend the Laws Governing Bail,6,2025-05-29,https://legiscan.com/ME/bill/LD1536/2025
ME,2021008,,"Resolve, to Establish the Commission to Study Lowering Property Taxes by Revising the State-Municipal Revenue Sharing Program","Resolve, to Establish the Commission to Study Lowering Property Taxes by Revising the State-Municipal Revenue Sharing Program",6,2025-05-21,https://legiscan.com/ME/bill/LD1537/2025
ME,2020998,,An Act to Index Unemployment Benefits to the Unemployment Rate,An Act to Index Unemployment Benefits to the Unemployment Rate,6,2025-06-03,https://legiscan.com/ME/bill/LD1538/2025
ME,2021013,,An Act to Create a State Employee Compensation Stabilization Fund,An Act to Create a State Employee Compensation Stabilization Fund,3,2025-06-09,https://legiscan.com/ME/bill/LD1539/2025
ME,2021923,,"Resolve, Directing the Maine Developmental Disabilities Council to Examine the Unmet Needs of Children Who Need Skilled Medical Care","Resolve, Directing the Maine Developmental Disabilities Council to Examine the Unmet Needs of Children Who Need Skilled Medical Care",4,2025-06-16,https://legiscan.com/ME/bill/LD1540/2025
ME,2021931,,An Act to Provide Property Tax Relief for Senior Residents,An Act to Provide Property Tax Relief for Senior Residents,6,2025-05-21,https://legiscan.com/ME/bill/LD1541/2025
ME,2021979,,An Act to Amend the Membership of the Washington County Budget Advisory Committee,An Act to Amend the Membership of the Washington County Budget Advisory Committee,4,2025-06-09,https://legiscan.com/ME/bill/LD1542/2025
ME,2022049,,An Act to Establish the Maine Green Schools Network,An Act to Establish the Maine Green Schools Network,4,2025-06-11,https://legiscan.com/ME/bill/LD1543/2025
ME,2021877,,An Act to Support Families by Improving the Court Process for Child Protection Cases,An Act to Support Families by Improving the Court Process for Child Protection Cases,3,2025-06-10,https://legiscan.com/ME/bill/LD1544/2025
ME,2022012,,An Act to Clarify the Maximum Value That a Small Estate May Be Under the Maine Uniform Probate Code to Permit Collection of Personal Property by Affidavit,An Act to Clarify the Maximum Value That a Small Estate May Be Under the Maine Uniform Probate Code to Permit Collection of Personal Property by Affidavit,4,2025-05-13,https://legiscan.com/ME/bill/LD1545/2025
ME,2022044,,An Act to Require Recommendations from Study Commissions to Be Printed as Legislative Documents,An Act to Require Recommendations from Study Commissions to Be Printed as Legislative Documents,6,2025-05-21,https://legiscan.com/ME/bill/LD1546/2025
ME,2021852,,An Act to Use a Portion of the Sales Tax on Snowmobiles to Fund Maine's Snowmobile Trail Programs,An Act to Use a Portion of the Sales Tax on Snowmobiles to Fund Maine's Snowmobile Trail Programs,1,2025-04-10,https://legiscan.com/ME/bill/LD1547/2025
ME,2022062,,An Act to Prevent the Introduction or Transfer of Invasive Fish Species in Inland Waters of the State,An Act to Prevent the Introduction or Transfer of Invasive Fish Species in Inland Waters of the State,4,2025-06-11,https://legiscan.com/ME/bill/LD1548/2025
ME,2022067,,"RESOLUTION, Proposing an Amendment to the Constitution of Maine Regarding the Use and Oversight of Transportation-related Revenues","RESOLUTION, Proposing an Amendment to the Constitution of Maine Regarding the Use and Oversight of Transportation-related Revenues",6,2025-06-03,https://legiscan.com/ME/bill/LD1549/2025
ME,2021847,,"Resolve, Directing the Department of Health and Human Services to Amend Its Rules to Protect Water Quality by Reducing Nutrient Pollution from Septic Systems","Resolve, Directing the Department of Health and Human Services to Amend Its Rules to Protect Water Quality by Reducing Nutrient Pollution from Septic Systems",4,2025-05-27,https://legiscan.com/ME/bill/LD1550/2025
ME,2022053,,An Act to Support Maine Eating and Drinking Establishments by Allowing Vendors to Operate on the Premises of an Establishment with a Liquor License,An Act to Support Maine Eating and Drinking Establishments by Allowing Vendors to Operate on the Premises of an Establishment with a Liquor License,4,2025-06-02,https://legiscan.com/ME/bill/LD1551/2025
ME,2022043,,An Act to Prohibit Landlords from Setting Rents Through the Use of Artificial Intelligence,An Act to Prohibit Landlords from Setting Rents Through the Use of Artificial Intelligence,6,2025-06-03,https://legiscan.com/ME/bill/LD1552/2025
ME,2022492,,An Act to Remove the Exemption from Sales and Use Tax for Automobiles Purchased for Use as Rentals,An Act to Remove the Exemption from Sales and Use Tax for Automobiles Purchased for Use as Rentals,6,2025-05-06,https://legiscan.com/ME/bill/LD1602/2025
ME,2022565,,"An Act to Eliminate the Property Tax on Business Equipment With a Value of No More Than $50,000","An Act to Eliminate the Property Tax on Business Equipment With a Value of No More Than $50,000",6,2025-05-20,https://legiscan.com/ME/bill/LD1603/2025
ME,2022425,,An Act to Protect Groundwater and Surface Waters from Perfluoroalkyl and Polyfluoroalkyl Substances from Landfill Leachate,An Act to Protect Groundwater and Surface Waters from Perfluoroalkyl and Polyfluoroalkyl Substances from Landfill Leachate,4,2025-05-27,https://legiscan.com/ME/bill/LD1604/2025
ME,2023472,,An Act to Support Farmers and Food Banks Affected by Federal Funding Cuts to Their Existing Contracts,An Act to Support Farmers and Food Banks Affected by Federal Funding Cuts to Their Existing Contracts,6,2026-01-20,https://legiscan.com/ME/bill/LD1605/2025
ME,2023462,,"Resolve, to Study Changing the Start of the State Fiscal Year to October 1st","Resolve, to Study Changing the Start of the State Fiscal Year to October 1st",6,2026-02-03,https://legiscan.com/ME/bill/LD1636/2025
ME,2023496,,An Act to Reform the Midcoast Regional Redevelopment Authority,An Act to Reform the Midcoast Regional Redevelopment Authority,4,2025-06-10,https://legiscan.com/ME/bill/LD1637/2025
ME,2023391,,An Act Regarding Disability Retirement Benefits Under the Maine Public Employees Retirement System,An Act Regarding Disability Retirement Benefits Under the Maine Public Employees Retirement System,4,2025-06-09,https://legiscan.com/ME/bill/LD1638/2025
ME,2023368,,"Resolve, Directing the Department of Education to Conduct a Statewide Survey Related to Instructional Time in Public Schools","Resolve, Directing the Department of Education to Conduct a Statewide Survey Related to Instructional Time in Public Schools",3,2025-06-09,https://legiscan.com/ME/bill/LD1639/2025
ME,2023491,,An Act to Implement the Recommendations of the Gagetown Harmful Chemical Study Commission and to Reestablish the Gagetown Harmful Chemical Study Commission,An Act to Implement the Recommendations of the Gagetown Harmful Chemical Study Commission and to Reestablish the Gagetown Harmful Chemical Study Commission,3,2025-06-11,https://legiscan.com/ME/bill/LD1640/2025
ME,2023345,,An Act to Allow Municipalities to Implement a Local Option Sales Tax,An Act to Allow Municipalities to Implement a Local Option Sales Tax,6,2025-05-13,https://legiscan.com/ME/bill/LD1641/2025
ME,2023300,,An Act to Protect Maine Consumers by Simplifying Subscription and Health Club Membership Cancellations,An Act to Protect Maine Consumers by Simplifying Subscription and Health Club Membership Cancellations,4,2025-06-16,https://legiscan.com/ME/bill/LD1642/2025
ME,2023338,,An Act to Establish the Maine Life Science Innovation Center,An Act to Establish the Maine Life Science Innovation Center,4,2025-06-25,https://legiscan.com/ME/bill/LD1643/2025
ME,2023381,,An Act to Require Train Axle Bearing Sensors to Be Installed on Passenger Rail Lines,An Act to Require Train Axle Bearing Sensors to Be Installed on Passenger Rail Lines,6,2025-05-20,https://legiscan.com/ME/bill/LD1644/2025
ME,2023409,,An Act to Improve Legislative Access to Public Information,An Act to Improve Legislative Access to Public Information,6,2025-05-28,https://legiscan.com/ME/bill/LD1645/2025
ME,2023587,,An Act to Amend Maine's Good Samaritan Laws Regarding Suspected Drug-related Overdoses,An Act to Amend Maine's Good Samaritan Laws Regarding Suspected Drug-related Overdoses,6,2026-03-19,https://legiscan.com/ME/bill/LD1646/2025
ME,2023606,,An Act to Amend the Maine Human Rights Act to Provide Additional Remedies for Educational Discrimination,An Act to Amend the Maine Human Rights Act to Provide Additional Remedies for Educational Discrimination,1,2025-04-15,https://legiscan.com/ME/bill/LD1647/2025
ME,2023578,,"Resolve, to Honor Margaret Chase Smith and Joshua Chamberlain in the National Statuary Hall Collection","Resolve, to Honor Margaret Chase Smith and Joshua Chamberlain in the National Statuary Hall Collection",4,2025-06-09,https://legiscan.com/ME/bill/LD1648/2025
ME,2023610,,"Resolve, to Establish the Commission to Study and Recommend Solutions for Modernizing and Improving the Effectiveness of the Legislature","Resolve, to Establish the Commission to Study and Recommend Solutions for Modernizing and Improving the Effectiveness of the Legislature",3,2025-06-13,https://legiscan.com/ME/bill/LD1649/2025
ME,2023628,,An Act to Amend the Dirigo Business Incentives Program,An Act to Amend the Dirigo Business Incentives Program,4,2025-06-05,https://legiscan.com/ME/bill/LD1664/2025
ME,2024167,,An Act to Provide Property Tax Relief to Maine Families,An Act to Provide Property Tax Relief to Maine Families,3,2025-06-17,https://legiscan.com/ME/bill/LD1665/2025
ME,2024155,,"An Act to Include in the Ranked-choice Election Method for General and Special Elections the Offices of Governor, State Senator and State Representative and to Make Other Related Changes","An Act to Include in the Ranked-choice Election Method for General and Special Elections the Offices of Governor, State Senator and State Representative and to Make Other Related Changes",4,2025-06-18,https://legiscan.com/ME/bill/LD1666/2025
ME,2024185,,"Resolve, to Allow Hemphill Farms, Inc. to Sue the State","Resolve, to Allow Hemphill Farms, Inc. to Sue the State",4,2025-06-18,https://legiscan.com/ME/bill/LD1667/2025
ME,2024196,,An Act Regarding the Voting Requirement to Extend the Date for Adjournment of the Legislature,An Act Regarding the Voting Requirement to Extend the Date for Adjournment of the Legislature,4,2025-06-25,https://legiscan.com/ME/bill/LD1668/2025
ME,2024205,,An Act to Establish the Cannabis Advisory Council,An Act to Establish the Cannabis Advisory Council,4,2025-06-13,https://legiscan.com/ME/bill/LD1669/2025
ME,2024282,,An Act to Prohibit Certain Provisions in Health Care Provider Contracts with Insurance Carriers,An Act to Prohibit Certain Provisions in Health Care Provider Contracts with Insurance Carriers,6,2025-06-10,https://legiscan.com/ME/bill/LD1713/2025
ME,2024343,,An Act to Create a New Pathway to Licensure to Drive School Buses,An Act to Create a New Pathway to Licensure to Drive School Buses,6,2025-05-20,https://legiscan.com/ME/bill/LD1714/2025
ME,2024296,,"RESOLUTION, Proposing an Amendment to the Constitution of Maine to Amend the Appointment and Confirmation Process for Certain Judicial, Civil and Military Officers","RESOLUTION, Proposing an Amendment to the Constitution of Maine to Amend the Appointment and Confirmation Process for Certain Judicial, Civil and Military Officers",6,2025-06-17,https://legiscan.com/ME/bill/LD1715/2025
ME,2024320,,An Act to Require Family Life Education to Include a Human Growth and Development Curriculum,An Act to Require Family Life Education to Include a Human Growth and Development Curriculum,6,2025-06-03,https://legiscan.com/ME/bill/LD1716/2025
ME,2024257,,An Act Regarding Background Checks for Medical Cannabis Providers,An Act Regarding Background Checks for Medical Cannabis Providers,6,2025-05-20,https://legiscan.com/ME/bill/LD1717/2025
ME,2024305,,An Act to Establish the Maine Charter School Commission as a Public Instrumentality of the State,An Act to Establish the Maine Charter School Commission as a Public Instrumentality of the State,4,2025-06-02,https://legiscan.com/ME/bill/LD1718/2025
ME,2024268,,An Act Regarding Superintendent Agreements for Transfer Students,An Act Regarding Superintendent Agreements for Transfer Students,6,2025-06-16,https://legiscan.com/ME/bill/LD1719/2025
ME,2024410,,"Resolve, Regarding Certified Nursing Assistant Examinations","Resolve, Regarding Certified Nursing Assistant Examinations",3,2025-06-09,https://legiscan.com/ME/bill/LD1720/2025
ME,2024598,,"An Act to Improve Affordability, Stability and Access in the Maine Child Care Affordability Program","An Act to Improve Affordability, Stability and Access in the Maine Child Care Affordability Program",4,2026-03-17,https://legiscan.com/ME/bill/LD1728/2025
ME,2025128,,An Act to Increase the Rate of Reimbursement to Municipalities for Revenue Lost as a Result of the Maine Resident Homestead Property Tax Exemption,An Act to Increase the Rate of Reimbursement to Municipalities for Revenue Lost as a Result of the Maine Resident Homestead Property Tax Exemption,6,2025-05-21,https://legiscan.com/ME/bill/LD1729/2025
ME,2025133,,An Act to Make Small Plug-in Solar Generation Devices Accessible for All Maine Residents to Address the Energy Affordability Crisis,An Act to Make Small Plug-in Solar Generation Devices Accessible for All Maine Residents to Address the Energy Affordability Crisis,3,2026-03-19,https://legiscan.com/ME/bill/LD1730/2025
ME,2025121,,An Act to Increase the Influence of the Maine State Ferry Advisory Board on the Funding and Operations of the Maine State Ferry Service,An Act to Increase the Influence of the Maine State Ferry Advisory Board on the Funding and Operations of the Maine State Ferry Service,5,2025-06-25,https://legiscan.com/ME/bill/LD1731/2025
ME,2025117,,An Act to Allow a Municipality to Waive the Excise Tax on an Antique Automobile Owned by a Person 65 Years of Age or Older,An Act to Allow a Municipality to Waive the Excise Tax on an Antique Automobile Owned by a Person 65 Years of Age or Older,6,2025-05-20,https://legiscan.com/ME/bill/LD1732/2025
ME,2025101,,An Act to Provide Reduced Interest Rates for Logging and Fishing Operations,An Act to Provide Reduced Interest Rates for Logging and Fishing Operations,4,2025-06-10,https://legiscan.com/ME/bill/LD1733/2025
ME,2025127,,An Act to Exempt Over-the-counter Medicines from the Sales and Use Tax,An Act to Exempt Over-the-counter Medicines from the Sales and Use Tax,3,2025-06-09,https://legiscan.com/ME/bill/LD1734/2025
ME,2025114,,An Act to Provide an Income Tax Deduction for Certain Contributions to a Qualified Achieving a Better Life Experience Program Account,An Act to Provide an Income Tax Deduction for Certain Contributions to a Qualified Achieving a Better Life Experience Program Account,3,2025-06-04,https://legiscan.com/ME/bill/LD1735/2025
ME,2025109,,An Act to Increase the Supply of Child Care Services Through the Use of Contracts,An Act to Increase the Supply of Child Care Services Through the Use of Contracts,4,2025-06-03,https://legiscan.com/ME/bill/LD1736/2025
ME,2025115,,An Act to Ensure the Future of Maine's Sporting Camp Heritage,An Act to Ensure the Future of Maine's Sporting Camp Heritage,6,2026-02-03,https://legiscan.com/ME/bill/LD1737/2025
ME,2025552,,An Act to Incorporate Probate Judges into the Maine Judicial Branch,An Act to Incorporate Probate Judges into the Maine Judicial Branch,2,2026-03-25,https://legiscan.com/ME/bill/LD1766/2025
ME,2025613,,An Act to Amend the Waldo County Budget Adoption Process and Allow Residents Who Are Not Municipal Officers to Serve on the Waldo County Budget Committee,An Act to Amend the Waldo County Budget Adoption Process and Allow Residents Who Are Not Municipal Officers to Serve on the Waldo County Budget Committee,6,2025-05-21,https://legiscan.com/ME/bill/LD1767/2025
ME,2025676,,An Act to Protect Residents of Mobile Home Parks by Amending the Real Estate Transfer Tax,An Act to Protect Residents of Mobile Home Parks by Amending the Real Estate Transfer Tax,4,2025-06-25,https://legiscan.com/ME/bill/LD1768/2025
ME,2025644,,An Act to Ensure Data Reporting for Temporary Nurse Agencies,An Act to Ensure Data Reporting for Temporary Nurse Agencies,4,2025-06-11,https://legiscan.com/ME/bill/LD1769/2025
ME,2025584,,"Resolve, to Establish the Real Estate Property Tax Relief Task Force","Resolve, to Establish the Real Estate Property Tax Relief Task Force",4,2025-06-25,https://legiscan.com/ME/bill/LD1770/2025
ME,2026001,,"An Act to Strengthen Oversight of Kennels by Changing the Licensing Authority from Municipalities to the Department of Agriculture, Conservation and Forestry","An Act to Strengthen Oversight of Kennels by Changing the Licensing Authority from Municipalities to the Department of Agriculture, Conservation and Forestry",4,2025-06-09,https://legiscan.com/ME/bill/LD1771/2025
ME,2026116,,An Act to Establish the Fund for a Healthy Maine Stabilization Fund,An Act to Establish the Fund for a Healthy Maine Stabilization Fund,4,2026-03-25,https://legiscan.com/ME/bill/LD1772/2025
ME,2026070,,An Act to Criminalize Certain Offenses Related to Gift Card Thefts,An Act to Criminalize Certain Offenses Related to Gift Card Thefts,3,2025-06-02,https://legiscan.com/ME/bill/LD1773/2025
ME,2026043,,An Act to Protect Domestic Workers,An Act to Protect Domestic Workers,6,2026-02-03,https://legiscan.com/ME/bill/LD1774/2025
ME,2026014,,An Act to Ensure Fair and Equitable Recovery of Post-restructuring Stranded Costs,An Act to Ensure Fair and Equitable Recovery of Post-restructuring Stranded Costs,4,2025-06-16,https://legiscan.com/ME/bill/LD1792/2025
ME,2026108,,An Act to Amend Eligibility Criteria Under the Maine Solid Waste Diversion Grant Program,An Act to Amend Eligibility Criteria Under the Maine Solid Waste Diversion Grant Program,4,2025-06-03,https://legiscan.com/ME/bill/LD1793/2025
ME,2026111,,An Act to Provide Protection from Unfair Parking Tickets on Lots Accessible to the Public,An Act to Provide Protection from Unfair Parking Tickets on Lots Accessible to the Public,4,2025-06-12,https://legiscan.com/ME/bill/LD1794/2025
ME,2026022,,An Act to Change the Calculation for Municipal Service Charges for Tax-exempt Organizations,An Act to Change the Calculation for Municipal Service Charges for Tax-exempt Organizations,6,2025-05-28,https://legiscan.com/ME/bill/LD1795/2025
ME,2026039,,An Act to Implement the Recommendations of the Maine Commission on Public Defense Services to Clarify the Types of Cases for Which the Commission Is Responsible for Providing Counsel,An Act to Implement the Recommendations of the Maine Commission on Public Defense Services to Clarify the Types of Cases for Which the Commission Is Responsible for Providing Counsel,4,2025-06-25,https://legiscan.com/ME/bill/LD1796/2025
ME,2026179,,An Act to Increase Revenue Sharing and to Control Property Taxes,An Act to Increase Revenue Sharing and to Control Property Taxes,6,2025-05-21,https://legiscan.com/ME/bill/LD1798/2025
ME,2026553,,An Act to Make Technical Changes to the Laws Governing the Maine Commission on Public Defense Services,An Act to Make Technical Changes to the Laws Governing the Maine Commission on Public Defense Services,4,2025-06-09,https://legiscan.com/ME/bill/LD1801/2025
ME,2026533,,An Act to Implement the Recommendations of the Maine Commission on Public Defense Services to Clarify When an Indigent Criminal Defendant Is Entitled to Counsel at State Expense,An Act to Implement the Recommendations of the Maine Commission on Public Defense Services to Clarify When an Indigent Criminal Defendant Is Entitled to Counsel at State Expense,5,2025-06-25,https://legiscan.com/ME/bill/LD1802/2025
ME,2026655,,An Act to Amend the Laws Governing Optometric Practice,An Act to Amend the Laws Governing Optometric Practice,1,2025-04-25,https://legiscan.com/ME/bill/LD1803/2025
ME,2026570,,An Act Concerning Funding and Oversight of Transportation Matters,An Act Concerning Funding and Oversight of Transportation Matters,6,2026-03-25,https://legiscan.com/ME/bill/LD1804/2025
ME,2026579,,An Act to Establish a Post-judgment Review Process for Crimes Committed by Victims of Sex Trafficking and Sexual Exploitation,An Act to Establish a Post-judgment Review Process for Crimes Committed by Victims of Sex Trafficking and Sexual Exploitation,3,2025-06-16,https://legiscan.com/ME/bill/LD1805/2025
ME,2026617,,An Act to Increase Transparency in State Government by Amending Laws Regarding Persons Attempting to Influence the Competitive Bidding Process and Lobbyist Reporting During Rule-making Processes,An Act to Increase Transparency in State Government by Amending Laws Regarding Persons Attempting to Influence the Competitive Bidding Process and Lobbyist Reporting During Rule-making Processes,6,2026-03-05,https://legiscan.com/ME/bill/LD1814/2025
ME,2026764,,An Act to Require a Blood Test for Drugs for Drivers Involved in a Motor Vehicle Accident That Results in Serious Bodily Injury or Death,An Act to Require a Blood Test for Drugs for Drivers Involved in a Motor Vehicle Accident That Results in Serious Bodily Injury or Death,6,2025-06-16,https://legiscan.com/ME/bill/LD1815/2025
ME,2026784,,An Act to Establish a Statewide Sexual Assault Forensic Examination Kit Tracking System and Conduct an Inventory of Existing Forensic Examination Kits in the Possession of Law Enforcement,An Act to Establish a Statewide Sexual Assault Forensic Examination Kit Tracking System and Conduct an Inventory of Existing Forensic Examination Kits in the Possession of Law Enforcement,3,2025-06-17,https://legiscan.com/ME/bill/LD1816/2025
ME,2026802,,An Act to Implement the Recommendation of the Maine Commission on Public Defense Services to Eliminate the Crime of Violation of Condition of Release,An Act to Implement the Recommendation of the Maine Commission on Public Defense Services to Eliminate the Crime of Violation of Condition of Release,6,2025-05-13,https://legiscan.com/ME/bill/LD1817/2025
ME,2026808,,An Act to Promote Transparency in the Criminal Justice System by Requiring the Posting of Criminal Case Decisions,An Act to Promote Transparency in the Criminal Justice System by Requiring the Posting of Criminal Case Decisions,6,2025-06-10,https://legiscan.com/ME/bill/LD1823/2025
ME,2026834,,An Act to Prohibit the Public Release of Information Regarding a Railroad Fatality,An Act to Prohibit the Public Release of Information Regarding a Railroad Fatality,6,2025-06-03,https://legiscan.com/ME/bill/LD1824/2025
ME,2026845,,An Act to Implement the Recommendations of the Maine Commission on Public Defense Services Regarding the Confidentiality of Attorney-Client Communications in Jails and Correctional Facilities,An Act to Implement the Recommendations of the Maine Commission on Public Defense Services Regarding the Confidentiality of Attorney-Client Communications in Jails and Correctional Facilities,6,2025-05-28,https://legiscan.com/ME/bill/LD1825/2025
ME,2027086,,An Act to Clarify Available Relief for the Protection of At-risk Children,An Act to Clarify Available Relief for the Protection of At-risk Children,4,2025-06-11,https://legiscan.com/ME/bill/LD1832/2025
ME,2027163,,An Act to Expand Law Education and Training by Creating a Night Law School Program,An Act to Expand Law Education and Training by Creating a Night Law School Program,6,2025-05-20,https://legiscan.com/ME/bill/LD1833/2025
ME,2027071,,An Act to Clarify the Availability of Alternative Claims Payment Methods to Dental Care Providers,An Act to Clarify the Availability of Alternative Claims Payment Methods to Dental Care Providers,4,2025-06-09,https://legiscan.com/ME/bill/LD1834/2025
ME,2027096,,An Act to Improve Nonemergency MaineCare Transportation,An Act to Improve Nonemergency MaineCare Transportation,6,2026-02-24,https://legiscan.com/ME/bill/LD1835/2025
ME,2027171,,An Act to Implement the Recommendations of the Sex Offender Management and Risk Assessment Advisory Commission Regarding Tier II Offenses,An Act to Implement the Recommendations of the Sex Offender Management and Risk Assessment Advisory Commission Regarding Tier II Offenses,4,2025-05-27,https://legiscan.com/ME/bill/LD1836/2025
ME,2027128,,An Act to Amend the Laws Affecting Insurance,An Act to Amend the Laws Affecting Insurance,4,2025-06-11,https://legiscan.com/ME/bill/LD1837/2025
ME,2027105,,"An Act to Provide Opportunities and Sustainable Revenue for Maine Farms, Agricultural Fairs, Wabanaki Tribes and Veterans' Homes","An Act to Provide Opportunities and Sustainable Revenue for Maine Farms, Agricultural Fairs, Wabanaki Tribes and Veterans' Homes",6,2025-06-13,https://legiscan.com/ME/bill/LD1838/2025
ME,2027121,,An Act to Strengthen the So-called Maine Hire-a-Vet Program,An Act to Strengthen the So-called Maine Hire-a-Vet Program,6,2025-05-29,https://legiscan.com/ME/bill/LD1839/2025
ME,2027077,,An Act to Amend the Maine Medical Use of Cannabis Act,An Act to Amend the Maine Medical Use of Cannabis Act,4,2025-06-16,https://legiscan.com/ME/bill/LD1840/2025
ME,2027062,,An Act to Modify the Process of Selling Tax-acquired Properties,An Act to Modify the Process of Selling Tax-acquired Properties,6,2025-05-29,https://legiscan.com/ME/bill/LD1841/2025
ME,2027137,,An Act to Establish Stepparent Visitation Rights,An Act to Establish Stepparent Visitation Rights,6,2025-05-28,https://legiscan.com/ME/bill/LD1842/2025
ME,2027731,,An Act to Expand Property Tax Relief for Veterans and Their Survivors and to Modify Certain Corporate Tax Expenditures,An Act to Expand Property Tax Relief for Veterans and Their Survivors and to Modify Certain Corporate Tax Expenditures,6,2025-06-11,https://legiscan.com/ME/bill/LD1857/2025
ME,2027813,,An Act to Promote Local Seafood in Schools,An Act to Promote Local Seafood in Schools,4,2025-06-10,https://legiscan.com/ME/bill/LD1858/2025
ME,2027854,,An Act to Improve Access to Child Care and Early Childhood Education by Establishing Regional Resource Hubs,An Act to Improve Access to Child Care and Early Childhood Education by Establishing Regional Resource Hubs,3,2025-06-05,https://legiscan.com/ME/bill/LD1859/2025
ME,2027825,,An Act to Allow Certain Distributed Energy Resources to Participate in the State's Net Energy Billing Program,An Act to Allow Certain Distributed Energy Resources to Participate in the State's Net Energy Billing Program,6,2025-06-12,https://legiscan.com/ME/bill/LD1860/2025
ME,2027777,,"An Act to Require Training on Textured Hair for Aestheticians, Barber Hair Stylists, Cosmetologists and Hair Designers","An Act to Require Training on Textured Hair for Aestheticians, Barber Hair Stylists, Cosmetologists and Hair Designers",4,2025-06-03,https://legiscan.com/ME/bill/LD1861/2025
ME,2027871,,An Act to Provide That Authority over In-person Sports Betting Resides Solely with the Gambling Control Board,An Act to Provide That Authority over In-person Sports Betting Resides Solely with the Gambling Control Board,6,2025-05-20,https://legiscan.com/ME/bill/LD1862/2025
ME,2027843,,An Act to Amend the Laws Governing the Maine Space Corporation,An Act to Amend the Laws Governing the Maine Space Corporation,4,2025-06-03,https://legiscan.com/ME/bill/LD1863/2025
ME,2027692,,An Act to Facilitate the Reconstruction of Storm-damaged Commercial Fisheries Facilities and Infrastructure,An Act to Facilitate the Reconstruction of Storm-damaged Commercial Fisheries Facilities and Infrastructure,4,2025-06-09,https://legiscan.com/ME/bill/LD1864/2025
ME,2027763,,"Resolve, to Create a Tax Incentive Pilot Project to Encourage Businesses to Adopt a 4-day Workweek","Resolve, to Create a Tax Incentive Pilot Project to Encourage Businesses to Adopt a 4-day Workweek",1,2025-05-01,https://legiscan.com/ME/bill/LD1865/2025
ME,2027717,,An Act to Amend the Laws Regarding the State-designated Agency Advocating for Individuals with Serious Mental Illness,An Act to Amend the Laws Regarding the State-designated Agency Advocating for Individuals with Serious Mental Illness,4,2025-06-11,https://legiscan.com/ME/bill/LD1866/2025
ME,2027795,,An Act to Prohibit Financial Institutions from Using Merchant Category Codes to Identify or Track Firearm Purchases or Disclose Firearm Purchase Records,An Act to Prohibit Financial Institutions from Using Merchant Category Codes to Identify or Track Firearm Purchases or Disclose Firearm Purchase Records,3,2025-06-17,https://legiscan.com/ME/bill/LD1867/2025
ME,2027701,,An Act to Advance a Clean Energy Economy by Updating Renewable and Clean Resource Procurement Laws,An Act to Advance a Clean Energy Economy by Updating Renewable and Clean Resource Procurement Laws,4,2025-06-17,https://legiscan.com/ME/bill/LD1868/2025
ME,2027749,,An Act to Lower Property Taxes by Allowing a Local Option Sales Tax on Recreational Cannabis Sales,An Act to Lower Property Taxes by Allowing a Local Option Sales Tax on Recreational Cannabis Sales,6,2025-05-29,https://legiscan.com/ME/bill/LD1869/2025
ME,2028003,,An Act to Establish a Climate Superfund Cost Recovery Program to Impose Penalties on Climate Polluters,An Act to Establish a Climate Superfund Cost Recovery Program to Impose Penalties on Climate Polluters,1,2025-05-01,https://legiscan.com/ME/bill/LD1870/2025
ME,2027924,,An Act to Permit Sealing Criminal History Record Information of Victims of Sex Trafficking or Sexual Exploitation,An Act to Permit Sealing Criminal History Record Information of Victims of Sex Trafficking or Sexual Exploitation,4,2025-06-17,https://legiscan.com/ME/bill/LD1871/2025
ME,2027963,,An Act to Support Nonprofit Organizations by Authorizing the Operation of Electronic Lucky Seven Devices and Similar Sealed Ticket Games,An Act to Support Nonprofit Organizations by Authorizing the Operation of Electronic Lucky Seven Devices and Similar Sealed Ticket Games,1,2025-05-01,https://legiscan.com/ME/bill/LD1902/2025
ME,2028487,,An Act to Conform the State's Perfluoroalkyl and Polyfluoroalkyl Substances Laws to Federal Standards,An Act to Conform the State's Perfluoroalkyl and Polyfluoroalkyl Substances Laws to Federal Standards,6,2025-06-02,https://legiscan.com/ME/bill/LD1903/2025
ME,2028562,,An Act to Establish the Municipal Shoreline Protection Legal Fund,An Act to Establish the Municipal Shoreline Protection Legal Fund,3,2026-03-10,https://legiscan.com/ME/bill/LD1904/2025
ME,2028578,,An Act Regarding the Authority of the Office of Professional and Occupational Regulation and the Licensing Boards and Commissions Within That Office to Pursue Complaints,An Act Regarding the Authority of the Office of Professional and Occupational Regulation and the Licensing Boards and Commissions Within That Office to Pursue Complaints,4,2025-06-09,https://legiscan.com/ME/bill/LD1905/2025
ME,2028464,,An Act to Improve Accountability and Understanding of Data in Insurance Transactions,An Act to Improve Accountability and Understanding of Data in Insurance Transactions,4,2025-06-25,https://legiscan.com/ME/bill/LD1906/2025
ME,2028515,,An Act to Protect Consumers from Unfair Dynamic Pricing in Grocery Stores,An Act to Protect Consumers from Unfair Dynamic Pricing in Grocery Stores,6,2025-05-29,https://legiscan.com/ME/bill/LD1907/2025
ME,2028471,,An Act to Require the Cooperation of Original Manufacturers of Electronic Devices to Facilitate the Repair of Those Devices by Device Owners and Independent Repair Providers,An Act to Require the Cooperation of Original Manufacturers of Electronic Devices to Facilitate the Repair of Those Devices by Device Owners and Independent Repair Providers,3,2026-03-25,https://legiscan.com/ME/bill/LD1908/2025
ME,2028461,,"Resolve, to Provide a Comprehensive Analysis of Criminal Legal System Data","Resolve, to Provide a Comprehensive Analysis of Criminal Legal System Data",6,2025-05-20,https://legiscan.com/ME/bill/LD1909/2025
ME,2028442,,An Act to Strengthen Housing Stability Services by Increasing Support and Outreach,An Act to Strengthen Housing Stability Services by Increasing Support and Outreach,3,2025-06-09,https://legiscan.com/ME/bill/LD1910/2025
ME,2028457,,An Act to Automatically Seal Criminal History Record Information for Certain Crimes,An Act to Automatically Seal Criminal History Record Information for Certain Crimes,1,2025-05-06,https://legiscan.com/ME/bill/LD1911/2025
ME,2028498,,An Act to Authorize a General Fund Bond Issue to Address Maine's Housing Shortage,An Act to Authorize a General Fund Bond Issue to Address Maine's Housing Shortage,1,2025-05-06,https://legiscan.com/ME/bill/LD1912/2025
ME,2028592,,An Act Regarding the Allocation of Net Energy Billing Costs and Long-term Contract Costs and Benefits,An Act Regarding the Allocation of Net Energy Billing Costs and Long-term Contract Costs and Benefits,4,2026-03-05,https://legiscan.com/ME/bill/LD1936/2025
ME,2028666,,An Act to Require Hospitals and Hospital-affiliated Providers to Provide Financial Assistance Programs for Medical Care,An Act to Require Hospitals and Hospital-affiliated Providers to Provide Financial Assistance Programs for Medical Care,4,2025-06-25,https://legiscan.com/ME/bill/LD1937/2025
ME,2028858,,An Act Regarding Energy Fairness,An Act Regarding Energy Fairness,4,2026-03-18,https://legiscan.com/ME/bill/LD1949/2025
ME,2029014,,An Act to Authorize the Inclusion of Additional Counties in the Lincoln and Sagadahoc Multicounty Jail Authority,An Act to Authorize the Inclusion of Additional Counties in the Lincoln and Sagadahoc Multicounty Jail Authority,6,2025-05-20,https://legiscan.com/ME/bill/LD1950/2025
ME,2028894,,An Act to Promote Food Processing and Manufacturing Facility Expansion and Create Jobs,An Act to Promote Food Processing and Manufacturing Facility Expansion and Create Jobs,4,2025-06-25,https://legiscan.com/ME/bill/LD1951/2025
ME,2028955,,An Act Regarding Home Heating Fuel Assistance,An Act Regarding Home Heating Fuel Assistance,6,2025-05-22,https://legiscan.com/ME/bill/LD1952/2025
ME,2028875,,An Act to Ensure Public Access to Conservation Land by Providing Protections from Liability to Landowners,An Act to Ensure Public Access to Conservation Land by Providing Protections from Liability to Landowners,4,2025-06-03,https://legiscan.com/ME/bill/LD1953/2025
ME,2028917,,An Act to Lower Household Costs by Expanding the Sales Tax Exemption for Certain Grocery Staples Sold in Grocery Stores,An Act to Lower Household Costs by Expanding the Sales Tax Exemption for Certain Grocery Staples Sold in Grocery Stores,1,2025-05-07,https://legiscan.com/ME/bill/LD1954/2025
ME,2028935,,An Act to Increase Child Care Affordability,An Act to Increase Child Care Affordability,4,2025-06-25,https://legiscan.com/ME/bill/LD1955/2025
ME,2029075,,An Act to Amend the Law Governing the Competitive Skills Scholarship Program and Establish the Community Workforce Connections Program,An Act to Amend the Law Governing the Competitive Skills Scholarship Program and Establish the Community Workforce Connections Program,4,2025-06-11,https://legiscan.com/ME/bill/LD1956/2025
ME,2029193,,An Act to Ensure Due Process for Recipients of No Trespass Orders on Certain State Properties,An Act to Ensure Due Process for Recipients of No Trespass Orders on Certain State Properties,6,2025-05-28,https://legiscan.com/ME/bill/LD1958/2025
ME,2029192,,An Act to Prohibit the Department of Health and Human Services from Reducing General Assistance Reimbursement Maximums for Payment of Costs of Providing Emergency Shelter,An Act to Prohibit the Department of Health and Human Services from Reducing General Assistance Reimbursement Maximums for Payment of Costs of Providing Emergency Shelter,6,2026-03-12,https://legiscan.com/ME/bill/LD1959/2025
ME,2029191,,An Act to Exempt Electronic Smoking Devices or Other Tobacco Products Containing Ingestible Hemp from the Tax Imposed on Tobacco Products,An Act to Exempt Electronic Smoking Devices or Other Tobacco Products Containing Ingestible Hemp from the Tax Imposed on Tobacco Products,6,2025-06-18,https://legiscan.com/ME/bill/LD1960/2025
ME,2030174,,An Act to Clarify the Laws Relating to the Licensure of Certain Facilities by the Department of Health and Human Services,An Act to Clarify the Laws Relating to the Licensure of Certain Facilities by the Department of Health and Human Services,4,2025-06-09,https://legiscan.com/ME/bill/LD1961/2025
ME,2030188,,An Act to Establish the Corrections Ombudsman,An Act to Establish the Corrections Ombudsman,1,2025-05-13,https://legiscan.com/ME/bill/LD1962/2025
ME,2030177,,An Act to Protect and Compensate Public Utility Whistleblowers,An Act to Protect and Compensate Public Utility Whistleblowers,6,2025-06-18,https://legiscan.com/ME/bill/LD1963/2025
ME,2030210,,An Act to Establish Additional Requirements Related to the Sale or Lease of Net Energy Billing Interests and Solar Energy Equipment,An Act to Establish Additional Requirements Related to the Sale or Lease of Net Energy Billing Interests and Solar Energy Equipment,4,2026-03-10,https://legiscan.com/ME/bill/LD1964/2025
ME,2030199,,"Resolve, to Establish a Task Force to Create a Court Navigation Program Plan","Resolve, to Establish a Task Force to Create a Court Navigation Program Plan",4,2025-06-16,https://legiscan.com/ME/bill/LD1965/2025
ME,2030601,,An Act to Amend the Laws Governing Elections,An Act to Amend the Laws Governing Elections,4,2025-06-11,https://legiscan.com/ME/bill/LD1977/2025
ME,2030821,,"An Act to Implement the Recommendations of the Stakeholder Group to Examine and Improve the Recruitment, Retention and Wellness of Law Enforcement Officers","An Act to Implement the Recommendations of the Stakeholder Group to Examine and Improve the Recruitment, Retention and Wellness of Law Enforcement Officers",3,2026-03-19,https://legiscan.com/ME/bill/LD1980/2025
ME,2030741,,An Act to Implement the Recommendations of the Emergency Medical Services' Board and the Blue Ribbon Commission to Study Emergency Medical Services in the State,An Act to Implement the Recommendations of the Emergency Medical Services' Board and the Blue Ribbon Commission to Study Emergency Medical Services in the State,4,2025-06-25,https://legiscan.com/ME/bill/LD1981/2025
ME,2033095,,An Act to Protect Minors from Intoxicating Hemp-derived Products by Regulating Those Products Under the Adult Use Cannabis Laws,An Act to Protect Minors from Intoxicating Hemp-derived Products by Regulating Those Products Under the Adult Use Cannabis Laws,6,2026-01-13,https://legiscan.com/ME/bill/LD1983/2025
ME,2036642,,An Act to Fund Collective Bargaining Agreements with Judicial Branch Employees,An Act to Fund Collective Bargaining Agreements with Judicial Branch Employees,4,2025-06-25,https://legiscan.com/ME/bill/LD1986/2025
ME,2056544,,An Act to Increase Access to the Progressive Treatment Program Fund,An Act to Increase Access to the Progressive Treatment Program Fund,4,2026-03-10,https://legiscan.com/ME/bill/LD1989/2025
ME,2056523,,An Act to Update the Requirements for Psychology Licensure,An Act to Update the Requirements for Psychology Licensure,4,2026-03-10,https://legiscan.com/ME/bill/LD1990/2025
ME,2056513,,An Act to Authorize an Educational Requirement for Seaweed Permit Holders,An Act to Authorize an Educational Requirement for Seaweed Permit Holders,4,2026-03-12,https://legiscan.com/ME/bill/LD1991/2025
ME,2056501,,An Act to Create a Process for the Residents of a Municipality to Withdraw from a School Union,An Act to Create a Process for the Residents of a Municipality to Withdraw from a School Union,4,2026-03-03,https://legiscan.com/ME/bill/LD1992/2025
ME,2056553,,An Act to Increase the Annual Cap on Funds Assessed for the Safety Education and Training Fund,An Act to Increase the Annual Cap on Funds Assessed for the Safety Education and Training Fund,4,2026-03-18,https://legiscan.com/ME/bill/LD1993/2025
ME,2056519,,An Act to Provide Immunity from Civil Liability for Justices of the Peace,An Act to Provide Immunity from Civil Liability for Justices of the Peace,4,2026-03-10,https://legiscan.com/ME/bill/LD1994/2025
ME,2056492,,An Act to Require the Maine Office of Community Affairs to Establish a Technical Assistance Materials Hub,An Act to Require the Maine Office of Community Affairs to Establish a Technical Assistance Materials Hub,4,2026-03-05,https://legiscan.com/ME/bill/LD1995/2025
ME,2056563,,An Act to Clarify Responsibilities of the State in the Laws Governing General Assistance,An Act to Clarify Responsibilities of the State in the Laws Governing General Assistance,3,2026-03-19,https://legiscan.com/ME/bill/LD1996/2025
ME,2056524,,An Act to Authorize Issuance of Securities to Modernize and Consolidate Certain Court Facilities,An Act to Authorize Issuance of Securities to Modernize and Consolidate Certain Court Facilities,3,2026-02-24,https://legiscan.com/ME/bill/LD1997/2025
ME,2056545,,An Act to Authorize Registration of Certain Cash-dispensing Machines Through the Nationwide Mortgage Licensing System and Registry and to Limit the Use of Certain Cash-dispensing Machines as Virtual Currency Kiosks,An Act to Authorize Registration of Certain Cash-dispensing Machines Through the Nationwide Mortgage Licensing System and Registry and to Limit the Use of Certain Cash-dispensing Machines as Virtual Currency Kiosks,4,2026-02-26,https://legiscan.com/ME/bill/LD1998/2025
ME,2056505,,"An Act to Exclude Agricultural Leases from the Definition of ""Subdivision"" Under the Planning and Land Use Regulation Laws","An Act to Exclude Agricultural Leases from the Definition of ""Subdivision"" Under the Planning and Land Use Regulation Laws",4,2026-03-05,https://legiscan.com/ME/bill/LD1999/2025
ME,2056536,,An Act to Update the Campaign Finance Laws,An Act to Update the Campaign Finance Laws,4,2026-03-25,https://legiscan.com/ME/bill/LD2000/2025
ME,2056504,,An Act to Clarify the Laws Governing Facilities for Children and Adults Under the Health and Human Services Laws,An Act to Clarify the Laws Governing Facilities for Children and Adults Under the Health and Human Services Laws,4,2026-03-19,https://legiscan.com/ME/bill/LD2001/2025
ME,2056498,,"An Act to Extend the Maine Lobster Marketing Collaborative to December 31, 2028","An Act to Extend the Maine Lobster Marketing Collaborative to December 31, 2028",3,2026-03-25,https://legiscan.com/ME/bill/LD2002/2025
ME,2056520,,An Act to Improve Localization of Emergency Broadcast Messaging,An Act to Improve Localization of Emergency Broadcast Messaging,3,2026-03-12,https://legiscan.com/ME/bill/LD2003/2025
ME,2056497,,An Act to Enhance Support of Local Nutrition Incentive Programs by Modifying the Eligibility Requirements of the Fund to Address Food Insecurity and Provide Nutrition Incentives,An Act to Enhance Support of Local Nutrition Incentive Programs by Modifying the Eligibility Requirements of the Fund to Address Food Insecurity and Provide Nutrition Incentives,4,2026-02-26,https://legiscan.com/ME/bill/LD2004/2025
ME,2056543,,An Act Regarding Mail Order Delivery of Prescription Drugs,An Act Regarding Mail Order Delivery of Prescription Drugs,1,2025-12-03,https://legiscan.com/ME/bill/LD2005/2025
ME,2056509,,"Resolve, Authorizing the Director of the Bureau of Parks and Lands to Make Certain Land Transactions in Aroostook and Somerset Counties","Resolve, Authorizing the Director of the Bureau of Parks and Lands to Make Certain Land Transactions in Aroostook and Somerset Counties",4,2026-02-24,https://legiscan.com/ME/bill/LD2006/2025
ME,2056516,,An Act Regarding the Prohibition of Online Sweepstakes Games,An Act Regarding the Prohibition of Online Sweepstakes Games,2,2026-03-12,https://legiscan.com/ME/bill/LD2007/2025
ME,2056556,,An Act to Provide Funding to the Maine School of Science and Mathematics,An Act to Provide Funding to the Maine School of Science and Mathematics,3,2026-03-17,https://legiscan.com/ME/bill/LD2008/2025
ME,2056564,,An Act to Allow a Political Subdivision to Enter into Federal Bankruptcy Proceedings,An Act to Allow a Political Subdivision to Enter into Federal Bankruptcy Proceedings,1,2025-12-03,https://legiscan.com/ME/bill/LD2009/2025
ME,2057509,,An Act to Clarify the Requirement for Municipalities to Provide Public Notice in a Newspaper,An Act to Clarify the Requirement for Municipalities to Provide Public Notice in a Newspaper,3,2026-03-25,https://legiscan.com/ME/bill/LD2042/2025
ME,2057544,,An Act to Raise the Ogunquit Sewer District Debt Limit,An Act to Raise the Ogunquit Sewer District Debt Limit,4,2026-02-26,https://legiscan.com/ME/bill/LD2043/2025
ME,2057530,,An Act to Allow for the Transferability of the Biofuel Production and Renewable Chemicals Tax Credits,An Act to Allow for the Transferability of the Biofuel Production and Renewable Chemicals Tax Credits,1,2025-12-09,https://legiscan.com/ME/bill/LD2044/2025
ME,2057537,,An Act to Amend the Education Laws Regarding the State Board of Education's Authority Concerning Degree-granting Institutions,An Act to Amend the Education Laws Regarding the State Board of Education's Authority Concerning Degree-granting Institutions,6,2026-01-27,https://legiscan.com/ME/bill/LD2045/2025
ME,2057533,,An Act to Update Certain Duties Regarding Student Health Related to Communicable and Infectious Disease,An Act to Update Certain Duties Regarding Student Health Related to Communicable and Infectious Disease,3,2026-03-24,https://legiscan.com/ME/bill/LD2046/2025
ME,2057505,,"Resolve, Regarding Online Driver Education","Resolve, Regarding Online Driver Education",6,2026-01-27,https://legiscan.com/ME/bill/LD2047/2025
ME,2057512,,An Act to Amend the Laws Regarding Fantasy Contest Licensing,An Act to Amend the Laws Regarding Fantasy Contest Licensing,6,2026-03-05,https://legiscan.com/ME/bill/LD2048/2025
ME,2058871,,An Act to Provide Additional Financing Options to Consumers in the State,An Act to Provide Additional Financing Options to Consumers in the State,2,2026-03-18,https://legiscan.com/ME/bill/LD2056/2025
ME,2058889,,An Act to Support Rehabilitation and Development of Affordable Housing,An Act to Support Rehabilitation and Development of Affordable Housing,3,2026-03-25,https://legiscan.com/ME/bill/LD2057/2025
ME,2058894,,An Act to Require Municipal and County Jails to Be Available at All Times for Detention of Persons Arrested on Criminal Charges by Maine Law Enforcement Officers,An Act to Require Municipal and County Jails to Be Available at All Times for Detention of Persons Arrested on Criminal Charges by Maine Law Enforcement Officers,1,2025-12-15,https://legiscan.com/ME/bill/LD2058/2025
ME,2058927,,An Act to Provide Required Funding for the Reimbursement of Assigned Counsel,An Act to Provide Required Funding for the Reimbursement of Assigned Counsel,4,2026-03-18,https://legiscan.com/ME/bill/LD2059/2025
ME,2058957,,An Act to Make Technical Changes to the Maine Uniform Securities Act and to Clarify the Securities Administrator's Authority to Grant Licensing Exemptions for Broker-Dealers,An Act to Make Technical Changes to the Maine Uniform Securities Act and to Clarify the Securities Administrator's Authority to Grant Licensing Exemptions for Broker-Dealers,4,2026-03-25,https://legiscan.com/ME/bill/LD2060/2025
ME,2058967,,An Act to Clarify the Prohibition on Paper Billing Statement Fees,An Act to Clarify the Prohibition on Paper Billing Statement Fees,4,2026-03-17,https://legiscan.com/ME/bill/LD2061/2025
ME,2058949,,An Act to Enhance the Safety of Public Transit Bus Operators Through the Installation of Vehicle Security Barriers,An Act to Enhance the Safety of Public Transit Bus Operators Through the Installation of Vehicle Security Barriers,3,2026-03-17,https://legiscan.com/ME/bill/LD2062/2025
ME,2058916,,An Act to Clarify Activities Allowed Under the Natural Resources Protection Act,An Act to Clarify Activities Allowed Under the Natural Resources Protection Act,4,2026-03-18,https://legiscan.com/ME/bill/LD2063/2025
ME,2058866,,An Act to Expand Access to Early Childhood Nutrition by Establishing a Grant Program for Public Preschools,An Act to Expand Access to Early Childhood Nutrition by Establishing a Grant Program for Public Preschools,3,2026-03-25,https://legiscan.com/ME/bill/LD2064/2025
ME,2058906,,An Act to Provide One-time Funds to Support the Construction of a Psychiatric Residential Treatment Facility for At-risk Youth,An Act to Provide One-time Funds to Support the Construction of a Psychiatric Residential Treatment Facility for At-risk Youth,6,2026-03-12,https://legiscan.com/ME/bill/LD2065/2025
ME,2058953,,An Act to Establish the Child Care Employment Award,An Act to Establish the Child Care Employment Award,3,2026-03-05,https://legiscan.com/ME/bill/LD2066/2025
ME,2058873,,An Act to Include Certain Community Mental Health Workers Under the 1998 Special Plan for Retirement,An Act to Include Certain Community Mental Health Workers Under the 1998 Special Plan for Retirement,1,2025-12-15,https://legiscan.com/ME/bill/LD2067/2025
ME,2065454,,An Act to Eliminate the Juvenile Crime of Willful Refusal to Pay a Fine or Comply with the Terms of a Court Order,An Act to Eliminate the Juvenile Crime of Willful Refusal to Pay a Fine or Comply with the Terms of a Court Order,4,2026-03-03,https://legiscan.com/ME/bill/LD2126/2025
ME,2065424,,An Act to Increase the Cap on Bonds Issued by the Maine State Housing Authority to Reflect Current Housing Production Needs in the State,An Act to Increase the Cap on Bonds Issued by the Maine State Housing Authority to Reflect Current Housing Production Needs in the State,3,2026-03-03,https://legiscan.com/ME/bill/LD2127/2025
ME,2065432,,An Act to Reorganize the Emergency Medical Services' Board to Implement the Recommendations of the Blue Ribbon Commission to Study Emergency Medical Services in the State,An Act to Reorganize the Emergency Medical Services' Board to Implement the Recommendations of the Blue Ribbon Commission to Study Emergency Medical Services in the State,4,2026-03-19,https://legiscan.com/ME/bill/LD2128/2025
ME,2065430,,An Act to Prohibit Liens on Principal Residences and Wage Garnishments for Medical Debt,An Act to Prohibit Liens on Principal Residences and Wage Garnishments for Medical Debt,4,2026-03-25,https://legiscan.com/ME/bill/LD2129/2025
ME,2065400,,An Act to Support Employment Opportunities for Military Spouses,An Act to Support Employment Opportunities for Military Spouses,4,2026-03-25,https://legiscan.com/ME/bill/LD2130/2025
ME,2065434,,An Act to Preserve and Improve Access to Nursing Facility Services in the State,An Act to Preserve and Improve Access to Nursing Facility Services in the State,1,2026-01-07,https://legiscan.com/ME/bill/LD2131/2025
ME,2065476,,An Act to Amend the Maine Emergency Medical Services Act of 1982 to Require Compliance with the Statewide Trauma-incidence Registry and Make Certain Technical and Other Changes,An Act to Amend the Maine Emergency Medical Services Act of 1982 to Require Compliance with the Statewide Trauma-incidence Registry and Make Certain Technical and Other Changes,1,2026-01-07,https://legiscan.com/ME/bill/LD2132/2025
ME,2065368,,An Act Regarding Licensing of Community Paramedicine Services and Clinicians,An Act Regarding Licensing of Community Paramedicine Services and Clinicians,4,2026-03-25,https://legiscan.com/ME/bill/LD2133/2025
ME,2065404,,An Act to Create an Exception to the Prohibition of Tobacco Sales in Retail Establishments Containing Pharmacies for Certain Small Grocery Stores,An Act to Create an Exception to the Prohibition of Tobacco Sales in Retail Establishments Containing Pharmacies for Certain Small Grocery Stores,4,2026-03-17,https://legiscan.com/ME/bill/LD2134/2025
ME,2065440,,An Act to Provide Funding to Keep Maine Veterans Housed,An Act to Provide Funding to Keep Maine Veterans Housed,3,2026-03-24,https://legiscan.com/ME/bill/LD2135/2025
ME,2065503,,An Act to Support Victims of Trafficking in Maine in Response to Federal Funding Cuts,An Act to Support Victims of Trafficking in Maine in Response to Federal Funding Cuts,3,2026-03-18,https://legiscan.com/ME/bill/LD2136/2025
ME,2065451,,An Act to Modify Provisions of Law Governing Parking Enforcement on Property Accessible to the Public,An Act to Modify Provisions of Law Governing Parking Enforcement on Property Accessible to the Public,1,2026-01-07,https://legiscan.com/ME/bill/LD2137/2025
ME,2065492,,"Resolve, Authorizing the Department of Administrative and Financial Services to Convey the Interests of the State in Certain Real Property in Bangor","Resolve, Authorizing the Department of Administrative and Financial Services to Convey the Interests of the State in Certain Real Property in Bangor",2,2026-03-25,https://legiscan.com/ME/bill/LD2138/2025
ME,2065385,,"Resolve, Authorizing the Commissioner of Administrative and Financial Services to Convey the Interests of the State in Certain Real Property in East Millinocket","Resolve, Authorizing the Commissioner of Administrative and Financial Services to Convey the Interests of the State in Certain Real Property in East Millinocket",4,2026-03-25,https://legiscan.com/ME/bill/LD2139/2025
ME,2065486,,An Act to Reduce Household Energy Costs in Response to Federal Cuts,An Act to Reduce Household Energy Costs in Response to Federal Cuts,1,2026-01-07,https://legiscan.com/ME/bill/LD2140/2025
ME,2065356,,"An Act to Direct a Portion of Unclaimed Beverage Container Deposits to the Lake Water Quality Restoration and Protection Fund, the Maine Working Farmland Access and Protection Program and Public Defender Office Staffing","An Act to Direct a Portion of Unclaimed Beverage Container Deposits to the Lake Water Quality Restoration and Protection Fund, the Maine Working Farmland Access and Protection Program and Public Defender Office Staffing",1,2026-01-07,https://legiscan.com/ME/bill/LD2141/2025
ME,2065381,,An Act to Establish Guidance for Awarding General Spousal Support,An Act to Establish Guidance for Awarding General Spousal Support,4,2026-03-12,https://legiscan.com/ME/bill/LD2142/2025
ME,2065367,,An Act Facilitating the Reconstruction or Replacement of Storm-damaged Commercial Fisheries Facilities and Infrastructure,An Act Facilitating the Reconstruction or Replacement of Storm-damaged Commercial Fisheries Facilities and Infrastructure,3,2026-03-18,https://legiscan.com/ME/bill/LD2143/2025
ME,2065360,,"Resolve, to Establish the Working Group to Prioritize Wellness and Mental Health Resources for Heritage Industries","Resolve, to Establish the Working Group to Prioritize Wellness and Mental Health Resources for Heritage Industries",4,2026-03-19,https://legiscan.com/ME/bill/LD2144/2025
ME,2065354,,An Act to Decrease Offsets to Disability Retirement Benefits,An Act to Decrease Offsets to Disability Retirement Benefits,3,2026-03-19,https://legiscan.com/ME/bill/LD2145/2025
ME,2065362,,An Act to Increase Access to Critical Vaccinations,An Act to Increase Access to Critical Vaccinations,1,2026-01-07,https://legiscan.com/ME/bill/LD2146/2025
ME,2065498,,An Act to Provide Funding to Improve the College and Career Readiness of Certain Students in Androscoggin and Oxford Counties,An Act to Provide Funding to Improve the College and Career Readiness of Certain Students in Androscoggin and Oxford Counties,3,2026-02-26,https://legiscan.com/ME/bill/LD2147/2025
ME,2065345,,An Act to Amend the Laws Governing the Health Insurance Premium Cap for State Employees,An Act to Amend the Laws Governing the Health Insurance Premium Cap for State Employees,1,2026-01-07,https://legiscan.com/ME/bill/LD2148/2025
ME,2065339,,An Act to Protect Affordability in Mobile Home Parks and Manufactured Housing Communities,An Act to Protect Affordability in Mobile Home Parks and Manufactured Housing Communities,1,2026-01-07,https://legiscan.com/ME/bill/LD2149/2025
ME,2065376,,"An Act to Establish Procedures for Restricting Access to State Property, Access to State Services and Communication with or Through State Entities","An Act to Establish Procedures for Restricting Access to State Property, Access to State Services and Communication with or Through State Entities",1,2026-01-07,https://legiscan.com/ME/bill/LD2150/2025
ME,2065389,,An Act to Improve Access to Affordable Prescription Drugs in Underserved Areas,An Act to Improve Access to Affordable Prescription Drugs in Underserved Areas,1,2026-01-07,https://legiscan.com/ME/bill/LD2151/2025
ME,2066397,,"An Act to Direct the Bureau of Alcoholic Beverages and Lottery Operations to Temporarily Suspend Enforcement of Public Law 2025, Chapter 87","An Act to Direct the Bureau of Alcoholic Beverages and Lottery Operations to Temporarily Suspend Enforcement of Public Law 2025, Chapter 87",2,2026-03-24,https://legiscan.com/ME/bill/LD2155/2025
ME,2066401,,An Act to Provide for the 2026 and 2027 Allocations of the State Ceiling on Private Activity Bonds,An Act to Provide for the 2026 and 2027 Allocations of the State Ceiling on Private Activity Bonds,4,2026-03-25,https://legiscan.com/ME/bill/LD2156/2025
ME,2077784,,An Act to Improve the Public Employees Disability Retirement Program by Modifying Provisions Controlling the Reduction of Benefits and Clarifying Terminology,An Act to Improve the Public Employees Disability Retirement Program by Modifying Provisions Controlling the Reduction of Benefits and Clarifying Terminology,4,2026-03-19,https://legiscan.com/ME/bill/LD2169/2025
ME,2090164,,An Act to Create a Right to Judicial Review Under the Maine Civil Rights Act for Persons Erroneously Detained,An Act to Create a Right to Judicial Review Under the Maine Civil Rights Act for Persons Erroneously Detained,1,2026-01-27,https://legiscan.com/ME/bill/LD2176/2025
ME,2092414,,An Act to Establish the Independent Office of Tax Appeals and Make Other Changes to the Laws Governing the Tax Appeals Process,An Act to Establish the Independent Office of Tax Appeals and Make Other Changes to the Laws Governing the Tax Appeals Process,1,2026-01-27,https://legiscan.com/ME/bill/LD2178/2025
ME,2094481,,An Act Regarding the Licensing of Online Used Car Dealers,An Act Regarding the Licensing of Online Used Car Dealers,4,2026-03-25,https://legiscan.com/ME/bill/LD2179/2025
ME,2100226,,"Resolve, to Rename a Bridge in Roxbury the Roxbury-Frye Veterans Memorial Bridge","Resolve, to Rename a Bridge in Roxbury the Roxbury-Frye Veterans Memorial Bridge",4,2026-03-12,https://legiscan.com/ME/bill/LD2181/2025
ME,2098730,,An Act to Implement a Recommendation of the Commission to Recommend Methods for Preventing Deed Fraud in the State,An Act to Implement a Recommendation of the Commission to Recommend Methods for Preventing Deed Fraud in the State,6,2026-03-19,https://legiscan.com/ME/bill/LD2182/2025
ME,2097228,,"Resolve, to Rename the Little River Bridge in the Town of Cornish the Cornish Veterans Memorial Bridge","Resolve, to Rename the Little River Bridge in the Town of Cornish the Cornish Veterans Memorial Bridge",4,2026-03-12,https://legiscan.com/ME/bill/LD2183/2025
ME,2103363,,"Resolve, to Name a Bridge Between the Town of Hiram and the Town of Cornish Warren's Bridge","Resolve, to Name a Bridge Between the Town of Hiram and the Town of Cornish Warren's Bridge",4,2026-03-19,https://legiscan.com/ME/bill/LD2184/2025
ME,2103330,,"Resolve, Directing the Department of Transportation to Erect Signs on the East Limington Bridge Between the Town of Standish and the Town of Limington","Resolve, Directing the Department of Transportation to Erect Signs on the East Limington Bridge Between the Town of Standish and the Town of Limington",6,2026-03-05,https://legiscan.com/ME/bill/LD2185/2025
ME,2103431,,"Resolve, Directing the Department of Transportation to Place Signs on the Canal Bridge in the Town of Standish","Resolve, Directing the Department of Transportation to Place Signs on the Canal Bridge in the Town of Standish",6,2026-03-05,https://legiscan.com/ME/bill/LD2186/2025
ME,2103460,,An Act to Update Certain Water Quality Standards and to Reclassify Certain Waters of the State,An Act to Update Certain Water Quality Standards and to Reclassify Certain Waters of the State,3,2026-03-25,https://legiscan.com/ME/bill/LD2187/2025
ME,2104683,,An Act to Protect Students by Ensuring Schools Have Complete Information About School Employees and Applicants for Employment,An Act to Protect Students by Ensuring Schools Have Complete Information About School Employees and Applicants for Employment,1,2026-02-03,https://legiscan.com/ME/bill/LD2192/2025
ME,2104731,,An Act to Extend the Requirement That the Maine Commission on Public Defense Services Compensate Certain Private Attorneys Appointed to Provide Indigent Legal Services,An Act to Extend the Requirement That the Maine Commission on Public Defense Services Compensate Certain Private Attorneys Appointed to Provide Indigent Legal Services,3,2026-03-25,https://legiscan.com/ME/bill/LD2193/2025
ME,2104584,,An Act to Clarify Responsibility for Compensation of Court-appointed Attorneys in Certain Proceedings,An Act to Clarify Responsibility for Compensation of Court-appointed Attorneys in Certain Proceedings,1,2026-02-03,https://legiscan.com/ME/bill/LD2194/2025
ME,2104779,,An Act to Prohibit the Appointment or Assignment of an Attorney to Provide Indigent Legal Services Without That Attorney's Consent,An Act to Prohibit the Appointment or Assignment of an Attorney to Provide Indigent Legal Services Without That Attorney's Consent,4,2026-03-25,https://legiscan.com/ME/bill/LD2195/2025
ME,2107390,,An Act to Allow Schools to Expel Students for Committing Sexual Assault,An Act to Allow Schools to Expel Students for Committing Sexual Assault,1,2026-02-10,https://legiscan.com/ME/bill/LD2204/2025
ME,2107621,,An Act to Update the Laws Governing the Geographic Boundaries Between Certain Judicial Divisions in Aroostook County,An Act to Update the Laws Governing the Geographic Boundaries Between Certain Judicial Divisions in Aroostook County,4,2026-03-03,https://legiscan.com/ME/bill/LD2205/2025
ME,2111896,,An Act Implementing the Recommendations of the Automotive Right to Repair Working Group,An Act Implementing the Recommendations of the Automotive Right to Repair Working Group,1,2026-02-10,https://legiscan.com/ME/bill/LD2211/2025
ME,2119997,,An Act to Establish the Maine Blue Economy Center,An Act to Establish the Maine Blue Economy Center,1,2026-02-24,https://legiscan.com/ME/bill/LD2216/2025
ME,2119883,,An Act Related to the Electronic Tagging of Deer,An Act Related to the Electronic Tagging of Deer,1,2026-02-24,https://legiscan.com/ME/bill/LD2217/2025
ME,2122811,,An Act to Amend the Composition of the Landowners and Land Users Relations Advisory Board,An Act to Amend the Composition of the Landowners and Land Users Relations Advisory Board,3,2026-03-24,https://legiscan.com/ME/bill/LD2221/2025
ME,2123721,,An Act to Reduce Certain Costs Associated with Residential Construction,An Act to Reduce Certain Costs Associated with Residential Construction,1,2026-02-26,https://legiscan.com/ME/bill/LD2224/2025
ME,2125693,,"An Act to Support Municipal Enforcement of Residential Construction Laws, Codes and Regulations","An Act to Support Municipal Enforcement of Residential Construction Laws, Codes and Regulations",1,2026-03-03,https://legiscan.com/ME/bill/LD2225/2025
ME,2129609,,An Act Regarding Municipal Inspection of the Electrical and Plumbing Components of a Manufactured Home,An Act Regarding Municipal Inspection of the Electrical and Plumbing Components of a Manufactured Home,6,2026-03-25,https://legiscan.com/ME/bill/LD2229/2025
ME,2130809,,An Act to Invest in the Construction of Industrialized Housing,An Act to Invest in the Construction of Industrialized Housing,1,2026-03-10,https://legiscan.com/ME/bill/LD2230/2025
ME,2133538,,"An Act Permitting the Use of Oral Fluid Testing in Determining the Intoxication of Drivers, Aircraft Operators and Hunters","An Act Permitting the Use of Oral Fluid Testing in Determining the Intoxication of Drivers, Aircraft Operators and Hunters",1,2026-03-17,https://legiscan.com/ME/bill/LD2237/2025
ME,2136847,,"Resolve, Authorizing the Joint Standing Committee of the Legislature Having Jurisdiction over Transportation Matters to Report out a Bill Regarding the Towing Industry","Resolve, Authorizing the Joint Standing Committee of the Legislature Having Jurisdiction over Transportation Matters to Report out a Bill Regarding the Towing Industry",2,2026-03-24,https://legiscan.com/ME/bill/LD2241/2025
ME,1894554,,"Joint Order, Adopting the Joint Rules of the 132nd Legislature","Joint Order, Adopting the Joint Rules of the 132nd Legislature",1,2024-12-04,https://legiscan.com/ME/bill/SP0001/2025
ME,1894532,,"Joint Order, to Amend the Joint Rules to Increase the Number of Members on the Joint Standing Committee on Appropriations and Financial Affairs Committee","Joint Order, to Amend the Joint Rules to Increase the Number of Members on the Joint Standing Committee on Appropriations and Financial Affairs Committee",6,2025-06-25,https://legiscan.com/ME/bill/SP0002/2025
ME,1894576,,"Joint Order, Regarding Purchases by the Secretary and Clerk","Joint Order, Regarding Purchases by the Secretary and Clerk",1,2024-12-04,https://legiscan.com/ME/bill/SP0003/2025
ME,1894559,,"Joint Order, Regarding Printing and Binding by the Secretary and Clerk","Joint Order, Regarding Printing and Binding by the Secretary and Clerk",1,2024-12-04,https://legiscan.com/ME/bill/SP0004/2025
ME,1894546,,"Joint Order, Regarding the Legislative Record for the 132nd Legislature","Joint Order, Regarding the Legislative Record for the 132nd Legislature",1,2024-12-04,https://legiscan.com/ME/bill/SP0005/2025
ME,1894570,,"Joint Order, Regarding the Compensation of Members of the 132nd Legislature","Joint Order, Regarding the Compensation of Members of the 132nd Legislature",1,2024-12-04,https://legiscan.com/ME/bill/SP0006/2025
ME,1894564,,"Joint Order, Regarding the Payment of Expenses of Members of the 132nd Legislature","Joint Order, Regarding the Payment of Expenses of Members of the 132nd Legislature",1,2024-12-04,https://legiscan.com/ME/bill/SP0007/2025
ME,1894537,,"Joint Order, to Require the Joint Select Committee on Joint Rules to Convene and Consider Certain Changes to the Joint Rules","Joint Order, to Require the Joint Select Committee on Joint Rules to Convene and Consider Certain Changes to the Joint Rules",6,2025-06-25,https://legiscan.com/ME/bill/SP0008/2025
ME,1894543,,"Joint Order, Regarding Adjournment to the Call of the Presiding Officers","Joint Order, Regarding Adjournment to the Call of the Presiding Officers",1,2024-12-04,https://legiscan.com/ME/bill/SP0009/2025
ME,1903176,,JOINT RESOLUTION MAKING SEPARATE APPLICATIONS TO THE CONGRESS OF THE UNITED STATES CALLING ARTICLE V CONVENTIONS TO PROPOSE AMENDMENTS ESTABLISHING TERM LIMITS FOR MEMBERS OF CONGRESS AND TERM LIMITS FOR JUSTICES OF THE UNITED STATES SUPREME COURT,JOINT RESOLUTION MAKING SEPARATE APPLICATIONS TO THE CONGRESS OF THE UNITED STATES CALLING ARTICLE V CONVENTIONS TO PROPOSE AMENDMENTS ESTABLISHING TERM LIMITS FOR MEMBERS OF CONGRESS AND TERM LIMITS FOR JUSTICES OF THE UNITED STATES SUPREME COURT,6,2025-05-22,https://legiscan.com/ME/bill/SP0010/2025
ME,1903559,,"JOINT RULE 308.2 LETTER, LD 14, 24, 25, 17, 18, 28, 11, 21, 22, 31, 34, 32, 26, 36, 35, 5, 23, 6, 19, 27, 8, 10, 12, 16, 20, 3, 4, 7, 15, 2, 29, 30, 37, 9, 13, 33, 38.","JOINT RULE 308.2 LETTER, LD 14, 24, 25, 17, 18, 28, 11, 21, 22, 31, 34, 32, 26, 36, 35, 5, 23, 6, 19, 27, 8, 10, 12, 16, 20, 3, 4, 7, 15, 2, 29, 30, 37, 9, 13, 33, 38.",1,2025-01-08,https://legiscan.com/ME/bill/SP0064/2025
ME,1903396,,"Joint Order, ORDERED, the House concurring, that when the Senate and House adjourn, they do so until Tuesday, January 14, 2025, at 10:00 in the morning, or until the call of the President of the Senate and the Speaker of the House, respectively","Joint Order, ORDERED, the House concurring, that when the Senate and House adjourn, they do so until Tuesday, January 14, 2025, at 10:00 in the morning, or until the call of the President of the Senate and the Speaker of the House, respectively",1,2025-01-08,https://legiscan.com/ME/bill/SP0065/2025
ME,1915126,,"Joint Order, ORDERED, the House concurring, that when the Senate and House adjourn, they do so until Tuesday, January 21, 2025, at 10:00 in the morning, or until the call of the President of the Senate and the Speaker of the House, respectively","Joint Order, ORDERED, the House concurring, that when the Senate and House adjourn, they do so until Tuesday, January 21, 2025, at 10:00 in the morning, or until the call of the President of the Senate and the Speaker of the House, respectively",1,2025-01-14,https://legiscan.com/ME/bill/SP0083/2025
ME,1916991,,"Joint Order, to Amend the Joint Rules Based on the Recommendations of the Joint Select Committee on Joint Rules","Joint Order, to Amend the Joint Rules Based on the Recommendations of the Joint Select Committee on Joint Rules",1,2025-01-14,https://legiscan.com/ME/bill/SP0097/2025
ME,1916959,,"Joint Order, to Amend Joint Rule 208 to Eliminate Most Concept Drafts","Joint Order, to Amend Joint Rule 208 to Eliminate Most Concept Drafts",6,2025-01-14,https://legiscan.com/ME/bill/SP0098/2025
ME,1916949,,"Joint Order, to Amend Joint Rule 214 to Require Approval of Memorials if Submitted After Cloture","Joint Order, to Amend Joint Rule 214 to Require Approval of Memorials if Submitted After Cloture",6,2025-01-14,https://legiscan.com/ME/bill/SP0099/2025
ME,1916970,,"Joint Order, to Amend Joint Rule 215 to Remove the Requirement for a 2/3 Vote","Joint Order, to Amend Joint Rule 215 to Remove the Requirement for a 2/3 Vote",6,2025-01-14,https://legiscan.com/ME/bill/SP0100/2025
ME,1917001,,"Joint Order, to Amend Joint Rule 215 to Clarify the Language of That Rule","Joint Order, to Amend Joint Rule 215 to Clarify the Language of That Rule",6,2025-01-14,https://legiscan.com/ME/bill/SP0101/2025
ME,1916980,,"Joint Order, to Amend Joint Rule 308 to Allow Referencing of Bills by the Secretary of the Senate and the Clerk of the House at All Times","Joint Order, to Amend Joint Rule 308 to Allow Referencing of Bills by the Secretary of the Senate and the Clerk of the House at All Times",6,2025-01-14,https://legiscan.com/ME/bill/SP0102/2025
ME,1927069,,"JOINT RULE 308.2 LETTER, LD 237, 239, 240, 241, 242, 243, 245","JOINT RULE 308.2 LETTER, LD 237, 239, 240, 241, 242, 243, 245",1,2025-01-21,https://legiscan.com/ME/bill/SP0114/2025
ME,1927564,,"Joint Order, ORDERED, the House concurring, that when the Senate and House adjourn, they do so until Tuesday, January 28, 2025, at 10:00 in the morning, or until the call of the President of the Senate and the Speaker of the House, respectively","Joint Order, ORDERED, the House concurring, that when the Senate and House adjourn, they do so until Tuesday, January 28, 2025, at 10:00 in the morning, or until the call of the President of the Senate and the Speaker of the House, respectively",1,2025-01-21,https://legiscan.com/ME/bill/SP0119/2025
ME,1927182,,"JOINT RESOLUTION COMMEMORATING MARTIN LUTHER KING, JR. DAY","JOINT RESOLUTION COMMEMORATING MARTIN LUTHER KING, JR. DAY",1,2025-01-21,https://legiscan.com/ME/bill/SP0121/2025
ME,1937964,,"JOINT RULE 308.2 LETTER, LD 257, 258, 255, 256","JOINT RULE 308.2 LETTER, LD 257, 258, 255, 256",1,2025-01-28,https://legiscan.com/ME/bill/SP0127/2025
ME,1941977,,"Joint Order, ORDERED, the House concurring, that when the Senate and House adjourn, they do so until Tuesday, February 4, 2025, at 10:00 in the morning, or until the call of the President of the Senate and the Speaker of the House, respectively.","Joint Order, ORDERED, the House concurring, that when the Senate and House adjourn, they do so until Tuesday, February 4, 2025, at 10:00 in the morning, or until the call of the President of the Senate and the Speaker of the House, respectively.",1,2025-01-28,https://legiscan.com/ME/bill/SP0132/2025
ME,1949104,,JOINT RESOLUTION MAKING AN APPLICATION TO THE CONGRESS OF THE UNITED STATES CALLING AN ARTICLE V CONVENTION TO PROPOSE AN AMENDMENT ADDRESSING CAMPAIGN FINANCE REFORM,JOINT RESOLUTION MAKING AN APPLICATION TO THE CONGRESS OF THE UNITED STATES CALLING AN ARTICLE V CONVENTION TO PROPOSE AN AMENDMENT ADDRESSING CAMPAIGN FINANCE REFORM,6,2025-03-18,https://legiscan.com/ME/bill/SP0173/2025
ME,1948785,,"JOINT RULE 308.2 LETTER, LDs 350-376","JOINT RULE 308.2 LETTER, LDs 350-376",1,2025-02-04,https://legiscan.com/ME/bill/SP0174/2025
ME,1951541,,"Joint Order, ORDERED, the House concurring, that when the Senate and House adjourn, they do so until Tuesday, February 11, 2025, at 10:00 in the morning, or until the call of the President of the Senate and the Speaker of the House, respectively.","Joint Order, ORDERED, the House concurring, that when the Senate and House adjourn, they do so until Tuesday, February 11, 2025, at 10:00 in the morning, or until the call of the President of the Senate and the Speaker of the House, respectively.",1,2025-02-04,https://legiscan.com/ME/bill/SP0175/2025
ME,1952022,,JOINT RESOLUTION RECOGNIZING FEBRUARY 2025 AS BLACK HISTORY MONTH,JOINT RESOLUTION RECOGNIZING FEBRUARY 2025 AS BLACK HISTORY MONTH,1,2025-02-04,https://legiscan.com/ME/bill/SP0183/2025
ME,1952253,,JOINT RESOLUTION CELEBRATING THE LIFE OF MARY MCLEOD BETHUNE,JOINT RESOLUTION CELEBRATING THE LIFE OF MARY MCLEOD BETHUNE,1,2025-02-04,https://legiscan.com/ME/bill/SP0184/2025
ME,1956822,,JOINT RESOLUTION RECOGNIZING FEBRUARY 2025 AS 211 MAINE MONTH,JOINT RESOLUTION RECOGNIZING FEBRUARY 2025 AS 211 MAINE MONTH,1,2025-02-11,https://legiscan.com/ME/bill/SP0219/2025
ME,1956988,,"JOINT RULE 308.2 LETTER, LD 468, 473, 461, 457, 470, 471, 466, 469, 465, 474, 476, 453, 459, 456, 458, 462, 467, 475, 452, 455, 460, 463, 464, 472, 454","JOINT RULE 308.2 LETTER, LD 468, 473, 461, 457, 470, 471, 466, 469, 465, 474, 476, 453, 459, 456, 458, 462, 467, 475, 452, 455, 460, 463, 464, 472, 454",1,2025-02-11,https://legiscan.com/ME/bill/SP0220/2025
ME,1962176,,"Joint Order, ORDERED, the House concurring, that when the Senate and House adjourn, they do so until Tuesday, February 25, 2025, at 10:00 in the morning, or until the call of the President of the Senate and the Speaker of the House, respectively.","Joint Order, ORDERED, the House concurring, that when the Senate and House adjourn, they do so until Tuesday, February 25, 2025, at 10:00 in the morning, or until the call of the President of the Senate and the Speaker of the House, respectively.",1,2025-02-11,https://legiscan.com/ME/bill/SP0234/2025
ME,1961969,,"JOINT RULE 308.2 LETTER, LD 510, 506, 507, 512, 513, 503, 514, 504, 505, 509, 508, 511","JOINT RULE 308.2 LETTER, LD 510, 506, 507, 512, 513, 503, 514, 504, 505, 509, 508, 511",1,2025-02-11,https://legiscan.com/ME/bill/SP0235/2025
ME,1963551,,JOINT RESOLUTION CELEBRATING THE LIFE OF STAGECOACH MARY FIELDS,JOINT RESOLUTION CELEBRATING THE LIFE OF STAGECOACH MARY FIELDS,1,2025-02-11,https://legiscan.com/ME/bill/SP0236/2025
ME,1975243,,"JOINT RULE 308.2 LETTER, LDs 588-599","JOINT RULE 308.2 LETTER, LDs 588-599",1,2025-02-25,https://legiscan.com/ME/bill/SP0284/2025
ME,1977465,,"JOINT RULE 308.2 LETTER, LDs 672-700","JOINT RULE 308.2 LETTER, LDs 672-700",1,2025-02-25,https://legiscan.com/ME/bill/SP0318/2025
ME,1977341,,JOINT RESOLUTION RECOGNIZING THE 60TH ANNIVERSARY OF THE MARCH FROM SELMA TO MONTGOMERY,JOINT RESOLUTION RECOGNIZING THE 60TH ANNIVERSARY OF THE MARCH FROM SELMA TO MONTGOMERY,1,2025-03-27,https://legiscan.com/ME/bill/SP0319/2025
ME,1980924,,"Joint Order, ORDERED, the House concurring, that when the Senate and House adjourn, they do so until Tuesday, March 4, 2025, at 10:00 in the morning, or until the call of the President of the Senate and the Speaker of the House, respectively.","Joint Order, ORDERED, the House concurring, that when the Senate and House adjourn, they do so until Tuesday, March 4, 2025, at 10:00 in the morning, or until the call of the President of the Senate and the Speaker of the House, respectively.",1,2025-02-25,https://legiscan.com/ME/bill/SP0323/2025
ME,1980794,,"JOINT RESOLUTION TO RECOGNIZE THE 125TH ANNIVERSARY OF THE POEM ""LIFT EVERY VOICE AND SING"" BY JAMES WELDON JOHNSON","JOINT RESOLUTION TO RECOGNIZE THE 125TH ANNIVERSARY OF THE POEM ""LIFT EVERY VOICE AND SING"" BY JAMES WELDON JOHNSON",1,2025-02-25,https://legiscan.com/ME/bill/SP0324/2025
ME,1981529,,JOINT RESOLUTION HONORING THE LIFE AND WORK OF FREDERICK DOUGLASS,JOINT RESOLUTION HONORING THE LIFE AND WORK OF FREDERICK DOUGLASS,1,2025-02-25,https://legiscan.com/ME/bill/SP0332/2025
ME,1981223,,JOINT RESOLUTION RECOGNIZING THE LIFE OF BAYARD RUSTIN AND HIS CONTRIBUTIONS TO THE CIVIL RIGHTS MOVEMENT,JOINT RESOLUTION RECOGNIZING THE LIFE OF BAYARD RUSTIN AND HIS CONTRIBUTIONS TO THE CIVIL RIGHTS MOVEMENT,1,2025-02-25,https://legiscan.com/ME/bill/SP0333/2025
ME,1987442,,"JOINT RULE 308.2 LETTER, LDs 778-797","JOINT RULE 308.2 LETTER, LDs 778-797",1,2025-03-04,https://legiscan.com/ME/bill/SP0367/2025
ME,1989338,,"Joint Order, ORDERED, the House concurring, that when the Senate and House adjourn, they do so until Tuesday, March 11, 2025, at 10:00 in the morning, or until the call of the President of the Senate and the Speaker of the House, respectively.","Joint Order, ORDERED, the House concurring, that when the Senate and House adjourn, they do so until Tuesday, March 11, 2025, at 10:00 in the morning, or until the call of the President of the Senate and the Speaker of the House, respectively.",1,2025-03-04,https://legiscan.com/ME/bill/SP0377/2025
ME,1990953,,JOINT RESOLUTION COMMEMORATING WOMEN'S HISTORY MONTH AND INTERNATIONAL WOMEN'S DAY,JOINT RESOLUTION COMMEMORATING WOMEN'S HISTORY MONTH AND INTERNATIONAL WOMEN'S DAY,1,2025-03-04,https://legiscan.com/ME/bill/SP0382/2025
ME,1993825,,"JOINT RULE 308.2 LETTER, LDs 894-913","JOINT RULE 308.2 LETTER, LDs 894-913",1,2025-03-11,https://legiscan.com/ME/bill/SP0404/2025
ME,1996216,,"JOINT RULE 308.2 LETTER, LDs 950-956","JOINT RULE 308.2 LETTER, LDs 950-956",1,2025-03-11,https://legiscan.com/ME/bill/SP0417/2025
ME,1996527,,"JOINT RESOLUTION RECOGNIZING APRIL 18, 2025 AS WORLD AMATEUR RADIO DAY","JOINT RESOLUTION RECOGNIZING APRIL 18, 2025 AS WORLD AMATEUR RADIO DAY",1,2025-03-11,https://legiscan.com/ME/bill/SP0422/2025
ME,1996356,,"Joint Order, ORDERED, the House concurring, that when the Senate and House adjourn, they do so until Tuesday, March 18, 2025, at 10:00 in the morning, or until the call of the President of the Senate and the Speaker of the House, respectively.","Joint Order, ORDERED, the House concurring, that when the Senate and House adjourn, they do so until Tuesday, March 18, 2025, at 10:00 in the morning, or until the call of the President of the Senate and the Speaker of the House, respectively.",1,2025-03-11,https://legiscan.com/ME/bill/SP0423/2025
ME,2005325,,JOINT RESOLUTION RECOGNIZING MARCH 2025 AS BLEEDING DISORDERS AWARENESS MONTH,JOINT RESOLUTION RECOGNIZING MARCH 2025 AS BLEEDING DISORDERS AWARENESS MONTH,1,2025-03-18,https://legiscan.com/ME/bill/SP0448/2025
ME,2005549,,"JOINT RULE 308.2 LETTER, LDs 1011-1029","JOINT RULE 308.2 LETTER, LDs 1011-1029",1,2025-03-13,https://legiscan.com/ME/bill/SP0449/2025
ME,2008001,,"JOINT RULE 308.2 LETTER, LDs 1066-1072","JOINT RULE 308.2 LETTER, LDs 1066-1072",1,2025-03-18,https://legiscan.com/ME/bill/SP0459/2025
ME,2009380,,"JOINT RULE 308.2 LETTER, LDs 1100-1103","JOINT RULE 308.2 LETTER, LDs 1100-1103",1,2025-03-18,https://legiscan.com/ME/bill/SP0468/2025
ME,2009338,,"JOINT RESOLUTION DESIGNATING MAY 4, 2025 TO MAY 10, 2025 AS TARDIVE DYSKINESIA AWARENESS WEEK","JOINT RESOLUTION DESIGNATING MAY 4, 2025 TO MAY 10, 2025 AS TARDIVE DYSKINESIA AWARENESS WEEK",1,2025-03-18,https://legiscan.com/ME/bill/SP0476/2025
ME,2008966,,JOINT RESOLUTION HONORING THE ROLE OF IRISH IMMIGRANTS AND IRISH-AMERICANS IN THE AMERICAN WAR OF INDEPENDENCE,JOINT RESOLUTION HONORING THE ROLE OF IRISH IMMIGRANTS AND IRISH-AMERICANS IN THE AMERICAN WAR OF INDEPENDENCE,1,2025-03-18,https://legiscan.com/ME/bill/SP0478/2025
ME,2011659,,JOINT RESOLUTION RECOGNIZING THE MAINE FOREST SERVICE FOR ITS 2024 OUT-OF-STATE MOBILIZATIONS,JOINT RESOLUTION RECOGNIZING THE MAINE FOREST SERVICE FOR ITS 2024 OUT-OF-STATE MOBILIZATIONS,1,2025-03-25,https://legiscan.com/ME/bill/SP0514/2025
ME,2012182,,Joint Order to Carry Over to the Next Special or Regular Session Matters Not Disposed of in the First Regular Session of the 132nd Legislature,Joint Order to Carry Over to the Next Special or Regular Session Matters Not Disposed of in the First Regular Session of the 132nd Legislature,1,2025-03-20,https://legiscan.com/ME/bill/SP0519/2025
ME,2014797,,"Joint Order, ORDERED, the House concurring, that when the Senate and House adjourn, they do so until Tuesday, April 1, 2025, at 10:00 in the morning, or until the call of the President of the Senate and the Speaker of the House, respectively.","Joint Order, ORDERED, the House concurring, that when the Senate and House adjourn, they do so until Tuesday, April 1, 2025, at 10:00 in the morning, or until the call of the President of the Senate and the Speaker of the House, respectively.",1,2025-03-27,https://legiscan.com/ME/bill/SP0551/2025
ME,2017016,,"JOINT RULE 308.2 LETTER, LDs 1339-1377","JOINT RULE 308.2 LETTER, LDs 1339-1377",1,2025-04-01,https://legiscan.com/ME/bill/SP0574/2025
ME,2018846,,"Joint Order, ORDERED, the House concurring, that when the Senate and House adjourn, they do so until Tuesday, April 8, 2025, at 10:00 in the morning, or until the call of the President of the Senate and the Speaker of the House, respectively.","Joint Order, ORDERED, the House concurring, that when the Senate and House adjourn, they do so until Tuesday, April 8, 2025, at 10:00 in the morning, or until the call of the President of the Senate and the Speaker of the House, respectively.",1,2025-04-03,https://legiscan.com/ME/bill/SP0600/2025
ME,2020519,,JOINT RESOLUTION RECOGNIZING MAINE'S REALTORS,JOINT RESOLUTION RECOGNIZING MAINE'S REALTORS,1,2025-04-17,https://legiscan.com/ME/bill/SP0609/2025
ME,2021991,,"Joint Order, ORDERED, the House concurring, that when the Senate and House adjourn, they do so until Tuesday, April 15, 2025, at 10:00 in the morning, or until the call of the President of the Senate and the Speaker of the House, respectively.","Joint Order, ORDERED, the House concurring, that when the Senate and House adjourn, they do so until Tuesday, April 15, 2025, at 10:00 in the morning, or until the call of the President of the Senate and the Speaker of the House, respectively.",1,2025-04-10,https://legiscan.com/ME/bill/SP0637/2025
ME,2022283,,JOINT RESOLUTION RECOGNIZING MAY 2025 AS JEWISH AMERICAN HERITAGE MONTH,JOINT RESOLUTION RECOGNIZING MAY 2025 AS JEWISH AMERICAN HERITAGE MONTH,1,2025-04-10,https://legiscan.com/ME/bill/SP0638/2025
ME,2023596,,"JOINT RULE 308.2 LETTER, LDs 1605, 1636-1645","JOINT RULE 308.2 LETTER, LDs 1605, 1636-1645",1,2025-04-15,https://legiscan.com/ME/bill/SP0654/2025
ME,2023972,,JOINT RESOLUTION RECOGNIZING ACCESS TO JUSTICE DAY PRESENTED BY MAINE'S JUSTICE ACTION GROUP,JOINT RESOLUTION RECOGNIZING ACCESS TO JUSTICE DAY PRESENTED BY MAINE'S JUSTICE ACTION GROUP,1,2025-04-17,https://legiscan.com/ME/bill/SP0662/2025
ME,2024332,,"Joint Order, ORDERED, the House concurring, that when the Senate and House adjourn, they do so until Tuesday, April 22, 2025, at 10:00 in the morning, or until the call of the President of the Senate and the Speaker of the House, respectively.","Joint Order, ORDERED, the House concurring, that when the Senate and House adjourn, they do so until Tuesday, April 22, 2025, at 10:00 in the morning, or until the call of the President of the Senate and the Speaker of the House, respectively.",1,2025-04-17,https://legiscan.com/ME/bill/SP0665/2025
ME,2025997,,"Joint Order, ORDERED, the House concurring, that when the Senate and House adjourn, they do so until Tuesday, April 29, 2025, at 10:00 in the morning, or until the call of the President of the Senate and the Speaker of the House, respectively.","Joint Order, ORDERED, the House concurring, that when the Senate and House adjourn, they do so until Tuesday, April 29, 2025, at 10:00 in the morning, or until the call of the President of the Senate and the Speaker of the House, respectively.",1,2025-04-24,https://legiscan.com/ME/bill/SP0693/2025
ME,2026541,,"JOINT RULE 308.2 LETTER, LDs 1803, 1804, 1805, 1814","JOINT RULE 308.2 LETTER, LDs 1803, 1804, 1805, 1814",1,2025-04-29,https://legiscan.com/ME/bill/SP0706/2025
ME,2027156,,"JOINT RESOLUTION RECOGNIZING MAY 1, 2025 AS PUREBRED DOG DAY","JOINT RESOLUTION RECOGNIZING MAY 1, 2025 AS PUREBRED DOG DAY",1,2025-04-30,https://legiscan.com/ME/bill/SP0713/2025
ME,2027147,,"Joint Order, ORDERED, the House concurring, that when the Senate and House adjourn, they do so until Tuesday, May 6, 2025, at 10:00 in the morning, or until the call of the President of the Senate and the Speaker of the House, respectively.","Joint Order, ORDERED, the House concurring, that when the Senate and House adjourn, they do so until Tuesday, May 6, 2025, at 10:00 in the morning, or until the call of the President of the Senate and the Speaker of the House, respectively.",1,2025-04-30,https://legiscan.com/ME/bill/SP0719/2025
ME,2027112,,An Act to Amend the Laws Affecting Insurance,An Act to Amend the Laws Affecting Insurance,1,2025-05-15,https://legiscan.com/ME/bill/SP0720/2025
ME,2027176,,Joint Order to Amend Joint Rule 308,Joint Order to Amend Joint Rule 308,6,2025-05-14,https://legiscan.com/ME/bill/SP0726/2025
ME,2028561,,"JOINT RULE 308.2 LETTER, LDs 1857-1871, 1902","JOINT RULE 308.2 LETTER, LDs 1857-1871, 1902",1,2025-05-06,https://legiscan.com/ME/bill/SP0743/2025
ME,2028974,,"Joint Order, ORDERED, the House concurring, that when the Senate and House adjourn, they do so until Tuesday, May 13, 2025, at 10:00 in the morning, or until the call of the President of the Senate and the Speaker of the House, respectively.","Joint Order, ORDERED, the House concurring, that when the Senate and House adjourn, they do so until Tuesday, May 13, 2025, at 10:00 in the morning, or until the call of the President of the Senate and the Speaker of the House, respectively.",1,2025-05-07,https://legiscan.com/ME/bill/SP0759/2025
ME,2030672,,"Joint Order, ORDERED, the House concurring, that when the Senate and House adjourn, they do so until Tuesday, May 20, 2025, at 10:00 in the morning, or until the call of the President of the Senate and the Speaker of the House, respectively","Joint Order, ORDERED, the House concurring, that when the Senate and House adjourn, they do so until Tuesday, May 20, 2025, at 10:00 in the morning, or until the call of the President of the Senate and the Speaker of the House, respectively",1,2025-05-14,https://legiscan.com/ME/bill/SP0774/2025
ME,2031370,,JOINT RESOLUTION RECOGNIZING MAY 2025 AS CELIAC DISEASE AWARENESS MONTH,JOINT RESOLUTION RECOGNIZING MAY 2025 AS CELIAC DISEASE AWARENESS MONTH,1,2025-05-20,https://legiscan.com/ME/bill/SP0777/2025
ME,2032611,,JOINT RESOLUTION RECOGNIZING THE 50TH ANNIVERSARY OF THE LAST UNITED STATES COMBAT MISSION IN SOUTHEAST ASIA AT THE END OF THE VIETNAM WAR,JOINT RESOLUTION RECOGNIZING THE 50TH ANNIVERSARY OF THE LAST UNITED STATES COMBAT MISSION IN SOUTHEAST ASIA AT THE END OF THE VIETNAM WAR,1,2025-05-20,https://legiscan.com/ME/bill/SP0778/2025
ME,2032576,,JOINT RESOLUTION RECOGNIZING MAY 2025 AS MAINE TREATMENT AND RECOVERY COURT MONTH,JOINT RESOLUTION RECOGNIZING MAY 2025 AS MAINE TREATMENT AND RECOVERY COURT MONTH,1,2025-05-20,https://legiscan.com/ME/bill/SP0779/2025
ME,2032643,,"JOINT RESOLUTION TO REAFFIRM THE FRIENDSHIP BETWEEN MAINE AND TAIWAN, ENHANCE BILATERAL TRADE RELATIONS WITH TAIWAN AND SUPPORT TAIWAN'S INTERNATIONAL PARTICIPATION","JOINT RESOLUTION TO REAFFIRM THE FRIENDSHIP BETWEEN MAINE AND TAIWAN, ENHANCE BILATERAL TRADE RELATIONS WITH TAIWAN AND SUPPORT TAIWAN'S INTERNATIONAL PARTICIPATION",1,2025-05-20,https://legiscan.com/ME/bill/SP0780/2025
ME,2032957,,JOINT RESOLUTION RECOGNIZING MAY 2025 AS AMYOTROPHIC LATERAL SCLEROSIS AWARENESS MONTH,JOINT RESOLUTION RECOGNIZING MAY 2025 AS AMYOTROPHIC LATERAL SCLEROSIS AWARENESS MONTH,1,2025-05-21,https://legiscan.com/ME/bill/SP0781/2025
ME,2032961,,"Joint Order, ORDERED, the House concurring, that when the Senate and House adjourn, they do so until Tuesday, May 27, 2025, at 10:00 in the morning, or until the call of the President of the Senate and the Speaker of the House, respectively","Joint Order, ORDERED, the House concurring, that when the Senate and House adjourn, they do so until Tuesday, May 27, 2025, at 10:00 in the morning, or until the call of the President of the Senate and the Speaker of the House, respectively",1,2025-05-22,https://legiscan.com/ME/bill/SP0782/2025
ME,2033880,,JOINT RESOLUTION RECOGNIZING MAY 2025 AS NATIONAL ARTHRITIS AWARENESS MONTH,JOINT RESOLUTION RECOGNIZING MAY 2025 AS NATIONAL ARTHRITIS AWARENESS MONTH,1,2025-05-27,https://legiscan.com/ME/bill/SP0784/2025
ME,2033984,,"JOINT RESOLUTION RECOGNIZING MAY 18, 2025 AS ASIAN AMERICAN AND PACIFIC ISLANDER DAY AGAINST BULLYING AND HATE","JOINT RESOLUTION RECOGNIZING MAY 18, 2025 AS ASIAN AMERICAN AND PACIFIC ISLANDER DAY AGAINST BULLYING AND HATE",1,2025-05-28,https://legiscan.com/ME/bill/SP0785/2025
ME,2034282,,JOINT RESOLUTION DESIGNATING MAY 2025 AS CYSTIC FIBROSIS AWARENESS MONTH IN MAINE,JOINT RESOLUTION DESIGNATING MAY 2025 AS CYSTIC FIBROSIS AWARENESS MONTH IN MAINE,1,2025-05-29,https://legiscan.com/ME/bill/SP0786/2025
ME,2034260,,"Joint Order, ORDERED, the House concurring, that when the Senate and House adjourn, they do so until Monday,June 2, 2025, at 10:00 in the morning, or until the call of the President of the Senate and the Speaker of the House, respectively","Joint Order, ORDERED, the House concurring, that when the Senate and House adjourn, they do so until Monday,June 2, 2025, at 10:00 in the morning, or until the call of the President of the Senate and the Speaker of the House, respectively",1,2025-05-29,https://legiscan.com/ME/bill/SP0787/2025
ME,2035550,,"Joint Order, ORDERED, the House concurring, that when the Senate and House adjourn, they do so until Monday,June 9, 2025, at 10:00 in the morning, or until the call of the President of the Senate and the Speaker of the House, respectively","Joint Order, ORDERED, the House concurring, that when the Senate and House adjourn, they do so until Monday,June 9, 2025, at 10:00 in the morning, or until the call of the President of the Senate and the Speaker of the House, respectively",1,2025-06-05,https://legiscan.com/ME/bill/SP0788/2025
ME,2035831,,"Joint Order, to Waive the Requirement to Hold a Public Hearing on L.D. 1378, I.B. 2, An Act to Protect Maine Communities by Enacting the Extreme Risk Protection Order Act","Joint Order, to Waive the Requirement to Hold a Public Hearing on L.D. 1378, I.B. 2, An Act to Protect Maine Communities by Enacting the Extreme Risk Protection Order Act",6,2025-06-05,https://legiscan.com/ME/bill/SP0789/2025
ME,2035829,,"Joint Order, to Require the Legislative Council to Hold a Public Hearing on L.D. 1378, I.B. 2, An Act to Protect Maine Communities by Enacting the Extreme Risk Protection Order Act","Joint Order, to Require the Legislative Council to Hold a Public Hearing on L.D. 1378, I.B. 2, An Act to Protect Maine Communities by Enacting the Extreme Risk Protection Order Act",6,2025-06-05,https://legiscan.com/ME/bill/SP0790/2025
ME,2035827,,"Joint Order, to Require the Adjournment Sine Die of the First Special Session of the 132nd Legislature","Joint Order, to Require the Adjournment Sine Die of the First Special Session of the 132nd Legislature",6,2025-06-05,https://legiscan.com/ME/bill/SP0791/2025
ME,2036386,,"Joint Order, to Recall from the Governor's Desk to the Senate L.D. 1514, An Act to Change the Laws Regarding Real Estate Appraisers","Joint Order, to Recall from the Governor's Desk to the Senate L.D. 1514, An Act to Change the Laws Regarding Real Estate Appraisers",1,2025-06-09,https://legiscan.com/ME/bill/SP0792/2025
ME,2036569,,JOINT RESOLUTION RECOGNIZING NATIONAL HOSPITAL WEEK AND THE EXEMPLARY CARDIAC CARE TEAM AT NORTHERN LIGHT EASTERN MAINE MEDICAL CENTER,JOINT RESOLUTION RECOGNIZING NATIONAL HOSPITAL WEEK AND THE EXEMPLARY CARDIAC CARE TEAM AT NORTHERN LIGHT EASTERN MAINE MEDICAL CENTER,1,2025-06-11,https://legiscan.com/ME/bill/SP0793/2025
ME,2037609,,"JOINT RESOLUTION TO RECOGNIZE THE OBSERVANCE OF JUNETEENTH ON JUNE 19, 2025","JOINT RESOLUTION TO RECOGNIZE THE OBSERVANCE OF JUNETEENTH ON JUNE 19, 2025",1,2025-06-18,https://legiscan.com/ME/bill/SP0795/2025
ME,2037611,,"Joint Order, ORDERED, the House concurring, that when the Senate and House adjourn, they do so until the call of the President of the Senate and the Speaker of the House, respectively.","Joint Order, ORDERED, the House concurring, that when the Senate and House adjourn, they do so until the call of the President of the Senate and the Speaker of the House, respectively.",1,2025-06-18,https://legiscan.com/ME/bill/SP0796/2025
ME,2038049,,"Joint Order, to Recall from the Governor's Desk to the Senate L.D. 1666, An Act to Include in the Ranked-choice Election Method for General and Special Elections the Offices of Governor, State Senator and State Representative and to Make Other Related Changes","Joint Order, to Recall from the Governor's Desk to the Senate L.D. 1666, An Act to Include in the Ranked-choice Election Method for General and Special Elections the Offices of Governor, State Senator and State Representative and to Make Other Related Changes",1,2025-06-25,https://legiscan.com/ME/bill/SP0797/2025
ME,2038085,,"Joint Order, to Recall from the Governor's Desk to the Senate L.D. 1018, An Act to Protect Health Care for Rural and Underserved Areas by Prohibiting Discrimination by Participants in a Federal Drug Discount Program","Joint Order, to Recall from the Governor's Desk to the Senate L.D. 1018, An Act to Protect Health Care for Rural and Underserved Areas by Prohibiting Discrimination by Participants in a Federal Drug Discount Program",1,2025-06-25,https://legiscan.com/ME/bill/SP0798/2025
ME,2038182,,"Joint Order, to Require the Joint Standing Committee on Appropriations and Financial Affairs to Report Out 2 Bills to the Senate","Joint Order, to Require the Joint Standing Committee on Appropriations and Financial Affairs to Report Out 2 Bills to the Senate",6,2025-06-25,https://legiscan.com/ME/bill/SP0799/2025
ME,2038183,,"Joint Order, to Carry Over Certain Matters from the First Special Session of the 132nd Legislature","Joint Order, to Carry Over Certain Matters from the First Special Session of the 132nd Legislature",1,2025-06-25,https://legiscan.com/ME/bill/SP0800/2025
ME,2057498,,"JOINT RULE 308.2 LETTER, LD 2004, 2006, 1992, 2003, 2008, 1989, 1996, 2001, 1990, 1998, 2005, 1995, 1999, 1994, 1997, 1993, 1991, 2002, 2009, 2000, 2007.","JOINT RULE 308.2 LETTER, LD 2004, 2006, 1992, 2003, 2008, 1989, 1996, 2001, 1990, 1998, 2005, 1995, 1999, 1994, 1997, 1993, 1991, 2002, 2009, 2000, 2007.",1,2026-01-07,https://legiscan.com/ME/bill/SP0829/2025
ME,2058921,,"JOINT RULE 308.2 LETTER, LD 2045, 2046, 2043, 2042, 2044, 2047, 2048.","JOINT RULE 308.2 LETTER, LD 2045, 2046, 2043, 2042, 2044, 2047, 2048.",1,2026-01-07,https://legiscan.com/ME/bill/SP0842/2025
ME,2060408,,"JOINT RULE 308.2 LETTER, LD LD 2058, 2064, 2063, 2065, 2066, 2056, 2060, 2061, 2057, 2059, 2067, 2062.","JOINT RULE 308.2 LETTER, LD LD 2058, 2064, 2063, 2065, 2066, 2056, 2060, 2061, 2057, 2059, 2067, 2062.",1,2026-01-07,https://legiscan.com/ME/bill/SP0857/2025
ME,2065421,,"Joint Order, ORDERED, the House concurring, that when the Senate and House adjourn, they do so until Tuesday, January 13, 2026, at 10:00 in the morning, or until the call of the President of the Senate and the Speaker of the House, respectively","Joint Order, ORDERED, the House concurring, that when the Senate and House adjourn, they do so until Tuesday, January 13, 2026, at 10:00 in the morning, or until the call of the President of the Senate and the Speaker of the House, respectively",1,2026-01-07,https://legiscan.com/ME/bill/SP0868/2025
ME,2065414,,Joint Order to Recall Legislative Document 1643 from the Governor's Desk,Joint Order to Recall Legislative Document 1643 from the Governor's Desk,1,2026-01-07,https://legiscan.com/ME/bill/SP0869/2025
ME,2065337,,"Joint Order, to Recall Legislative Document 1965 from the Governor's Desk","Joint Order, to Recall Legislative Document 1965 from the Governor's Desk",1,2026-01-07,https://legiscan.com/ME/bill/SP0870/2025
ME,2065351,,Joint Order to Recall Legislative Document 1955 from the Governor's Desk,Joint Order to Recall Legislative Document 1955 from the Governor's Desk,1,2026-01-07,https://legiscan.com/ME/bill/SP0873/2025
ME,2067478,,"Joint Order, to Recall from the Governor's Desk to the Senate L.D. 1488, An Act Regarding Cannabis Testing and the Manufacture of Cannabis and Hemp Products","Joint Order, to Recall from the Governor's Desk to the Senate L.D. 1488, An Act Regarding Cannabis Testing and the Manufacture of Cannabis and Hemp Products",1,2026-01-07,https://legiscan.com/ME/bill/SP0876/2025
ME,2072564,,"Joint Order, ORDERED, the House concurring, that when the Senate and House adjourn, they do so until Tuesday, January 20, 2026, at 10:00 in the morning, or until the call of the President of the Senate and the Speaker of the House, respectively","Joint Order, ORDERED, the House concurring, that when the Senate and House adjourn, they do so until Tuesday, January 20, 2026, at 10:00 in the morning, or until the call of the President of the Senate and the Speaker of the House, respectively",1,2026-01-13,https://legiscan.com/ME/bill/SP0877/2025
ME,2078087,,"Ordered, the House concurring, that when the Senate and House adjourn, they do so until Tuesday, January 27, 2026, at 10:00 in the morning, or until the call of the President of the Senate and the Speaker of the House, respectively","Ordered, the House concurring, that when the Senate and House adjourn, they do so until Tuesday, January 27, 2026, at 10:00 in the morning, or until the call of the President of the Senate and the Speaker of the House, respectively",1,2026-01-20,https://legiscan.com/ME/bill/SP0878/2025
ME,2086597,,"JOINT RESOLUTION TO COMMEMORATE MARTIN LUTHER KING, JR. DAY","JOINT RESOLUTION TO COMMEMORATE MARTIN LUTHER KING, JR. DAY",1,2026-01-20,https://legiscan.com/ME/bill/SP0880/2025
ME,2092159,,"Ordered, the House concurring, that when the Senate and House adjourn, they do so until Tuesday, February 3, 2026, at 10:00 in the morning, or until the call of the President of the Senate and the Speaker of the House, respectively","Ordered, the House concurring, that when the Senate and House adjourn, they do so until Tuesday, February 3, 2026, at 10:00 in the morning, or until the call of the President of the Senate and the Speaker of the House, respectively",1,2026-01-27,https://legiscan.com/ME/bill/SP0882/2025
ME,2103398,,"Ordered, the House concurring, that when the Senate and House adjourn, they do so until Tuesday, February 10, 2026, at 10:00 in the morning, or until the call of the President of the Senate and the Speaker of the House, respectively.","Ordered, the House concurring, that when the Senate and House adjourn, they do so until Tuesday, February 10, 2026, at 10:00 in the morning, or until the call of the President of the Senate and the Speaker of the House, respectively.",1,2026-02-03,https://legiscan.com/ME/bill/SP0888/2025
ME,2113448,,"Joint Order, Propounding a Question to the Supreme Judicial Court Regarding the Use of Ranked-choice Voting in Elections Requiring a Plurality of Votes","Joint Order, Propounding a Question to the Supreme Judicial Court Regarding the Use of Ranked-choice Voting in Elections Requiring a Plurality of Votes",1,2026-02-10,https://legiscan.com/ME/bill/SP0900/2025
ME,2113325,,JOINT RESOLUTION RECOGNIZING FEBRUARY 2026 AS BLACK HISTORY MONTH ON ITS 100TH ANNIVERSARY,JOINT RESOLUTION RECOGNIZING FEBRUARY 2026 AS BLACK HISTORY MONTH ON ITS 100TH ANNIVERSARY,1,2026-02-12,https://legiscan.com/ME/bill/SP0901/2025
ME,2115101,,"ORDERED, the House concurring, that when the Senate and House adjourn, they do so until Tuesday, February 24, 2026, at 10:00 in the morning, or until the call of the President of the Senate and the Speaker of the House, respectively.","ORDERED, the House concurring, that when the Senate and House adjourn, they do so until Tuesday, February 24, 2026, at 10:00 in the morning, or until the call of the President of the Senate and the Speaker of the House, respectively.",1,2026-02-12,https://legiscan.com/ME/bill/SP0902/2025
ME,2123781,,"ORDERED, the House concurring, that when the Senate and House adjourn, they do so until Tuesday, March 3, 2026, at 10:00 in the morning, or until the call of the President of the Senate and the Speaker of the House, respectively.","ORDERED, the House concurring, that when the Senate and House adjourn, they do so until Tuesday, March 3, 2026, at 10:00 in the morning, or until the call of the President of the Senate and the Speaker of the House, respectively.",1,2026-02-26,https://legiscan.com/ME/bill/SP0906/2025
ME,2128030,,JOINT RESOLUTION RECOGNIZING MAINE'S REALTORS,JOINT RESOLUTION RECOGNIZING MAINE'S REALTORS,1,2026-03-03,https://legiscan.com/ME/bill/SP0909/2025
ME,2129113,,"ORDERED, the House concurring, that when the Senate and House adjourn, they do so until Tuesday, March 10, 2026, at 10:00 in the morning, or until the call of the President of the Senate and the Speaker of the House, respectively.","ORDERED, the House concurring, that when the Senate and House adjourn, they do so until Tuesday, March 10, 2026, at 10:00 in the morning, or until the call of the President of the Senate and the Speaker of the House, respectively.",1,2026-03-05,https://legiscan.com/ME/bill/SP0910/2025
ME,2132502,,JOINT RESOLUTION RECOGNIZING WOMEN'S HISTORY MONTH AND INTERNATIONAL WOMEN'S DAY,JOINT RESOLUTION RECOGNIZING WOMEN'S HISTORY MONTH AND INTERNATIONAL WOMEN'S DAY,1,2026-03-12,https://legiscan.com/ME/bill/SP0913/2025
ME,2132409,,"ORDERED, the House concurring, that when the Senate and House adjourn, they do so until Tuesday, March 17, 2026, at 10:00 in the morning, or until the call of the President of the Senate and the Speaker of the House, respectively.","ORDERED, the House concurring, that when the Senate and House adjourn, they do so until Tuesday, March 17, 2026, at 10:00 in the morning, or until the call of the President of the Senate and the Speaker of the House, respectively.",1,2026-03-12,https://legiscan.com/ME/bill/SP0914/2025
ME,2135978,,"ORDERED, the House concurring, that when the Senate and House adjourn, they do so until Tuesday, March 24, 2026, at 10:00 in the morning, or until the call of the President of the Senate and the Speaker of the House, respectively.","ORDERED, the House concurring, that when the Senate and House adjourn, they do so until Tuesday, March 24, 2026, at 10:00 in the morning, or until the call of the President of the Senate and the Speaker of the House, respectively.",1,2026-03-19,https://legiscan.com/ME/bill/SP0916/2025
ME,2138198,,"Ordered, the House concurring, that when the Senate and House adjourn, they do so until Monday, March 30, 2026, at 10:00 in the morning, or until the call of the President of the Senate and the Speaker of the House, respectively.","Ordered, the House concurring, that when the Senate and House adjourn, they do so until Monday, March 30, 2026, at 10:00 in the morning, or until the call of the President of the Senate and the Speaker of the House, respectively.",0,,https://legiscan.com/ME/bill/SP0918/2025
