state,bill_id,bill_number,title,description,status,status_date,url
NC,1945804,,Entry Fees for Interscholastic Sports Events,Entry Fees for Interscholastic Sports Events,2,2025-03-06,https://legiscan.com/NC/bill/H2/2025
NC,1945932,,Various Local Election Changes II,Various Local Election Changes II,4,2025-06-25,https://legiscan.com/NC/bill/H3/2025
NC,1945482,,Sam&#x27;s Law,Sam&#x27;s Law,2,2025-05-07,https://legiscan.com/NC/bill/H4/2025
NC,1945854,,NC Constitutional Carry Act,NC Constitutional Carry Act,1,2025-01-29,https://legiscan.com/NC/bill/H5/2025
NC,1945897,,Pamlico Co. Muni. Even-Yr. Elect,Pamlico Co. Muni. Even-Yr. Elect,2,2025-03-06,https://legiscan.com/NC/bill/H6/2025
NC,1945511,,NC REACH Act,NC REACH Act,1,2025-01-29,https://legiscan.com/NC/bill/H7/2025
NC,1945945,,NC Managing Environmental Waste Act of 2025,NC Managing Environmental Waste Act of 2025,2,2025-07-31,https://legiscan.com/NC/bill/H8/2025
NC,1945975,,Firearm Discharge/Preempt Local Ordinance,Firearm Discharge/Preempt Local Ordinance,1,2025-01-29,https://legiscan.com/NC/bill/H9/2025
NC,1945698,,Study State Travel Allowance Reimbursements,Study State Travel Allowance Reimbursements,1,2025-01-29,https://legiscan.com/NC/bill/H10/2025
NC,1945962,,"No Tax on Tips, Overtime, Bonus Pay","No Tax on Tips, Overtime, Bonus Pay",1,2025-01-29,https://legiscan.com/NC/bill/H11/2025
NC,1945459,,Observe Standard Time All Year,Observe Standard Time All Year,1,2025-01-29,https://legiscan.com/NC/bill/H12/2025
NC,1945680,,Charges for Credit &amp; Charge Cards,Charges for Credit &amp; Charge Cards,1,2025-01-29,https://legiscan.com/NC/bill/H13/2025
NC,1945666,,"Gambling Loss Tax Deduct, NC Sound Money Act","Gambling Loss Tax Deduct, NC Sound Money Act",1,2025-01-29,https://legiscan.com/NC/bill/H14/2025
NC,1945912,,Support Private Property Rights,Support Private Property Rights,2,2025-04-03,https://legiscan.com/NC/bill/H15/2025
NC,1945469,,General Assembly: In God We Trust - Display,General Assembly: In God We Trust - Display,2,2025-03-26,https://legiscan.com/NC/bill/H16/2025
NC,1945530,,Various Local Election Changes,Various Local Election Changes,4,2025-06-04,https://legiscan.com/NC/bill/H17/2025
NC,1946321,,Fair Maps Act,Fair Maps Act,1,2025-01-29,https://legiscan.com/NC/bill/H20/2025
NC,1946158,,Drivers License Designation/Autism,Drivers License Designation/Autism,2,2025-03-19,https://legiscan.com/NC/bill/H21/2025
NC,1946442,,Fire Investigation Law Revisions,Fire Investigation Law Revisions,1,2025-01-29,https://legiscan.com/NC/bill/H22/2025
NC,1946281,,Various State and Local Gov&#x27;t Provisions,Various State and Local Gov&#x27;t Provisions,4,2025-07-07,https://legiscan.com/NC/bill/H23/2025
NC,1946401,,Restore Down-Zoning Authority,Restore Down-Zoning Authority,1,2025-01-29,https://legiscan.com/NC/bill/H24/2025
NC,1946199,,Restore Down-Zoning Auth./Stanly &amp; Catawba,Restore Down-Zoning Auth./Stanly &amp; Catawba,1,2025-01-29,https://legiscan.com/NC/bill/H25/2025
NC,1947196,,Various Local Provisions I,Various Local Provisions I,4,2025-06-25,https://legiscan.com/NC/bill/H26/2025
NC,1946726,,SchCalFlex/Alamance/Open Cal,SchCalFlex/Alamance/Open Cal,1,2025-01-29,https://legiscan.com/NC/bill/H27/2025
NC,1947919,,Gun Violence Prevention Act,Gun Violence Prevention Act,2,2025-03-19,https://legiscan.com/NC/bill/H28/2025
NC,1948554,,Use Tribal ID for Alcohol &amp; Tobacco Purchase,Use Tribal ID for Alcohol &amp; Tobacco Purchase,1,2025-01-30,https://legiscan.com/NC/bill/H29/2025
NC,1951728,,"SchCalFlex/WS-F,Stokes,Davdsn/Aug11 &amp; Assmnts","SchCalFlex/WS-F,Stokes,Davdsn/Aug11 &amp; Assmnts",1,2025-02-03,https://legiscan.com/NC/bill/H30/2025
NC,1951553,,Make Election Day A State Holiday,Make Election Day A State Holiday,1,2025-02-03,https://legiscan.com/NC/bill/H31/2025
NC,1951752,,China Grove Even Year Elections,China Grove Even Year Elections,2,2025-03-06,https://legiscan.com/NC/bill/H32/2025
NC,1951451,,"SchCalFlex/Yadkin, Davie/CC","SchCalFlex/Yadkin, Davie/CC",1,2025-02-03,https://legiscan.com/NC/bill/H33/2025
NC,1951526,,Establish Larceny of Mail Offense,Establish Larceny of Mail Offense,2,2025-03-05,https://legiscan.com/NC/bill/H34/2025
NC,1951407,,Establish Military Appreciation Month,Establish Military Appreciation Month,2,2025-03-19,https://legiscan.com/NC/bill/H35/2025
NC,1951604,,Maintenance of State Veterans Cemeteries,Maintenance of State Veterans Cemeteries,1,2025-02-03,https://legiscan.com/NC/bill/H36/2025
NC,1951426,,Enhance Firefighter Benefits &amp; Representation,Enhance Firefighter Benefits &amp; Representation,2,2025-03-19,https://legiscan.com/NC/bill/H37/2025
NC,1951476,,Second Amendment Financial Privacy Act,Second Amendment Financial Privacy Act,2,2025-04-29,https://legiscan.com/NC/bill/H38/2025
NC,1952098,,Disabled Veteran Motor Vehicle Tax Exclusion,Disabled Veteran Motor Vehicle Tax Exclusion,1,2025-02-03,https://legiscan.com/NC/bill/H39/2025
NC,1951781,,Various GSC Recommendations,Various GSC Recommendations,4,2025-06-26,https://legiscan.com/NC/bill/H40/2025
NC,1951940,,Lincoln/Catawba Common Boundary Line,Lincoln/Catawba Common Boundary Line,1,2025-02-03,https://legiscan.com/NC/bill/H41/2025
NC,1952255,,Back the Blue Pay Act,Back the Blue Pay Act,2,2025-03-05,https://legiscan.com/NC/bill/H42/2025
NC,1953764,,Designate State Balloon Rally,Designate State Balloon Rally,2,2025-03-12,https://legiscan.com/NC/bill/H43/2025
NC,1953970,,GSC Electronic Signatures,GSC Electronic Signatures,2,2025-02-27,https://legiscan.com/NC/bill/H44/2025
NC,1953698,,GSC Moral Turpitude/Occupational Licensure,GSC Moral Turpitude/Occupational Licensure,1,2025-02-04,https://legiscan.com/NC/bill/H45/2025
NC,1953556,,Make Healthcare Affordable,Make Healthcare Affordable,1,2025-02-04,https://legiscan.com/NC/bill/H46/2025
NC,1953835,,Disaster Recovery Act of 2025 - Part I,Disaster Recovery Act of 2025 - Part I,4,2025-03-20,https://legiscan.com/NC/bill/H47/2025
NC,1953425,,Increase UI Max Benefit/2025 UI Tax Credit,Increase UI Max Benefit/2025 UI Tax Credit,2,2025-02-27,https://legiscan.com/NC/bill/H48/2025
NC,1954770,,Filial Debt Fairness Act,Filial Debt Fairness Act,1,2025-02-04,https://legiscan.com/NC/bill/H49/2025
NC,1955027,,LEO Special Separation Allowance Options,LEO Special Separation Allowance Options,4,2025-06-13,https://legiscan.com/NC/bill/H50/2025
NC,1954066,,"SchCalFlex/Orange,CH-Car,Caswell/CC &amp; Assmnts","SchCalFlex/Orange,CH-Car,Caswell/CC &amp; Assmnts",1,2025-02-04,https://legiscan.com/NC/bill/H51/2025
NC,1954942,,Protect Those Who Serve &amp; Protect Act of 2025,Protect Those Who Serve &amp; Protect Act of 2025,2,2025-03-12,https://legiscan.com/NC/bill/H52/2025
NC,1954238,,Increase Accident Thresholds/Safe Driver Plan,Increase Accident Thresholds/Safe Driver Plan,2,2025-04-10,https://legiscan.com/NC/bill/H53/2025
NC,1954412,,Funds for NC APSE,Funds for NC APSE,1,2025-02-04,https://legiscan.com/NC/bill/H54/2025
NC,1954151,,Funds for the IGNITE Program,Funds for the IGNITE Program,1,2025-02-04,https://legiscan.com/NC/bill/H55/2025
NC,1954328,,UNC Enrollment,UNC Enrollment,2,2025-05-05,https://legiscan.com/NC/bill/H56/2025
NC,1954593,,Adopt State Veterans Museum,Adopt State Veterans Museum,2,2025-05-05,https://legiscan.com/NC/bill/H57/2025
NC,1954857,,Various Local Elections,Various Local Elections,4,2025-03-27,https://legiscan.com/NC/bill/H58/2025
NC,1955169,,Modify Homestead Exclusions,Modify Homestead Exclusions,1,2025-02-04,https://legiscan.com/NC/bill/H59/2025
NC,1955445,,Modernize Medicaid Dental Rates,Modernize Medicaid Dental Rates,1,2025-02-04,https://legiscan.com/NC/bill/H60/2025
NC,1955309,,Assaults on First Responders,Assaults on First Responders,1,2025-02-04,https://legiscan.com/NC/bill/H61/2025
NC,1956373,,Farmers Protection Act,Farmers Protection Act,1,2025-02-05,https://legiscan.com/NC/bill/H62/2025
NC,1956515,,Town of Andrews/Deannexation,Town of Andrews/Deannexation,2,2025-04-10,https://legiscan.com/NC/bill/H63/2025
NC,1956241,,Const. Amend. &#x2013; Gubernatorial Clemency,Const. Amend. &#x2013; Gubernatorial Clemency,1,2025-02-05,https://legiscan.com/NC/bill/H64/2025
NC,1957149,,Sigma Gamma Rho Special Registration Plate,Sigma Gamma Rho Special Registration Plate,1,2025-02-05,https://legiscan.com/NC/bill/H65/2025
NC,1957038,,Reduce Early Voting Period,Reduce Early Voting Period,1,2025-02-05,https://legiscan.com/NC/bill/H66/2025
NC,1957485,,Healthcare Workforce Reforms,Healthcare Workforce Reforms,4,2025-07-01,https://legiscan.com/NC/bill/H67/2025
NC,1958310,,Restore Down-Zoning Auth./Granville &amp; Vance,Restore Down-Zoning Auth./Granville &amp; Vance,1,2025-02-05,https://legiscan.com/NC/bill/H68/2025
NC,1958931,,Military and Veterans Educational Promise Act,Military and Veterans Educational Promise Act,2,2025-04-16,https://legiscan.com/NC/bill/H69/2025
NC,1958831,,SchCalFlex/Hertford/CC,SchCalFlex/Hertford/CC,1,2025-02-06,https://legiscan.com/NC/bill/H70/2025
NC,1959227,,Respiratory Care Modernization Act,Respiratory Care Modernization Act,2,2025-04-03,https://legiscan.com/NC/bill/H71/2025
NC,1963512,,AG/Restrict Challenge to Presidential EOs,AG/Restrict Challenge to Presidential EOs,1,2025-02-10,https://legiscan.com/NC/bill/H72/2025
NC,1963428,,Energy Security Act of 2025,Energy Security Act of 2025,1,2025-02-10,https://legiscan.com/NC/bill/H73/2025
NC,1963467,,House Budget Technical Corrections,House Budget Technical Corrections,4,2025-05-15,https://legiscan.com/NC/bill/H74/2025
NC,1963479,,Pharmaceutical Full Disclosure Act,Pharmaceutical Full Disclosure Act,1,2025-02-10,https://legiscan.com/NC/bill/H75/2025
NC,1963500,,Protect Access to In Vitro Fertilization,Protect Access to In Vitro Fertilization,1,2025-02-10,https://legiscan.com/NC/bill/H76/2025
NC,1963421,,Environmental Justice,Environmental Justice,1,2025-02-10,https://legiscan.com/NC/bill/H77/2025
NC,1963535,,Prohibit LEO w/ICE Churches/Schools/Hospitals,Prohibit LEO w/ICE Churches/Schools/Hospitals,1,2025-02-10,https://legiscan.com/NC/bill/H78/2025
NC,1963531,,North Carolina Work and Save,North Carolina Work and Save,1,2025-02-10,https://legiscan.com/NC/bill/H79/2025
NC,1963396,,Prohibit LEO w/ICE at Farm/Construct. Sites,Prohibit LEO w/ICE at Farm/Construct. Sites,1,2025-02-10,https://legiscan.com/NC/bill/H80/2025
NC,1963541,,Restrict Use of Vehicle Telematics,Restrict Use of Vehicle Telematics,1,2025-02-10,https://legiscan.com/NC/bill/H81/2025
NC,1963519,,Study Commission for LEA Size,Study Commission for LEA Size,1,2025-02-10,https://legiscan.com/NC/bill/H82/2025
NC,1963457,,Revise Laws Governing Minors,Revise Laws Governing Minors,2,2025-04-03,https://legiscan.com/NC/bill/H83/2025
NC,1963402,,The Pollinator Protection Act,The Pollinator Protection Act,1,2025-02-10,https://legiscan.com/NC/bill/H84/2025
NC,1963390,,Removal of Precinct Officials,Removal of Precinct Officials,1,2025-02-10,https://legiscan.com/NC/bill/H85/2025
NC,1963495,,Citizens&#x27; Expungement Clarification of 2025,Citizens&#x27; Expungement Clarification of 2025,1,2025-02-10,https://legiscan.com/NC/bill/H86/2025
NC,1963485,,Educational Choice for Children Act (ECCA),Educational Choice for Children Act (ECCA),5,2025-08-06,https://legiscan.com/NC/bill/H87/2025
NC,1963444,,SchCalFlex/Wilson/Open Cal,SchCalFlex/Wilson/Open Cal,1,2025-02-10,https://legiscan.com/NC/bill/H88/2025
NC,1963471,,University Vaccination Freedom Act,University Vaccination Freedom Act,1,2025-02-10,https://legiscan.com/NC/bill/H89/2025
NC,1963439,,State &amp; Local Gov&#x27;t Retirees COLA,State &amp; Local Gov&#x27;t Retirees COLA,1,2025-02-10,https://legiscan.com/NC/bill/H90/2025
NC,1963451,,Define Armed Forces/Religious Prop. Tax Excl,Define Armed Forces/Religious Prop. Tax Excl,4,2025-06-26,https://legiscan.com/NC/bill/H91/2025
NC,1963824,,NC Digital Assets Investments Act,NC Digital Assets Investments Act,2,2025-05-01,https://legiscan.com/NC/bill/H92/2025
NC,1963686,,Constitutional Amendment/Repeal Literacy Test,Constitutional Amendment/Repeal Literacy Test,1,2025-02-10,https://legiscan.com/NC/bill/H93/2025
NC,1963964,,Dis. Veteran Homestead Excl. Prequalification,Dis. Veteran Homestead Excl. Prequalification,2,2025-05-07,https://legiscan.com/NC/bill/H94/2025
NC,1964466,,Threaten Elected Official/Increase Punishment,Threaten Elected Official/Increase Punishment,2,2025-03-20,https://legiscan.com/NC/bill/H95/2025
NC,1965031,,Expedited Removal of Unauthorized Persons,Expedited Removal of Unauthorized Persons,5,2025-07-09,https://legiscan.com/NC/bill/H96/2025
NC,1964801,,Support Firefighters Fighting Cancer,Support Firefighters Fighting Cancer,2,2025-05-01,https://legiscan.com/NC/bill/H97/2025
NC,1964968,,Patriotism Expression Act,Patriotism Expression Act,1,2025-02-11,https://legiscan.com/NC/bill/H98/2025
NC,1964894,,Reflexologists Right to Work Act,Reflexologists Right to Work Act,1,2025-02-11,https://legiscan.com/NC/bill/H99/2025
NC,1964872,,Expand Religious Property Tax Exemption,Expand Religious Property Tax Exemption,1,2025-02-11,https://legiscan.com/NC/bill/H100/2025
NC,1964921,,Prop. Tax Appeal Process Transparency,Prop. Tax Appeal Process Transparency,1,2025-02-11,https://legiscan.com/NC/bill/H101/2025
NC,1965015,,Real Property Appraisal - Owner Notification,Real Property Appraisal - Owner Notification,1,2025-02-11,https://legiscan.com/NC/bill/H102/2025
NC,1965108,,NC Am. Indian Hunting/Fishing Rights,NC Am. Indian Hunting/Fishing Rights,1,2025-02-11,https://legiscan.com/NC/bill/H103/2025
NC,1965528,,SchCalFlex/Buncombe/Open Cal,SchCalFlex/Buncombe/Open Cal,1,2025-02-11,https://legiscan.com/NC/bill/H104/2025
NC,1965638,,Gaston Co. Bd. of Ed. Elect. Partisan,Gaston Co. Bd. of Ed. Elect. Partisan,2,2025-03-12,https://legiscan.com/NC/bill/H105/2025
NC,1965746,,Revive High-Need Retired Teachers Program,Revive High-Need Retired Teachers Program,1,2025-02-11,https://legiscan.com/NC/bill/H106/2025
NC,1966307,,Adopt SUDEP Awareness Week,Adopt SUDEP Awareness Week,2,2025-04-30,https://legiscan.com/NC/bill/H107/2025
NC,1966016,,The Sober Operator Act of 2025,The Sober Operator Act of 2025,1,2025-02-12,https://legiscan.com/NC/bill/H108/2025
NC,1966486,,Strangulation/Increase Punishment,Strangulation/Increase Punishment,1,2025-02-12,https://legiscan.com/NC/bill/H109/2025
NC,1966186,,Nat.l Guard Student Loan Repayment Program,Nat.l Guard Student Loan Repayment Program,1,2025-02-12,https://legiscan.com/NC/bill/H110/2025
NC,1966545,,SchCalFlex/Chatham/Aug 10 &amp; Assmnts,SchCalFlex/Chatham/Aug 10 &amp; Assmnts,1,2025-02-12,https://legiscan.com/NC/bill/H111/2025
NC,1966425,,Increase Permissible Interstate Speed Limit,Increase Permissible Interstate Speed Limit,1,2025-02-12,https://legiscan.com/NC/bill/H112/2025
NC,1966134,,Create Committee on Medicaid Sustainability,Create Committee on Medicaid Sustainability,1,2025-02-12,https://legiscan.com/NC/bill/H113/2025
NC,1967119,,Employment Preference for Military Personnel,Employment Preference for Military Personnel,1,2025-02-12,https://legiscan.com/NC/bill/H114/2025
NC,1966978,,Child Care Facility Tax Exemption,Child Care Facility Tax Exemption,1,2025-02-12,https://legiscan.com/NC/bill/H115/2025
NC,1967047,,Local Bd. of Ed. Election Changes,Local Bd. of Ed. Election Changes,2,2025-03-12,https://legiscan.com/NC/bill/H116/2025
NC,1967191,,Ocean Isle Beach/Sunset Beach/Parking Fees,Ocean Isle Beach/Sunset Beach/Parking Fees,1,2025-02-12,https://legiscan.com/NC/bill/H117/2025
NC,1968471,,Disabled Veterans Tax Relief Bill,Disabled Veterans Tax Relief Bill,1,2025-02-13,https://legiscan.com/NC/bill/H118/2025
NC,1968426,,SchCalFlex/Pitt/MorF Aug 10,SchCalFlex/Pitt/MorF Aug 10,1,2025-02-13,https://legiscan.com/NC/bill/H119/2025
NC,1968862,,Expand Project C.A.R.E./Funds,Expand Project C.A.R.E./Funds,1,2025-02-13,https://legiscan.com/NC/bill/H120/2025
NC,1968508,,SchCalFlex/Statewide/Open Cal,SchCalFlex/Statewide/Open Cal,2,2025-05-07,https://legiscan.com/NC/bill/H121/2025
NC,1968827,,North Carolina Healing Arts Act,North Carolina Healing Arts Act,1,2025-02-13,https://legiscan.com/NC/bill/H122/2025
NC,1968629,,Criminal Falsification of Medical Records,Criminal Falsification of Medical Records,2,2025-04-10,https://legiscan.com/NC/bill/H123/2025
NC,1969365,,Adopt Official State Cookie,Adopt Official State Cookie,2,2025-03-19,https://legiscan.com/NC/bill/H124/2025
NC,1969116,,Continuing Budget Operations,Continuing Budget Operations,4,2025-08-06,https://legiscan.com/NC/bill/H125/2025
NC,1968875,,Revise Voluntary Ag. District Laws,Revise Voluntary Ag. District Laws,4,2025-06-20,https://legiscan.com/NC/bill/H126/2025
NC,1968994,,Voter Registration Drive Form,Voter Registration Drive Form,1,2025-02-13,https://legiscan.com/NC/bill/H127/2025
NC,1969241,,Establish Prostate Cancer Control Program,Establish Prostate Cancer Control Program,1,2025-02-13,https://legiscan.com/NC/bill/H128/2025
NC,1970113,,Judge Joe John Nonpartisan Jud. Elections Act,Judge Joe John Nonpartisan Jud. Elections Act,1,2025-02-13,https://legiscan.com/NC/bill/H129/2025
NC,1970213,,Agriculture Crops Disaster Relief,Agriculture Crops Disaster Relief,1,2025-02-13,https://legiscan.com/NC/bill/H130/2025
NC,1970019,,Reenact Solar Energy Tax Credit,Reenact Solar Energy Tax Credit,1,2025-02-13,https://legiscan.com/NC/bill/H131/2025
NC,1971873,,SchCalFlex/Cumberland/Open Cal,SchCalFlex/Cumberland/Open Cal,1,2025-02-17,https://legiscan.com/NC/bill/H132/2025
NC,1971853,,NC Farmland and Military Protection Act,NC Farmland and Military Protection Act,2,2025-04-28,https://legiscan.com/NC/bill/H133/2025
NC,1971941,,Prohibit Misbranding of Certain Food Products,Prohibit Misbranding of Certain Food Products,2,2025-03-26,https://legiscan.com/NC/bill/H134/2025
NC,1971884,,Misbranding/Cell-Cultured Meat/WNC Donations,Misbranding/Cell-Cultured Meat/WNC Donations,1,2025-02-17,https://legiscan.com/NC/bill/H135/2025
NC,1971969,,Town of Faith/Even-Yr. Elect./Four-Yr.Terms,Town of Faith/Even-Yr. Elect./Four-Yr.Terms,2,2025-03-12,https://legiscan.com/NC/bill/H136/2025
NC,1972014,,Gabe Torres Act,Gabe Torres Act,1,2025-02-17,https://legiscan.com/NC/bill/H137/2025
NC,1971906,,SchCalFlex/Gates/CC,SchCalFlex/Gates/CC,1,2025-02-17,https://legiscan.com/NC/bill/H138/2025
NC,1972047,,Baby Boxes/Newborn Safety Device,Baby Boxes/Newborn Safety Device,2,2025-05-05,https://legiscan.com/NC/bill/H139/2025
NC,1971917,,Authorize Gullah Geechee Heritage Trail,Authorize Gullah Geechee Heritage Trail,2,2025-05-01,https://legiscan.com/NC/bill/H140/2025
NC,1971896,,The Joe John Remembrance Act,The Joe John Remembrance Act,2,2025-04-03,https://legiscan.com/NC/bill/H141/2025
NC,1971980,,Implement Zero-Based Budgeting,Implement Zero-Based Budgeting,1,2025-02-17,https://legiscan.com/NC/bill/H142/2025
NC,1971951,,Maysville Occupancy Tax,Maysville Occupancy Tax,2,2025-04-10,https://legiscan.com/NC/bill/H143/2025
NC,1972035,,Elect SBE/Superintendent as SBE Chair,Elect SBE/Superintendent as SBE Chair,1,2025-02-17,https://legiscan.com/NC/bill/H144/2025
NC,1972254,,Funds for Diabetes Research Institute/UNC-CH,Funds for Diabetes Research Institute/UNC-CH,1,2025-02-17,https://legiscan.com/NC/bill/H145/2025
NC,1972518,,Remote License Renewal/Active Duty Military,Remote License Renewal/Active Duty Military,2,2025-04-30,https://legiscan.com/NC/bill/H146/2025
NC,1972873,,Elizabeth City and King/Deannexations,Elizabeth City and King/Deannexations,2,2025-04-10,https://legiscan.com/NC/bill/H147/2025
NC,1972786,,"SchCalFlex/Jackson,Swain,Transyl/Open Cal","SchCalFlex/Jackson,Swain,Transyl/Open Cal",1,2025-02-17,https://legiscan.com/NC/bill/H148/2025
NC,1972958,,School Financial Flexibility Pilot Program,School Financial Flexibility Pilot Program,2,2025-04-10,https://legiscan.com/NC/bill/H149/2025
NC,1972699,,Expedite Surplus Property,Expedite Surplus Property,2,2025-05-07,https://legiscan.com/NC/bill/H150/2025
NC,1973272,,SchCalFlex/Wake/CC,SchCalFlex/Wake/CC,1,2025-02-18,https://legiscan.com/NC/bill/H151/2025
NC,1973222,,Access to Transcranial Magnetic Stimulation,Access to Transcranial Magnetic Stimulation,2,2025-04-30,https://legiscan.com/NC/bill/H152/2025
NC,1973115,,DOT/DEQ to Study Safety and Emissions Inspec,DOT/DEQ to Study Safety and Emissions Inspec,1,2025-02-18,https://legiscan.com/NC/bill/H153/2025
NC,1973521,,Reclaim State Assets from NCInnovation,Reclaim State Assets from NCInnovation,1,2025-02-18,https://legiscan.com/NC/bill/H154/2025
NC,1973614,,"SchCalFlex/Wilkes,Alexander/Open Cal","SchCalFlex/Wilkes,Alexander/Open Cal",1,2025-02-18,https://legiscan.com/NC/bill/H155/2025
NC,1973705,,Increase Access for Small Employers/Insurance,Increase Access for Small Employers/Insurance,2,2025-05-01,https://legiscan.com/NC/bill/H156/2025
NC,1979196,,"SchCalFlex/Warren,Weldon,Halifax,RR/Open Cal","SchCalFlex/Warren,Weldon,Halifax,RR/Open Cal",1,2025-02-21,https://legiscan.com/NC/bill/H158/2025
NC,1979209,,Orphan Roads Maintenance Program Grant,Orphan Roads Maintenance Program Grant,1,2025-02-21,https://legiscan.com/NC/bill/H159/2025
NC,1978992,,Joel H. Crisp SUDEP Awareness Law,Joel H. Crisp SUDEP Awareness Law,2,2025-04-09,https://legiscan.com/NC/bill/H160/2025
NC,1978925,,Restore Down-Zoning Auth./Randolph Co,Restore Down-Zoning Auth./Randolph Co,1,2025-02-21,https://legiscan.com/NC/bill/H161/2025
NC,1979059,,Local Gov&#x27;t Applicants/Criminal History Check,Local Gov&#x27;t Applicants/Criminal History Check,2,2025-03-26,https://legiscan.com/NC/bill/H162/2025
NC,1979033,,Pharmacy Benefits Manager Provisions,Pharmacy Benefits Manager Provisions,2,2025-04-30,https://legiscan.com/NC/bill/H163/2025
NC,1979047,,Parental Consent to Release Child Autopsies,Parental Consent to Release Child Autopsies,1,2025-02-21,https://legiscan.com/NC/bill/H164/2025
NC,1979169,,Child and Family Welfare Ombudsman Office,Child and Family Welfare Ombudsman Office,1,2025-02-21,https://legiscan.com/NC/bill/H165/2025
NC,1979021,,Allow ERPOs to Prevent Suicides &amp; Save Lives,Allow ERPOs to Prevent Suicides &amp; Save Lives,1,2025-02-21,https://legiscan.com/NC/bill/H166/2025
NC,1979115,,Firearm in Unattended Vehicle/Safely Store,Firearm in Unattended Vehicle/Safely Store,1,2025-02-21,https://legiscan.com/NC/bill/H167/2025
NC,1979156,,North Carolina CROWN Act,North Carolina CROWN Act,1,2025-02-21,https://legiscan.com/NC/bill/H168/2025
NC,1979004,,Haywood County Occupancy Tax Mods,Haywood County Occupancy Tax Mods,2,2025-06-11,https://legiscan.com/NC/bill/H169/2025
NC,1979130,,Restore Down-Zoning/Union Co,Restore Down-Zoning/Union Co,1,2025-02-21,https://legiscan.com/NC/bill/H170/2025
NC,1978965,,Equality in State Agencies/Prohibition on DEI,Equality in State Agencies/Prohibition on DEI,5,2025-07-03,https://legiscan.com/NC/bill/H171/2025
NC,1978938,,SchCalFlex/Camden/Aug 19,SchCalFlex/Camden/Aug 19,1,2025-02-21,https://legiscan.com/NC/bill/H172/2025
NC,1979235,,Various Local Provisions III,Various Local Provisions III,4,2025-06-30,https://legiscan.com/NC/bill/H173/2025
NC,1979694,,Marriage Equality Act,Marriage Equality Act,1,2025-02-21,https://legiscan.com/NC/bill/H174/2025
NC,1979758,,Const. Amend./Marriage Equality,Const. Amend./Marriage Equality,1,2025-02-21,https://legiscan.com/NC/bill/H175/2025
NC,1979968,,SchCalFlex/Kannapolis/Open Cal,SchCalFlex/Kannapolis/Open Cal,1,2025-02-21,https://legiscan.com/NC/bill/H176/2025
NC,1980900,,Reduce Barriers to State Employment,Reduce Barriers to State Employment,1,2025-02-24,https://legiscan.com/NC/bill/H177/2025
NC,1980761,,Budgeting Accountability and Transparency,Budgeting Accountability and Transparency,1,2025-02-24,https://legiscan.com/NC/bill/H178/2025
NC,1981038,,Labor Org. Membership Dues Tax Deductible,Labor Org. Membership Dues Tax Deductible,1,2025-02-24,https://legiscan.com/NC/bill/H179/2025
NC,1980848,,Fiscally Responsible &amp; Sustainable Budgeting,Fiscally Responsible &amp; Sustainable Budgeting,1,2025-02-24,https://legiscan.com/NC/bill/H180/2025
NC,1980936,,Tax Relief for Working Families Act,Tax Relief for Working Families Act,1,2025-02-24,https://legiscan.com/NC/bill/H181/2025
NC,1981108,,Rev. Law Perm. Protect Order/Child Abuse,Rev. Law Perm. Protect Order/Child Abuse,2,2025-03-17,https://legiscan.com/NC/bill/H182/2025
NC,1980987,,Various Local Provisions II,Various Local Provisions II,4,2025-06-26,https://legiscan.com/NC/bill/H183/2025
NC,1981091,,Promote North Carolina Sawmills,Promote North Carolina Sawmills,2,2025-03-20,https://legiscan.com/NC/bill/H184/2025
NC,1981005,,Transylvania Rural Development Authority,Transylvania Rural Development Authority,2,2025-05-07,https://legiscan.com/NC/bill/H185/2025
NC,1981259,,The Stars and Stripes Commitment Act,The Stars and Stripes Commitment Act,2,2025-03-20,https://legiscan.com/NC/bill/H186/2025
NC,1981325,,Credit Union Update,Credit Union Update,2,2025-03-27,https://legiscan.com/NC/bill/H187/2025
NC,1981648,,Automatic Renewal of Contracts,Automatic Renewal of Contracts,2,2025-05-08,https://legiscan.com/NC/bill/H188/2025
NC,1981453,,Red Light Camera Delay Interval,Red Light Camera Delay Interval,2,2025-04-03,https://legiscan.com/NC/bill/H189/2025
NC,1981197,,SchCal Mandatory Winter Break/Date Adjustment,SchCal Mandatory Winter Break/Date Adjustment,1,2025-02-24,https://legiscan.com/NC/bill/H190/2025
NC,1982434,,"SchCalFlex/Durham,Person/Aug 10 &amp; Assmnts","SchCalFlex/Durham,Person/Aug 10 &amp; Assmnts",1,2025-02-25,https://legiscan.com/NC/bill/H191/2025
NC,1982668,,Defund Planned Parenthood &amp; Cost Transparency,Defund Planned Parenthood &amp; Cost Transparency,2,2025-06-25,https://legiscan.com/NC/bill/H192/2025
NC,1982280,,Firearm Law Revisions,Firearm Law Revisions,4,2025-07-29,https://legiscan.com/NC/bill/H193/2025
NC,1982512,,SchCalFlex/Asheville/Open Cal,SchCalFlex/Asheville/Open Cal,1,2025-02-25,https://legiscan.com/NC/bill/H194/2025
NC,1982255,,Restore Down-Zoning Auth./Chatham Co,Restore Down-Zoning Auth./Chatham Co,1,2025-02-25,https://legiscan.com/NC/bill/H195/2025
NC,1982484,,Funds Museum of Life and Science Exhibit/Lab,Funds Museum of Life and Science Exhibit/Lab,1,2025-02-25,https://legiscan.com/NC/bill/H196/2025
NC,1982304,,Local Communicable Disease Programs/Funds,Local Communicable Disease Programs/Funds,1,2025-02-25,https://legiscan.com/NC/bill/H197/2025
NC,1982538,,Amend Law on Notice of ABC Violation,Amend Law on Notice of ABC Violation,2,2025-03-20,https://legiscan.com/NC/bill/H198/2025
NC,1982788,,Nonconsensual Booting and Towing Reform,Nonconsensual Booting and Towing Reform,1,2025-02-25,https://legiscan.com/NC/bill/H199/2025
NC,1983262,,SchCalFlex/Pender/CC,SchCalFlex/Pender/CC,1,2025-02-25,https://legiscan.com/NC/bill/H200/2025
NC,1983353,,Route 25/70 Vehicle Trailer Restrictions,Route 25/70 Vehicle Trailer Restrictions,1,2025-02-25,https://legiscan.com/NC/bill/H201/2025
NC,1983176,,Defense Against Porch Pirates Act,Defense Against Porch Pirates Act,1,2025-02-25,https://legiscan.com/NC/bill/H202/2025
NC,1983310,,Home Warranty Act,Home Warranty Act,1,2025-02-25,https://legiscan.com/NC/bill/H203/2025
NC,1982956,,Restore Down-Zoning Auth./Cabarrus Co,Restore Down-Zoning Auth./Cabarrus Co,1,2025-02-25,https://legiscan.com/NC/bill/H204/2025
NC,1983440,,SchCalFlex/Cabarrus/Open Cal,SchCalFlex/Cabarrus/Open Cal,1,2025-02-25,https://legiscan.com/NC/bill/H205/2025
NC,1982750,,Mod. Gun Retrieval - DVOs/Juvenile 911 Calls,Mod. Gun Retrieval - DVOs/Juvenile 911 Calls,2,2025-04-03,https://legiscan.com/NC/bill/H206/2025
NC,1983046,,Remove Barriers to Labor Organizing,Remove Barriers to Labor Organizing,1,2025-02-25,https://legiscan.com/NC/bill/H207/2025
NC,1983526,,Partnership for Children Information Access,Partnership for Children Information Access,1,2025-02-25,https://legiscan.com/NC/bill/H208/2025
NC,1983396,,Employee Housing/Durham County,Employee Housing/Durham County,1,2025-02-25,https://legiscan.com/NC/bill/H209/2025
NC,1983132,,Perpetual Care of Certain Cemeteries,Perpetual Care of Certain Cemeteries,4,2025-07-07,https://legiscan.com/NC/bill/H210/2025
NC,1983632,,The Kelsey Smith Act,The Kelsey Smith Act,2,2025-04-16,https://legiscan.com/NC/bill/H211/2025
NC,1983812,,Condemnation/Service on Spouses Not Required,Condemnation/Service on Spouses Not Required,2,2025-05-06,https://legiscan.com/NC/bill/H212/2025
NC,1983733,,Post NC Veterans&#x27; Benefits,Post NC Veterans&#x27; Benefits,2,2025-04-16,https://legiscan.com/NC/bill/H213/2025
NC,1983655,,Faithful Article V Commissioner Act,Faithful Article V Commissioner Act,2,2025-05-08,https://legiscan.com/NC/bill/H214/2025
NC,1983752,,Protect Charlotte Firefighters&#x27; Ret. System,Protect Charlotte Firefighters&#x27; Ret. System,1,2025-02-25,https://legiscan.com/NC/bill/H215/2025
NC,1983790,,CAM Accessibility &amp; Sustainability Act,CAM Accessibility &amp; Sustainability Act,1,2025-02-25,https://legiscan.com/NC/bill/H216/2025
NC,1983582,,Driver Educ./18 Yrs &amp; Older &amp; Unlicensed,Driver Educ./18 Yrs &amp; Older &amp; Unlicensed,2,2025-04-30,https://legiscan.com/NC/bill/H217/2025
NC,1983615,,Emergency Info on DMV Applications,Emergency Info on DMV Applications,2,2025-04-16,https://legiscan.com/NC/bill/H218/2025
NC,1983677,,Counties/Franchise Ambulance Service,Counties/Franchise Ambulance Service,1,2025-02-25,https://legiscan.com/NC/bill/H219/2025
NC,1983594,,Tabor City/Certain Public Enterprise Funds,Tabor City/Certain Public Enterprise Funds,1,2025-02-25,https://legiscan.com/NC/bill/H220/2025
NC,1983717,,Tabor City/Railroad Revitalization Project,Tabor City/Railroad Revitalization Project,1,2025-02-25,https://legiscan.com/NC/bill/H221/2025
NC,1983775,,C.O.O.P.E.R. Accountability Act,C.O.O.P.E.R. Accountability Act,1,2025-02-25,https://legiscan.com/NC/bill/H222/2025
NC,1983692,,Town of Mooresville/Property Conveyance,Town of Mooresville/Property Conveyance,2,2025-03-19,https://legiscan.com/NC/bill/H223/2025
NC,1984281,,Strengthen Our Tribal Communities Act,Strengthen Our Tribal Communities Act,1,2025-02-26,https://legiscan.com/NC/bill/H224/2025
NC,1984110,,Restore Down-Zoning/Wake Forest &amp; Rolesville,Restore Down-Zoning/Wake Forest &amp; Rolesville,1,2025-02-26,https://legiscan.com/NC/bill/H225/2025
NC,1984381,,City of Greensboro/Deannexations,City of Greensboro/Deannexations,4,2025-06-30,https://legiscan.com/NC/bill/H226/2025
NC,1984078,,U.S. &amp; N.C. Flags/Made In USA,U.S. &amp; N.C. Flags/Made In USA,2,2025-04-09,https://legiscan.com/NC/bill/H227/2025
NC,1984249,,City of Asheville/Funds for Study,City of Asheville/Funds for Study,1,2025-02-26,https://legiscan.com/NC/bill/H228/2025
NC,1983942,,Medicaid Rates/Ambulatory Surgical Centers,Medicaid Rates/Ambulatory Surgical Centers,1,2025-02-26,https://legiscan.com/NC/bill/H229/2025
NC,1984009,,Create Crime for Habitual Domestic Violence,Create Crime for Habitual Domestic Violence,1,2025-02-26,https://legiscan.com/NC/bill/H230/2025
NC,1984145,,Social Work Interstate Licensure Compact,Social Work Interstate Licensure Compact,4,2025-06-13,https://legiscan.com/NC/bill/H231/2025
NC,1984724,,Funds/Short-Line Railroad Disaster Assistance,Funds/Short-Line Railroad Disaster Assistance,1,2025-02-26,https://legiscan.com/NC/bill/H232/2025
NC,1985362,,Funds for Town of Milton,Funds for Town of Milton,1,2025-02-26,https://legiscan.com/NC/bill/H233/2025
NC,1984817,,Little Federal Model NC Edition,Little Federal Model NC Edition,1,2025-02-26,https://legiscan.com/NC/bill/H234/2025
NC,1984639,,Fraudulent Deeds,Fraudulent Deeds,1,2025-02-26,https://legiscan.com/NC/bill/H235/2025
NC,1984958,,Remember 9/11 with Freedom Flag,Remember 9/11 with Freedom Flag,2,2025-03-26,https://legiscan.com/NC/bill/H236/2025
NC,1985001,,Child Welfare,Child Welfare,1,2025-02-26,https://legiscan.com/NC/bill/H237/2025
NC,1984501,,Reimburse Buncombe Co. for Cost of Study,Reimburse Buncombe Co. for Cost of Study,1,2025-02-26,https://legiscan.com/NC/bill/H238/2025
NC,1985320,,Change to EC Funding Formula,Change to EC Funding Formula,1,2025-02-26,https://legiscan.com/NC/bill/H239/2025
NC,1984551,,Davidson Charter Consolidation,Davidson Charter Consolidation,2,2025-03-27,https://legiscan.com/NC/bill/H240/2025
NC,1985184,,Funds for Person County Projects,Funds for Person County Projects,1,2025-02-26,https://legiscan.com/NC/bill/H241/2025
NC,1985506,,Add Psychiatric Hospitals to Medicaid HASP,Add Psychiatric Hospitals to Medicaid HASP,1,2025-02-26,https://legiscan.com/NC/bill/H242/2025
NC,1985640,,Durham/Electronic Notices for Public Hearings,Durham/Electronic Notices for Public Hearings,1,2025-02-26,https://legiscan.com/NC/bill/H243/2025
NC,1986493,,Depoliticize Government Property Act,Depoliticize Government Property Act,2,2025-04-28,https://legiscan.com/NC/bill/H244/2025
NC,1986733,,Affordable Housing in Rural Areas,Affordable Housing in Rural Areas,1,2025-02-27,https://legiscan.com/NC/bill/H245/2025
NC,1986430,,Liam&#x27;s Law,Liam&#x27;s Law,2,2025-04-16,https://legiscan.com/NC/bill/H246/2025
NC,1986368,,Underground Safety Revisions,Underground Safety Revisions,4,2025-06-26,https://legiscan.com/NC/bill/H247/2025
NC,1986859,,Live/Work Exemption for One-Family Dwellings,Live/Work Exemption for One-Family Dwellings,1,2025-02-27,https://legiscan.com/NC/bill/H248/2025
NC,1986555,,Diversity in Pickleball Pilot Program,Diversity in Pickleball Pilot Program,1,2025-02-27,https://legiscan.com/NC/bill/H249/2025
NC,1986576,,Annual Rep&#x27;t Due Date/Deployed Servicemembers,Annual Rep&#x27;t Due Date/Deployed Servicemembers,2,2025-04-29,https://legiscan.com/NC/bill/H250/2025
NC,1986618,,Various Disaster Recovery Reforms,Various Disaster Recovery Reforms,4,2025-06-26,https://legiscan.com/NC/bill/H251/2025
NC,1986799,,Steele Creek Investment and Improvement Act,Steele Creek Investment and Improvement Act,1,2025-02-27,https://legiscan.com/NC/bill/H252/2025
NC,1986535,,Restore Down-Zoning/Farmland &amp; Floodplain,Restore Down-Zoning/Farmland &amp; Floodplain,1,2025-02-27,https://legiscan.com/NC/bill/H253/2025
NC,1986388,,Adopt Tuskegee Airmen Day,Adopt Tuskegee Airmen Day,2,2025-05-01,https://legiscan.com/NC/bill/H254/2025
NC,1987313,,"SchCalFlex/Granville,Vance/Open Cal","SchCalFlex/Granville,Vance/Open Cal",1,2025-02-27,https://legiscan.com/NC/bill/H255/2025
NC,1987195,,Allow Public Employee Collective Bargaining,Allow Public Employee Collective Bargaining,1,2025-02-27,https://legiscan.com/NC/bill/H256/2025
NC,1987612,,Funds for Scotland &amp; Hoke Projects,Funds for Scotland &amp; Hoke Projects,1,2025-02-27,https://legiscan.com/NC/bill/H257/2025
NC,1989336,,Utility Worker Protection Act,Utility Worker Protection Act,2,2025-04-09,https://legiscan.com/NC/bill/H258/2025
NC,1989377,,Brown-Morgan Science Olympiad Grant,Brown-Morgan Science Olympiad Grant,1,2025-03-03,https://legiscan.com/NC/bill/H259/2025
NC,1989445,,Reallocate Raeford Sewer Infrastructure Funds,Reallocate Raeford Sewer Infrastructure Funds,1,2025-03-03,https://legiscan.com/NC/bill/H260/2025
NC,1989570,,Sent. Enhancement/Immigration-Related Crimes,Sent. Enhancement/Immigration-Related Crimes,2,2025-05-01,https://legiscan.com/NC/bill/H261/2025
NC,1989422,,Designate Chief R. Malloy Overpass,Designate Chief R. Malloy Overpass,1,2025-03-03,https://legiscan.com/NC/bill/H262/2025
NC,1989530,,Down-Zoning/Person &amp; Durham Cos,Down-Zoning/Person &amp; Durham Cos,1,2025-03-03,https://legiscan.com/NC/bill/H263/2025
NC,1989488,,Wire Fraud Prevention Act,Wire Fraud Prevention Act,1,2025-03-03,https://legiscan.com/NC/bill/H264/2025
NC,1989467,,SchCalFlex/Char-Meck/CC,SchCalFlex/Char-Meck/CC,1,2025-03-03,https://legiscan.com/NC/bill/H265/2025
NC,1989549,,Adopt Women Veterans Day,Adopt Women Veterans Day,2,2025-04-09,https://legiscan.com/NC/bill/H266/2025
NC,1989356,,Expunging Certain Eviction Records,Expunging Certain Eviction Records,1,2025-03-03,https://legiscan.com/NC/bill/H267/2025
NC,1990237,,Additional Capital Appropriations,Additional Capital Appropriations,2,2025-04-03,https://legiscan.com/NC/bill/H268/2025
NC,1990171,,Workforce Freedom and Protection Act,Workforce Freedom and Protection Act,1,2025-03-03,https://legiscan.com/NC/bill/H269/2025
NC,1990140,,Revise Law on the Death Penalty,Revise Law on the Death Penalty,1,2025-03-03,https://legiscan.com/NC/bill/H270/2025
NC,1990269,,Cabarrus Co Local Omnibus,Cabarrus Co Local Omnibus,2,2025-05-15,https://legiscan.com/NC/bill/H271/2025
NC,1990608,,The Sergeant Mickey Hutchens Act,The Sergeant Mickey Hutchens Act,2,2025-04-16,https://legiscan.com/NC/bill/H272/2025
NC,1990888,,Create/Fund Brushy Mtns. State Natural Area,Create/Fund Brushy Mtns. State Natural Area,1,2025-03-04,https://legiscan.com/NC/bill/H273/2025
NC,1990950,,Foster Care Services/Funds,Foster Care Services/Funds,1,2025-03-04,https://legiscan.com/NC/bill/H274/2025
NC,1990679,,Failure to Yield Penalties,Failure to Yield Penalties,2,2025-03-27,https://legiscan.com/NC/bill/H275/2025
NC,1990817,,Align Benefits for Firefighters with Cancer,Align Benefits for Firefighters with Cancer,1,2025-03-04,https://legiscan.com/NC/bill/H276/2025
NC,1990539,,SchCalFlex/Johnston/Aug 10 &amp; Assmnts,SchCalFlex/Johnston/Aug 10 &amp; Assmnts,1,2025-03-04,https://legiscan.com/NC/bill/H277/2025
NC,1990988,,Protect Military Votes,Protect Military Votes,1,2025-03-04,https://legiscan.com/NC/bill/H278/2025
NC,1991098,,Filling Vacancies/Haywood County Bd. of Comm,Filling Vacancies/Haywood County Bd. of Comm,2,2025-05-01,https://legiscan.com/NC/bill/H279/2025
NC,1991177,,Support for the Senior Tar Heel Legislature,Support for the Senior Tar Heel Legislature,1,2025-03-04,https://legiscan.com/NC/bill/H280/2025
NC,1991151,,Restore Down-Zoning/Multiple Municipalities,Restore Down-Zoning/Multiple Municipalities,1,2025-03-04,https://legiscan.com/NC/bill/H281/2025
NC,1991041,,STI Funding/Bicycle/Pedestrian Improv,STI Funding/Bicycle/Pedestrian Improv,1,2025-03-04,https://legiscan.com/NC/bill/H282/2025
NC,1991014,,Small Business Investment Grant Program,Small Business Investment Grant Program,2,2025-05-07,https://legiscan.com/NC/bill/H283/2025
NC,1991124,,Addtnl Time for School Cal Good Cause Waiver,Addtnl Time for School Cal Good Cause Waiver,1,2025-03-04,https://legiscan.com/NC/bill/H284/2025
NC,1990962,,Funds for Laurinburg-Maxton Airport,Funds for Laurinburg-Maxton Airport,1,2025-03-04,https://legiscan.com/NC/bill/H285/2025
NC,1991247,,SchCalFlex/Vance/Open Cal,SchCalFlex/Vance/Open Cal,1,2025-03-04,https://legiscan.com/NC/bill/H286/2025
NC,1991287,,SchCalFlex/Franklin/Open Cal,SchCalFlex/Franklin/Open Cal,1,2025-03-04,https://legiscan.com/NC/bill/H287/2025
NC,1991402,,POW/MIA Flag/State Bldgs. &amp; Schools,POW/MIA Flag/State Bldgs. &amp; Schools,2,2025-04-30,https://legiscan.com/NC/bill/H288/2025
NC,1991325,,Add Member to NC Training Standards Commiss,Add Member to NC Training Standards Commiss,1,2025-03-04,https://legiscan.com/NC/bill/H289/2025
NC,1991212,,Funds for Pineville Pedestrian Beacon,Funds for Pineville Pedestrian Beacon,1,2025-03-04,https://legiscan.com/NC/bill/H290/2025
NC,1991362,,Franklinton Annexations,Franklinton Annexations,1,2025-03-04,https://legiscan.com/NC/bill/H291/2025
NC,1991672,,SchCalFlex/Gaston/Open Cal,SchCalFlex/Gaston/Open Cal,1,2025-03-05,https://legiscan.com/NC/bill/H292/2025
NC,1991844,,Marine Life Stewardship Act,Marine Life Stewardship Act,1,2025-03-05,https://legiscan.com/NC/bill/H293/2025
NC,1991646,,Jackson Co Bd of Ed Election Partisan,Jackson Co Bd of Ed Election Partisan,2,2025-03-27,https://legiscan.com/NC/bill/H294/2025
NC,1991821,,Req. DOT to Install Prop. Corner Markers,Req. DOT to Install Prop. Corner Markers,2,2025-04-03,https://legiscan.com/NC/bill/H295/2025
NC,1991917,,Corn Farmer Recovery Act - Phase I,Corn Farmer Recovery Act - Phase I,1,2025-03-05,https://legiscan.com/NC/bill/H296/2025
NC,1991986,,Breast Cancer Prevention Imaging Parity,Breast Cancer Prevention Imaging Parity,2,2025-05-07,https://legiscan.com/NC/bill/H297/2025
NC,1991799,,Local Gov&#x27;ts/System Development Fees,Local Gov&#x27;ts/System Development Fees,2,2025-04-30,https://legiscan.com/NC/bill/H298/2025
NC,1991771,,Increase Disabled Veteran Prop Tax Benefit,Increase Disabled Veteran Prop Tax Benefit,1,2025-03-05,https://legiscan.com/NC/bill/H299/2025
NC,1991622,,Vet Care for Retired First Responder Dogs,Vet Care for Retired First Responder Dogs,1,2025-03-05,https://legiscan.com/NC/bill/H300/2025
NC,1991722,,Social Media Protections for Minors Under 16,Social Media Protections for Minors Under 16,2,2025-05-07,https://legiscan.com/NC/bill/H301/2025
NC,1991893,,Pitt Co. Bd. of Ed. Elect. Partisan,Pitt Co. Bd. of Ed. Elect. Partisan,2,2025-04-03,https://legiscan.com/NC/bill/H302/2025
NC,1991869,,Make Corporations Pay What They Owe,Make Corporations Pay What They Owe,1,2025-03-05,https://legiscan.com/NC/bill/H303/2025
NC,1992467,,Allow Flex. for Trades HS in Iredell Co,Allow Flex. for Trades HS in Iredell Co,1,2025-03-05,https://legiscan.com/NC/bill/H304/2025
NC,1992403,,Guilford County Sales Tax Distribution Mods,Guilford County Sales Tax Distribution Mods,4,2025-07-31,https://legiscan.com/NC/bill/H305/2025
NC,1992212,,Affordable Housing for Local Employees,Affordable Housing for Local Employees,1,2025-03-05,https://legiscan.com/NC/bill/H306/2025
NC,1992023,,Iryna&#x27;s Law,Iryna&#x27;s Law,4,2025-10-03,https://legiscan.com/NC/bill/H307/2025
NC,1992183,,Criminal Law Changes,Criminal Law Changes,2,2025-04-10,https://legiscan.com/NC/bill/H308/2025
NC,1992085,,Various Local Provisions VI,Various Local Provisions VI,4,2025-06-30,https://legiscan.com/NC/bill/H309/2025
NC,1992656,,Eminent Domain,Eminent Domain,1,2025-03-05,https://legiscan.com/NC/bill/H310/2025
NC,1992626,,Funds for the Town of Gibson,Funds for the Town of Gibson,1,2025-03-05,https://legiscan.com/NC/bill/H311/2025
NC,1992928,,Funds/Madison County Courthouse Relocation,Funds/Madison County Courthouse Relocation,1,2025-03-05,https://legiscan.com/NC/bill/H312/2025
NC,1992735,,Funds for Madison County/Hurricane Helene,Funds for Madison County/Hurricane Helene,1,2025-03-05,https://legiscan.com/NC/bill/H313/2025
NC,1992851,,Removal of Squatters from Private Property,Removal of Squatters from Private Property,1,2025-03-05,https://legiscan.com/NC/bill/H314/2025
NC,1992774,,Gift Card Theft &amp; Unlawful Business Entry,Gift Card Theft &amp; Unlawful Business Entry,2,2025-03-27,https://legiscan.com/NC/bill/H315/2025
NC,1992888,,Child Care Act,Child Care Act,1,2025-03-05,https://legiscan.com/NC/bill/H316/2025
NC,1992966,,Restore Down-Zoning Auth./City of High Point,Restore Down-Zoning Auth./City of High Point,1,2025-03-05,https://legiscan.com/NC/bill/H317/2025
NC,1992811,,The Criminal Illegal Alien Enforcement Act,The Criminal Illegal Alien Enforcement Act,4,2025-07-29,https://legiscan.com/NC/bill/H318/2025
NC,1993248,,Funds for Hispanic Grassroots,Funds for Hispanic Grassroots,1,2025-03-06,https://legiscan.com/NC/bill/H319/2025
NC,1993313,,Town of Pineville/Reserve Police,Town of Pineville/Reserve Police,1,2025-03-06,https://legiscan.com/NC/bill/H320/2025
NC,1993157,,SchCalFlex/Guilford/Open Cal,SchCalFlex/Guilford/Open Cal,1,2025-03-06,https://legiscan.com/NC/bill/H321/2025
NC,1993465,,Make General Assembly Records Public,Make General Assembly Records Public,1,2025-03-06,https://legiscan.com/NC/bill/H322/2025
NC,1993344,,Down-Zoning/Cornelius/Davidson/Huntersville,Down-Zoning/Cornelius/Davidson/Huntersville,1,2025-03-06,https://legiscan.com/NC/bill/H323/2025
NC,1993098,,Funds for Greensboro Transit Agency,Funds for Greensboro Transit Agency,1,2025-03-06,https://legiscan.com/NC/bill/H324/2025
NC,1993402,,Legislative Building Field Trip Pilot Program,Legislative Building Field Trip Pilot Program,1,2025-03-06,https://legiscan.com/NC/bill/H325/2025
NC,1993373,,DPI to Study Increased Teacher Planning,DPI to Study Increased Teacher Planning,1,2025-03-06,https://legiscan.com/NC/bill/H326/2025
NC,1993126,,Funds for Hope Mills/Capital Projects,Funds for Hope Mills/Capital Projects,1,2025-03-06,https://legiscan.com/NC/bill/H327/2025
NC,1993857,,Regulate Hemp-Derived Consumables,Regulate Hemp-Derived Consumables,2,2025-04-28,https://legiscan.com/NC/bill/H328/2025
NC,1994031,,Tobacco and Hemp on Nonpublic School Grounds,Tobacco and Hemp on Nonpublic School Grounds,2,2025-04-28,https://legiscan.com/NC/bill/H329/2025
NC,1993716,,Controlled Substances Act - Updates,Controlled Substances Act - Updates,2,2025-03-26,https://legiscan.com/NC/bill/H330/2025
NC,1993943,,Adopt Official State Rice Festival,Adopt Official State Rice Festival,2,2025-04-03,https://legiscan.com/NC/bill/H331/2025
NC,1993811,,Nash/Rocky Mount District Occupancy Tax,Nash/Rocky Mount District Occupancy Tax,2,2025-06-11,https://legiscan.com/NC/bill/H332/2025
NC,1993545,,Jacksonville/ETJ Prohibited,Jacksonville/ETJ Prohibited,2,2025-04-16,https://legiscan.com/NC/bill/H333/2025
NC,1993669,,GSC Unif. Community Prop. Disp. at Death Act,GSC Unif. Community Prop. Disp. at Death Act,1,2025-03-06,https://legiscan.com/NC/bill/H334/2025
NC,1993987,,Expand Emergency Judge Eligibility,Expand Emergency Judge Eligibility,1,2025-03-06,https://legiscan.com/NC/bill/H335/2025
NC,1993767,,Town of Maggie Valley/Deannexations,Town of Maggie Valley/Deannexations,2,2025-06-18,https://legiscan.com/NC/bill/H336/2025
NC,1993629,,City of Southport/Deannexations,City of Southport/Deannexations,1,2025-03-06,https://legiscan.com/NC/bill/H337/2025
NC,1993585,,Town of Oak Island/Deannexations,Town of Oak Island/Deannexations,1,2025-03-06,https://legiscan.com/NC/bill/H338/2025
NC,1994183,,Economic Security Act,Economic Security Act,1,2025-03-06,https://legiscan.com/NC/bill/H339/2025
NC,1994110,,Universal AIG Screening in Middle Schools,Universal AIG Screening in Middle Schools,1,2025-03-06,https://legiscan.com/NC/bill/H340/2025
NC,1996146,,Disabled Veterans Tax Relief Bill,Disabled Veterans Tax Relief Bill,1,2025-03-10,https://legiscan.com/NC/bill/H341/2025
NC,1996053,,Guilford County Schools Funding Requests,Guilford County Schools Funding Requests,1,2025-03-10,https://legiscan.com/NC/bill/H342/2025
NC,1996028,,Advocacy for Long-Term Care Residents Act,Advocacy for Long-Term Care Residents Act,1,2025-03-10,https://legiscan.com/NC/bill/H343/2025
NC,1996070,,Litter Reduction Act of 2025,Litter Reduction Act of 2025,1,2025-03-10,https://legiscan.com/NC/bill/H344/2025
NC,1995996,,Rights of Nature/Certain River Basins,Rights of Nature/Certain River Basins,1,2025-03-10,https://legiscan.com/NC/bill/H345/2025
NC,1996121,,Central Carolina CC MCC FTE Calculation,Central Carolina CC MCC FTE Calculation,2,2025-05-07,https://legiscan.com/NC/bill/H346/2025
NC,1996170,,Credit Property Insurance Restrictions.-AB,Credit Property Insurance Restrictions.-AB,1,2025-03-10,https://legiscan.com/NC/bill/H347/2025
NC,1995980,,Annexation of PUV Land/School Capacity,Annexation of PUV Land/School Capacity,1,2025-03-10,https://legiscan.com/NC/bill/H348/2025
NC,1996046,,Reqs HC POA/Adv Direct/IEP Nurse Choice,Reqs HC POA/Adv Direct/IEP Nurse Choice,2,2025-04-16,https://legiscan.com/NC/bill/H349/2025
NC,1996104,,Report Lost/Stolen Firearm Within 24 Hours,Report Lost/Stolen Firearm Within 24 Hours,1,2025-03-10,https://legiscan.com/NC/bill/H350/2025
NC,1996005,,Recovery-Friendly Workplace Program/Funds,Recovery-Friendly Workplace Program/Funds,1,2025-03-10,https://legiscan.com/NC/bill/H351/2025
NC,1996079,,Bid Reqs/Permitting/Inundation Maps/CAMA,Bid Reqs/Permitting/Inundation Maps/CAMA,2,2025-04-03,https://legiscan.com/NC/bill/H352/2025
NC,1996155,,Fair Minimum Wage Act,Fair Minimum Wage Act,1,2025-03-10,https://legiscan.com/NC/bill/H353/2025
NC,1996088,,Civil Procedure/Gatekeeper Orders/Database,Civil Procedure/Gatekeeper Orders/Database,2,2025-04-09,https://legiscan.com/NC/bill/H354/2025
NC,1996021,,OSFM to Study Future of Rural Firefighting,OSFM to Study Future of Rural Firefighting,2,2025-04-03,https://legiscan.com/NC/bill/H355/2025
NC,1996129,,Permitted Trade Practices/Insurance Rebates.-AB,Permitted Trade Practices/Insurance Rebates.-AB,2,2025-05-07,https://legiscan.com/NC/bill/H356/2025
NC,1996138,,Continuing Care Retirement Communities Act.-AB,Continuing Care Retirement Communities Act.-AB,4,2025-07-03,https://legiscan.com/NC/bill/H357/2025
NC,1995989,,Continuing Budget Operations Part II,Continuing Budget Operations Part II,4,2025-09-30,https://legiscan.com/NC/bill/H358/2025
NC,1996603,,Jacksonville Infrastructure Fund,Jacksonville Infrastructure Fund,1,2025-03-10,https://legiscan.com/NC/bill/H359/2025
NC,1996608,,Homeowner Protection Act,Homeowner Protection Act,1,2025-03-10,https://legiscan.com/NC/bill/H360/2025
NC,1996712,,Funds to Fight Deed and Title Fraud,Funds to Fight Deed and Title Fraud,1,2025-03-10,https://legiscan.com/NC/bill/H361/2025
NC,1999659,,Clean Skies Geoengineering Ban,Clean Skies Geoengineering Ban,1,2025-03-11,https://legiscan.com/NC/bill/H362/2025
NC,1999499,,Reg. Public Trans. Authority Service Area,Reg. Public Trans. Authority Service Area,1,2025-03-11,https://legiscan.com/NC/bill/H363/2025
NC,1999562,,STIP Grant Anticipation Notes,STIP Grant Anticipation Notes,2,2025-05-07,https://legiscan.com/NC/bill/H364/2025
NC,1999690,,Workforce Education Act,Workforce Education Act,1,2025-03-11,https://legiscan.com/NC/bill/H365/2025
NC,1999467,,Reenact &amp; Expand Pistol Purchase Permit,Reenact &amp; Expand Pistol Purchase Permit,1,2025-03-11,https://legiscan.com/NC/bill/H366/2025
NC,1999627,,Provide Rape Kit Status Updates to Victims,Provide Rape Kit Status Updates to Victims,1,2025-03-11,https://legiscan.com/NC/bill/H367/2025
NC,1999955,,Revise Child Passenger Restraint System Law,Revise Child Passenger Restraint System Law,2,2025-04-30,https://legiscan.com/NC/bill/H368/2025
NC,2000043,,Parking Lot Reform and Modernization Act,Parking Lot Reform and Modernization Act,2,2025-06-26,https://legiscan.com/NC/bill/H369/2025
NC,1999817,,GSC Uniform Acts Regarding Children,GSC Uniform Acts Regarding Children,2,2025-04-03,https://legiscan.com/NC/bill/H370/2025
NC,1999861,,DMV Materials in Additional Languages,DMV Materials in Additional Languages,1,2025-03-11,https://legiscan.com/NC/bill/H371/2025
NC,1999999,,Home-Based Business Fairness/HOA Revisions,Home-Based Business Fairness/HOA Revisions,2,2025-04-30,https://legiscan.com/NC/bill/H372/2025
NC,1999772,,UNC Tuition Discounts for Certain Students,UNC Tuition Discounts for Certain Students,4,2025-06-26,https://legiscan.com/NC/bill/H373/2025
NC,1999907,,NCARCOG Funding/Operations Improvements,NCARCOG Funding/Operations Improvements,1,2025-03-11,https://legiscan.com/NC/bill/H374/2025
NC,2000124,,AI/Ban Deceptive Ads,AI/Ban Deceptive Ads,1,2025-03-11,https://legiscan.com/NC/bill/H375/2025
NC,2000196,,Various On-Site Wastewater &amp; Well Provisions,Various On-Site Wastewater &amp; Well Provisions,2,2025-04-30,https://legiscan.com/NC/bill/H376/2025
NC,2000159,,Changes to Estates and Trusts Statutes,Changes to Estates and Trusts Statutes,2,2025-04-10,https://legiscan.com/NC/bill/H377/2025
NC,2000232,,Various Ed Law/Tax Acct/NIL Changes,Various Ed Law/Tax Acct/NIL Changes,4,2025-07-01,https://legiscan.com/NC/bill/H378/2025
NC,2002693,,Conscientious Objections to Vaccine Mandates,Conscientious Objections to Vaccine Mandates,1,2025-03-12,https://legiscan.com/NC/bill/H380/2025
NC,2000787,,On-Site Wastewater System Amendments,On-Site Wastewater System Amendments,2,2025-05-01,https://legiscan.com/NC/bill/H381/2025
NC,2003963,,Elk Permit Auction/Raffle,Elk Permit Auction/Raffle,2,2025-04-03,https://legiscan.com/NC/bill/H382/2025
NC,2003645,,Augment Subcontractor Protections,Augment Subcontractor Protections,1,2025-03-12,https://legiscan.com/NC/bill/H383/2025
NC,2003328,,Nat. Guard Tax Deduction for Fed. Pay,Nat. Guard Tax Deduction for Fed. Pay,1,2025-03-12,https://legiscan.com/NC/bill/H384/2025
NC,2002375,,Competition Parity Act,Competition Parity Act,1,2025-03-12,https://legiscan.com/NC/bill/H385/2025
NC,2004280,,Increase Vehicle Registration Fee/SHP Pay,Increase Vehicle Registration Fee/SHP Pay,1,2025-03-12,https://legiscan.com/NC/bill/H386/2025
NC,2004604,,Eliminate Tax on Gov&#x27;t Retirees,Eliminate Tax on Gov&#x27;t Retirees,1,2025-03-12,https://legiscan.com/NC/bill/H387/2025
NC,2004957,,Amend Business Corporations Act,Amend Business Corporations Act,4,2025-07-01,https://legiscan.com/NC/bill/H388/2025
NC,2005099,,Continuing Budget Operations Part III,Continuing Budget Operations Part III,2,2025-04-10,https://legiscan.com/NC/bill/H389/2025
NC,2004885,,Alleviate the Dangers of Surgical Smoke,Alleviate the Dangers of Surgical Smoke,2,2025-04-28,https://legiscan.com/NC/bill/H390/2025
NC,2004670,,More APS Staff to Address Elder Abuse,More APS Staff to Address Elder Abuse,1,2025-03-12,https://legiscan.com/NC/bill/H391/2025
NC,2005754,,Funds/Forsyth United Way/Summer Learning,Funds/Forsyth United Way/Summer Learning,1,2025-03-13,https://legiscan.com/NC/bill/H392/2025
NC,2005799,,Funds for One Love Festival,Funds for One Love Festival,1,2025-03-13,https://legiscan.com/NC/bill/H393/2025
NC,2005664,,Distracted Driving/Children and Animals,Distracted Driving/Children and Animals,1,2025-03-13,https://legiscan.com/NC/bill/H394/2025
NC,2005931,,"Funds/Jackson, Transylvania &amp; Swain Counties","Funds/Jackson, Transylvania &amp; Swain Counties",1,2025-03-13,https://legiscan.com/NC/bill/H395/2025
NC,2005865,,Nursing Fellows &amp; Curric. Support Funds/WSSU,Nursing Fellows &amp; Curric. Support Funds/WSSU,1,2025-03-13,https://legiscan.com/NC/bill/H396/2025
NC,2005888,,Use of Epinephrine Nasal Spray,Use of Epinephrine Nasal Spray,2,2025-04-10,https://legiscan.com/NC/bill/H397/2025
NC,2005642,,Enact KinCare &amp; Safe Days,Enact KinCare &amp; Safe Days,1,2025-03-13,https://legiscan.com/NC/bill/H398/2025
NC,2005844,,NC Board of Nursing Licensure Fees,NC Board of Nursing Licensure Fees,1,2025-03-13,https://legiscan.com/NC/bill/H399/2025
NC,2005686,,Bentley&#x27;s Law,Bentley&#x27;s Law,1,2025-03-13,https://legiscan.com/NC/bill/H400/2025
NC,2005708,,Allow Lottery Winners to be Confidential,Allow Lottery Winners to be Confidential,1,2025-03-13,https://legiscan.com/NC/bill/H401/2025
NC,2006156,,Limit Rules With Substantial Financial Costs,Limit Rules With Substantial Financial Costs,4,2025-07-29,https://legiscan.com/NC/bill/H402/2025
NC,2006465,,Workers&#x27; Rights Act,Workers&#x27; Rights Act,1,2025-03-13,https://legiscan.com/NC/bill/H403/2025
NC,2006025,,Fair &amp; Affordable Housing Act,Fair &amp; Affordable Housing Act,1,2025-03-13,https://legiscan.com/NC/bill/H404/2025
NC,2006201,,Reestablish NC Coordinate System of 1983,Reestablish NC Coordinate System of 1983,1,2025-03-13,https://legiscan.com/NC/bill/H405/2025
NC,2006067,,Clarify Motor Vehicle Dealer Laws,Clarify Motor Vehicle Dealer Laws,2,2025-05-05,https://legiscan.com/NC/bill/H406/2025
NC,2006285,,Divine Nine Special Registration Plate Act,Divine Nine Special Registration Plate Act,1,2025-03-13,https://legiscan.com/NC/bill/H407/2025
NC,2006601,,Fort Fisher Capital Improvements Funds,Fort Fisher Capital Improvements Funds,1,2025-03-13,https://legiscan.com/NC/bill/H408/2025
NC,2008929,,Funds for Caswell County Vol. Fire Department,Funds for Caswell County Vol. Fire Department,1,2025-03-17,https://legiscan.com/NC/bill/H409/2025
NC,2008921,,NCIOM Study/Medical Aid in Dying,NCIOM Study/Medical Aid in Dying,1,2025-03-17,https://legiscan.com/NC/bill/H410/2025
NC,2008718,,Reduce Early Voting Period for Primaries,Reduce Early Voting Period for Primaries,1,2025-03-17,https://legiscan.com/NC/bill/H411/2025
NC,2008792,,Child Care Regulatory Reforms,Child Care Regulatory Reforms,4,2025-07-01,https://legiscan.com/NC/bill/H412/2025
NC,2008902,,Marijuana Legalization and Reinvestment Act,Marijuana Legalization and Reinvestment Act,1,2025-03-17,https://legiscan.com/NC/bill/H413/2025
NC,2008766,,1-to-1 Credit for Career and College Promise,1-to-1 Credit for Career and College Promise,2,2025-05-07,https://legiscan.com/NC/bill/H414/2025
NC,2008829,,Modify Math &amp; Social Studies Grad. Req,Modify Math &amp; Social Studies Grad. Req,2,2025-05-08,https://legiscan.com/NC/bill/H415/2025
NC,2008798,,Funds for Boys &amp; Girls Clubs,Funds for Boys &amp; Girls Clubs,1,2025-03-17,https://legiscan.com/NC/bill/H416/2025
NC,2008691,,Funds for Hoke County Park,Funds for Hoke County Park,1,2025-03-17,https://legiscan.com/NC/bill/H417/2025
NC,2008671,,K-5 Performing and Visual Arts Requirement,K-5 Performing and Visual Arts Requirement,1,2025-03-17,https://legiscan.com/NC/bill/H418/2025
NC,2008677,,School of the Arts Building Purchase,School of the Arts Building Purchase,1,2025-03-17,https://legiscan.com/NC/bill/H419/2025
NC,2008888,,Sound Basic Education for Every Child,Sound Basic Education for Every Child,1,2025-03-17,https://legiscan.com/NC/bill/H420/2025
NC,2008685,,Motor Vehicle Dealers,Motor Vehicle Dealers,4,2025-06-26,https://legiscan.com/NC/bill/H421/2025
NC,2009022,,Beyond The Choice Act,Beyond The Choice Act,1,2025-03-17,https://legiscan.com/NC/bill/H422/2025
NC,2009280,,Skip the Stuff Act,Skip the Stuff Act,1,2025-03-17,https://legiscan.com/NC/bill/H423/2025
NC,2009173,,Gaming Laws/Allow Certain Social Games,Gaming Laws/Allow Certain Social Games,1,2025-03-17,https://legiscan.com/NC/bill/H424/2025
NC,2009095,,Protect Youth From Harms of Vaping &amp; Nicotine,Protect Youth From Harms of Vaping &amp; Nicotine,1,2025-03-17,https://legiscan.com/NC/bill/H425/2025
NC,2009397,,Workforce Diploma Program,Workforce Diploma Program,1,2025-03-17,https://legiscan.com/NC/bill/H426/2025
NC,2009807,,CCW Permit/No Records Provided,CCW Permit/No Records Provided,1,2025-03-18,https://legiscan.com/NC/bill/H427/2025
NC,2009662,,Study School Discipline Parent Involvement,Study School Discipline Parent Involvement,1,2025-03-18,https://legiscan.com/NC/bill/H428/2025
NC,2009828,,Turtle Rescue Team Special Registration Plate,Turtle Rescue Team Special Registration Plate,2,2025-06-16,https://legiscan.com/NC/bill/H429/2025
NC,2009783,,Protect Youth From Harms of Vaping &amp; Nicotine,Protect Youth From Harms of Vaping &amp; Nicotine,1,2025-03-18,https://legiscan.com/NC/bill/H430/2025
NC,2009700,,Preventing Deed Fraud,Preventing Deed Fraud,1,2025-03-18,https://legiscan.com/NC/bill/H431/2025
NC,2009741,,Property Tax Relief Study,Property Tax Relief Study,2,2025-04-28,https://legiscan.com/NC/bill/H432/2025
NC,2009681,,Registered Nurses in Schools,Registered Nurses in Schools,2,2025-05-07,https://legiscan.com/NC/bill/H433/2025
NC,2009761,,Lower Healthcare Costs,Lower Healthcare Costs,2,2025-05-01,https://legiscan.com/NC/bill/H434/2025
NC,2010332,,Mod. Bd. of Eng&#x27;ers &amp; Surveyors,Mod. Bd. of Eng&#x27;ers &amp; Surveyors,2,2025-06-16,https://legiscan.com/NC/bill/H435/2025
NC,2010225,,Counties/Semiannual Assessments,Counties/Semiannual Assessments,1,2025-03-18,https://legiscan.com/NC/bill/H436/2025
NC,2009966,,Establish Drug-Free Homeless Service Zones,Establish Drug-Free Homeless Service Zones,2,2025-04-16,https://legiscan.com/NC/bill/H437/2025
NC,2010111,,Require Paid Rest Breaks,Require Paid Rest Breaks,1,2025-03-18,https://legiscan.com/NC/bill/H438/2025
NC,2010075,,Allow Concealed Carry of Knife,Allow Concealed Carry of Knife,2,2025-05-01,https://legiscan.com/NC/bill/H439/2025
NC,2010151,,Healthy Food Healthy Bodies,Healthy Food Healthy Bodies,1,2025-03-18,https://legiscan.com/NC/bill/H440/2025
NC,2010450,,Shrimp Trawling Transition Program/Fees,Shrimp Trawling Transition Program/Fees,2,2025-05-08,https://legiscan.com/NC/bill/H441/2025
NC,2010377,,Flounder/Red Snapper Seasons &amp; Shrimp Trawl,Flounder/Red Snapper Seasons &amp; Shrimp Trawl,2,2025-05-08,https://legiscan.com/NC/bill/H442/2025
NC,2010402,,Const. Amendment: Council of State Vacancies,Const. Amendment: Council of State Vacancies,1,2025-03-18,https://legiscan.com/NC/bill/H443/2025
NC,2010344,,Homeowners Association Reform Bill,Homeowners Association Reform Bill,1,2025-03-18,https://legiscan.com/NC/bill/H444/2025
NC,2010474,,Fairness &amp; Transparency in Education Salaries,Fairness &amp; Transparency in Education Salaries,1,2025-03-18,https://legiscan.com/NC/bill/H445/2025
NC,2010425,,Prohibition on Disclosing Booking Photographs,Prohibition on Disclosing Booking Photographs,1,2025-03-18,https://legiscan.com/NC/bill/H446/2025
NC,2010508,,Funds for Kernersville Event Center,Funds for Kernersville Event Center,1,2025-03-18,https://legiscan.com/NC/bill/H447/2025
NC,2010497,,Safe Firearm Storage/Sales Tax Exemption,Safe Firearm Storage/Sales Tax Exemption,1,2025-03-18,https://legiscan.com/NC/bill/H448/2025
NC,2010439,,Crimes Against Minors/Revise Law,Crimes Against Minors/Revise Law,1,2025-03-18,https://legiscan.com/NC/bill/H449/2025
NC,2010355,,Private Property Rights Act,Private Property Rights Act,1,2025-03-18,https://legiscan.com/NC/bill/H450/2025
NC,2010461,,Diabetes Education for Parents,Diabetes Education for Parents,1,2025-03-18,https://legiscan.com/NC/bill/H451/2025
NC,2010390,,Revise Law/Obstruction of Health Facility,Revise Law/Obstruction of Health Facility,1,2025-03-18,https://legiscan.com/NC/bill/H452/2025
NC,2010413,,Increase Medicaid PCS and PDN Rates,Increase Medicaid PCS and PDN Rates,1,2025-03-18,https://legiscan.com/NC/bill/H453/2025
NC,2010486,,Review of Federal Acts/Rules/Regulations,Review of Federal Acts/Rules/Regulations,1,2025-03-18,https://legiscan.com/NC/bill/H454/2025
NC,2010366,,Repeal Certificate of Need Laws,Repeal Certificate of Need Laws,1,2025-03-18,https://legiscan.com/NC/bill/H455/2025
NC,2010764,,No Surprises for Ambulance Services Act,No Surprises for Ambulance Services Act,1,2025-03-19,https://legiscan.com/NC/bill/H456/2025
NC,2010773,,Increase Small County Funding,Increase Small County Funding,1,2025-03-19,https://legiscan.com/NC/bill/H457/2025
NC,2010865,,Improve Enforcement/Migrant Housing,Improve Enforcement/Migrant Housing,1,2025-03-19,https://legiscan.com/NC/bill/H458/2025
NC,2010710,,Income Tax Rate Reduction Trigger Mods,Income Tax Rate Reduction Trigger Mods,1,2025-03-19,https://legiscan.com/NC/bill/H459/2025
NC,2010846,,Medical Equipment Right to Repair Act,Medical Equipment Right to Repair Act,1,2025-03-19,https://legiscan.com/NC/bill/H460/2025
NC,2010836,,Personal Data Privacy/Social Media Safety,Personal Data Privacy/Social Media Safety,1,2025-03-19,https://legiscan.com/NC/bill/H462/2025
NC,2011083,,First Responders Mental Health Plan Act,First Responders Mental Health Plan Act,1,2025-03-19,https://legiscan.com/NC/bill/H463/2025
NC,2010912,,Healthy Students - A Nurse in Every School,Healthy Students - A Nurse in Every School,1,2025-03-19,https://legiscan.com/NC/bill/H464/2025
NC,2010925,,Waive Renewal Fee/Military Drivers Licenses,Waive Renewal Fee/Military Drivers Licenses,1,2025-03-19,https://legiscan.com/NC/bill/H465/2025
NC,2011007,,Birthplace of Am. Independence Special Plate,Birthplace of Am. Independence Special Plate,1,2025-03-19,https://legiscan.com/NC/bill/H466/2025
NC,2011534,,Reenact Low-Income Housing Tax Credits,Reenact Low-Income Housing Tax Credits,1,2025-03-20,https://legiscan.com/NC/bill/H467/2025
NC,2011478,,Regulate Kratom Products,Regulate Kratom Products,1,2025-03-20,https://legiscan.com/NC/bill/H468/2025
NC,2011492,,Restoring Rivalries Act,Restoring Rivalries Act,1,2025-03-20,https://legiscan.com/NC/bill/H469/2025
NC,2011473,,The Second Amendment Protection Act,The Second Amendment Protection Act,1,2025-03-20,https://legiscan.com/NC/bill/H470/2025
NC,2011580,,Food Labeling Transparency Act,Food Labeling Transparency Act,1,2025-03-20,https://legiscan.com/NC/bill/H471/2025
NC,2011602,,Commercial Vehicle &amp; Cargo Protection,Commercial Vehicle &amp; Cargo Protection,2,2025-05-05,https://legiscan.com/NC/bill/H472/2025
NC,2011567,,Right to IVF,Right to IVF,1,2025-03-20,https://legiscan.com/NC/bill/H473/2025
NC,2011595,,Right to Use Contraception,Right to Use Contraception,1,2025-03-20,https://legiscan.com/NC/bill/H474/2025
NC,2011912,,State ID Cards for High School Students,State ID Cards for High School Students,1,2025-03-20,https://legiscan.com/NC/bill/H475/2025
NC,2011738,,DST Technical Corrections/Admin. Changes 2025.-AB,DST Technical Corrections/Admin. Changes 2025.-AB,4,2025-06-26,https://legiscan.com/NC/bill/H476/2025
NC,2011873,,Retirement Death Benefits Rewrite.-AB,Retirement Death Benefits Rewrite.-AB,4,2025-06-13,https://legiscan.com/NC/bill/H477/2025
NC,2011760,,Modify Appointment Process for DA Vacancies,Modify Appointment Process for DA Vacancies,1,2025-03-20,https://legiscan.com/NC/bill/H478/2025
NC,2012004,,Town of Burgaw Property Transfer,Town of Burgaw Property Transfer,2,2025-04-16,https://legiscan.com/NC/bill/H479/2025
NC,2012088,,Medical Board Licensing Efficiency Act,Medical Board Licensing Efficiency Act,2,2025-06-25,https://legiscan.com/NC/bill/H480/2025
NC,2012932,,GSC Technical Corrections 2025 Part 2,GSC Technical Corrections 2025 Part 2,2,2025-04-10,https://legiscan.com/NC/bill/H481/2025
NC,2013113,,Reauthorize &amp; Revise Teacher Bonuses/Military,Reauthorize &amp; Revise Teacher Bonuses/Military,1,2025-03-24,https://legiscan.com/NC/bill/H482/2025
NC,2013022,,Juvenile Justice Legislative Proposals,Juvenile Justice Legislative Proposals,2,2025-05-05,https://legiscan.com/NC/bill/H483/2025
NC,2012912,,Honoring NC&#x27;s Contributions to Civil Rights,Honoring NC&#x27;s Contributions to Civil Rights,1,2025-03-24,https://legiscan.com/NC/bill/H484/2025
NC,2013026,,Adult Care Home Medicaid PCS Coverage,Adult Care Home Medicaid PCS Coverage,2,2025-04-28,https://legiscan.com/NC/bill/H485/2025
NC,2013017,,"Funds for Blue Star Families, Inc","Funds for Blue Star Families, Inc",1,2025-03-24,https://legiscan.com/NC/bill/H486/2025
NC,2013001,,Shorter Separation for Retired ADAs and APDs,Shorter Separation for Retired ADAs and APDs,1,2025-03-24,https://legiscan.com/NC/bill/H487/2025
NC,2013041,,Modify School Performance Grades,Modify School Performance Grades,1,2025-03-24,https://legiscan.com/NC/bill/H488/2025
NC,2013013,,Insurance Coverage Emergency Ambulance Trans,Insurance Coverage Emergency Ambulance Trans,2,2025-05-07,https://legiscan.com/NC/bill/H489/2025
NC,2013069,,Propel NC Funding and Tuition Surcharge,Propel NC Funding and Tuition Surcharge,1,2025-03-24,https://legiscan.com/NC/bill/H490/2025
NC,2013032,,Medicaid Rebase Funding,Medicaid Rebase Funding,1,2025-03-24,https://legiscan.com/NC/bill/H491/2025
NC,2013054,,Repeal Parents&#x27; Bill of Rights,Repeal Parents&#x27; Bill of Rights,1,2025-03-24,https://legiscan.com/NC/bill/H492/2025
NC,2012895,,Gen. Assembly/Safe Workplace Policies,Gen. Assembly/Safe Workplace Policies,1,2025-03-24,https://legiscan.com/NC/bill/H493/2025
NC,2012999,,Mental Health Protection Act,Mental Health Protection Act,1,2025-03-24,https://legiscan.com/NC/bill/H494/2025
NC,2012966,,Accessing Midwives Act,Accessing Midwives Act,1,2025-03-24,https://legiscan.com/NC/bill/H495/2025
NC,2013381,,Patriotic Youth Group Access,Patriotic Youth Group Access,1,2025-03-24,https://legiscan.com/NC/bill/H496/2025
NC,2013155,,Ban on Gay &amp; Trans Panic Defense,Ban on Gay &amp; Trans Panic Defense,1,2025-03-24,https://legiscan.com/NC/bill/H497/2025
NC,2013248,,Military to Teacher Ret. Incentive,Military to Teacher Ret. Incentive,1,2025-03-24,https://legiscan.com/NC/bill/H498/2025
NC,2013476,,NC Paid Family Leave Insurance Act,NC Paid Family Leave Insurance Act,1,2025-03-24,https://legiscan.com/NC/bill/H499/2025
NC,2013368,,NC Adopt ERA,NC Adopt ERA,1,2025-03-24,https://legiscan.com/NC/bill/H500/2025
NC,2013326,,Modernize Domestic Violence Protection Order,Modernize Domestic Violence Protection Order,1,2025-03-24,https://legiscan.com/NC/bill/H501/2025
NC,2013407,,Gender-Affirming Rights Act,Gender-Affirming Rights Act,1,2025-03-24,https://legiscan.com/NC/bill/H502/2025
NC,2013743,,Don&#x27;t Tread on Me Act,Don&#x27;t Tread on Me Act,1,2025-03-24,https://legiscan.com/NC/bill/H503/2025
NC,2013680,,Pilot Co-Responder Police Program,Pilot Co-Responder Police Program,1,2025-03-24,https://legiscan.com/NC/bill/H504/2025
NC,2013714,,Kayla&#x27;s Act: Protecting Dom. Violence Victims,Kayla&#x27;s Act: Protecting Dom. Violence Victims,1,2025-03-24,https://legiscan.com/NC/bill/H505/2025
NC,2013642,,2025 State Investment Modernization Act.-AB,2025 State Investment Modernization Act.-AB,4,2025-06-13,https://legiscan.com/NC/bill/H506/2025
NC,2013936,,The Children First Act,The Children First Act,1,2025-03-25,https://legiscan.com/NC/bill/H507/2025
NC,2013951,,Lower Cap on Credit Card Interest,Lower Cap on Credit Card Interest,1,2025-03-25,https://legiscan.com/NC/bill/H508/2025
NC,2013918,,Right to Reproductive Freedom Act,Right to Reproductive Freedom Act,1,2025-03-25,https://legiscan.com/NC/bill/H509/2025
NC,2013942,,Menstrual Equity for All Act,Menstrual Equity for All Act,1,2025-03-25,https://legiscan.com/NC/bill/H510/2025
NC,2013955,,Award Magistrates Salary Increases,Award Magistrates Salary Increases,1,2025-03-25,https://legiscan.com/NC/bill/H511/2025
NC,2013931,,Emer. Care/Animals/Vet. Practice,Emer. Care/Animals/Vet. Practice,2,2025-05-01,https://legiscan.com/NC/bill/H512/2025
NC,2013836,,Strengthen Long-Term Care Ombudsman Program,Strengthen Long-Term Care Ombudsman Program,1,2025-03-25,https://legiscan.com/NC/bill/H513/2025
NC,2013916,,APRN Definitions,APRN Definitions,1,2025-03-25,https://legiscan.com/NC/bill/H514/2025
NC,2014213,,North Carolina Economic Abuse Prevention Act,North Carolina Economic Abuse Prevention Act,2,2025-05-07,https://legiscan.com/NC/bill/H515/2025
NC,2014385,,Motorcycle Road Guard Safety Act,Motorcycle Road Guard Safety Act,1,2025-03-25,https://legiscan.com/NC/bill/H516/2025
NC,2014425,,Modify Nonprofit Corp. Act/Charitable Org,Modify Nonprofit Corp. Act/Charitable Org,2,2025-06-26,https://legiscan.com/NC/bill/H517/2025
NC,2014447,,Project Newsletter,Project Newsletter,1,2025-03-25,https://legiscan.com/NC/bill/H518/2025
NC,2014484,,Parents&#x27; Medical Bill of Rights,Parents&#x27; Medical Bill of Rights,2,2025-05-07,https://legiscan.com/NC/bill/H519/2025
NC,2014471,,Abuse and Deception by Telemarketers,Abuse and Deception by Telemarketers,2,2025-05-07,https://legiscan.com/NC/bill/H520/2025
NC,2014825,,Healthy Families &amp; Workplaces/Paid Sick Leave,Healthy Families &amp; Workplaces/Paid Sick Leave,1,2025-03-26,https://legiscan.com/NC/bill/H521/2025
NC,2014979,,Crisis Pregnancy Center Fraud Prevention Act,Crisis Pregnancy Center Fraud Prevention Act,1,2025-03-26,https://legiscan.com/NC/bill/H522/2025
NC,2014799,,School Social Workers/Master&#x27;s Pay,School Social Workers/Master&#x27;s Pay,1,2025-03-26,https://legiscan.com/NC/bill/H523/2025
NC,2014934,,Fraud Detection Alert System,Fraud Detection Alert System,1,2025-03-26,https://legiscan.com/NC/bill/H524/2025
NC,2014849,,Reorganize &amp; Fund Rare Disease Adv. Council,Reorganize &amp; Fund Rare Disease Adv. Council,1,2025-03-26,https://legiscan.com/NC/bill/H525/2025
NC,2014881,,Funds for Onslow Co. Sheriff&#x27;s Office,Funds for Onslow Co. Sheriff&#x27;s Office,1,2025-03-26,https://legiscan.com/NC/bill/H526/2025
NC,2014959,,Funds for Swansboro Rd Maintenance,Funds for Swansboro Rd Maintenance,1,2025-03-26,https://legiscan.com/NC/bill/H527/2025
NC,2014905,,Funds for Coastal Carolina Community College,Funds for Coastal Carolina Community College,1,2025-03-26,https://legiscan.com/NC/bill/H528/2025
NC,2015216,,Clean Repeal of HB2,Clean Repeal of HB2,1,2025-03-26,https://legiscan.com/NC/bill/H529/2025
NC,2015120,,"Funds/Halifax, Northampton, Warren Counties","Funds/Halifax, Northampton, Warren Counties",1,2025-03-26,https://legiscan.com/NC/bill/H530/2025
NC,2015017,,Addressing NC&#x27;s Teacher Crisis/NTSP,Addressing NC&#x27;s Teacher Crisis/NTSP,1,2025-03-26,https://legiscan.com/NC/bill/H531/2025
NC,2015060,,County Service Districts/Research &amp; URSD,County Service Districts/Research &amp; URSD,1,2025-03-26,https://legiscan.com/NC/bill/H532/2025
NC,2015146,,Funds/Various Public Projects in Chatham Co,Funds/Various Public Projects in Chatham Co,1,2025-03-26,https://legiscan.com/NC/bill/H533/2025
NC,2015085,,Funds for Sexual Assault Nurse Programs,Funds for Sexual Assault Nurse Programs,1,2025-03-26,https://legiscan.com/NC/bill/H534/2025
NC,2015042,,Title Fraud Prevention Act,Title Fraud Prevention Act,2,2025-05-07,https://legiscan.com/NC/bill/H535/2025
NC,2015006,,Physical Therapy Practice Act Mods,Physical Therapy Practice Act Mods,2,2025-06-16,https://legiscan.com/NC/bill/H536/2025
NC,2015131,,Alena&#x27;s Law &amp; Office of Vital Records Changes,Alena&#x27;s Law &amp; Office of Vital Records Changes,4,2025-07-01,https://legiscan.com/NC/bill/H537/2025
NC,2015234,,Equality for All,Equality for All,1,2025-03-26,https://legiscan.com/NC/bill/H538/2025
NC,2015225,,Revenue Neutral Rate Required,Revenue Neutral Rate Required,1,2025-03-26,https://legiscan.com/NC/bill/H539/2025
NC,2015031,,Additional Funds for Patriot Star Scholarship,Additional Funds for Patriot Star Scholarship,1,2025-03-26,https://legiscan.com/NC/bill/H540/2025
NC,2015160,,Opt. Top-2 Same-Day Primary Runoff/Elections,Opt. Top-2 Same-Day Primary Runoff/Elections,1,2025-03-26,https://legiscan.com/NC/bill/H541/2025
NC,2015171,,Child Care Mental &amp; Behavioral Services/Funds,Child Care Mental &amp; Behavioral Services/Funds,1,2025-03-26,https://legiscan.com/NC/bill/H542/2025
NC,2015071,,Criminal Background Check For Athlete Agents,Criminal Background Check For Athlete Agents,1,2025-03-26,https://legiscan.com/NC/bill/H543/2025
NC,2015190,,Tax Credit for Rehab. Corp. Campus,Tax Credit for Rehab. Corp. Campus,1,2025-03-26,https://legiscan.com/NC/bill/H544/2025
NC,2015099,,Ban Ghost Guns &amp; Undetectable Firearms,Ban Ghost Guns &amp; Undetectable Firearms,1,2025-03-26,https://legiscan.com/NC/bill/H545/2025
NC,2015201,,Medicaid Modernization,Medicaid Modernization,4,2025-07-07,https://legiscan.com/NC/bill/H546/2025
NC,2015369,,Children&#x27;s Services Protection Act,Children&#x27;s Services Protection Act,2,2025-05-07,https://legiscan.com/NC/bill/H547/2025
NC,2015306,,NC Economic Progress and Well-Being,NC Economic Progress and Well-Being,1,2025-03-26,https://legiscan.com/NC/bill/H548/2025
NC,2015433,,Clarify Powers of State Auditor,Clarify Powers of State Auditor,4,2025-07-29,https://legiscan.com/NC/bill/H549/2025
NC,2015495,,Modify Mileage and Per Diem,Modify Mileage and Per Diem,1,2025-03-26,https://legiscan.com/NC/bill/H550/2025
NC,2015574,,Clubhouse Expansion,Clubhouse Expansion,1,2025-03-27,https://legiscan.com/NC/bill/H551/2025
NC,2015551,,Ag Manufacturing Economic Development,Ag Manufacturing Economic Development,2,2025-05-07,https://legiscan.com/NC/bill/H552/2025
NC,2015540,,Ensuring Patient Safety w/Mail Order Meds,Ensuring Patient Safety w/Mail Order Meds,1,2025-03-27,https://legiscan.com/NC/bill/H553/2025
NC,2015560,,Rev Laws Tech Chngs/BBA Chngs/P2P Tax Parity,Rev Laws Tech Chngs/BBA Chngs/P2P Tax Parity,1,2025-03-27,https://legiscan.com/NC/bill/H554/2025
NC,2015644,,Medicaid Telehealth Services,Medicaid Telehealth Services,1,2025-03-27,https://legiscan.com/NC/bill/H555/2025
NC,2015699,,2025 Charter Schools Review Board Omnibus,2025 Charter Schools Review Board Omnibus,1,2025-03-27,https://legiscan.com/NC/bill/H556/2025
NC,2015599,,The Andy Griffith Show as State TV Show,The Andy Griffith Show as State TV Show,2,2025-04-28,https://legiscan.com/NC/bill/H557/2025
NC,2015670,,Criteria for PHP Contract Procurement,Criteria for PHP Contract Procurement,1,2025-03-27,https://legiscan.com/NC/bill/H558/2025
NC,2015627,,Elevators/Interim Code Council Appt.-AB,Elevators/Interim Code Council Appt.-AB,4,2025-07-07,https://legiscan.com/NC/bill/H559/2025
NC,2015587,,Parents Protection Act,Parents Protection Act,1,2025-03-27,https://legiscan.com/NC/bill/H560/2025
NC,2015614,,2025 Youth End Nicotine Dependence Act,2025 Youth End Nicotine Dependence Act,1,2025-03-27,https://legiscan.com/NC/bill/H561/2025
NC,2015657,,Healthcare Investment Act,Healthcare Investment Act,2,2025-05-07,https://legiscan.com/NC/bill/H562/2025
NC,2015919,,State Retirees Cost-of-Living Increase/Funds,State Retirees Cost-of-Living Increase/Funds,1,2025-03-27,https://legiscan.com/NC/bill/H564/2025
NC,2015954,,"Check Yes, Save Lives","Check Yes, Save Lives",2,2025-05-01,https://legiscan.com/NC/bill/H565/2025
NC,2015727,,Principal Fellows Changes,Principal Fellows Changes,1,2025-03-27,https://legiscan.com/NC/bill/H566/2025
NC,2015791,,Ensure Access to Biomarker Testing,Ensure Access to Biomarker Testing,2,2025-05-07,https://legiscan.com/NC/bill/H567/2025
NC,2015757,,2025 Omnibus Labor Amendments.-AB,2025 Omnibus Labor Amendments.-AB,4,2025-06-27,https://legiscan.com/NC/bill/H568/2025
NC,2015824,,PFAS Pollution and Polluter Liability,PFAS Pollution and Polluter Liability,2,2025-05-07,https://legiscan.com/NC/bill/H569/2025
NC,2015887,,Responsible Firefighting Foam Management Act,Responsible Firefighting Foam Management Act,2,2025-04-30,https://legiscan.com/NC/bill/H570/2025
NC,2016009,,Funds for PTSD Treatment for Police Officers,Funds for PTSD Treatment for Police Officers,1,2025-03-27,https://legiscan.com/NC/bill/H571/2025
NC,2015993,,Veterans/eTMS Pilot Program,Veterans/eTMS Pilot Program,2,2025-05-07,https://legiscan.com/NC/bill/H572/2025
NC,2016029,,Remove Testing Requirement for Teacher Lisc,Remove Testing Requirement for Teacher Lisc,1,2025-03-27,https://legiscan.com/NC/bill/H573/2025
NC,2016049,,Workforce Development Pilot Project,Workforce Development Pilot Project,2,2025-04-28,https://legiscan.com/NC/bill/H574/2025
NC,2016994,,The Hunter Robinson Act,The Hunter Robinson Act,2,2025-05-01,https://legiscan.com/NC/bill/H575/2025
NC,2016945,,Dept. of Health and Human Services Revisions.-AB,Dept. of Health and Human Services Revisions.-AB,4,2025-06-27,https://legiscan.com/NC/bill/H576/2025
NC,2016909,,Protect Towers and Truckers Act,Protect Towers and Truckers Act,1,2025-03-31,https://legiscan.com/NC/bill/H577/2025
NC,2016862,,The Jason Flatt Act of North Carolina,The Jason Flatt Act of North Carolina,2,2025-05-05,https://legiscan.com/NC/bill/H578/2025
NC,2016927,,NC House Public Access Act of 2025,NC House Public Access Act of 2025,1,2025-03-31,https://legiscan.com/NC/bill/H579/2025
NC,2016839,,SBOE Legislative Changes.-AB,SBOE Legislative Changes.-AB,1,2025-03-31,https://legiscan.com/NC/bill/H580/2025
NC,2016890,,Career Pathways Transparency Act,Career Pathways Transparency Act,1,2025-03-31,https://legiscan.com/NC/bill/H581/2025
NC,2016986,,Providing Relief to Impacted Families Act,Providing Relief to Impacted Families Act,1,2025-03-31,https://legiscan.com/NC/bill/H582/2025
NC,2016876,,Law Enforcement/Destroy Certain Firearms,Law Enforcement/Destroy Certain Firearms,1,2025-03-31,https://legiscan.com/NC/bill/H583/2025
NC,2016920,,Permit/Provisional License Modifications,Permit/Provisional License Modifications,1,2025-03-31,https://legiscan.com/NC/bill/H584/2025
NC,2016974,,Human Trafficking Reporting/Response System,Human Trafficking Reporting/Response System,1,2025-03-31,https://legiscan.com/NC/bill/H585/2025
NC,2016964,,YMCA Expansion Funding,YMCA Expansion Funding,1,2025-03-31,https://legiscan.com/NC/bill/H586/2025
NC,2017000,,Corps Community Center Funding,Corps Community Center Funding,1,2025-03-31,https://legiscan.com/NC/bill/H587/2025
NC,2016969,,School Psychologist Omnibus,School Psychologist Omnibus,1,2025-03-31,https://legiscan.com/NC/bill/H588/2025
NC,2017025,,The Second Look Act,The Second Look Act,1,2025-03-31,https://legiscan.com/NC/bill/H589/2025
NC,2016942,,Patient Safety/Med. Imaging/Radiation Therapy,Patient Safety/Med. Imaging/Radiation Therapy,2,2025-06-26,https://legiscan.com/NC/bill/H590/2025
NC,2016900,,Elec. Monitoring in Nursing/Adult Care Homes,Elec. Monitoring in Nursing/Adult Care Homes,1,2025-03-31,https://legiscan.com/NC/bill/H591/2025
NC,2016886,,Toxic-Free Medical Devices Act of 2025,Toxic-Free Medical Devices Act of 2025,2,2025-04-28,https://legiscan.com/NC/bill/H592/2025
NC,2017022,,Local Government Audits,Local Government Audits,1,2025-03-31,https://legiscan.com/NC/bill/H593/2025
NC,2016983,,Funds/Kings Grant Connectivity,Funds/Kings Grant Connectivity,1,2025-03-31,https://legiscan.com/NC/bill/H594/2025
NC,2016938,,Parental Rights for Curriculum and Books,Parental Rights for Curriculum and Books,1,2025-03-31,https://legiscan.com/NC/bill/H595/2025
NC,2016868,,Standards Advisory Commission,Standards Advisory Commission,1,2025-03-31,https://legiscan.com/NC/bill/H596/2025
NC,2016951,,Adopt Osprey as State Raptor,Adopt Osprey as State Raptor,2,2025-05-08,https://legiscan.com/NC/bill/H597/2025
NC,2016894,,Live Event Ticketing Protections &amp; Reforms,Live Event Ticketing Protections &amp; Reforms,1,2025-03-31,https://legiscan.com/NC/bill/H598/2025
NC,2017009,,Award NC Forest Service Pay Increase,Award NC Forest Service Pay Increase,1,2025-03-31,https://legiscan.com/NC/bill/H599/2025
NC,2016977,,Recognition of the Tuscarora,Recognition of the Tuscarora,1,2025-03-31,https://legiscan.com/NC/bill/H600/2025
NC,2016989,,Funds for Facilities of DAV Organizations,Funds for Facilities of DAV Organizations,1,2025-03-31,https://legiscan.com/NC/bill/H601/2025
NC,2016923,,Coach Safely Act,Coach Safely Act,2,2025-05-08,https://legiscan.com/NC/bill/H602/2025
NC,2016852,,Workforce Housing Loans-Preconstruction Costs,Workforce Housing Loans-Preconstruction Costs,1,2025-03-31,https://legiscan.com/NC/bill/H603/2025
NC,2017005,,Rural and Downtown Community Eco. Dev. Grants,Rural and Downtown Community Eco. Dev. Grants,1,2025-03-31,https://legiscan.com/NC/bill/H604/2025
NC,2016880,,Definitions for Advanced Recycling,Definitions for Advanced Recycling,2,2025-05-01,https://legiscan.com/NC/bill/H605/2025
NC,2016856,,Civil Procedure Amendment,Civil Procedure Amendment,2,2025-05-06,https://legiscan.com/NC/bill/H606/2025
NC,2017014,,Regulate Hemp Consumable Products,Regulate Hemp Consumable Products,1,2025-03-31,https://legiscan.com/NC/bill/H607/2025
NC,2016843,,Protect Health and Gov&#x27;t Personnel Info,Protect Health and Gov&#x27;t Personnel Info,1,2025-03-31,https://legiscan.com/NC/bill/H608/2025
NC,2017018,,Option for Raw Milk Consumption,Option for Raw Milk Consumption,1,2025-03-31,https://legiscan.com/NC/bill/H609/2025
NC,2016961,,Study on Year-Round School,Study on Year-Round School,2,2025-04-28,https://legiscan.com/NC/bill/H610/2025
NC,2016913,,Increase APs in Public Schools,Increase APs in Public Schools,1,2025-03-31,https://legiscan.com/NC/bill/H611/2025
NC,2016903,,Fostering Care in NC Act,Fostering Care in NC Act,4,2025-06-26,https://legiscan.com/NC/bill/H612/2025
NC,2016955,,The Vehicle Registration Convenience Act,The Vehicle Registration Convenience Act,1,2025-03-31,https://legiscan.com/NC/bill/H613/2025
NC,2016847,,The Michael Mitchke F.I.N.E. Law,The Michael Mitchke F.I.N.E. Law,2,2025-05-01,https://legiscan.com/NC/bill/H614/2025
NC,2016872,,Enrollment Stability for Military Students,Enrollment Stability for Military Students,2,2025-05-07,https://legiscan.com/NC/bill/H615/2025
NC,2017349,,Megasites/Selectsites Program Revisions,Megasites/Selectsites Program Revisions,2,2025-05-07,https://legiscan.com/NC/bill/H616/2025
NC,2017164,,Supporting Small Farmers for NC&#x27;s Future Act,Supporting Small Farmers for NC&#x27;s Future Act,1,2025-03-31,https://legiscan.com/NC/bill/H617/2025
NC,2017323,,Ivermectin Access Act,Ivermectin Access Act,2,2025-05-07,https://legiscan.com/NC/bill/H618/2025
NC,2017479,,Health Care Security Act,Health Care Security Act,1,2025-03-31,https://legiscan.com/NC/bill/H619/2025
NC,2017403,,AOC Agency Requests.-AB,AOC Agency Requests.-AB,4,2025-07-02,https://legiscan.com/NC/bill/H620/2025
NC,2017298,,Funds for the Umbrella Center,Funds for the Umbrella Center,1,2025-03-31,https://legiscan.com/NC/bill/H621/2025
NC,2017114,,Limit Excessive Mag Sizes,Limit Excessive Mag Sizes,1,2025-03-31,https://legiscan.com/NC/bill/H622/2025
NC,2017244,,NC Folk Fest and FIFA Funds,NC Folk Fest and FIFA Funds,1,2025-03-31,https://legiscan.com/NC/bill/H623/2025
NC,2017190,,Prescription Drug Pricing,Prescription Drug Pricing,1,2025-03-31,https://legiscan.com/NC/bill/H624/2025
NC,2017377,,The Prison Resources Repurposing Act,The Prison Resources Repurposing Act,1,2025-03-31,https://legiscan.com/NC/bill/H625/2025
NC,2017064,,Housing Choice Act,Housing Choice Act,1,2025-03-31,https://legiscan.com/NC/bill/H626/2025
NC,2017140,,Regulation of Accessory Dwelling Units,Regulation of Accessory Dwelling Units,1,2025-03-31,https://legiscan.com/NC/bill/H627/2025
NC,2017217,,Reenact Child Tax Credit,Reenact Child Tax Credit,1,2025-03-31,https://legiscan.com/NC/bill/H628/2025
NC,2017269,,Extend Primary Care Task Force,Extend Primary Care Task Force,1,2025-03-31,https://legiscan.com/NC/bill/H629/2025
NC,2017090,,Restore LEA Sales Tax Benefit,Restore LEA Sales Tax Benefit,1,2025-03-31,https://legiscan.com/NC/bill/H630/2025
NC,2017455,,State Infrastructure Bank Study,State Infrastructure Bank Study,1,2025-03-31,https://legiscan.com/NC/bill/H631/2025
NC,2017427,,Amend Hazing Laws,Amend Hazing Laws,1,2025-03-31,https://legiscan.com/NC/bill/H632/2025
NC,2017533,,Expand Sickle Cell Disease Programs &amp; Svcs,Expand Sickle Cell Disease Programs &amp; Svcs,1,2025-03-31,https://legiscan.com/NC/bill/H633/2025
NC,2017510,,Parity Enhancement for Addiction Recovery,Parity Enhancement for Addiction Recovery,1,2025-03-31,https://legiscan.com/NC/bill/H634/2025
NC,2017553,,Increase Access to Fertility Treatment,Increase Access to Fertility Treatment,1,2025-03-31,https://legiscan.com/NC/bill/H635/2025
NC,2017753,,Promoting Wholesome Content for Students,Promoting Wholesome Content for Students,2,2025-04-28,https://legiscan.com/NC/bill/H636/2025
NC,2017712,,Community of Practice ATR Supplement,Community of Practice ATR Supplement,2,2025-05-01,https://legiscan.com/NC/bill/H637/2025
NC,2017695,,Equit. Escalation of Electricity Demand Act,Equit. Escalation of Electricity Demand Act,1,2025-04-01,https://legiscan.com/NC/bill/H638/2025
NC,2017731,,Prioritize In-State Applicants/UNC Ed Schools,Prioritize In-State Applicants/UNC Ed Schools,1,2025-04-01,https://legiscan.com/NC/bill/H639/2025
NC,2017876,,Public Assistance Verification Enhancements,Public Assistance Verification Enhancements,1,2025-04-01,https://legiscan.com/NC/bill/H640/2025
NC,2017836,,Transportation for the Future Act,Transportation for the Future Act,1,2025-04-01,https://legiscan.com/NC/bill/H641/2025
NC,2017791,,Funds/Scotland Cty. Wastewater Improvements,Funds/Scotland Cty. Wastewater Improvements,1,2025-04-01,https://legiscan.com/NC/bill/H642/2025
NC,2017854,,Clarify Firearm Storage Law,Clarify Firearm Storage Law,1,2025-04-01,https://legiscan.com/NC/bill/H643/2025
NC,2017951,,DOT Study on Fort Bragg Traffic Congestion,DOT Study on Fort Bragg Traffic Congestion,1,2025-04-01,https://legiscan.com/NC/bill/H644/2025
NC,2017934,,Friendly NC Act,Friendly NC Act,1,2025-04-01,https://legiscan.com/NC/bill/H645/2025
NC,2017915,,Const. Amend.: Remove Slavery as Punishment,Const. Amend.: Remove Slavery as Punishment,1,2025-04-01,https://legiscan.com/NC/bill/H646/2025
NC,2017899,,Ag. PUV Conservation,Ag. PUV Conservation,1,2025-04-01,https://legiscan.com/NC/bill/H647/2025
NC,2017816,,Disposition Placement/Findings of Fact,Disposition Placement/Findings of Fact,2,2025-04-30,https://legiscan.com/NC/bill/H648/2025
NC,2017774,,County Tier Designation Study Bill,County Tier Designation Study Bill,2,2025-04-30,https://legiscan.com/NC/bill/H649/2025
NC,2018047,,No Interchange Fees on Sales Tax or Tips,No Interchange Fees on Sales Tax or Tips,1,2025-04-01,https://legiscan.com/NC/bill/H650/2025
NC,2018314,,Reduce Parent Copays/Child Care Subsidy/Funds,Reduce Parent Copays/Child Care Subsidy/Funds,1,2025-04-01,https://legiscan.com/NC/bill/H651/2025
NC,2018113,,Transportation Goods Unit Pricing Cost,Transportation Goods Unit Pricing Cost,2,2025-05-07,https://legiscan.com/NC/bill/H652/2025
NC,2017982,,Adjust FMAP Trigger for Medicaid Expansion,Adjust FMAP Trigger for Medicaid Expansion,1,2025-04-01,https://legiscan.com/NC/bill/H653/2025
NC,2018024,,Adopt Girl Scouts Week,Adopt Girl Scouts Week,1,2025-04-01,https://legiscan.com/NC/bill/H654/2025
NC,2018356,,Ending Offensive Indian Mascots,Ending Offensive Indian Mascots,1,2025-04-01,https://legiscan.com/NC/bill/H655/2025
NC,2018205,,Split Distr Ct/Defender Distr 43 into 43A/43B,Split Distr Ct/Defender Distr 43 into 43A/43B,1,2025-04-01,https://legiscan.com/NC/bill/H656/2025
NC,2017960,,Duke&#x27;s Rescue Act,Duke&#x27;s Rescue Act,1,2025-04-01,https://legiscan.com/NC/bill/H657/2025
NC,2018290,,Optometrists Telehealth Services,Optometrists Telehealth Services,1,2025-04-01,https://legiscan.com/NC/bill/H658/2025
NC,2018270,,Local Government Spending Transparency,Local Government Spending Transparency,1,2025-04-01,https://legiscan.com/NC/bill/H659/2025
NC,2018250,,Funds for Various Projects in Cabarrus Co,Funds for Various Projects in Cabarrus Co,1,2025-04-01,https://legiscan.com/NC/bill/H660/2025
NC,2018070,,Building Industry Efficiency Act of 2025,Building Industry Efficiency Act of 2025,2,2025-06-18,https://legiscan.com/NC/bill/H661/2025
NC,2018135,,Support the State Highway Patrol,Support the State Highway Patrol,1,2025-04-01,https://legiscan.com/NC/bill/H662/2025
NC,2018334,,Living Donor Protection Act,Living Donor Protection Act,1,2025-04-01,https://legiscan.com/NC/bill/H663/2025
NC,2018184,,Eliminate PET Scanners from CON Review,Eliminate PET Scanners from CON Review,1,2025-04-01,https://legiscan.com/NC/bill/H664/2025
NC,2018090,,DPI Disaster Preparedness Fund,DPI Disaster Preparedness Fund,1,2025-04-01,https://legiscan.com/NC/bill/H665/2025
NC,2018158,,Wildlife Resources Commission Term Limits,Wildlife Resources Commission Term Limits,1,2025-04-01,https://legiscan.com/NC/bill/H666/2025
NC,2018227,,Reduce Barriers to College Completion,Reduce Barriers to College Completion,1,2025-04-01,https://legiscan.com/NC/bill/H667/2025
NC,2018006,,NC Working Families Economic Relief Act,NC Working Families Economic Relief Act,1,2025-04-01,https://legiscan.com/NC/bill/H668/2025
NC,2018480,,Volunteer Firefighter Reimbursement Program,Volunteer Firefighter Reimbursement Program,1,2025-04-01,https://legiscan.com/NC/bill/H669/2025
NC,2018399,,Workforce Credential Grant Program/CCP,Workforce Credential Grant Program/CCP,1,2025-04-01,https://legiscan.com/NC/bill/H670/2025
NC,2018407,,Competitive Speech and Debate Grant Pilot,Competitive Speech and Debate Grant Pilot,1,2025-04-01,https://legiscan.com/NC/bill/H671/2025
NC,2018522,,Physician Assist. Omnibus/Team-based/Compact,Physician Assist. Omnibus/Team-based/Compact,1,2025-04-01,https://legiscan.com/NC/bill/H672/2025
NC,2018532,,Neonatal Transport Assistance,Neonatal Transport Assistance,1,2025-04-01,https://legiscan.com/NC/bill/H673/2025
NC,2018501,,The Firearms Liberty Act,The Firearms Liberty Act,2,2025-05-07,https://legiscan.com/NC/bill/H674/2025
NC,2018575,,EMT Personnel Credentialing Modifications,EMT Personnel Credentialing Modifications,1,2025-04-01,https://legiscan.com/NC/bill/H675/2025
NC,2018437,,Funds for Haywood County Schools,Funds for Haywood County Schools,1,2025-04-01,https://legiscan.com/NC/bill/H676/2025
NC,2018416,,Open Movie Captioning in Movie Theaters,Open Movie Captioning in Movie Theaters,1,2025-04-01,https://legiscan.com/NC/bill/H677/2025
NC,2018599,,Ensure Constitutional Government,Ensure Constitutional Government,1,2025-04-01,https://legiscan.com/NC/bill/H678/2025
NC,2018460,,Funds for Spring Lake Projects,Funds for Spring Lake Projects,1,2025-04-01,https://legiscan.com/NC/bill/H679/2025
NC,2018468,,The Protect Children from Cannabis Act,The Protect Children from Cannabis Act,1,2025-04-01,https://legiscan.com/NC/bill/H680/2025
NC,2018591,,Update Opioid Abatement Treatment Prog. Rules,Update Opioid Abatement Treatment Prog. Rules,2,2025-05-07,https://legiscan.com/NC/bill/H681/2025
NC,2018428,,Public Safety Through Food Access Act,Public Safety Through Food Access Act,1,2025-04-01,https://legiscan.com/NC/bill/H682/2025
NC,2018541,,Expand Disabled Veteran Prop. Tax Exclusion,Expand Disabled Veteran Prop. Tax Exclusion,1,2025-04-01,https://legiscan.com/NC/bill/H683/2025
NC,2018489,,Environmental Justice in North Carolina,Environmental Justice in North Carolina,1,2025-04-01,https://legiscan.com/NC/bill/H684/2025
NC,2018583,,Rural NC Reinvestment Act,Rural NC Reinvestment Act,1,2025-04-01,https://legiscan.com/NC/bill/H685/2025
NC,2018448,,Safe Cosmetics Act,Safe Cosmetics Act,1,2025-04-01,https://legiscan.com/NC/bill/H686/2025
NC,2018509,,Clarify Laws Regulating Public Swimming Pools,Clarify Laws Regulating Public Swimming Pools,1,2025-04-01,https://legiscan.com/NC/bill/H687/2025
NC,2018563,,Funds for Inclusive Playgrounds,Funds for Inclusive Playgrounds,1,2025-04-01,https://legiscan.com/NC/bill/H688/2025
NC,2018552,,Expanding Workforce and Education Act,Expanding Workforce and Education Act,1,2025-04-01,https://legiscan.com/NC/bill/H689/2025
NC,2018772,,The Citizens Support Act,The Citizens Support Act,2,2025-05-08,https://legiscan.com/NC/bill/H690/2025
NC,2018751,,Voter Protection and Reliance Act,Voter Protection and Reliance Act,1,2025-04-02,https://legiscan.com/NC/bill/H691/2025
NC,2018636,,AEDs and CPR in Schools,AEDs and CPR in Schools,1,2025-04-02,https://legiscan.com/NC/bill/H692/2025
NC,2018719,,Interstate Massage Compact,Interstate Massage Compact,2,2025-09-25,https://legiscan.com/NC/bill/H693/2025
NC,2018810,,Reg&#x27;l Water Study/IBT Subbasin/TMDL,Reg&#x27;l Water Study/IBT Subbasin/TMDL,4,2025-07-09,https://legiscan.com/NC/bill/H694/2025
NC,2018821,,Support VIPER/Assist 911 Operations/Dispatch,Support VIPER/Assist 911 Operations/Dispatch,1,2025-04-02,https://legiscan.com/NC/bill/H695/2025
NC,2018861,,Health Care Practitioner Transparency Act,Health Care Practitioner Transparency Act,2,2025-05-07,https://legiscan.com/NC/bill/H696/2025
NC,2018848,,NC Genetic Counselors Workforce Act,NC Genetic Counselors Workforce Act,2,2025-06-26,https://legiscan.com/NC/bill/H697/2025
NC,2018701,,Center for Missing Persons to Highway Patrol,Center for Missing Persons to Highway Patrol,2,2025-05-08,https://legiscan.com/NC/bill/H698/2025
NC,2018693,,Sheriff&#x27;s Deputies/Dismissals,Sheriff&#x27;s Deputies/Dismissals,1,2025-04-02,https://legiscan.com/NC/bill/H699/2025
NC,2018835,,The Patients&#x27; Restoration of Rights Act,The Patients&#x27; Restoration of Rights Act,1,2025-04-02,https://legiscan.com/NC/bill/H700/2025
NC,2018733,,Adopt Lafayette Day,Adopt Lafayette Day,2,2025-05-08,https://legiscan.com/NC/bill/H701/2025
NC,2018803,,Chiropractic Education Changes,Chiropractic Education Changes,1,2025-04-02,https://legiscan.com/NC/bill/H702/2025
NC,2018778,,Memorials in Veterans Cemeteries,Memorials in Veterans Cemeteries,1,2025-04-02,https://legiscan.com/NC/bill/H703/2025
NC,2018706,,Establish AAPI Heritage Commission,Establish AAPI Heritage Commission,1,2025-04-02,https://legiscan.com/NC/bill/H704/2025
NC,2018743,,Study CTE Licensure Requirements,Study CTE Licensure Requirements,1,2025-04-02,https://legiscan.com/NC/bill/H705/2025
NC,2018663,,Change to Needs-Based Capital Funding,Change to Needs-Based Capital Funding,1,2025-04-02,https://legiscan.com/NC/bill/H706/2025
NC,2018645,,Drones/Certain Vendor Purchases Prohibited,Drones/Certain Vendor Purchases Prohibited,1,2025-04-02,https://legiscan.com/NC/bill/H707/2025
NC,2018724,,IROBOT - Increasing Robotics Opportunities,IROBOT - Increasing Robotics Opportunities,1,2025-04-02,https://legiscan.com/NC/bill/H708/2025
NC,2018738,,K-3 Literacy and Improvement Act,K-3 Literacy and Improvement Act,1,2025-04-02,https://legiscan.com/NC/bill/H709/2025
NC,2018641,,Mental Health Crisis Unit Pilot for LSAUs,Mental Health Crisis Unit Pilot for LSAUs,1,2025-04-02,https://legiscan.com/NC/bill/H710/2025
NC,2018856,,Recovery Support Via Revenue Stabilization,Recovery Support Via Revenue Stabilization,1,2025-04-02,https://legiscan.com/NC/bill/H711/2025
NC,2018814,,Universal Income/Pay-It-Forward Fund,Universal Income/Pay-It-Forward Fund,1,2025-04-02,https://legiscan.com/NC/bill/H712/2025
NC,2018713,,Universal Free Breakfast and Lunch,Universal Free Breakfast and Lunch,1,2025-04-02,https://legiscan.com/NC/bill/H713/2025
NC,2018785,,Universal Healthcare,Universal Healthcare,1,2025-04-02,https://legiscan.com/NC/bill/H714/2025
NC,2018828,,Universal Pre-K,Universal Pre-K,1,2025-04-02,https://legiscan.com/NC/bill/H715/2025
NC,2018650,,Bail Bond Omnibus,Bail Bond Omnibus,1,2025-04-02,https://legiscan.com/NC/bill/H716/2025
NC,2018763,,Amend NC PEO Act.-AB,Amend NC PEO Act.-AB,2,2025-04-30,https://legiscan.com/NC/bill/H717/2025
NC,2018789,,Bail Bondsmen Revisions.-AB,Bail Bondsmen Revisions.-AB,1,2025-04-02,https://legiscan.com/NC/bill/H718/2025
NC,2018841,,Continuing Care Retirement Communities Act.-AB,Continuing Care Retirement Communities Act.-AB,1,2025-04-02,https://legiscan.com/NC/bill/H719/2025
NC,2018796,,Insurance Guaranty Association Act Revisions.-AB,Insurance Guaranty Association Act Revisions.-AB,2,2025-05-01,https://legiscan.com/NC/bill/H720/2025
NC,2018669,,Muddy Sneakers/St. Gerard House,Muddy Sneakers/St. Gerard House,1,2025-04-02,https://legiscan.com/NC/bill/H721/2025
NC,2018656,,Enact Criminal Justice Debt Reform,Enact Criminal Justice Debt Reform,1,2025-04-02,https://legiscan.com/NC/bill/H722/2025
NC,2018632,,Technology Coalitions Strategic Support Fund,Technology Coalitions Strategic Support Fund,1,2025-04-02,https://legiscan.com/NC/bill/H723/2025
NC,2018681,,NC-FACT,NC-FACT,1,2025-04-02,https://legiscan.com/NC/bill/H724/2025
NC,2018687,,MOMnibus 3.0,MOMnibus 3.0,1,2025-04-02,https://legiscan.com/NC/bill/H725/2025
NC,2018865,,Youth Mentoring &amp; Academic Enhancement Comm,Youth Mentoring &amp; Academic Enhancement Comm,1,2025-04-02,https://legiscan.com/NC/bill/H726/2025
NC,2018675,,Marriage/Family Therapy Mods,Marriage/Family Therapy Mods,2,2025-05-07,https://legiscan.com/NC/bill/H727/2025
NC,2018757,,Shared Investment in Our Heroes Act,Shared Investment in Our Heroes Act,1,2025-04-02,https://legiscan.com/NC/bill/H728/2025
NC,2018894,,Farmland Protection Act,Farmland Protection Act,1,2025-04-02,https://legiscan.com/NC/bill/H729/2025
NC,2018934,,Comprehensive State Communications,Comprehensive State Communications,1,2025-04-02,https://legiscan.com/NC/bill/H730/2025
NC,2019113,,Funds for Pauli Murray Center,Funds for Pauli Murray Center,1,2025-04-02,https://legiscan.com/NC/bill/H731/2025
NC,2019029,,Common Sense Gun Regulations,Common Sense Gun Regulations,1,2025-04-02,https://legiscan.com/NC/bill/H732/2025
NC,2019071,,The Everybody Eats Act,The Everybody Eats Act,1,2025-04-02,https://legiscan.com/NC/bill/H733/2025
NC,2019169,,Modernize Debt Settlement Prohibition,Modernize Debt Settlement Prohibition,2,2025-04-28,https://legiscan.com/NC/bill/H734/2025
NC,2018989,,Modernize STI Transit Funding,Modernize STI Transit Funding,1,2025-04-02,https://legiscan.com/NC/bill/H735/2025
NC,2019125,,Pharmacists/Test and Treat,Pharmacists/Test and Treat,1,2025-04-02,https://legiscan.com/NC/bill/H736/2025
NC,2019053,,DOI Omnibus Bill,DOI Omnibus Bill,4,2025-07-01,https://legiscan.com/NC/bill/H737/2025
NC,2018920,,Restore Wetlands Protections,Restore Wetlands Protections,1,2025-04-02,https://legiscan.com/NC/bill/H738/2025
NC,2018906,,Funds for Wilson &amp; Nash Counties,Funds for Wilson &amp; Nash Counties,1,2025-04-02,https://legiscan.com/NC/bill/H739/2025
NC,2019155,,Limit Contractor Liability in State Contracts,Limit Contractor Liability in State Contracts,1,2025-04-02,https://legiscan.com/NC/bill/H740/2025
NC,2019222,,Veterans Registration Plate Modifications,Veterans Registration Plate Modifications,2,2025-05-07,https://legiscan.com/NC/bill/H741/2025
NC,2019209,,Healthy and High-Performing Schools,Healthy and High-Performing Schools,1,2025-04-02,https://legiscan.com/NC/bill/H742/2025
NC,2018975,,Allow Live-In DSPs in Group Homes,Allow Live-In DSPs in Group Homes,1,2025-04-02,https://legiscan.com/NC/bill/H743/2025
NC,2019003,,Fertility Preservation Pilot Program,Fertility Preservation Pilot Program,1,2025-04-02,https://legiscan.com/NC/bill/H744/2025
NC,2019043,,Fair Competition Study Act,Fair Competition Study Act,1,2025-04-02,https://legiscan.com/NC/bill/H745/2025
NC,2018961,,Limited Immunity/Nurses,Limited Immunity/Nurses,1,2025-04-02,https://legiscan.com/NC/bill/H746/2025
NC,2019015,,2025 Wildlife Resources Changes,2025 Wildlife Resources Changes,2,2025-06-25,https://legiscan.com/NC/bill/H747/2025
NC,2019140,,Funds/Greensboro Water and Wastewater,Funds/Greensboro Water and Wastewater,1,2025-04-02,https://legiscan.com/NC/bill/H748/2025
NC,2019183,,Greensboro Public Safety Funds,Greensboro Public Safety Funds,1,2025-04-02,https://legiscan.com/NC/bill/H749/2025
NC,2018883,,Community Health Center Grants for LARCs,Community Health Center Grants for LARCs,1,2025-04-02,https://legiscan.com/NC/bill/H750/2025
NC,2019085,,Uniform Energy Rates for Seasonal Service,Uniform Energy Rates for Seasonal Service,1,2025-04-02,https://legiscan.com/NC/bill/H751/2025
NC,2019197,,Transportation Economic Development Funding,Transportation Economic Development Funding,1,2025-04-02,https://legiscan.com/NC/bill/H752/2025
NC,2018947,,LEOs Return to Work,LEOs Return to Work,1,2025-04-02,https://legiscan.com/NC/bill/H753/2025
NC,2019099,,Fin. Exploit. Prevention/Savings Bank Updates,Fin. Exploit. Prevention/Savings Bank Updates,2,2025-05-08,https://legiscan.com/NC/bill/H754/2025
NC,2019335,,Nonprofit Sales Tax Exemption,Nonprofit Sales Tax Exemption,1,2025-04-02,https://legiscan.com/NC/bill/H755/2025
NC,2019350,,Funds for Harmony Empowerment Life Center,Funds for Harmony Empowerment Life Center,1,2025-04-02,https://legiscan.com/NC/bill/H756/2025
NC,2019273,,Funds for Joyful Soul Treasures,Funds for Joyful Soul Treasures,1,2025-04-02,https://legiscan.com/NC/bill/H757/2025
NC,2019305,,Funds for Mind and Heart Haven Project,Funds for Mind and Heart Haven Project,1,2025-04-02,https://legiscan.com/NC/bill/H758/2025
NC,2019319,,Family and Community Wellness Act/Funds,Family and Community Wellness Act/Funds,1,2025-04-02,https://legiscan.com/NC/bill/H759/2025
NC,2019379,,Bloodborne Pathogen Training for Tattooists,Bloodborne Pathogen Training for Tattooists,1,2025-04-02,https://legiscan.com/NC/bill/H760/2025
NC,2019257,,Limit Session Length,Limit Session Length,1,2025-04-02,https://legiscan.com/NC/bill/H761/2025
NC,2019289,,Modernize NC S.A.F.E. Act/2d Mortgage Fee Act,Modernize NC S.A.F.E. Act/2d Mortgage Fee Act,4,2025-07-01,https://legiscan.com/NC/bill/H762/2025
NC,2019364,,Neighbor State License Recognition Act,Neighbor State License Recognition Act,4,2025-07-03,https://legiscan.com/NC/bill/H763/2025
NC,2019638,,Establish Death by Reckless Boating,Establish Death by Reckless Boating,1,2025-04-03,https://legiscan.com/NC/bill/H764/2025
NC,2019561,,Save the American Dream Act,Save the American Dream Act,1,2025-04-03,https://legiscan.com/NC/bill/H765/2025
NC,2019582,,Expand Access to Teen Mental Health First Aid,Expand Access to Teen Mental Health First Aid,1,2025-04-03,https://legiscan.com/NC/bill/H766/2025
NC,2019505,,Market Rate Teacher Pay Study,Market Rate Teacher Pay Study,1,2025-04-03,https://legiscan.com/NC/bill/H767/2025
NC,2019599,,Emerg. Comm. Code Exempts/Sanitary Board/401,Emerg. Comm. Code Exempts/Sanitary Board/401,4,2025-07-02,https://legiscan.com/NC/bill/H768/2025
NC,2019532,,Est. Procedure/Complex Family Financial Cases,Est. Procedure/Complex Family Financial Cases,1,2025-04-03,https://legiscan.com/NC/bill/H770/2025
NC,2019512,,Criminal Law Procedures,Criminal Law Procedures,2,2025-04-30,https://legiscan.com/NC/bill/H771/2025
NC,2019610,,North Carolina Student Lifeline Act,North Carolina Student Lifeline Act,2,2025-05-07,https://legiscan.com/NC/bill/H772/2025
NC,2019523,,School Performance Grade Changes,School Performance Grade Changes,2,2025-05-05,https://legiscan.com/NC/bill/H773/2025
NC,2019630,,School Breakfast for All,School Breakfast for All,1,2025-04-03,https://legiscan.com/NC/bill/H774/2025
NC,2019571,,Criminal History Checks for School Positions,Criminal History Checks for School Positions,2,2025-09-23,https://legiscan.com/NC/bill/H775/2025
NC,2019545,,NC Religious Freedom Restoration Act,NC Religious Freedom Restoration Act,1,2025-04-03,https://legiscan.com/NC/bill/H776/2025
NC,2019705,,Designate Children&#x27;s Day,Designate Children&#x27;s Day,1,2025-04-03,https://legiscan.com/NC/bill/H779/2025
NC,2019912,,All Pro Dads &amp; Responsible Fatherhood NC,All Pro Dads &amp; Responsible Fatherhood NC,1,2025-04-03,https://legiscan.com/NC/bill/H780/2025
NC,2019794,,Unauthorized Public Camping &amp; Sleeping,Unauthorized Public Camping &amp; Sleeping,2,2025-05-08,https://legiscan.com/NC/bill/H781/2025
NC,2019883,,Civic Club Registration Plate Clarification,Civic Club Registration Plate Clarification,2,2025-05-07,https://legiscan.com/NC/bill/H782/2025
NC,2019939,,Funds for Sidekicks Academy,Funds for Sidekicks Academy,1,2025-04-03,https://legiscan.com/NC/bill/H783/2025
NC,2019679,,Prohibit Assault Weapons,Prohibit Assault Weapons,1,2025-04-03,https://legiscan.com/NC/bill/H784/2025
NC,2019734,,School Funding Flexibility Study,School Funding Flexibility Study,1,2025-04-03,https://legiscan.com/NC/bill/H785/2025
NC,2019854,,Working Families Act,Working Families Act,1,2025-04-03,https://legiscan.com/NC/bill/H786/2025
NC,2019823,,Revise NC 529 Program,Revise NC 529 Program,1,2025-04-03,https://legiscan.com/NC/bill/H787/2025
NC,2020018,,Fix Our Democracy,Fix Our Democracy,1,2025-04-03,https://legiscan.com/NC/bill/H788/2025
NC,2019993,,Mitigating Factor/Pretrial Use of IID,Mitigating Factor/Pretrial Use of IID,2,2025-05-05,https://legiscan.com/NC/bill/H789/2025
NC,2019968,,Prohibit Vape/Tobacco Shops Near Schools,Prohibit Vape/Tobacco Shops Near Schools,1,2025-04-03,https://legiscan.com/NC/bill/H790/2025
NC,2019763,,Women&#x27;s Safety and Protection Act,Women&#x27;s Safety and Protection Act,1,2025-04-03,https://legiscan.com/NC/bill/H791/2025
NC,2021011,,Clean Energy Grants,Clean Energy Grants,1,2025-04-07,https://legiscan.com/NC/bill/H792/2025
NC,2021000,,Fayetteville Area Projects,Fayetteville Area Projects,1,2025-04-07,https://legiscan.com/NC/bill/H793/2025
NC,2020953,,Study Highway Patrol Staffing/Salary Scale,Study Highway Patrol Staffing/Salary Scale,1,2025-04-07,https://legiscan.com/NC/bill/H794/2025
NC,2021014,,Increased Access for Youth in Foster Families,Increased Access for Youth in Foster Families,2,2025-05-07,https://legiscan.com/NC/bill/H795/2025
NC,2020997,,The Student Mental Health Line Awareness Act,The Student Mental Health Line Awareness Act,1,2025-04-07,https://legiscan.com/NC/bill/H796/2025
NC,2020964,,Residential Property Wholesaling Protection,Residential Property Wholesaling Protection,2,2025-04-30,https://legiscan.com/NC/bill/H797/2025
NC,2020947,,Expand Access to Cold Weather Shelters/Funds,Expand Access to Cold Weather Shelters/Funds,1,2025-04-07,https://legiscan.com/NC/bill/H798/2025
NC,2020993,,Ensure Nondiscrimination in Government,Ensure Nondiscrimination in Government,1,2025-04-07,https://legiscan.com/NC/bill/H799/2025
NC,2020959,,Review Effectiveness &amp; Delivery of Child Care,Review Effectiveness &amp; Delivery of Child Care,1,2025-04-07,https://legiscan.com/NC/bill/H800/2025
NC,2021007,,LRC Study Paper Towns,LRC Study Paper Towns,2,2025-05-01,https://legiscan.com/NC/bill/H801/2025
NC,2020983,,Nicotine &amp; Vaping Prevention in Schools,Nicotine &amp; Vaping Prevention in Schools,1,2025-04-07,https://legiscan.com/NC/bill/H802/2025
NC,2021027,,3-Year FDA Approval for New Childhood Vaxx,3-Year FDA Approval for New Childhood Vaxx,1,2025-04-07,https://legiscan.com/NC/bill/H803/2025
NC,2021021,,Human Life Protection Act of 2025,Human Life Protection Act of 2025,1,2025-04-07,https://legiscan.com/NC/bill/H804/2025
NC,2020969,,Prevent Sexual Exploitation/Women and Minors,Prevent Sexual Exploitation/Women and Minors,4,2025-07-29,https://legiscan.com/NC/bill/H805/2025
NC,2020978,,Public School Operational Relief,Public School Operational Relief,1,2025-04-07,https://legiscan.com/NC/bill/H806/2025
NC,2021031,,Strong Public Schools for a Strong NC,Strong Public Schools for a Strong NC,1,2025-04-07,https://legiscan.com/NC/bill/H807/2025
NC,2021054,,NC Infrastructure Protection Act,NC Infrastructure Protection Act,1,2025-04-07,https://legiscan.com/NC/bill/H808/2025
NC,2021216,,Count NC Pre-K for School ADM,Count NC Pre-K for School ADM,1,2025-04-07,https://legiscan.com/NC/bill/H809/2025
NC,2021101,,State Employee Bereavement Leave/Up To 40-Hrs,State Employee Bereavement Leave/Up To 40-Hrs,1,2025-04-07,https://legiscan.com/NC/bill/H810/2025
NC,2021070,,CC Firearm Safety Instruction 18 and Older,CC Firearm Safety Instruction 18 and Older,2,2025-06-16,https://legiscan.com/NC/bill/H811/2025
NC,2021184,,UNC-Pembroke Presidential Library Funds/DJT,UNC-Pembroke Presidential Library Funds/DJT,1,2025-04-07,https://legiscan.com/NC/bill/H812/2025
NC,2021040,,Enhanced Reg. of Registered Res. Facilities,Enhanced Reg. of Registered Res. Facilities,1,2025-04-07,https://legiscan.com/NC/bill/H813/2025
NC,2021151,,Power Infrastructure Resiliency &amp; Eff.(PIRE),Power Infrastructure Resiliency &amp; Eff.(PIRE),1,2025-04-07,https://legiscan.com/NC/bill/H814/2025
NC,2021133,,Voucher School Accountability Act,Voucher School Accountability Act,1,2025-04-07,https://legiscan.com/NC/bill/H815/2025
NC,2021084,,Voucher School Transparency Act,Voucher School Transparency Act,1,2025-04-07,https://legiscan.com/NC/bill/H816/2025
NC,2021166,,Triad Regional Grants,Triad Regional Grants,1,2025-04-07,https://legiscan.com/NC/bill/H817/2025
NC,2021119,,Birth Certificates for Persons Adopted,Birth Certificates for Persons Adopted,2,2025-05-08,https://legiscan.com/NC/bill/H818/2025
NC,2021202,,DIT Agency Bill,DIT Agency Bill,2,2025-06-25,https://legiscan.com/NC/bill/H819/2025
NC,2021399,,Prescription Eye Drop Early Refill Coverage,Prescription Eye Drop Early Refill Coverage,1,2025-04-08,https://legiscan.com/NC/bill/H820/2025
NC,2021355,,Drivers License Expiration Moratorium,Drivers License Expiration Moratorium,1,2025-04-08,https://legiscan.com/NC/bill/H821/2025
NC,2021390,,Moped Regulation,Moped Regulation,2,2025-04-30,https://legiscan.com/NC/bill/H822/2025
NC,2021337,,County Service Districts/Research &amp; URSD,County Service Districts/Research &amp; URSD,1,2025-04-08,https://legiscan.com/NC/bill/H823/2025
NC,2021345,,Expand Treatment Access/Opioid Use Disorder,Expand Treatment Access/Opioid Use Disorder,1,2025-04-08,https://legiscan.com/NC/bill/H824/2025
NC,2021379,,Election Improvements,Election Improvements,1,2025-04-08,https://legiscan.com/NC/bill/H825/2025
NC,2021365,,No Retaliation Against Mandatory Reporters,No Retaliation Against Mandatory Reporters,1,2025-04-08,https://legiscan.com/NC/bill/H826/2025
NC,2021416,,Create Annual Sex Off Registry Fee,Create Annual Sex Off Registry Fee,1,2025-04-08,https://legiscan.com/NC/bill/H827/2025
NC,2021562,,Prohibit Prop Bets on College/Amateur Sports,Prohibit Prop Bets on College/Amateur Sports,1,2025-04-08,https://legiscan.com/NC/bill/H828/2025
NC,2021509,,Locksmith Licensing Act Modernization,Locksmith Licensing Act Modernization,1,2025-04-08,https://legiscan.com/NC/bill/H829/2025
NC,2021464,,The Rolling Ink Act,The Rolling Ink Act,1,2025-04-08,https://legiscan.com/NC/bill/H830/2025
NC,2021640,,Comm. Inspect. Efficiency Act,Comm. Inspect. Efficiency Act,1,2025-04-08,https://legiscan.com/NC/bill/H831/2025
NC,2021688,,Education Omnibus,Education Omnibus,2,2025-05-05,https://legiscan.com/NC/bill/H832/2025
NC,2021711,,The FRESH Act,The FRESH Act,1,2025-04-08,https://legiscan.com/NC/bill/H833/2025
NC,2021662,,Sportsman&#x27;s Voter Act,Sportsman&#x27;s Voter Act,2,2025-05-14,https://legiscan.com/NC/bill/H834/2025
NC,2021762,,Learning AAPI Contributions in Schools,Learning AAPI Contributions in Schools,1,2025-04-08,https://legiscan.com/NC/bill/H835/2025
NC,2021783,,North Carolina Sound Money Act,North Carolina Sound Money Act,1,2025-04-08,https://legiscan.com/NC/bill/H836/2025
NC,2021739,,Study Alternative Methods for Highway Funding,Study Alternative Methods for Highway Funding,1,2025-04-08,https://legiscan.com/NC/bill/H837/2025
NC,2021620,,DIT Agency Broadband Bill,DIT Agency Broadband Bill,1,2025-04-08,https://legiscan.com/NC/bill/H838/2025
NC,2021972,,Advanced Teaching Roles Updates,Advanced Teaching Roles Updates,1,2025-04-09,https://legiscan.com/NC/bill/H839/2025
NC,2022076,,Reward Schools for Student Growth,Reward Schools for Student Growth,1,2025-04-09,https://legiscan.com/NC/bill/H840/2025
NC,2022025,,Shellfish Leasing Study,Shellfish Leasing Study,2,2025-05-07,https://legiscan.com/NC/bill/H841/2025
NC,2021843,,"Vis., Hear., Dental Screenings Opt-Out","Vis., Hear., Dental Screenings Opt-Out",1,2025-04-09,https://legiscan.com/NC/bill/H842/2025
NC,2021985,,Lake Waccamaw Dam Repairs,Lake Waccamaw Dam Repairs,1,2025-04-09,https://legiscan.com/NC/bill/H843/2025
NC,2021854,,Finding Grace Family Bill,Finding Grace Family Bill,1,2025-04-09,https://legiscan.com/NC/bill/H844/2025
NC,2021921,,Reduce Drowning Risk/Public Docks,Reduce Drowning Risk/Public Docks,1,2025-04-09,https://legiscan.com/NC/bill/H845/2025
NC,2022013,,Teacher Retention and Recruitment,Teacher Retention and Recruitment,1,2025-04-09,https://legiscan.com/NC/bill/H846/2025
NC,2022088,,Off-Road Motorcycle Registration Eligibility,Off-Road Motorcycle Registration Eligibility,2,2025-05-07,https://legiscan.com/NC/bill/H847/2025
NC,2021932,,Cleveland Cultivation of Excellence Pilot,Cleveland Cultivation of Excellence Pilot,1,2025-04-09,https://legiscan.com/NC/bill/H848/2025
NC,2021879,,Utility Forced Relocation Expenses,Utility Forced Relocation Expenses,1,2025-04-09,https://legiscan.com/NC/bill/H849/2025
NC,2021904,,Interbasin Transfer Moratorium/Study,Interbasin Transfer Moratorium/Study,4,2025-07-09,https://legiscan.com/NC/bill/H850/2025
NC,2021996,,Hospital Police Officer/Authority/Info Access,Hospital Police Officer/Authority/Info Access,2,2025-05-07,https://legiscan.com/NC/bill/H851/2025
NC,2021867,,"Safe Dogs, Safe Owners","Safe Dogs, Safe Owners",1,2025-04-09,https://legiscan.com/NC/bill/H852/2025
NC,2022039,,Special License Plate After Revocation,Special License Plate After Revocation,1,2025-04-09,https://legiscan.com/NC/bill/H853/2025
NC,2021960,,Require Licensure of Educational Interpreters,Require Licensure of Educational Interpreters,2,2025-05-08,https://legiscan.com/NC/bill/H854/2025
NC,2021891,,Residency Licenses for Nonpublic EC Teachers,Residency Licenses for Nonpublic EC Teachers,1,2025-04-09,https://legiscan.com/NC/bill/H855/2025
NC,2022051,,Clarify Deed Restrictions/Solar Collectors,Clarify Deed Restrictions/Solar Collectors,1,2025-04-09,https://legiscan.com/NC/bill/H856/2025
NC,2022063,,Create Alert/Missing Person w/ Disability,Create Alert/Missing Person w/ Disability,1,2025-04-09,https://legiscan.com/NC/bill/H857/2025
NC,2021946,,Funds/N. Mecklenburg Public Safety,Funds/N. Mecklenburg Public Safety,1,2025-04-09,https://legiscan.com/NC/bill/H858/2025
NC,2022151,,Local Govts/Guaranteed Income Programs,Local Govts/Guaranteed Income Programs,2,2025-05-08,https://legiscan.com/NC/bill/H859/2025
NC,2022220,,Social Media Control in IT Act,Social Media Control in IT Act,1,2025-04-09,https://legiscan.com/NC/bill/H860/2025
NC,2022249,,Taxpayer Accountability/Pregnancy Centers,Taxpayer Accountability/Pregnancy Centers,1,2025-04-09,https://legiscan.com/NC/bill/H861/2025
NC,2022244,,Justice Improvements,Justice Improvements,1,2025-04-09,https://legiscan.com/NC/bill/H862/2025
NC,2022128,,Disaster Recovery Act of 2025 - Part 1(b),Disaster Recovery Act of 2025 - Part 1(b),1,2025-04-09,https://legiscan.com/NC/bill/H863/2025
NC,2022156,,Traffic Law Revisions/Collegiate Plates,Traffic Law Revisions/Collegiate Plates,1,2025-04-09,https://legiscan.com/NC/bill/H864/2025
NC,2022261,,Clarify Animal Welfare Statutes,Clarify Animal Welfare Statutes,1,2025-04-09,https://legiscan.com/NC/bill/H865/2025
NC,2022256,,Automatic Ord/Equitable Distribution Claim,Automatic Ord/Equitable Distribution Claim,2,2025-05-05,https://legiscan.com/NC/bill/H866/2025
NC,2022139,,Poultry Waste Management,Poultry Waste Management,1,2025-04-09,https://legiscan.com/NC/bill/H867/2025
NC,2022229,,Due Process in LEO Field Drug Testing,Due Process in LEO Field Drug Testing,1,2025-04-09,https://legiscan.com/NC/bill/H868/2025
NC,2022105,,Dynamic Symbol of Access,Dynamic Symbol of Access,1,2025-04-09,https://legiscan.com/NC/bill/H869/2025
NC,2022170,,Sedimentation Act &amp; Other Env.&#x27;l Changes,Sedimentation Act &amp; Other Env.&#x27;l Changes,2,2025-05-07,https://legiscan.com/NC/bill/H870/2025
NC,2022103,,North Carolina Microplastics Study Act,North Carolina Microplastics Study Act,1,2025-04-09,https://legiscan.com/NC/bill/H871/2025
NC,2022173,,School Employee Protections for Use of Force,School Employee Protections for Use of Force,1,2025-04-09,https://legiscan.com/NC/bill/H872/2025
NC,2022272,,DEQ Agency Bill.-AB,DEQ Agency Bill.-AB,1,2025-04-09,https://legiscan.com/NC/bill/H873/2025
NC,2022204,,North Carolina Healthy Schools Act,North Carolina Healthy Schools Act,1,2025-04-09,https://legiscan.com/NC/bill/H874/2025
NC,2022207,,DPI to Redesign Math Instruction,DPI to Redesign Math Instruction,2,2025-05-01,https://legiscan.com/NC/bill/H875/2025
NC,2022109,,Development Application Review Time Lines,Development Application Review Time Lines,1,2025-04-09,https://legiscan.com/NC/bill/H876/2025
NC,2022116,,Childcare Pilot,Childcare Pilot,1,2025-04-09,https://legiscan.com/NC/bill/H877/2025
NC,2022226,,Increased Academic Transparency,Increased Academic Transparency,1,2025-04-09,https://legiscan.com/NC/bill/H878/2025
NC,2022236,,Air Conditioning for Rental Properties,Air Conditioning for Rental Properties,1,2025-04-09,https://legiscan.com/NC/bill/H879/2025
NC,2022197,,Aggie Academy Learning Lab/Funds,Aggie Academy Learning Lab/Funds,1,2025-04-09,https://legiscan.com/NC/bill/H880/2025
NC,2022214,,PFAS Free NC,PFAS Free NC,1,2025-04-09,https://legiscan.com/NC/bill/H881/2025
NC,2022122,,Break Free From Plastic &amp; Forever Chemicals,Break Free From Plastic &amp; Forever Chemicals,1,2025-04-09,https://legiscan.com/NC/bill/H882/2025
NC,2022178,,Support Students with Disabilities Act,Support Students with Disabilities Act,1,2025-04-09,https://legiscan.com/NC/bill/H883/2025
NC,2022133,,Prepared Food Tax - Modification,Prepared Food Tax - Modification,1,2025-04-09,https://legiscan.com/NC/bill/H884/2025
NC,2022266,,Revise Suspension &amp; Parental Notice Policies,Revise Suspension &amp; Parental Notice Policies,1,2025-04-09,https://legiscan.com/NC/bill/H885/2025
NC,2022148,,AEDs and CPR in Public Schools,AEDs and CPR in Public Schools,2,2025-05-07,https://legiscan.com/NC/bill/H886/2025
NC,2022183,,Address Abandoned and Derelict Vessels,Address Abandoned and Derelict Vessels,1,2025-04-09,https://legiscan.com/NC/bill/H887/2025
NC,2022163,,Funds for NC Community Health Worker Assn,Funds for NC Community Health Worker Assn,1,2025-04-09,https://legiscan.com/NC/bill/H888/2025
NC,2022355,,Lumber River State Park Directives,Lumber River State Park Directives,1,2025-04-09,https://legiscan.com/NC/bill/H889/2025
NC,2022308,,School Internet Emergency Access Act,School Internet Emergency Access Act,1,2025-04-09,https://legiscan.com/NC/bill/H890/2025
NC,2022377,,Civil Actions/State Agency and AG Litigation,Civil Actions/State Agency and AG Litigation,1,2025-04-09,https://legiscan.com/NC/bill/H891/2025
NC,2022330,,CDL Training/Disaster Affected Areas,CDL Training/Disaster Affected Areas,1,2025-04-09,https://legiscan.com/NC/bill/H892/2025
NC,2022285,,Chiropractic Investigatory Costs,Chiropractic Investigatory Costs,1,2025-04-09,https://legiscan.com/NC/bill/H893/2025
NC,2022557,,Gun Dealer Door Lock Exemption,Gun Dealer Door Lock Exemption,2,2025-05-07,https://legiscan.com/NC/bill/H894/2025
NC,2022614,,Emergency Citizen Pilot Training Program,Emergency Citizen Pilot Training Program,1,2025-04-10,https://legiscan.com/NC/bill/H895/2025
NC,2022606,,Jesse&#x27;s Law,Jesse&#x27;s Law,2,2025-05-07,https://legiscan.com/NC/bill/H896/2025
NC,2022600,,DPS Agency Changes.-AB,DPS Agency Changes.-AB,1,2025-04-10,https://legiscan.com/NC/bill/H897/2025
NC,2022525,,Broadband Equipment Sales Tax Exemption,Broadband Equipment Sales Tax Exemption,1,2025-04-10,https://legiscan.com/NC/bill/H898/2025
NC,2022485,,Return Oversight of OSFM to DOI Commissioner,Return Oversight of OSFM to DOI Commissioner,1,2025-04-10,https://legiscan.com/NC/bill/H899/2025
NC,2022501,,Legislators Documents Confidentiality Change,Legislators Documents Confidentiality Change,1,2025-04-10,https://legiscan.com/NC/bill/H900/2025
NC,2022454,,Recognize Safety Hold Agreements,Recognize Safety Hold Agreements,1,2025-04-10,https://legiscan.com/NC/bill/H901/2025
NC,2022513,,Free to Learn - Library Bill of Rights Act,Free to Learn - Library Bill of Rights Act,1,2025-04-10,https://legiscan.com/NC/bill/H902/2025
NC,2022490,,Highway and Road Safety Act,Highway and Road Safety Act,1,2025-04-10,https://legiscan.com/NC/bill/H903/2025
NC,2022466,,Public School Part-Time Enrollment,Public School Part-Time Enrollment,1,2025-04-10,https://legiscan.com/NC/bill/H905/2025
NC,2022562,,Reagan&#x27;s Law,Reagan&#x27;s Law,2,2025-05-07,https://legiscan.com/NC/bill/H906/2025
NC,2022547,,NC Recovery and Resiliency Act,NC Recovery and Resiliency Act,1,2025-04-10,https://legiscan.com/NC/bill/H907/2025
NC,2022432,,Modify Civil Commitment Hearing Procedures,Modify Civil Commitment Hearing Procedures,2,2025-05-05,https://legiscan.com/NC/bill/H908/2025
NC,2022442,,State Infrastructure Bank Board,State Infrastructure Bank Board,2,2025-05-07,https://legiscan.com/NC/bill/H909/2025
NC,2022572,,DRIVE Recommendations/Teacher Diversity,DRIVE Recommendations/Teacher Diversity,1,2025-04-10,https://legiscan.com/NC/bill/H910/2025
NC,2022536,,Occup. &amp; Phys. Therapist Salaries/Employment,Occup. &amp; Phys. Therapist Salaries/Employment,1,2025-04-10,https://legiscan.com/NC/bill/H911/2025
NC,2022630,,The Hometown Opp. for Mentoring Educators Act,The Hometown Opp. for Mentoring Educators Act,1,2025-04-10,https://legiscan.com/NC/bill/H912/2025
NC,2022625,,Liability/Unfair/Deceptive Develop. Actions,Liability/Unfair/Deceptive Develop. Actions,2,2025-05-05,https://legiscan.com/NC/bill/H913/2025
NC,2022446,,Higher Ed./Religious Inst. Affordable Housing,Higher Ed./Religious Inst. Affordable Housing,1,2025-04-10,https://legiscan.com/NC/bill/H914/2025
NC,2022471,,Reenact Film Credit,Reenact Film Credit,1,2025-04-10,https://legiscan.com/NC/bill/H915/2025
NC,2022540,,Strengthen Do Not Call/Text Registry,Strengthen Do Not Call/Text Registry,1,2025-04-10,https://legiscan.com/NC/bill/H916/2025
NC,2022619,,Establish DATA Division,Establish DATA Division,1,2025-04-10,https://legiscan.com/NC/bill/H917/2025
NC,2022519,,Standardized Testing Choice Act,Standardized Testing Choice Act,2,2025-05-06,https://legiscan.com/NC/bill/H918/2025
NC,2022584,,Fair Access to Financial Services,Fair Access to Financial Services,1,2025-04-10,https://legiscan.com/NC/bill/H919/2025
NC,2022460,,NC Digital Asset Freedom Act,NC Digital Asset Freedom Act,1,2025-04-10,https://legiscan.com/NC/bill/H920/2025
NC,2022436,,ABC &amp; Gaming Omnibus Bill,ABC &amp; Gaming Omnibus Bill,1,2025-04-10,https://legiscan.com/NC/bill/H921/2025
NC,2022594,,North Carolina Consumer Protection Act,North Carolina Consumer Protection Act,1,2025-04-10,https://legiscan.com/NC/bill/H922/2025
NC,2022589,,Protect Personal Info/Judicial Personnel,Protect Personal Info/Judicial Personnel,1,2025-04-10,https://legiscan.com/NC/bill/H923/2025
NC,2022576,,Board for Gen. Contractors/Crim. Referrals,Board for Gen. Contractors/Crim. Referrals,1,2025-04-10,https://legiscan.com/NC/bill/H924/2025
NC,2022477,,Consumers in Crisis Protection Act,Consumers in Crisis Protection Act,1,2025-04-10,https://legiscan.com/NC/bill/H925/2025
NC,2022552,,Regulatory Reform Act of 2025,Regulatory Reform Act of 2025,4,2025-10-06,https://legiscan.com/NC/bill/H926/2025
NC,2022506,,Durham Funding Bill,Durham Funding Bill,1,2025-04-10,https://legiscan.com/NC/bill/H927/2025
NC,2022709,,Allow PTs in School Concussion Protocol,Allow PTs in School Concussion Protocol,4,2025-07-02,https://legiscan.com/NC/bill/H928/2025
NC,2022722,,Water Safety Bill,Water Safety Bill,1,2025-04-10,https://legiscan.com/NC/bill/H929/2025
NC,2022669,,First Responder Bonus/Appreciation Fund/$1500,First Responder Bonus/Appreciation Fund/$1500,1,2025-04-10,https://legiscan.com/NC/bill/H930/2025
NC,2022899,,End Predatory Towing Fees and Practices,End Predatory Towing Fees and Practices,1,2025-04-10,https://legiscan.com/NC/bill/H931/2025
NC,2022734,,Ten Percent Raise/Teachers/First Responders,Ten Percent Raise/Teachers/First Responders,1,2025-04-10,https://legiscan.com/NC/bill/H932/2025
NC,2022912,,IDD Omnibus,IDD Omnibus,1,2025-04-10,https://legiscan.com/NC/bill/H933/2025
NC,2022736,,AI Regulatory Reform Act,AI Regulatory Reform Act,1,2025-04-10,https://legiscan.com/NC/bill/H934/2025
NC,2022867,,Fire/Emergency Agency Property Voting Limits,Fire/Emergency Agency Property Voting Limits,1,2025-04-10,https://legiscan.com/NC/bill/H935/2025
NC,2022818,,Robocall Solicitation Modifications,Robocall Solicitation Modifications,2,2025-05-07,https://legiscan.com/NC/bill/H936/2025
NC,2022823,,Keeping Our Coaches Act,Keeping Our Coaches Act,1,2025-04-10,https://legiscan.com/NC/bill/H937/2025
NC,2022923,,Right to Repair Digital Electronics Act,Right to Repair Digital Electronics Act,1,2025-04-10,https://legiscan.com/NC/bill/H938/2025
NC,2022746,,School Chaplains,School Chaplains,1,2025-04-10,https://legiscan.com/NC/bill/H939/2025
NC,2022779,,Protection Against Pregnancy Discrimination,Protection Against Pregnancy Discrimination,1,2025-04-10,https://legiscan.com/NC/bill/H940/2025
NC,2022781,,Expand &amp; Enhance the Teaching Fellows Program,Expand &amp; Enhance the Teaching Fellows Program,1,2025-04-10,https://legiscan.com/NC/bill/H941/2025
NC,2022900,,Funds to Support Survivors,Funds to Support Survivors,1,2025-04-10,https://legiscan.com/NC/bill/H942/2025
NC,2022753,,Turning High-Achieving Students into Teachers,Turning High-Achieving Students into Teachers,1,2025-04-10,https://legiscan.com/NC/bill/H943/2025
NC,2022870,,Fund Community Health Svcs/Mecklenburg County,Fund Community Health Svcs/Mecklenburg County,1,2025-04-10,https://legiscan.com/NC/bill/H944/2025
NC,2022886,,Reporting of Sexual Assault on School Buses,Reporting of Sexual Assault on School Buses,1,2025-04-10,https://legiscan.com/NC/bill/H945/2025
NC,2022702,,Montessori Teaching License,Montessori Teaching License,1,2025-04-10,https://legiscan.com/NC/bill/H946/2025
NC,2022656,,Every Child Reads,Every Child Reads,1,2025-04-10,https://legiscan.com/NC/bill/H947/2025
NC,2022841,,The P.A.V.E. Act,The P.A.V.E. Act,4,2025-07-01,https://legiscan.com/NC/bill/H948/2025
NC,2022843,,School Protection Act,School Protection Act,1,2025-04-10,https://legiscan.com/NC/bill/H949/2025
NC,2022775,,Elderly/Disabled Prop. Tax Mods,Elderly/Disabled Prop. Tax Mods,1,2025-04-10,https://legiscan.com/NC/bill/H950/2025
NC,2022920,,SOS (State Owned Structures) Child Care Act,SOS (State Owned Structures) Child Care Act,1,2025-04-10,https://legiscan.com/NC/bill/H951/2025
NC,2022708,,Comprehensive Capital for Childcare Expansion,Comprehensive Capital for Childcare Expansion,1,2025-04-10,https://legiscan.com/NC/bill/H952/2025
NC,2022859,,Study Committee on ADA/APD/PAC Pay,Study Committee on ADA/APD/PAC Pay,2,2025-05-07,https://legiscan.com/NC/bill/H953/2025
NC,2022836,,Local Gov&#x27;ts Disaster Fund,Local Gov&#x27;ts Disaster Fund,1,2025-04-10,https://legiscan.com/NC/bill/H954/2025
NC,2022909,,NC Junk Fee Prevention Act,NC Junk Fee Prevention Act,1,2025-04-10,https://legiscan.com/NC/bill/H955/2025
NC,2022783,,Enhance Financial Protections/Older Adults,Enhance Financial Protections/Older Adults,1,2025-04-10,https://legiscan.com/NC/bill/H956/2025
NC,2022799,,HBCU/HMSI Omnibus,HBCU/HMSI Omnibus,1,2025-04-10,https://legiscan.com/NC/bill/H957/2025
NC,2022896,,Election Law Changes,Election Law Changes,1,2025-04-10,https://legiscan.com/NC/bill/H958/2025
NC,2022806,,Various Education Changes,Various Education Changes,4,2025-07-01,https://legiscan.com/NC/bill/H959/2025
NC,2022659,,UI/Give Enhanced Benefits During Disasters,UI/Give Enhanced Benefits During Disasters,1,2025-04-10,https://legiscan.com/NC/bill/H960/2025
NC,2022694,,Criminal Intent Sentence Enhancement,Criminal Intent Sentence Enhancement,1,2025-04-10,https://legiscan.com/NC/bill/H961/2025
NC,2022660,,Funds for ECU Engineering,Funds for ECU Engineering,1,2025-04-10,https://legiscan.com/NC/bill/H962/2025
NC,2022810,,Code Enforcement Pathways &amp; Procedures Act,Code Enforcement Pathways &amp; Procedures Act,1,2025-04-10,https://legiscan.com/NC/bill/H963/2025
NC,2022830,,CCW Permit/Allow Carry of Other Weapons,CCW Permit/Allow Carry of Other Weapons,1,2025-04-10,https://legiscan.com/NC/bill/H964/2025
NC,2022922,,Environmental Rights Constitutional Amendment,Environmental Rights Constitutional Amendment,1,2025-04-10,https://legiscan.com/NC/bill/H965/2025
NC,2022739,,College Cost Reduction Act,College Cost Reduction Act,1,2025-04-10,https://legiscan.com/NC/bill/H966/2025
NC,2022914,,Disorderly Conduct at Voting Places,Disorderly Conduct at Voting Places,1,2025-04-10,https://legiscan.com/NC/bill/H967/2025
NC,2022756,,Youth CERT Preparedness K-12 Training,Youth CERT Preparedness K-12 Training,1,2025-04-10,https://legiscan.com/NC/bill/H968/2025
NC,2022695,,Study the Abolition of Contrib. Negligence,Study the Abolition of Contrib. Negligence,1,2025-04-10,https://legiscan.com/NC/bill/H969/2025
NC,2022828,,Preventing Algorithmic Rent Fixing,Preventing Algorithmic Rent Fixing,1,2025-04-10,https://legiscan.com/NC/bill/H970/2025
NC,2022835,,Career Development Adjustment,Career Development Adjustment,2,2025-05-05,https://legiscan.com/NC/bill/H971/2025
NC,2022758,,Funds for Public Projects in Wayne County,Funds for Public Projects in Wayne County,1,2025-04-10,https://legiscan.com/NC/bill/H972/2025
NC,2022845,,Uniform Restrictive Employment Agreement Act,Uniform Restrictive Employment Agreement Act,1,2025-04-10,https://legiscan.com/NC/bill/H973/2025
NC,2022677,,DHHS Study/Hospice Patient Complaints,DHHS Study/Hospice Patient Complaints,1,2025-04-10,https://legiscan.com/NC/bill/H974/2025
NC,2022903,,EMS Personnel Provisions,EMS Personnel Provisions,4,2025-07-01,https://legiscan.com/NC/bill/H975/2025
NC,2022875,,Uniform Partition of Heirs Property Act,Uniform Partition of Heirs Property Act,1,2025-04-10,https://legiscan.com/NC/bill/H976/2025
NC,2022763,,Defend NC,Defend NC,1,2025-04-10,https://legiscan.com/NC/bill/H977/2025
NC,2022747,,Est. Youth Mentoring Comm./Mentoring Funds,Est. Youth Mentoring Comm./Mentoring Funds,1,2025-04-10,https://legiscan.com/NC/bill/H978/2025
NC,2022714,,Update Volunteer System/LTC Ombudsman Program,Update Volunteer System/LTC Ombudsman Program,1,2025-04-10,https://legiscan.com/NC/bill/H979/2025
NC,2022741,,Remove Barriers to Employment from Court Debt,Remove Barriers to Employment from Court Debt,1,2025-04-10,https://legiscan.com/NC/bill/H980/2025
NC,2022771,,Local Schools Open Enrollment Study,Local Schools Open Enrollment Study,2,2025-05-08,https://legiscan.com/NC/bill/H981/2025
NC,2022681,,NC Highway Safety Act of 2025,NC Highway Safety Act of 2025,1,2025-04-10,https://legiscan.com/NC/bill/H982/2025
NC,2022664,,Prohibit Corporal Punishment in Schools,Prohibit Corporal Punishment in Schools,1,2025-04-10,https://legiscan.com/NC/bill/H983/2025
NC,2022786,,Regulate Research of Medical Cannabis,Regulate Research of Medical Cannabis,1,2025-04-10,https://legiscan.com/NC/bill/H984/2025
NC,2022729,,Increase Punishment for Assaulting Teachers,Increase Punishment for Assaulting Teachers,1,2025-04-10,https://legiscan.com/NC/bill/H985/2025
NC,2022887,,Support Our Teachers,Support Our Teachers,1,2025-04-10,https://legiscan.com/NC/bill/H986/2025
NC,2022801,,Create Police Leadership Fellows Program,Create Police Leadership Fellows Program,1,2025-04-10,https://legiscan.com/NC/bill/H987/2025
NC,2022724,,Revise Law on Instant Bingo,Revise Law on Instant Bingo,1,2025-04-10,https://legiscan.com/NC/bill/H988/2025
NC,2022918,,Build Safer Communities and Schools Act,Build Safer Communities and Schools Act,1,2025-04-10,https://legiscan.com/NC/bill/H989/2025
NC,2022671,,Notice Requirements for Landlord Fees,Notice Requirements for Landlord Fees,1,2025-04-10,https://legiscan.com/NC/bill/H990/2025
NC,2022765,,Establish DMORT,Establish DMORT,1,2025-04-10,https://legiscan.com/NC/bill/H991/2025
NC,2022889,,Timeshare Foreclosure/Paternity Matters,Timeshare Foreclosure/Paternity Matters,4,2025-07-09,https://legiscan.com/NC/bill/H992/2025
NC,2022683,,HOA Organization and Reporting Act,HOA Organization and Reporting Act,1,2025-04-10,https://legiscan.com/NC/bill/H993/2025
NC,2022697,,Western NC Support; Expand Comm. Eco. Dev,Western NC Support; Expand Comm. Eco. Dev,1,2025-04-10,https://legiscan.com/NC/bill/H994/2025
NC,2022718,,Shotgun House Funding Act,Shotgun House Funding Act,1,2025-04-10,https://legiscan.com/NC/bill/H995/2025
NC,2022861,,Further Limit General Fund Operating Budget,Further Limit General Fund Operating Budget,1,2025-04-10,https://legiscan.com/NC/bill/H996/2025
NC,2022856,,Certify Reading of NC Constitution,Certify Reading of NC Constitution,2,2025-05-08,https://legiscan.com/NC/bill/H997/2025
NC,2022908,,Funds for Charlotte Mecklenburg Library,Funds for Charlotte Mecklenburg Library,1,2025-04-10,https://legiscan.com/NC/bill/H998/2025
NC,2022874,,Regulation of Video Gaming Terminals,Regulation of Video Gaming Terminals,1,2025-04-10,https://legiscan.com/NC/bill/H999/2025
NC,2022686,,Detransitioners Bill of Rights,Detransitioners Bill of Rights,1,2025-04-10,https://legiscan.com/NC/bill/H1000/2025
NC,2022847,,Reports Related to Sexual Assault Exams,Reports Related to Sexual Assault Exams,1,2025-04-10,https://legiscan.com/NC/bill/H1001/2025
NC,2022666,,Rate Payer Protection Act,Rate Payer Protection Act,1,2025-04-10,https://legiscan.com/NC/bill/H1002/2025
NC,2022825,,Board of Funeral Service Modifications,Board of Funeral Service Modifications,4,2025-07-09,https://legiscan.com/NC/bill/H1003/2025
NC,2022881,,UNC AI &amp; Technology Hubs,UNC AI &amp; Technology Hubs,1,2025-04-10,https://legiscan.com/NC/bill/H1004/2025
NC,2022796,,Clarify Ballot Language for Art. 46 Tax,Clarify Ballot Language for Art. 46 Tax,1,2025-04-10,https://legiscan.com/NC/bill/H1005/2025
NC,2022804,,Const. Amend. Single Subject Bills,Const. Amend. Single Subject Bills,1,2025-04-10,https://legiscan.com/NC/bill/H1006/2025
NC,2024157,,Stalking/Enhanced Penalties,Stalking/Enhanced Penalties,1,2025-04-15,https://legiscan.com/NC/bill/H1008/2025
NC,2024192,,Planning ETJ Prohibited,Planning ETJ Prohibited,1,2025-04-15,https://legiscan.com/NC/bill/H1009/2025
NC,2024142,,Home Ownership Market Manipulation,Home Ownership Market Manipulation,1,2025-04-15,https://legiscan.com/NC/bill/H1010/2025
NC,2024173,,NC Compassionate Care Act,NC Compassionate Care Act,1,2025-04-15,https://legiscan.com/NC/bill/H1011/2025
NC,2033097,,Disaster Recovery Act of 2025 - Part II,Disaster Recovery Act of 2025 - Part II,4,2025-06-27,https://legiscan.com/NC/bill/H1012/2025
NC,2040534,,General Assembly Appointments,General Assembly Appointments,4,2025-07-30,https://legiscan.com/NC/bill/H1015/2025
NC,1906014,,House Temporary Rules,House Temporary Rules,4,2025-01-08,https://legiscan.com/NC/bill/H1/2025
NC,1945822,,"Honor Joe John, Former Member","Honor Joe John, Former Member",4,2025-01-29,https://legiscan.com/NC/bill/H18/2025
NC,1946116,,Amend Temporary Rules of the House,Amend Temporary Rules of the House,4,2025-01-29,https://legiscan.com/NC/bill/H19/2025
NC,2015686,,House Permanent Rules,House Permanent Rules,4,2025-04-01,https://legiscan.com/NC/bill/H563/2025
NC,2019620,,National Infrastructure Bank,National Infrastructure Bank,1,2025-04-03,https://legiscan.com/NC/bill/H769/2025
NC,2019590,,Expressing French Friendship,Expressing French Friendship,1,2025-04-03,https://legiscan.com/NC/bill/H777/2025
NC,2019552,,Expressing UK Friendship,Expressing UK Friendship,1,2025-04-03,https://legiscan.com/NC/bill/H778/2025
NC,2022634,,House BOG Elections,House BOG Elections,4,2025-04-29,https://legiscan.com/NC/bill/H904/2025
NC,2035343,,Support for Israel,Support for Israel,4,2025-06-04,https://legiscan.com/NC/bill/H1013/2025
NC,2037447,,"Honor Efton Medford Sager, Former Member","Honor Efton Medford Sager, Former Member",4,2025-06-24,https://legiscan.com/NC/bill/H1014/2025
NC,1973796,,State of the State Invitation,State of the State Invitation,4,2025-02-27,https://legiscan.com/NC/bill/H157/2025
NC,2000085,,Application for a Convention of the States,Application for a Convention of the States,2,2025-05-08,https://legiscan.com/NC/bill/H379/2025
NC,2010816,,Urging Support for Washington DC Statehood,Urging Support for Washington DC Statehood,1,2025-03-19,https://legiscan.com/NC/bill/H461/2025
NC,2023971,,Adjournment Resolution to Date Certain,Adjournment Resolution to Date Certain,4,2025-04-17,https://legiscan.com/NC/bill/H1007/2025
NC,2047466,,Amend Adjournment Resolution,Amend Adjournment Resolution,2,2025-10-22,https://legiscan.com/NC/bill/H1016/2025
NC,1945499,,4th Senatorial District Local Act-1,4th Senatorial District Local Act-1,1,2025-01-29,https://legiscan.com/NC/bill/S3/2025
NC,1945557,,48th Senatorial District Local Act-1,48th Senatorial District Local Act-1,1,2025-01-29,https://legiscan.com/NC/bill/S4/2025
NC,1945588,,29th Senatorial District Local Act-1,29th Senatorial District Local Act-1,1,2025-01-29,https://legiscan.com/NC/bill/S5/2025
NC,1945620,,31st Senatorial District Local Act-1,31st Senatorial District Local Act-1,1,2025-01-29,https://legiscan.com/NC/bill/S6/2025
NC,1945653,,34th Senatorial District Local Act-1,34th Senatorial District Local Act-1,1,2025-01-29,https://legiscan.com/NC/bill/S7/2025
NC,1945743,,3rd Senatorial District Local Act-1,3rd Senatorial District Local Act-1,1,2025-01-29,https://legiscan.com/NC/bill/S8/2025
NC,1945835,,1st Senatorial District Local Act-1,1st Senatorial District Local Act-1,1,2025-01-29,https://legiscan.com/NC/bill/S9/2025
NC,1945727,,Mobile Drivers Licenses,Mobile Drivers Licenses,1,2025-01-29,https://legiscan.com/NC/bill/S10/2025
NC,1945881,,Restore Down-Zoning Auth./Multiple Counties,Restore Down-Zoning Auth./Multiple Counties,1,2025-01-29,https://legiscan.com/NC/bill/S11/2025
NC,1945713,,35th Senatorial District Local Act-1,35th Senatorial District Local Act-1,1,2025-01-29,https://legiscan.com/NC/bill/S12/2025
NC,1945639,,Political Terrorism Prevention Act,Political Terrorism Prevention Act,2,2025-02-13,https://legiscan.com/NC/bill/S13/2025
NC,1945758,,Constitutional Amendment/Repeal Literacy Test,Constitutional Amendment/Repeal Literacy Test,1,2025-01-29,https://legiscan.com/NC/bill/S14/2025
NC,1945790,,Adopt Bottlenose Dolphin/State Marine Mammal,Adopt Bottlenose Dolphin/State Marine Mammal,1,2025-01-29,https://legiscan.com/NC/bill/S15/2025
NC,1945546,,25th Senatorial District Local Act-1,25th Senatorial District Local Act-1,1,2025-01-29,https://legiscan.com/NC/bill/S16/2025
NC,1945866,,9th Senatorial District Local Act-1,9th Senatorial District Local Act-1,1,2025-01-29,https://legiscan.com/NC/bill/S17/2025
NC,1945773,,46th Senatorial District Local Act-1,46th Senatorial District Local Act-1,1,2025-01-29,https://legiscan.com/NC/bill/S18/2025
NC,1945603,,Various Environmental Amendments,Various Environmental Amendments,1,2025-01-29,https://legiscan.com/NC/bill/S19/2025
NC,1945575,,Prohibiting Certain Mass Balloon Releases,Prohibiting Certain Mass Balloon Releases,1,2025-01-29,https://legiscan.com/NC/bill/S20/2025
NC,1946362,,49th Senatorial District Local Act-1,49th Senatorial District Local Act-1,1,2025-01-29,https://legiscan.com/NC/bill/S21/2025
NC,1946078,,33rd Senatorial District Local Act-1,33rd Senatorial District Local Act-1,1,2025-01-29,https://legiscan.com/NC/bill/S22/2025
NC,1946037,,12th Senatorial District Local Act-1,12th Senatorial District Local Act-1,1,2025-01-29,https://legiscan.com/NC/bill/S23/2025
NC,1946237,,Govt Mandates Increase Healthcare Costs,Govt Mandates Increase Healthcare Costs,2,2025-02-12,https://legiscan.com/NC/bill/S24/2025
NC,1946002,,45th Senatorial District Local Act-1,45th Senatorial District Local Act-1,1,2025-01-29,https://legiscan.com/NC/bill/S25/2025
NC,1946491,,47th Senatorial District Local Act-1,47th Senatorial District Local Act-1,1,2025-01-29,https://legiscan.com/NC/bill/S26/2025
NC,1946961,,Restore Down-Zoning Auth./Multiple Counties,Restore Down-Zoning Auth./Multiple Counties,1,2025-01-29,https://legiscan.com/NC/bill/S27/2025
NC,1948266,,39th Senatorial District Local Act-1,39th Senatorial District Local Act-1,1,2025-01-30,https://legiscan.com/NC/bill/S28/2025
NC,1948129,,Onslow - Delegate Rezoning Authority,Onslow - Delegate Rezoning Authority,2,2025-05-07,https://legiscan.com/NC/bill/S29/2025
NC,1947990,,8th Senatorial District Local Act-1,8th Senatorial District Local Act-1,1,2025-01-30,https://legiscan.com/NC/bill/S30/2025
NC,1947851,,The Wells Act,The Wells Act,1,2025-01-30,https://legiscan.com/NC/bill/S31/2025
NC,1948061,,11th Senatorial District Local Act-1,11th Senatorial District Local Act-1,1,2025-01-30,https://legiscan.com/NC/bill/S32/2025
NC,1947780,,26th Senatorial District Local Act-1,26th Senatorial District Local Act-1,1,2025-01-30,https://legiscan.com/NC/bill/S33/2025
NC,1948195,,7th Senatorial District Local Act-1,7th Senatorial District Local Act-1,1,2025-01-30,https://legiscan.com/NC/bill/S34/2025
NC,1948698,,Modify Local Workforce Development Board,Modify Local Workforce Development Board,1,2025-01-30,https://legiscan.com/NC/bill/S35/2025
NC,1948999,,China Grove Even Year Elections,China Grove Even Year Elections,2,2025-03-27,https://legiscan.com/NC/bill/S36/2025
NC,1948850,,Hertford County Rural Development Authority,Hertford County Rural Development Authority,2,2025-02-13,https://legiscan.com/NC/bill/S37/2025
NC,1948413,,Hertford County Economic Development,Hertford County Economic Development,1,2025-01-30,https://legiscan.com/NC/bill/S38/2025
NC,1948276,,GSC Add Member from High Point Law School,GSC Add Member from High Point Law School,1,2025-01-30,https://legiscan.com/NC/bill/S39/2025
NC,1951703,,16th Senatorial District Local Act-1,16th Senatorial District Local Act-1,1,2025-02-03,https://legiscan.com/NC/bill/S40/2025
NC,1951626,,36th Senatorial District Local Act-1,36th Senatorial District Local Act-1,1,2025-02-03,https://legiscan.com/NC/bill/S41/2025
NC,1951502,,21st Senatorial District Local Act-1,21st Senatorial District Local Act-1,1,2025-02-03,https://legiscan.com/NC/bill/S42/2025
NC,1951575,,Window Tint/Inspection/Approach of LEO,Window Tint/Inspection/Approach of LEO,1,2025-02-03,https://legiscan.com/NC/bill/S43/2025
NC,1951650,,20th Senatorial District Local Act-1,20th Senatorial District Local Act-1,1,2025-02-03,https://legiscan.com/NC/bill/S44/2025
NC,1951677,,50th Senatorial District Local Act-1,50th Senatorial District Local Act-1,1,2025-02-03,https://legiscan.com/NC/bill/S45/2025
NC,1953627,,Lincoln/Catawba Common Boundary Line,Lincoln/Catawba Common Boundary Line,1,2025-02-04,https://legiscan.com/NC/bill/S46/2025
NC,1953904,,State Emps./No Payroll Dues Deduction,State Emps./No Payroll Dues Deduction,1,2025-02-04,https://legiscan.com/NC/bill/S47/2025
NC,1953485,,Access to Sports and Extracurriculars for All,Access to Sports and Extracurriculars for All,1,2025-02-04,https://legiscan.com/NC/bill/S48/2025
NC,1953359,,41st Senatorial District Local Act-1,41st Senatorial District Local Act-1,1,2025-02-04,https://legiscan.com/NC/bill/S49/2025
NC,1954684,,Freedom to Carry NC,Freedom to Carry NC,5,2025-06-20,https://legiscan.com/NC/bill/S50/2025
NC,1954505,,Maintain NAIC Accreditation of DOI.-AB,Maintain NAIC Accreditation of DOI.-AB,1,2025-02-04,https://legiscan.com/NC/bill/S51/2025
NC,1955036,,24th Senatorial District Local Act-1,24th Senatorial District Local Act-1,1,2025-02-04,https://legiscan.com/NC/bill/S52/2025
NC,1956442,,30th Senatorial District Local Act-1,30th Senatorial District Local Act-1,1,2025-02-05,https://legiscan.com/NC/bill/S53/2025
NC,1956103,,5th Senatorial District Local Act-1,5th Senatorial District Local Act-1,1,2025-02-05,https://legiscan.com/NC/bill/S54/2025
NC,1956305,,Expedited Removal of Unauthorized Persons,Expedited Removal of Unauthorized Persons,4,2025-08-06,https://legiscan.com/NC/bill/S55/2025
NC,1956166,,Disaster Recovery Act of 2025 - Part I,Disaster Recovery Act of 2025 - Part I,1,2025-02-05,https://legiscan.com/NC/bill/S56/2025
NC,1956814,,Workers&#x27; Comp/Pay for Hearing Aids &amp; Glasses,Workers&#x27; Comp/Pay for Hearing Aids &amp; Glasses,1,2025-02-05,https://legiscan.com/NC/bill/S57/2025
NC,1956926,,AG/Restrict Challenge to Presidential EOs,AG/Restrict Challenge to Presidential EOs,2,2025-03-11,https://legiscan.com/NC/bill/S58/2025
NC,1956701,,Revise Voluntary Ag. District Laws,Revise Voluntary Ag. District Laws,2,2025-03-13,https://legiscan.com/NC/bill/S59/2025
NC,1957261,,GSC Attorneys&#x27; Fees in Debt Instruments,GSC Attorneys&#x27; Fees in Debt Instruments,1,2025-02-05,https://legiscan.com/NC/bill/S60/2025
NC,1957373,,I-95 Toll Prohibition,I-95 Toll Prohibition,1,2025-02-05,https://legiscan.com/NC/bill/S61/2025
NC,1958638,,Nonprofit Fundraising Sales Tax Exemption,Nonprofit Fundraising Sales Tax Exemption,1,2025-02-06,https://legiscan.com/NC/bill/S62/2025
NC,1959126,,Board of Motor Vehicles/Authority Study,Board of Motor Vehicles/Authority Study,1,2025-02-06,https://legiscan.com/NC/bill/S63/2025
NC,1958731,,14th Senatorial District Local Act-1,14th Senatorial District Local Act-1,1,2025-02-06,https://legiscan.com/NC/bill/S64/2025
NC,1959024,,Restore Down-Zoning/Buncombe Co,Restore Down-Zoning/Buncombe Co,1,2025-02-06,https://legiscan.com/NC/bill/S65/2025
NC,1963508,,SchCalFlex/Cumberland/CC,SchCalFlex/Cumberland/CC,1,2025-02-10,https://legiscan.com/NC/bill/S66/2025
NC,1963410,,2nd Senatorial District Local Act-1,2nd Senatorial District Local Act-1,1,2025-02-10,https://legiscan.com/NC/bill/S67/2025
NC,1963415,,"SchCalFlex/Pitt,Edgecombe/Board Mtg &amp; Report","SchCalFlex/Pitt,Edgecombe/Board Mtg &amp; Report",1,2025-02-10,https://legiscan.com/NC/bill/S68/2025
NC,1963525,,Various Local Provisions V,Various Local Provisions V,2,2025-05-07,https://legiscan.com/NC/bill/S69/2025
NC,1963554,,Funds for Town of Wendell/Carver School,Funds for Town of Wendell/Carver School,1,2025-02-10,https://legiscan.com/NC/bill/S70/2025
NC,1964944,,Expedited Removal of Unauthorized Persons,Expedited Removal of Unauthorized Persons,1,2025-02-11,https://legiscan.com/NC/bill/S71/2025
NC,1964989,,43rd Senatorial District Local Act-1,43rd Senatorial District Local Act-1,1,2025-02-11,https://legiscan.com/NC/bill/S72/2025
NC,1964846,,Richlands Occupancy Tax Authorization,Richlands Occupancy Tax Authorization,1,2025-02-11,https://legiscan.com/NC/bill/S73/2025
NC,1964826,,40th Senatorial District Local Act-1,40th Senatorial District Local Act-1,1,2025-02-11,https://legiscan.com/NC/bill/S74/2025
NC,1965075,,Town of Garner/Settlement of Claims,Town of Garner/Settlement of Claims,1,2025-02-11,https://legiscan.com/NC/bill/S75/2025
NC,1965143,,Funds for the Franklinton Center,Funds for the Franklinton Center,1,2025-02-11,https://legiscan.com/NC/bill/S76/2025
NC,1965247,,School Contracted Health Services,School Contracted Health Services,4,2025-07-01,https://legiscan.com/NC/bill/S77/2025
NC,1965315,,Official Fried Apple Pie Festival,Official Fried Apple Pie Festival,1,2025-02-11,https://legiscan.com/NC/bill/S78/2025
NC,1965382,,Boiling Springs Charter Revisions,Boiling Springs Charter Revisions,2,2025-05-05,https://legiscan.com/NC/bill/S79/2025
NC,1965281,,Broaden Electronic Notice Authorization,Broaden Electronic Notice Authorization,1,2025-02-11,https://legiscan.com/NC/bill/S80/2025
NC,1965349,,NC Time Zone/Observe DST All Year,NC Time Zone/Observe DST All Year,1,2025-02-11,https://legiscan.com/NC/bill/S81/2025
NC,1965211,,Compact to Award Prizes for Curing Disease,Compact to Award Prizes for Curing Disease,1,2025-02-11,https://legiscan.com/NC/bill/S82/2025
NC,1965177,,Extend Primary Care Task Force,Extend Primary Care Task Force,1,2025-02-11,https://legiscan.com/NC/bill/S83/2025
NC,1965413,,13th Senatorial District Local Act-1,13th Senatorial District Local Act-1,1,2025-02-11,https://legiscan.com/NC/bill/S84/2025
NC,1966601,,Regulate Body Piercing in North Carolina,Regulate Body Piercing in North Carolina,1,2025-02-12,https://legiscan.com/NC/bill/S85/2025
NC,1966659,,Enhance Firefighter Benefits &amp; Representation,Enhance Firefighter Benefits &amp; Representation,1,2025-02-12,https://legiscan.com/NC/bill/S86/2025
NC,1966074,,37th Senatorial District Local Act-1,37th Senatorial District Local Act-1,1,2025-02-12,https://legiscan.com/NC/bill/S87/2025
NC,1966365,,17th Senatorial District Local Act-1,17th Senatorial District Local Act-1,1,2025-02-12,https://legiscan.com/NC/bill/S88/2025
NC,1966245,,AEDs and CPR in Schools,AEDs and CPR in Schools,1,2025-02-12,https://legiscan.com/NC/bill/S89/2025
NC,1967344,,19th Senatorial District Local Act-1,19th Senatorial District Local Act-1,1,2025-02-12,https://legiscan.com/NC/bill/S90/2025
NC,1967417,,Newborn Safety Devices,Newborn Safety Devices,1,2025-02-12,https://legiscan.com/NC/bill/S91/2025
NC,1967492,,Released Time Education Act,Released Time Education Act,1,2025-02-12,https://legiscan.com/NC/bill/S92/2025
NC,1967266,,Portability of Leave/Charter Schools,Portability of Leave/Charter Schools,1,2025-02-12,https://legiscan.com/NC/bill/S93/2025
NC,1968548,,Repeal Death Penalty,Repeal Death Penalty,1,2025-02-13,https://legiscan.com/NC/bill/S94/2025
NC,1968585,,Promote NC Sawmills,Promote NC Sawmills,1,2025-02-13,https://legiscan.com/NC/bill/S95/2025
NC,1968705,,Modify Insufficient Funds Tax Payment Fee,Modify Insufficient Funds Tax Payment Fee,1,2025-02-13,https://legiscan.com/NC/bill/S96/2025
NC,1968787,,Support Firefighters Fighting Cancer,Support Firefighters Fighting Cancer,1,2025-02-13,https://legiscan.com/NC/bill/S97/2025
NC,1968746,,Funds for Dolly Parton&#x27;s Imagination Library,Funds for Dolly Parton&#x27;s Imagination Library,1,2025-02-13,https://legiscan.com/NC/bill/S98/2025
NC,1968391,,Extended-Year Teacher Contracts,Extended-Year Teacher Contracts,1,2025-02-13,https://legiscan.com/NC/bill/S99/2025
NC,1968665,,SchCalFlex/Moore/CC,SchCalFlex/Moore/CC,1,2025-02-13,https://legiscan.com/NC/bill/S100/2025
NC,1969494,,Protect Tax-Advantaged Accts. &amp; Living Donors,Protect Tax-Advantaged Accts. &amp; Living Donors,2,2025-04-07,https://legiscan.com/NC/bill/S101/2025
NC,1969620,,18th Senatorial District Local Act-1,18th Senatorial District Local Act-1,1,2025-02-13,https://legiscan.com/NC/bill/S102/2025
NC,1969882,,Make NC School Calendars Great Again,Make NC School Calendars Great Again,1,2025-02-13,https://legiscan.com/NC/bill/S103/2025
NC,1971930,,Continuing Care Retirement Communities Act.-AB,Continuing Care Retirement Communities Act.-AB,1,2025-02-17,https://legiscan.com/NC/bill/S105/2025
NC,1971863,,Funds/Onslow Water and Sewer Authority,Funds/Onslow Water and Sewer Authority,1,2025-02-17,https://legiscan.com/NC/bill/S106/2025
NC,1972001,,Judge Joe John Nonpartisan Jud. Elections Act,Judge Joe John Nonpartisan Jud. Elections Act,1,2025-02-17,https://legiscan.com/NC/bill/S107/2025
NC,1972068,,Johnston County/Johnston CC Construction,Johnston County/Johnston CC Construction,2,2025-05-06,https://legiscan.com/NC/bill/S108/2025
NC,1971990,,Veterans Appreciation Act,Veterans Appreciation Act,1,2025-02-17,https://legiscan.com/NC/bill/S109/2025
NC,1972024,,North Carolina Work and Save,North Carolina Work and Save,1,2025-02-17,https://legiscan.com/NC/bill/S110/2025
NC,1972058,,15th Senatorial District Local Act-1,15th Senatorial District Local Act-1,1,2025-02-17,https://legiscan.com/NC/bill/S111/2025
NC,1972088,,School Financial Flexibility Pilot Program,School Financial Flexibility Pilot Program,1,2025-02-17,https://legiscan.com/NC/bill/S112/2025
NC,1972170,,Removal of Squatters from Private Property,Removal of Squatters from Private Property,1,2025-02-17,https://legiscan.com/NC/bill/S113/2025
NC,1972428,,Funds for Pitt Co. Boys &amp; Girls Clubs,Funds for Pitt Co. Boys &amp; Girls Clubs,1,2025-02-17,https://legiscan.com/NC/bill/S114/2025
NC,1972341,,General Assembly Appointments,General Assembly Appointments,4,2025-02-27,https://legiscan.com/NC/bill/S115/2025
NC,1973325,,Restore Down-Zoning Auth./Pitt Co,Restore Down-Zoning Auth./Pitt Co,1,2025-02-18,https://legiscan.com/NC/bill/S116/2025
NC,1973167,,GSC Uniform Comm. Code/Emerging Technologies,GSC Uniform Comm. Code/Emerging Technologies,2,2025-03-31,https://legiscan.com/NC/bill/S117/2025
NC,1973375,,Military and Veteran Support Act,Military and Veteran Support Act,4,2025-07-09,https://legiscan.com/NC/bill/S118/2025
NC,1973064,,Creedmoor Annexations/Deannexation,Creedmoor Annexations/Deannexation,1,2025-02-18,https://legiscan.com/NC/bill/S119/2025
NC,1973433,,Remove Barriers to Labor Organizing,Remove Barriers to Labor Organizing,1,2025-02-18,https://legiscan.com/NC/bill/S120/2025
NC,1978977,,GSC Conveyances Between Spouses,GSC Conveyances Between Spouses,2,2025-03-27,https://legiscan.com/NC/bill/S121/2025
NC,1979183,,GSC Unif. Community Prop. Disp. at Death Act,GSC Unif. Community Prop. Disp. at Death Act,2,2025-03-27,https://legiscan.com/NC/bill/S122/2025
NC,1979141,,Flags at Every School,Flags at Every School,1,2025-02-21,https://legiscan.com/NC/bill/S123/2025
NC,1978951,,State Hiring Accessibility and Modernization,State Hiring Accessibility and Modernization,4,2025-07-01,https://legiscan.com/NC/bill/S124/2025
NC,1979076,,Various Education Changes,Various Education Changes,4,2025-07-03,https://legiscan.com/NC/bill/S125/2025
NC,1979089,,Zero-Based Budgeting,Zero-Based Budgeting,1,2025-02-21,https://legiscan.com/NC/bill/S126/2025
NC,1978914,,Lower Taxes for Scotland County,Lower Taxes for Scotland County,1,2025-02-21,https://legiscan.com/NC/bill/S127/2025
NC,1979103,,Heroes Homestead Act,Heroes Homestead Act,1,2025-02-21,https://legiscan.com/NC/bill/S128/2025
NC,1979494,,Booking Photograph Privacy Act,Booking Photograph Privacy Act,1,2025-02-21,https://legiscan.com/NC/bill/S129/2025
NC,1979428,,Revise Filing Period/Elections/Hendersonville,Revise Filing Period/Elections/Hendersonville,1,2025-02-21,https://legiscan.com/NC/bill/S130/2025
NC,1979628,,Temp. Local Sales Tax Changes/Buncombe Co,Temp. Local Sales Tax Changes/Buncombe Co,2,2025-04-15,https://legiscan.com/NC/bill/S131/2025
NC,1979563,,Swannanoa Valley TDA,Swannanoa Valley TDA,1,2025-02-21,https://legiscan.com/NC/bill/S132/2025
NC,1979362,,NCCCS LMS/NCLDS,NCCCS LMS/NCLDS,4,2025-07-03,https://legiscan.com/NC/bill/S133/2025
NC,1979299,,Inclusionary Zoning/Workforce Housing Funds,Inclusionary Zoning/Workforce Housing Funds,1,2025-02-21,https://legiscan.com/NC/bill/S134/2025
NC,1981074,,Expand Homestead Exclusion Inc. Elig. Limit,Expand Homestead Exclusion Inc. Elig. Limit,1,2025-02-24,https://legiscan.com/NC/bill/S135/2025
NC,1980744,,Restore Down-Zoning Auth./Rutherford Co,Restore Down-Zoning Auth./Rutherford Co,1,2025-02-24,https://legiscan.com/NC/bill/S136/2025
NC,1980796,,Restore Down-Zoning/Farmland Preservation,Restore Down-Zoning/Farmland Preservation,1,2025-02-24,https://legiscan.com/NC/bill/S137/2025
NC,1981056,,Restore Down-Zoning Auth./Mecklenburg Co,Restore Down-Zoning Auth./Mecklenburg Co,1,2025-02-24,https://legiscan.com/NC/bill/S138/2025
NC,1980695,,Restore State Emp/Teacher Retiree Med Benefit,Restore State Emp/Teacher Retiree Med Benefit,1,2025-02-24,https://legiscan.com/NC/bill/S139/2025
NC,1980920,,Funds for My Brother&#x27;s Keeper,Funds for My Brother&#x27;s Keeper,1,2025-02-24,https://legiscan.com/NC/bill/S140/2025
NC,1980830,,Funds for the Males Place,Funds for the Males Place,1,2025-02-24,https://legiscan.com/NC/bill/S141/2025
NC,1980727,,Funds for Mecklenburg Council of Elders,Funds for Mecklenburg Council of Elders,1,2025-02-24,https://legiscan.com/NC/bill/S142/2025
NC,1980952,,Disabled Veteran Property Tax Exemption,Disabled Veteran Property Tax Exemption,1,2025-02-24,https://legiscan.com/NC/bill/S143/2025
NC,1980711,,Requirements for Operating Public Cold Baths,Requirements for Operating Public Cold Baths,1,2025-02-24,https://legiscan.com/NC/bill/S144/2025
NC,1980866,,Mecklenburg Transportation Referendum,Mecklenburg Transportation Referendum,1,2025-02-24,https://legiscan.com/NC/bill/S145/2025
NC,1980884,,Lake Glenville/Restrict Wake Surfing,Lake Glenville/Restrict Wake Surfing,1,2025-02-24,https://legiscan.com/NC/bill/S146/2025
NC,1981022,,Teacher License Reciprocity,Teacher License Reciprocity,1,2025-02-24,https://legiscan.com/NC/bill/S147/2025
NC,1980778,,22nd Senatorial District Local Act-1,22nd Senatorial District Local Act-1,1,2025-02-24,https://legiscan.com/NC/bill/S148/2025
NC,1980971,,Henderson County/Blue Ridge CC Construction,Henderson County/Blue Ridge CC Construction,2,2025-03-13,https://legiscan.com/NC/bill/S149/2025
NC,1981387,,27th Senatorial District Local Act-1,27th Senatorial District Local Act-1,1,2025-02-24,https://legiscan.com/NC/bill/S151/2025
NC,1981708,,38th Senatorial District Local Act-1,38th Senatorial District Local Act-1,1,2025-02-24,https://legiscan.com/NC/bill/S152/2025
NC,1981520,,North Carolina Border Protection Act,North Carolina Border Protection Act,5,2025-06-20,https://legiscan.com/NC/bill/S153/2025
NC,1981586,,NC CROWN Act,NC CROWN Act,1,2025-02-24,https://legiscan.com/NC/bill/S154/2025
NC,1982694,,Social Work Interstate Licensure Compact,Social Work Interstate Licensure Compact,1,2025-02-25,https://legiscan.com/NC/bill/S155/2025
NC,1982382,,SchCalFlex/Wake/CC,SchCalFlex/Wake/CC,1,2025-02-25,https://legiscan.com/NC/bill/S156/2025
NC,1982408,,Funds For Johnson C. Smith Tech Project,Funds For Johnson C. Smith Tech Project,1,2025-02-25,https://legiscan.com/NC/bill/S157/2025
NC,1982616,,Funds for McCrorey YMCA/Flying Classroom,Funds for McCrorey YMCA/Flying Classroom,1,2025-02-25,https://legiscan.com/NC/bill/S158/2025
NC,1982330,,Elderly Prop. Tax Appreciation Exclusion,Elderly Prop. Tax Appreciation Exclusion,1,2025-02-25,https://legiscan.com/NC/bill/S159/2025
NC,1982357,,Respiratory Care Modernization Act,Respiratory Care Modernization Act,1,2025-02-25,https://legiscan.com/NC/bill/S160/2025
NC,1982641,,The Jenesis Firearm Accountability Act,The Jenesis Firearm Accountability Act,1,2025-02-25,https://legiscan.com/NC/bill/S161/2025
NC,1982458,,Shared Parenting,Shared Parenting,1,2025-02-25,https://legiscan.com/NC/bill/S162/2025
NC,1982718,,SchCalFlex/Chatham/Aug 10 &amp; Assmnts,SchCalFlex/Chatham/Aug 10 &amp; Assmnts,1,2025-02-25,https://legiscan.com/NC/bill/S163/2025
NC,1982590,,Theft of Temporary Housing During Emergency,Theft of Temporary Housing During Emergency,2,2025-05-07,https://legiscan.com/NC/bill/S164/2025
NC,1982564,,Restore Down-Zoning/Union &amp; Iredell Cos,Restore Down-Zoning/Union &amp; Iredell Cos,1,2025-02-25,https://legiscan.com/NC/bill/S165/2025
NC,1983484,,Repeal Limitations On Auxiliary Containers,Repeal Limitations On Auxiliary Containers,1,2025-02-25,https://legiscan.com/NC/bill/S166/2025
NC,1982829,,"Revise, Study, and Fund LEP Allotment","Revise, Study, and Fund LEP Allotment",1,2025-02-25,https://legiscan.com/NC/bill/S167/2025
NC,1982872,,Durham/Reduce Speed Limits,Durham/Reduce Speed Limits,1,2025-02-25,https://legiscan.com/NC/bill/S168/2025
NC,1983087,,Labor Org. Membership Dues Tax Deductible,Labor Org. Membership Dues Tax Deductible,1,2025-02-25,https://legiscan.com/NC/bill/S169/2025
NC,1982913,,Foster Parents Rights/Notice,Foster Parents Rights/Notice,1,2025-02-25,https://legiscan.com/NC/bill/S170/2025
NC,1982997,,Pract. Transparency/Reagan&#x27;s Law/Sam&#x27;s Law,Pract. Transparency/Reagan&#x27;s Law/Sam&#x27;s Law,2,2025-04-09,https://legiscan.com/NC/bill/S171/2025
NC,1983220,,STIP Grant Anticipation Notes,STIP Grant Anticipation Notes,1,2025-02-25,https://legiscan.com/NC/bill/S172/2025
NC,1983975,,23rd Senatorial District Local Act-1,23rd Senatorial District Local Act-1,1,2025-02-26,https://legiscan.com/NC/bill/S173/2025
NC,1984317,,Rutherford Cty/Isothermal CC Construction,Rutherford Cty/Isothermal CC Construction,2,2025-03-13,https://legiscan.com/NC/bill/S174/2025
NC,1984215,,Flexibility in Filling Vacancies/Durham,Flexibility in Filling Vacancies/Durham,1,2025-02-26,https://legiscan.com/NC/bill/S175/2025
NC,1984181,,Allow Counties to Sign MOU,Allow Counties to Sign MOU,2,2025-05-07,https://legiscan.com/NC/bill/S176/2025
NC,1984349,,Continuing Budget Adjustments,Continuing Budget Adjustments,2,2025-04-17,https://legiscan.com/NC/bill/S177/2025
NC,1984045,,Assessment of Self-Storage Facilities,Assessment of Self-Storage Facilities,1,2025-02-26,https://legiscan.com/NC/bill/S178/2025
NC,1984410,,Partnership with Voices Together,Partnership with Voices Together,1,2025-02-26,https://legiscan.com/NC/bill/S179/2025
NC,1984591,,Anson County Board of Commissioners,Anson County Board of Commissioners,1,2025-02-26,https://legiscan.com/NC/bill/S180/2025
NC,1985091,,Increase Funding for Mobile Crisis Units,Increase Funding for Mobile Crisis Units,1,2025-02-26,https://legiscan.com/NC/bill/S181/2025
NC,1985455,,Funds/Conover Water and Wastewater,Funds/Conover Water and Wastewater,1,2025-02-26,https://legiscan.com/NC/bill/S182/2025
NC,1985272,,Funds for VSO in Jones County,Funds for VSO in Jones County,1,2025-02-26,https://legiscan.com/NC/bill/S183/2025
NC,1985411,,System Development Fees/Exemption,System Development Fees/Exemption,1,2025-02-26,https://legiscan.com/NC/bill/S184/2025
NC,1985229,,Restore Down-Zoning/Forsyth Co,Restore Down-Zoning/Forsyth Co,1,2025-02-26,https://legiscan.com/NC/bill/S185/2025
NC,1984910,,Funds for Ladder Truck for WS Fire Station 19,Funds for Ladder Truck for WS Fire Station 19,1,2025-02-26,https://legiscan.com/NC/bill/S186/2025
NC,1984864,,32nd Senatorial District Local Act-1,32nd Senatorial District Local Act-1,1,2025-02-26,https://legiscan.com/NC/bill/S187/2025
NC,1984682,,Financial Support to NC4ME,Financial Support to NC4ME,1,2025-02-26,https://legiscan.com/NC/bill/S188/2025
NC,1985135,,Winston-Salem Civil Service Board,Winston-Salem Civil Service Board,1,2025-02-26,https://legiscan.com/NC/bill/S189/2025
NC,1984422,,Physician Assistant Licensure Compact,Physician Assistant Licensure Compact,2,2025-04-17,https://legiscan.com/NC/bill/S190/2025
NC,1984771,,CFSS Gun Prsnt. for Grade 7 and 9 Students,CFSS Gun Prsnt. for Grade 7 and 9 Students,1,2025-02-26,https://legiscan.com/NC/bill/S191/2025
NC,1984460,,Increase Vehicle Safety Inspection Fee,Increase Vehicle Safety Inspection Fee,1,2025-02-26,https://legiscan.com/NC/bill/S192/2025
NC,1985046,,Update Register of Deeds&#x27; Supp. Pension Fund,Update Register of Deeds&#x27; Supp. Pension Fund,1,2025-02-26,https://legiscan.com/NC/bill/S193/2025
NC,1986716,,SchCalFlex/Char-Meck/CC,SchCalFlex/Char-Meck/CC,1,2025-02-27,https://legiscan.com/NC/bill/S194/2025
NC,1986656,,Protect Campus Survivors Act,Protect Campus Survivors Act,1,2025-02-27,https://legiscan.com/NC/bill/S195/2025
NC,1986348,,Winston-Salem/Forsyth Co. Planning &amp; Zoning,Winston-Salem/Forsyth Co. Planning &amp; Zoning,1,2025-02-27,https://legiscan.com/NC/bill/S196/2025
NC,1986449,,Funds for Smith Reynolds Airport MRO Hangar,Funds for Smith Reynolds Airport MRO Hangar,1,2025-02-27,https://legiscan.com/NC/bill/S197/2025
NC,1986757,,Restore Down-Zoning Auth./Multiple Counties,Restore Down-Zoning Auth./Multiple Counties,1,2025-02-27,https://legiscan.com/NC/bill/S198/2025
NC,1986818,,Home Ownership Market Manipulation,Home Ownership Market Manipulation,1,2025-02-27,https://legiscan.com/NC/bill/S199/2025
NC,1986637,,Housing Support for Hurricane Impacted Areas,Housing Support for Hurricane Impacted Areas,1,2025-02-27,https://legiscan.com/NC/bill/S200/2025
NC,1986311,,Town of Pineville/Reserve Police,Town of Pineville/Reserve Police,1,2025-02-27,https://legiscan.com/NC/bill/S201/2025
NC,1986593,,Park South Station Traffic Citations,Park South Station Traffic Citations,1,2025-02-27,https://legiscan.com/NC/bill/S202/2025
NC,1986329,,City of Wilmington/Property Conveyances,City of Wilmington/Property Conveyances,2,2025-03-17,https://legiscan.com/NC/bill/S203/2025
NC,1986513,,Remove Testing Requirement for Teacher Lisc,Remove Testing Requirement for Teacher Lisc,1,2025-02-27,https://legiscan.com/NC/bill/S204/2025
NC,1986838,,Swimming Pools/Housing Regulatory Reform,Swimming Pools/Housing Regulatory Reform,2,2025-04-08,https://legiscan.com/NC/bill/S205/2025
NC,1986696,,Pinetops Charter Revised &amp; Consolidated,Pinetops Charter Revised &amp; Consolidated,1,2025-02-27,https://legiscan.com/NC/bill/S206/2025
NC,1986777,,Litter Law/Rebuttable Presumption,Litter Law/Rebuttable Presumption,2,2025-05-06,https://legiscan.com/NC/bill/S207/2025
NC,1986676,,SchCalFlex/Durham/Aug 10 &amp; Assmnts,SchCalFlex/Durham/Aug 10 &amp; Assmnts,1,2025-02-27,https://legiscan.com/NC/bill/S208/2025
NC,1986879,,Data Privacy for Minors,Data Privacy for Minors,1,2025-02-27,https://legiscan.com/NC/bill/S209/2025
NC,1986408,,Funds/Durham Co. Wastewater Utility/RTP,Funds/Durham Co. Wastewater Utility/RTP,1,2025-02-27,https://legiscan.com/NC/bill/S210/2025
NC,1986473,,Reenact the Earned Income Tax Credit,Reenact the Earned Income Tax Credit,1,2025-02-27,https://legiscan.com/NC/bill/S211/2025
NC,1987252,,Restore Down-Zoning Auth./Granville &amp; Wake,Restore Down-Zoning Auth./Granville &amp; Wake,1,2025-02-27,https://legiscan.com/NC/bill/S212/2025
NC,1987548,,42nd Senatorial District Local Act-1,42nd Senatorial District Local Act-1,1,2025-02-27,https://legiscan.com/NC/bill/S213/2025
NC,1987021,,Various Local Boundaries,Various Local Boundaries,2,2025-03-31,https://legiscan.com/NC/bill/S214/2025
NC,1987428,,28th Senatorial District Local Act-1,28th Senatorial District Local Act-1,1,2025-02-27,https://legiscan.com/NC/bill/S215/2025
NC,1987366,,Sharpsburg Satellite Annexation,Sharpsburg Satellite Annexation,1,2025-02-27,https://legiscan.com/NC/bill/S216/2025
NC,1987488,,Funds to Repair Orphan Roads in Durham County,Funds to Repair Orphan Roads in Durham County,1,2025-02-27,https://legiscan.com/NC/bill/S217/2025
NC,1986909,,Increase Access for Small Employers/Insurance,Increase Access for Small Employers/Insurance,1,2025-02-27,https://legiscan.com/NC/bill/S218/2025
NC,1987136,,Stallings/Marvin Satellite Annexations,Stallings/Marvin Satellite Annexations,1,2025-02-27,https://legiscan.com/NC/bill/S219/2025
NC,1987079,,Protect Private Property Rights.-AB,Protect Private Property Rights.-AB,2,2025-04-14,https://legiscan.com/NC/bill/S220/2025
NC,1989508,,Contracts/Choice of Law &amp; Forum,Contracts/Choice of Law &amp; Forum,1,2025-03-03,https://legiscan.com/NC/bill/S222/2025
NC,1989401,,Expand Academic Trans. Pathways/Sophomore HS,Expand Academic Trans. Pathways/Sophomore HS,2,2025-03-13,https://legiscan.com/NC/bill/S223/2025
NC,1990205,,Align Benefits for Firefighters with Cancer,Align Benefits for Firefighters with Cancer,1,2025-03-03,https://legiscan.com/NC/bill/S226/2025
NC,1990299,,Eliminating &quot;DEI&quot; in Public Education,Eliminating &quot;DEI&quot; in Public Education,5,2025-07-03,https://legiscan.com/NC/bill/S227/2025
NC,1990746,,Disabled Veterans Tax Relief Bill,Disabled Veterans Tax Relief Bill,1,2025-03-04,https://legiscan.com/NC/bill/S228/2025
NC,1991068,,Authorize NIL Agency Contracts,Authorize NIL Agency Contracts,2,2025-05-06,https://legiscan.com/NC/bill/S229/2025
NC,1991746,,Expand Homestead Exclusion Inc. Elig. Limit,Expand Homestead Exclusion Inc. Elig. Limit,1,2025-03-05,https://legiscan.com/NC/bill/S230/2025
NC,1991965,,State Surplus Property/Third-Party Auctions,State Surplus Property/Third-Party Auctions,1,2025-03-05,https://legiscan.com/NC/bill/S231/2025
NC,1991941,,Central Carolina CC/Chatham Campus MCC Status,Central Carolina CC/Chatham Campus MCC Status,1,2025-03-05,https://legiscan.com/NC/bill/S232/2025
NC,1991696,,Make Corporations Pay What They Owe,Make Corporations Pay What They Owe,1,2025-03-05,https://legiscan.com/NC/bill/S233/2025
NC,1992306,,Funds for Greenville Fire Truck,Funds for Greenville Fire Truck,1,2025-03-05,https://legiscan.com/NC/bill/S234/2025
NC,1992149,,Funds for Town of Macclesfield Equipment,Funds for Town of Macclesfield Equipment,1,2025-03-05,https://legiscan.com/NC/bill/S235/2025
NC,1992274,,Funds for Edgecombe CC,Funds for Edgecombe CC,1,2025-03-05,https://legiscan.com/NC/bill/S236/2025
NC,1992372,,Funds for Transitional Housing in Pitt County,Funds for Transitional Housing in Pitt County,1,2025-03-05,https://legiscan.com/NC/bill/S237/2025
NC,1992498,,Edgecombe and Pitt County School Nurses,Edgecombe and Pitt County School Nurses,1,2025-03-05,https://legiscan.com/NC/bill/S238/2025
NC,1992242,,Raise DSP Pay to $25 Per Hour,Raise DSP Pay to $25 Per Hour,1,2025-03-05,https://legiscan.com/NC/bill/S239/2025
NC,1992436,,Establish NCSTARS Grant Program,Establish NCSTARS Grant Program,1,2025-03-05,https://legiscan.com/NC/bill/S240/2025
NC,1992530,,Funds for Smith Reynolds Airport MRO Hangar,Funds for Smith Reynolds Airport MRO Hangar,1,2025-03-05,https://legiscan.com/NC/bill/S241/2025
NC,1992053,,H.A.L.L. Accountability Act,H.A.L.L. Accountability Act,1,2025-03-05,https://legiscan.com/NC/bill/S242/2025
NC,1992562,,Commuter Rail Study/Piedmont Triad,Commuter Rail Study/Piedmont Triad,1,2025-03-05,https://legiscan.com/NC/bill/S243/2025
NC,1992117,,January 6 Riot/Attempt Overthrow of Gov&#x27;t,January 6 Riot/Attempt Overthrow of Gov&#x27;t,1,2025-03-05,https://legiscan.com/NC/bill/S244/2025
NC,1992342,,Expand Remote Drivers License Services,Expand Remote Drivers License Services,4,2025-09-30,https://legiscan.com/NC/bill/S245/2025
NC,1992594,,"Create 13,000 Jobs Serving People With I/DD","Create 13,000 Jobs Serving People With I/DD",1,2025-03-05,https://legiscan.com/NC/bill/S246/2025
NC,1992686,,Redirect Crisis Pregnancy Center Funds,Redirect Crisis Pregnancy Center Funds,1,2025-03-05,https://legiscan.com/NC/bill/S247/2025
NC,1993434,,Birth Certificates for Persons Adopted,Birth Certificates for Persons Adopted,4,2025-06-13,https://legiscan.com/NC/bill/S248/2025
NC,1993188,,Realign Congressional Districts 2025,Realign Congressional Districts 2025,4,2025-10-22,https://legiscan.com/NC/bill/S249/2025
NC,1993219,,Celebrate America&#x27;s 250th-Let Freedom Ring!,Celebrate America&#x27;s 250th-Let Freedom Ring!,1,2025-03-06,https://legiscan.com/NC/bill/S250/2025
NC,1993281,,Bail Bondsmen Revisions.-AB,Bail Bondsmen Revisions.-AB,1,2025-03-06,https://legiscan.com/NC/bill/S251/2025
NC,1993901,,Funds for Pinetops Fire Department,Funds for Pinetops Fire Department,1,2025-03-06,https://legiscan.com/NC/bill/S252/2025
NC,1996036,,Funds for Pitt-Greenville Airport,Funds for Pitt-Greenville Airport,1,2025-03-10,https://legiscan.com/NC/bill/S253/2025
NC,1995973,,Charter School Changes,Charter School Changes,4,2025-07-29,https://legiscan.com/NC/bill/S254/2025
NC,1996061,,Greenville Bulkhead Appropriation,Greenville Bulkhead Appropriation,1,2025-03-10,https://legiscan.com/NC/bill/S255/2025
NC,1996011,,Funeral Board Transportation Agreements/Ins,Funeral Board Transportation Agreements/Ins,1,2025-03-10,https://legiscan.com/NC/bill/S256/2025
NC,1996111,,2025 Appropriations Act,2025 Appropriations Act,2,2025-04-15,https://legiscan.com/NC/bill/S257/2025
NC,1996162,,2025 Appropriations Act,2025 Appropriations Act,1,2025-03-10,https://legiscan.com/NC/bill/S258/2025
NC,1996096,,School Psychologist Omnibus,School Psychologist Omnibus,1,2025-03-10,https://legiscan.com/NC/bill/S259/2025
NC,1996519,,Energy Security and Affordability Act,Energy Security and Affordability Act,2,2025-03-17,https://legiscan.com/NC/bill/S261/2025
NC,1996434,,Rescind Old Calls/Constitutional Convention,Rescind Old Calls/Constitutional Convention,1,2025-03-10,https://legiscan.com/NC/bill/S262/2025
NC,1996348,,2025 Appropriations Act,2025 Appropriations Act,1,2025-03-10,https://legiscan.com/NC/bill/S263/2025
NC,1999530,,Flags at Every School,Flags at Every School,1,2025-03-11,https://legiscan.com/NC/bill/S264/2025
NC,1999597,,Protecting Our Community Act,Protecting Our Community Act,1,2025-03-11,https://legiscan.com/NC/bill/S265/2025
NC,1999438,,The Power Bill Reduction Act,The Power Bill Reduction Act,4,2025-07-29,https://legiscan.com/NC/bill/S266/2025
NC,2000050,,Amend Business Corporations Act,Amend Business Corporations Act,1,2025-03-11,https://legiscan.com/NC/bill/S267/2025
NC,2003008,,Amend NC PEO Act.-AB,Amend NC PEO Act.-AB,1,2025-03-12,https://legiscan.com/NC/bill/S268/2025
NC,2001422,,Insurance Guaranty Association Act Revisions.-AB,Insurance Guaranty Association Act Revisions.-AB,1,2025-03-12,https://legiscan.com/NC/bill/S269/2025
NC,2004592,,Credit Property Insurance Restrictions.-AB,Credit Property Insurance Restrictions.-AB,1,2025-03-12,https://legiscan.com/NC/bill/S270/2025
NC,2001104,,Permitted Trade Practices/Insurance Rebates.-AB,Permitted Trade Practices/Insurance Rebates.-AB,1,2025-03-12,https://legiscan.com/NC/bill/S271/2025
NC,2001741,,Insurance Producers/Exchange of Business,Insurance Producers/Exchange of Business,1,2025-03-12,https://legiscan.com/NC/bill/S272/2025
NC,2002061,,Grant&#x27;s Law/Require Lifeguards at Day Camps,Grant&#x27;s Law/Require Lifeguards at Day Camps,1,2025-03-12,https://legiscan.com/NC/bill/S273/2025
NC,2005025,,Repeal Crime Against Nature Law,Repeal Crime Against Nature Law,1,2025-03-12,https://legiscan.com/NC/bill/S274/2025
NC,2004742,,Deregulate Small Boarding Kennels,Deregulate Small Boarding Kennels,1,2025-03-12,https://legiscan.com/NC/bill/S275/2025
NC,2005317,,Study Residual Property Market Mechanisms,Study Residual Property Market Mechanisms,1,2025-03-12,https://legiscan.com/NC/bill/S276/2025
NC,2004813,,NC AHEC Recruitment &amp; Retention Funds,NC AHEC Recruitment &amp; Retention Funds,1,2025-03-12,https://legiscan.com/NC/bill/S277/2025
NC,2005172,,The Smart Heart Act,The Smart Heart Act,1,2025-03-12,https://legiscan.com/NC/bill/S278/2025
NC,2005388,,Baby Bond Trust Fund,Baby Bond Trust Fund,1,2025-03-12,https://legiscan.com/NC/bill/S279/2025
NC,2005242,,Private School Security Act,Private School Security Act,2,2025-05-07,https://legiscan.com/NC/bill/S280/2025
NC,2005909,,Essential Relief for Child Care Act,Essential Relief for Child Care Act,1,2025-03-13,https://legiscan.com/NC/bill/S281/2025
NC,2005950,,Clubhouse Expansion,Clubhouse Expansion,1,2025-03-13,https://legiscan.com/NC/bill/S282/2025
NC,2005820,,Expand Sickle Cell Disease Programs &amp; Svcs,Expand Sickle Cell Disease Programs &amp; Svcs,1,2025-03-13,https://legiscan.com/NC/bill/S283/2025
NC,2005622,,Guilford County Schools Funding Requests,Guilford County Schools Funding Requests,1,2025-03-13,https://legiscan.com/NC/bill/S284/2025
NC,2005775,,Teacher Salary Supplement/Guilford Cnty Schs,Teacher Salary Supplement/Guilford Cnty Schs,1,2025-03-13,https://legiscan.com/NC/bill/S285/2025
NC,2005602,,NC Board of Nursing Licensure Fees,NC Board of Nursing Licensure Fees,1,2025-03-13,https://legiscan.com/NC/bill/S286/2025
NC,2005730,,Safeguard Health Ins. Utilization Reviews,Safeguard Health Ins. Utilization Reviews,1,2025-03-13,https://legiscan.com/NC/bill/S287/2025
NC,2005984,,Funds for Pauli Murray Center,Funds for Pauli Murray Center,1,2025-03-13,https://legiscan.com/NC/bill/S288/2025
NC,2006330,,Funds for the Stagville Memorial Project,Funds for the Stagville Memorial Project,1,2025-03-13,https://legiscan.com/NC/bill/S289/2025
NC,2006113,,NC REINS Act,NC REINS Act,1,2025-03-13,https://legiscan.com/NC/bill/S290/2025
NC,2006510,,Regulation of Short-Term Rentals,Regulation of Short-Term Rentals,1,2025-03-13,https://legiscan.com/NC/bill/S291/2025
NC,2006245,,Funds/Town of Grifton Resiliency,Funds/Town of Grifton Resiliency,1,2025-03-13,https://legiscan.com/NC/bill/S292/2025
NC,2006552,,Town of Pinetops Fire Dept. Appropriation,Town of Pinetops Fire Dept. Appropriation,1,2025-03-13,https://legiscan.com/NC/bill/S293/2025
NC,2006421,,Budgeting Accountability and Transparency,Budgeting Accountability and Transparency,1,2025-03-13,https://legiscan.com/NC/bill/S294/2025
NC,2006375,,Clarify Motor Vehicle Dealer Laws,Clarify Motor Vehicle Dealer Laws,4,2025-07-01,https://legiscan.com/NC/bill/S295/2025
NC,2008856,,Buy American Steel,Buy American Steel,1,2025-03-17,https://legiscan.com/NC/bill/S296/2025
NC,2008755,,Nursing Fellows &amp; Curric. Support Funds/WSSU,Nursing Fellows &amp; Curric. Support Funds/WSSU,1,2025-03-17,https://legiscan.com/NC/bill/S297/2025
NC,2008912,,Inexperienced Operator Continuous Coverage,Inexperienced Operator Continuous Coverage,1,2025-03-17,https://legiscan.com/NC/bill/S298/2025
NC,2008728,,Government Transparency Act of 2025,Government Transparency Act of 2025,1,2025-03-17,https://legiscan.com/NC/bill/S299/2025
NC,2008811,,NC REACH Act,NC REACH Act,1,2025-03-17,https://legiscan.com/NC/bill/S300/2025
NC,2008746,,Film and Entertainment Grant Fund Mods,Film and Entertainment Grant Fund Mods,1,2025-03-17,https://legiscan.com/NC/bill/S301/2025
NC,2008820,,The Sergeant Mickey Hutchens Act,The Sergeant Mickey Hutchens Act,1,2025-03-17,https://legiscan.com/NC/bill/S302/2025
NC,2008776,,Repeal Service Tax,Repeal Service Tax,1,2025-03-17,https://legiscan.com/NC/bill/S303/2025
NC,2008880,,Reenact EITC,Reenact EITC,1,2025-03-17,https://legiscan.com/NC/bill/S304/2025
NC,2008837,,Community Emergency Response Training,Community Emergency Response Training,1,2025-03-17,https://legiscan.com/NC/bill/S305/2025
NC,2008708,,WC/Self-Insurance Association Amendments,WC/Self-Insurance Association Amendments,1,2025-03-17,https://legiscan.com/NC/bill/S306/2025
NC,2008873,,Info. Rights of Estate/Death of LLC Member,Info. Rights of Estate/Death of LLC Member,4,2025-07-03,https://legiscan.com/NC/bill/S307/2025
NC,2008784,,Permanent Plates for Water &amp; Sewer Authority,Permanent Plates for Water &amp; Sewer Authority,1,2025-03-17,https://legiscan.com/NC/bill/S308/2025
NC,2008699,,Changes to Estates and Trusts Statutes,Changes to Estates and Trusts Statutes,1,2025-03-17,https://legiscan.com/NC/bill/S309/2025
NC,2008865,,Religious Property - Tax Exemption,Religious Property - Tax Exemption,2,2025-05-06,https://legiscan.com/NC/bill/S310/2025
NC,2008845,,The Law and Order Act,The Law and Order Act,4,2025-07-09,https://legiscan.com/NC/bill/S311/2025
NC,2008736,,The Stars and Stripes Commitment Act,The Stars and Stripes Commitment Act,1,2025-03-17,https://legiscan.com/NC/bill/S312/2025
NC,2009389,,Supporting Small Farmers for NC&#x27;s Future Act,Supporting Small Farmers for NC&#x27;s Future Act,1,2025-03-17,https://legiscan.com/NC/bill/S313/2025
NC,2009059,,Eliminate ETJ Overlap,Eliminate ETJ Overlap,1,2025-03-17,https://legiscan.com/NC/bill/S314/2025
NC,2008986,,More Transparency/Efficiency in Utiliz. Rev,More Transparency/Efficiency in Utiliz. Rev,1,2025-03-17,https://legiscan.com/NC/bill/S315/2025
NC,2009244,,Lower Healthcare Costs,Lower Healthcare Costs,2,2025-03-27,https://legiscan.com/NC/bill/S316/2025
NC,2009208,,Uniform Partition of Heirs Property Act,Uniform Partition of Heirs Property Act,1,2025-03-17,https://legiscan.com/NC/bill/S317/2025
NC,2009354,,Protect Youth From Harms of Vaping &amp; Nicotine,Protect Youth From Harms of Vaping &amp; Nicotine,1,2025-03-17,https://legiscan.com/NC/bill/S318/2025
NC,2009133,,LSAUs to Maintain AIG Services in Alt. Progs,LSAUs to Maintain AIG Services in Alt. Progs,1,2025-03-17,https://legiscan.com/NC/bill/S319/2025
NC,2009318,,LEO Special Separation Allowance Options,LEO Special Separation Allowance Options,1,2025-03-17,https://legiscan.com/NC/bill/S320/2025
NC,2009888,,Accounting Workforce Development Act,Accounting Workforce Development Act,4,2025-07-01,https://legiscan.com/NC/bill/S321/2025
NC,2009868,,Utility Worker Protection Act,Utility Worker Protection Act,1,2025-03-18,https://legiscan.com/NC/bill/S322/2025
NC,2009849,,Student Health and Responsibility Act,Student Health and Responsibility Act,1,2025-03-18,https://legiscan.com/NC/bill/S323/2025
NC,2009720,,2025 Safe Drinking Water Act,2025 Safe Drinking Water Act,1,2025-03-18,https://legiscan.com/NC/bill/S324/2025
NC,2009906,,Create Dept. of Housing and Comm. Development,Create Dept. of Housing and Comm. Development,1,2025-03-18,https://legiscan.com/NC/bill/S325/2025
NC,2010036,,Economic Security Act,Economic Security Act,1,2025-03-18,https://legiscan.com/NC/bill/S326/2025
NC,2010186,,NC Bitcoin Reserve and Investment Act,NC Bitcoin Reserve and Investment Act,1,2025-03-18,https://legiscan.com/NC/bill/S327/2025
NC,2010001,,Age 21 Hemp-Derived Consumables,Age 21 Hemp-Derived Consumables,2,2025-05-05,https://legiscan.com/NC/bill/S328/2025
NC,2010298,,Recognizing South Fork Passage State Trail,Recognizing South Fork Passage State Trail,2,2025-05-05,https://legiscan.com/NC/bill/S329/2025
NC,2010261,,LME/MCO Transparency and Accountability,LME/MCO Transparency and Accountability,1,2025-03-18,https://legiscan.com/NC/bill/S330/2025
NC,2010885,,Make Legislators&#x27; Docs Public Records,Make Legislators&#x27; Docs Public Records,1,2025-03-19,https://legiscan.com/NC/bill/S331/2025
NC,2010875,,Health Care Practitioner Transparency Act,Health Care Practitioner Transparency Act,1,2025-03-19,https://legiscan.com/NC/bill/S332/2025
NC,2010733,,Prohibit Illegal Accreditation Requirements,Prohibit Illegal Accreditation Requirements,1,2025-03-19,https://legiscan.com/NC/bill/S333/2025
NC,2010827,,Repeal the NC Drug Tax,Repeal the NC Drug Tax,1,2025-03-19,https://legiscan.com/NC/bill/S334/2025
NC,2010755,,Pharmacists/Test and Treat/Influenza &amp; Strep,Pharmacists/Test and Treat/Influenza &amp; Strep,2,2025-04-10,https://legiscan.com/NC/bill/S335/2025
NC,2010792,,Interstate Med.l Lic. Comp./Intern&#x27;l Phys,Interstate Med.l Lic. Comp./Intern&#x27;l Phys,1,2025-03-19,https://legiscan.com/NC/bill/S336/2025
NC,2010809,,Reallocate Civil War &amp; Reconst. Hist Ctr Fnds,Reallocate Civil War &amp; Reconst. Hist Ctr Fnds,1,2025-03-19,https://legiscan.com/NC/bill/S337/2025
NC,2010742,,NC Farmland and Military Protection Act,NC Farmland and Military Protection Act,1,2025-03-19,https://legiscan.com/NC/bill/S338/2025
NC,2010717,,Restore NC Bar Appoint&#x27;s/Judicial Discipline,Restore NC Bar Appoint&#x27;s/Judicial Discipline,1,2025-03-19,https://legiscan.com/NC/bill/S339/2025
NC,2010858,,Funds for Pittsboro Fire Services,Funds for Pittsboro Fire Services,1,2025-03-19,https://legiscan.com/NC/bill/S340/2025
NC,2010724,,Funds for Siler City Streetscape Project,Funds for Siler City Streetscape Project,1,2025-03-19,https://legiscan.com/NC/bill/S341/2025
NC,2010784,,Funds for New Siler City Fire Station,Funds for New Siler City Fire Station,1,2025-03-19,https://legiscan.com/NC/bill/S342/2025
NC,2010954,,"Secure Home, Secure Future Act","Secure Home, Secure Future Act",1,2025-03-19,https://legiscan.com/NC/bill/S343/2025
NC,2010981,,Pooled Trust Transfers/Public Benefits Elig,Pooled Trust Transfers/Public Benefits Elig,4,2025-06-26,https://legiscan.com/NC/bill/S344/2025
NC,2010992,,PA Team-Based Practice,PA Team-Based Practice,2,2025-05-06,https://legiscan.com/NC/bill/S345/2025
NC,2011105,,Good Samaritan Law/Immunity,Good Samaritan Law/Immunity,1,2025-03-19,https://legiscan.com/NC/bill/S346/2025
NC,2011019,,Supporting Parents Who Serve,Supporting Parents Who Serve,1,2025-03-19,https://legiscan.com/NC/bill/S347/2025
NC,2010938,,Home Comfort Act,Home Comfort Act,1,2025-03-19,https://legiscan.com/NC/bill/S348/2025
NC,2010965,,Property Tax Modifications,Property Tax Modifications,1,2025-03-19,https://legiscan.com/NC/bill/S349/2025
NC,2011031,,Marijuana Justice and Reinvestment Act,Marijuana Justice and Reinvestment Act,1,2025-03-19,https://legiscan.com/NC/bill/S350/2025
NC,2011073,,Right to Start Act,Right to Start Act,1,2025-03-19,https://legiscan.com/NC/bill/S351/2025
NC,2011062,,Community Health Center Grants for LARCs,Community Health Center Grants for LARCs,1,2025-03-19,https://legiscan.com/NC/bill/S352/2025
NC,2011047,,The Second Chance Coding Act,The Second Chance Coding Act,1,2025-03-19,https://legiscan.com/NC/bill/S353/2025
NC,2011096,,NC Breakthrough Act,NC Breakthrough Act,1,2025-03-19,https://legiscan.com/NC/bill/S354/2025
NC,2011527,,Support the Dept. of Adult Correction.-AB,Support the Dept. of Adult Correction.-AB,2,2025-05-06,https://legiscan.com/NC/bill/S355/2025
NC,2011512,,Global Transpark Authority Sales Tax Mods,Global Transpark Authority Sales Tax Mods,1,2025-03-20,https://legiscan.com/NC/bill/S356/2025
NC,2011630,,Pharmacists/Collaborative Practice,Pharmacists/Collaborative Practice,2,2025-05-01,https://legiscan.com/NC/bill/S357/2025
NC,2011562,,Hate Crimes Prevention Act,Hate Crimes Prevention Act,1,2025-03-20,https://legiscan.com/NC/bill/S358/2025
NC,2011635,,Retirement Death Benefits Rewrite.-AB,Retirement Death Benefits Rewrite.-AB,1,2025-03-20,https://legiscan.com/NC/bill/S359/2025
NC,2011574,,Healthy Students - A Nurse in Every School,Healthy Students - A Nurse in Every School,1,2025-03-20,https://legiscan.com/NC/bill/S360/2025
NC,2011607,,Protecting First Responders Act,Protecting First Responders Act,1,2025-03-20,https://legiscan.com/NC/bill/S361/2025
NC,2011556,,Strengthen Long-Term Care Ombudsman Program,Strengthen Long-Term Care Ombudsman Program,1,2025-03-20,https://legiscan.com/NC/bill/S362/2025
NC,2011587,,DST Technical Corrections/Admin. Changes 2025.-AB,DST Technical Corrections/Admin. Changes 2025.-AB,1,2025-03-20,https://legiscan.com/NC/bill/S363/2025
NC,2011520,,Shorter Separation for Retired ADAs and APDs,Shorter Separation for Retired ADAs and APDs,1,2025-03-20,https://legiscan.com/NC/bill/S364/2025
NC,2011504,,Theft of Temporary Housing During Emergency,Theft of Temporary Housing During Emergency,1,2025-03-20,https://legiscan.com/NC/bill/S365/2025
NC,2011541,,Increase Medicaid PCS and PDN Rates,Increase Medicaid PCS and PDN Rates,1,2025-03-20,https://legiscan.com/NC/bill/S366/2025
NC,2011469,,Capital Project Funding at HBCUs,Capital Project Funding at HBCUs,1,2025-03-20,https://legiscan.com/NC/bill/S367/2025
NC,2011499,,Office of State Fire Marshal Omnibus Bill.-AB,Office of State Fire Marshal Omnibus Bill.-AB,1,2025-03-20,https://legiscan.com/NC/bill/S368/2025
NC,2011547,,Medicaid Telehealth Services,Medicaid Telehealth Services,2,2025-04-17,https://legiscan.com/NC/bill/S369/2025
NC,2011623,,Repeal Certificate of Need Laws,Repeal Certificate of Need Laws,2,2025-04-17,https://legiscan.com/NC/bill/S370/2025
NC,2011485,,Stop Chronically Low-Performing Charters,Stop Chronically Low-Performing Charters,1,2025-03-20,https://legiscan.com/NC/bill/S371/2025
NC,2011954,,Vaccination Schedule Variance/Minors,Vaccination Schedule Variance/Minors,1,2025-03-20,https://legiscan.com/NC/bill/S373/2025
NC,2011974,,Licensing Certain Fire Safety Equip. Work,Licensing Certain Fire Safety Equip. Work,1,2025-03-20,https://legiscan.com/NC/bill/S374/2025
NC,2011695,,Harrison&#x27;s Law,Harrison&#x27;s Law,4,2025-07-09,https://legiscan.com/NC/bill/S375/2025
NC,2011717,,Increase Funding to State Auditor,Increase Funding to State Auditor,1,2025-03-20,https://legiscan.com/NC/bill/S376/2025
NC,2011933,,Licensing Course Removal/Insurance Producers,Licensing Course Removal/Insurance Producers,1,2025-03-20,https://legiscan.com/NC/bill/S377/2025
NC,2011892,,Align Medicaid Eligibility with Federal Law,Align Medicaid Eligibility with Federal Law,2,2025-05-07,https://legiscan.com/NC/bill/S378/2025
NC,2011850,,Senior Care Assurance Act,Senior Care Assurance Act,1,2025-03-20,https://legiscan.com/NC/bill/S379/2025
NC,2011676,,Expand Certain APA Standing Provisions,Expand Certain APA Standing Provisions,1,2025-03-20,https://legiscan.com/NC/bill/S380/2025
NC,2011804,,Equality for All,Equality for All,1,2025-03-20,https://legiscan.com/NC/bill/S381/2025
NC,2011781,,Mental Health Protection Act,Mental Health Protection Act,1,2025-03-20,https://legiscan.com/NC/bill/S382/2025
NC,2011994,,Right to IVF,Right to IVF,1,2025-03-20,https://legiscan.com/NC/bill/S383/2025
NC,2011830,,2025 Safe Drinking Water Act,2025 Safe Drinking Water Act,1,2025-03-20,https://legiscan.com/NC/bill/S384/2025
NC,2013028,,Amend Dangerous Dog Statutes,Amend Dangerous Dog Statutes,1,2025-03-24,https://legiscan.com/NC/bill/S385/2025
NC,2013105,,Whiz Kids/Slow Pokes Voter Registration,Whiz Kids/Slow Pokes Voter Registration,1,2025-03-24,https://legiscan.com/NC/bill/S386/2025
NC,2013115,,Brownfields Property Reuse Act Revisions,Brownfields Property Reuse Act Revisions,4,2025-07-02,https://legiscan.com/NC/bill/S387/2025
NC,2013047,,DOT Permit Review Time Periods,DOT Permit Review Time Periods,1,2025-03-24,https://legiscan.com/NC/bill/S388/2025
NC,2013019,,Add Home Schools to Opportunity Scholarships,Add Home Schools to Opportunity Scholarships,1,2025-03-24,https://legiscan.com/NC/bill/S389/2025
NC,2012949,,Project Newsletter,Project Newsletter,1,2025-03-24,https://legiscan.com/NC/bill/S390/2025
NC,2012898,,DOT Omnibus,DOT Omnibus,4,2025-07-01,https://legiscan.com/NC/bill/S391/2025
NC,2013051,,Safeguard Fair Elections,Safeguard Fair Elections,1,2025-03-24,https://legiscan.com/NC/bill/S392/2025
NC,2012943,,Betting and Addiction in Pers. Finance Course,Betting and Addiction in Pers. Finance Course,1,2025-03-24,https://legiscan.com/NC/bill/S393/2025
NC,2012993,,Prohibit Foreign Ownership of NC Land,Prohibit Foreign Ownership of NC Land,2,2025-05-05,https://legiscan.com/NC/bill/S394/2025
NC,2013074,,Disaster Relief Eviction Moratorium Act,Disaster Relief Eviction Moratorium Act,1,2025-03-24,https://legiscan.com/NC/bill/S395/2025
NC,2012910,,Medical Board Licensing Efficiency Act,Medical Board Licensing Efficiency Act,1,2025-03-24,https://legiscan.com/NC/bill/S396/2025
NC,2013010,,Invest in Durham&#x27;s Ed/Athletic Infrastructure,Invest in Durham&#x27;s Ed/Athletic Infrastructure,1,2025-03-24,https://legiscan.com/NC/bill/S397/2025
NC,2012903,,Prohibit Weapons at Voting Place,Prohibit Weapons at Voting Place,1,2025-03-24,https://legiscan.com/NC/bill/S398/2025
NC,2013049,,Study Jordan Lake Nutrient Managem&#x27;t Strategy,Study Jordan Lake Nutrient Managem&#x27;t Strategy,1,2025-03-24,https://legiscan.com/NC/bill/S399/2025
NC,2013072,,Adult Protection Multidisciplinary Teams,Adult Protection Multidisciplinary Teams,4,2025-06-26,https://legiscan.com/NC/bill/S400/2025
NC,2013088,,NC Farm Act of 2025,NC Farm Act of 2025,2,2025-05-06,https://legiscan.com/NC/bill/S401/2025
NC,2012885,,Allow Lottery Winners To Be Confidential,Allow Lottery Winners To Be Confidential,2,2025-05-01,https://legiscan.com/NC/bill/S402/2025
NC,2012952,,Additional Medicaid Funds and Requirements,Additional Medicaid Funds and Requirements,2,2025-05-01,https://legiscan.com/NC/bill/S403/2025
NC,2013060,,RIC FLAIR Act,RIC FLAIR Act,1,2025-03-24,https://legiscan.com/NC/bill/S404/2025
NC,2012980,,Healthcare Investment Act,Healthcare Investment Act,2,2025-05-01,https://legiscan.com/NC/bill/S405/2025
NC,2013064,,Allow ERPOs to Prevent Suicides &amp; Save Lives,Allow ERPOs to Prevent Suicides &amp; Save Lives,1,2025-03-24,https://legiscan.com/NC/bill/S406/2025
NC,2012892,,Prohibit Defense Based on Sex or Gender,Prohibit Defense Based on Sex or Gender,1,2025-03-24,https://legiscan.com/NC/bill/S407/2025
NC,2013094,,No High Risk Apps/Gov&#x27;t Networks &amp; Devices,No High Risk Apps/Gov&#x27;t Networks &amp; Devices,2,2025-05-07,https://legiscan.com/NC/bill/S408/2025
NC,2012963,,Ban Ghost Guns &amp; Undetectable Firearms,Ban Ghost Guns &amp; Undetectable Firearms,1,2025-03-24,https://legiscan.com/NC/bill/S409/2025
NC,2012986,,Hospital Petition/Discharge Incapable Adults,Hospital Petition/Discharge Incapable Adults,1,2025-03-24,https://legiscan.com/NC/bill/S410/2025
NC,2012958,,School Bus Cameras/Evidence &amp; Contract Length,School Bus Cameras/Evidence &amp; Contract Length,1,2025-03-24,https://legiscan.com/NC/bill/S411/2025
NC,2012905,,Childcare Subsidy Rate Increase &amp; West Pilot,Childcare Subsidy Rate Increase &amp; West Pilot,1,2025-03-24,https://legiscan.com/NC/bill/S412/2025
NC,2012989,,Right to Use Contraception,Right to Use Contraception,1,2025-03-24,https://legiscan.com/NC/bill/S413/2025
NC,2013067,,Pharmacists/Test and Treat,Pharmacists/Test and Treat,1,2025-03-24,https://legiscan.com/NC/bill/S414/2025
NC,2013103,,Patient Safety/Med. Imaging/Radiation Therapy,Patient Safety/Med. Imaging/Radiation Therapy,1,2025-03-24,https://legiscan.com/NC/bill/S415/2025
NC,2013096,,Personal Privacy Protection Act,Personal Privacy Protection Act,4,2025-07-29,https://legiscan.com/NC/bill/S416/2025
NC,2013090,,Posting of State Costs,Posting of State Costs,1,2025-03-24,https://legiscan.com/NC/bill/S417/2025
NC,2013058,,NC Health Benefits Exchange Implementation,NC Health Benefits Exchange Implementation,1,2025-03-24,https://legiscan.com/NC/bill/S418/2025
NC,2013110,,Restore Down-Zoning Authority,Restore Down-Zoning Authority,1,2025-03-24,https://legiscan.com/NC/bill/S419/2025
NC,2012975,,Redirect Lottery Advertising for Foster Care,Redirect Lottery Advertising for Foster Care,1,2025-03-24,https://legiscan.com/NC/bill/S420/2025
NC,2012938,,Prison Reform Omnibus,Prison Reform Omnibus,1,2025-03-24,https://legiscan.com/NC/bill/S421/2025
NC,2012972,,Marriage/Family Therapy Mods,Marriage/Family Therapy Mods,1,2025-03-24,https://legiscan.com/NC/bill/S422/2025
NC,2012918,,Title Fraud Prevention,Title Fraud Prevention,2,2025-05-01,https://legiscan.com/NC/bill/S423/2025
NC,2013085,,T/C: Megasites Funding Uses,T/C: Megasites Funding Uses,1,2025-03-24,https://legiscan.com/NC/bill/S424/2025
NC,2012978,,Chiropractic Abuse of Costs,Chiropractic Abuse of Costs,1,2025-03-24,https://legiscan.com/NC/bill/S425/2025
NC,2012996,,Student Borrowers&#x27; Bill of Rights,Student Borrowers&#x27; Bill of Rights,1,2025-03-24,https://legiscan.com/NC/bill/S426/2025
NC,2012907,,Property Tax Modifications,Property Tax Modifications,1,2025-03-24,https://legiscan.com/NC/bill/S427/2025
NC,2012929,,IBT Reforms,IBT Reforms,1,2025-03-24,https://legiscan.com/NC/bill/S428/2025
NC,2012983,,2025 Public Safety Act,2025 Public Safety Act,4,2025-07-09,https://legiscan.com/NC/bill/S429/2025
NC,2012970,,Revise Child Passenger Restraint System Law,Revise Child Passenger Restraint System Law,1,2025-03-24,https://legiscan.com/NC/bill/S430/2025
NC,2012927,,Protect Whistleblower LEOs from Retaliation,Protect Whistleblower LEOs from Retaliation,1,2025-03-24,https://legiscan.com/NC/bill/S431/2025
NC,2013039,,Home Ownership Market Manipulation,Home Ownership Market Manipulation,1,2025-03-24,https://legiscan.com/NC/bill/S432/2025
NC,2012945,,Restore Educator Longevity,Restore Educator Longevity,1,2025-03-24,https://legiscan.com/NC/bill/S433/2025
NC,2012924,,School Workers Fair Pay Act,School Workers Fair Pay Act,1,2025-03-24,https://legiscan.com/NC/bill/S434/2025
NC,2013008,,Restore Master&#x27;s Pay for Teachers &amp; ISP,Restore Master&#x27;s Pay for Teachers &amp; ISP,1,2025-03-24,https://legiscan.com/NC/bill/S435/2025
NC,2013099,,Age with Dignity Act (Caregiver Tax Credit),Age with Dignity Act (Caregiver Tax Credit),1,2025-03-24,https://legiscan.com/NC/bill/S436/2025
NC,2013081,,Middle Class Momentum Act,Middle Class Momentum Act,1,2025-03-24,https://legiscan.com/NC/bill/S437/2025
NC,2013108,,NC Adopt ERA,NC Adopt ERA,1,2025-03-24,https://legiscan.com/NC/bill/S438/2025
NC,2013035,,Moratorium on Opportunity Scholarships,Moratorium on Opportunity Scholarships,1,2025-03-24,https://legiscan.com/NC/bill/S439/2025
NC,2012916,,2025 Governor&#x27;s Budget,2025 Governor&#x27;s Budget,1,2025-03-24,https://legiscan.com/NC/bill/S440/2025
NC,2012887,,Revive High-Need Retired Teachers Program,Revive High-Need Retired Teachers Program,1,2025-03-24,https://legiscan.com/NC/bill/S441/2025
NC,2013077,,Parents Protection Act,Parents Protection Act,4,2025-07-03,https://legiscan.com/NC/bill/S442/2025
NC,2012934,,Local Govts/Compensation Disclosure,Local Govts/Compensation Disclosure,1,2025-03-24,https://legiscan.com/NC/bill/S443/2025
NC,2012890,,Controlled Substances Act - Updates,Controlled Substances Act - Updates,1,2025-03-24,https://legiscan.com/NC/bill/S444/2025
NC,2012955,,Reg. Relief for Hospitals in Disaster Zones,Reg. Relief for Hospitals in Disaster Zones,2,2025-05-01,https://legiscan.com/NC/bill/S445/2025
NC,2012900,,Expand Workforce Housing,Expand Workforce Housing,1,2025-03-24,https://legiscan.com/NC/bill/S446/2025
NC,2013030,,Reliable Water &amp; Sewer Infrastructure Act,Reliable Water &amp; Sewer Infrastructure Act,1,2025-03-24,https://legiscan.com/NC/bill/S447/2025
NC,2013272,,Remove Employment Barriers/Ppl w Disabilities,Remove Employment Barriers/Ppl w Disabilities,1,2025-03-24,https://legiscan.com/NC/bill/S448/2025
NC,2013393,,Continuing Budget Operations Part IV,Continuing Budget Operations Part IV,4,2025-10-23,https://legiscan.com/NC/bill/S449/2025
NC,2013234,,Novel Opioid Control Act of 2025,Novel Opioid Control Act of 2025,1,2025-03-24,https://legiscan.com/NC/bill/S450/2025
NC,2013432,,Occupational/Professional Licensing Relief,Occupational/Professional Licensing Relief,1,2025-03-24,https://legiscan.com/NC/bill/S451/2025
NC,2013168,,End Child Marriage,End Child Marriage,1,2025-03-24,https://legiscan.com/NC/bill/S452/2025
NC,2013181,,Homebuyer Fairness &amp; Protection Act,Homebuyer Fairness &amp; Protection Act,1,2025-03-24,https://legiscan.com/NC/bill/S453/2025
NC,2013489,,Community Safety Act,Community Safety Act,1,2025-03-24,https://legiscan.com/NC/bill/S454/2025
NC,2013579,,Main Street Resilience Act,Main Street Resilience Act,1,2025-03-24,https://legiscan.com/NC/bill/S455/2025
NC,2013220,,Healthy Start NC,Healthy Start NC,1,2025-03-24,https://legiscan.com/NC/bill/S456/2025
NC,2013540,,Automatic Voter Registration,Automatic Voter Registration,1,2025-03-24,https://legiscan.com/NC/bill/S457/2025
NC,2013289,,Enact KinCare &amp; Safe Days,Enact KinCare &amp; Safe Days,1,2025-03-24,https://legiscan.com/NC/bill/S458/2025
NC,2013339,,Constitutional Repeal of Art. XIV Sec. 6,Constitutional Repeal of Art. XIV Sec. 6,1,2025-03-24,https://legiscan.com/NC/bill/S459/2025
NC,2013194,,Fetal Alcohol Spectrum Disorders Program,Fetal Alcohol Spectrum Disorders Program,1,2025-03-24,https://legiscan.com/NC/bill/S460/2025
NC,2013258,,Modify Taxation of 1031 Exchanges,Modify Taxation of 1031 Exchanges,1,2025-03-24,https://legiscan.com/NC/bill/S461/2025
NC,2013501,,Const Amend: Legislative Terms/Compensation,Const Amend: Legislative Terms/Compensation,1,2025-03-24,https://legiscan.com/NC/bill/S462/2025
NC,2013445,,Medicaid Coverage for Doula Services,Medicaid Coverage for Doula Services,1,2025-03-24,https://legiscan.com/NC/bill/S463/2025
NC,2013208,,Inmate Medicaid Suspension/Team-Based Care,Inmate Medicaid Suspension/Team-Based Care,1,2025-03-24,https://legiscan.com/NC/bill/S464/2025
NC,2013462,,Agency Vacant Property,Agency Vacant Property,1,2025-03-24,https://legiscan.com/NC/bill/S465/2025
NC,2013302,,Ensure Continuity of Care in Tailored Plans,Ensure Continuity of Care in Tailored Plans,1,2025-03-24,https://legiscan.com/NC/bill/S466/2025
NC,2013142,,Right to Reproductive Freedom Act,Right to Reproductive Freedom Act,1,2025-03-24,https://legiscan.com/NC/bill/S467/2025
NC,2013421,,Alternative Additional Registration Fee,Alternative Additional Registration Fee,1,2025-03-24,https://legiscan.com/NC/bill/S468/2025
NC,2013591,,Improper Action Claims Act,Improper Action Claims Act,1,2025-03-24,https://legiscan.com/NC/bill/S469/2025
NC,2013527,,End Block Scheduling,End Block Scheduling,1,2025-03-24,https://legiscan.com/NC/bill/S470/2025
NC,2013515,,Horse Race Wagering Modifications,Horse Race Wagering Modifications,1,2025-03-24,https://legiscan.com/NC/bill/S471/2025
NC,2013352,,Coastal Regulatory Reform,Coastal Regulatory Reform,4,2025-07-02,https://legiscan.com/NC/bill/S472/2025
NC,2013553,,Capital for Communities Act,Capital for Communities Act,1,2025-03-24,https://legiscan.com/NC/bill/S473/2025
NC,2013131,,The DAVE Act,The DAVE Act,2,2025-04-08,https://legiscan.com/NC/bill/S474/2025
NC,2013567,,Wendy Williams&#x27;s Law,Wendy Williams&#x27;s Law,1,2025-03-24,https://legiscan.com/NC/bill/S475/2025
NC,2013313,,Allow Widow/Widower To Hyphenate Name,Allow Widow/Widower To Hyphenate Name,1,2025-03-24,https://legiscan.com/NC/bill/S476/2025
NC,2013879,,DNCR Agency Bill.-AB,DNCR Agency Bill.-AB,4,2025-06-13,https://legiscan.com/NC/bill/S477/2025
NC,2013949,,Enhancing Ag. Opportunities in Rural NC,Enhancing Ag. Opportunities in Rural NC,1,2025-03-25,https://legiscan.com/NC/bill/S478/2025
NC,2013990,,SCRIPT Act,SCRIPT Act,4,2025-07-09,https://legiscan.com/NC/bill/S479/2025
NC,2013964,,NC Paid Family Leave Insurance Act,NC Paid Family Leave Insurance Act,1,2025-03-25,https://legiscan.com/NC/bill/S480/2025
NC,2013919,,Definitions for Advanced Recycling,Definitions for Advanced Recycling,1,2025-03-25,https://legiscan.com/NC/bill/S481/2025
NC,2013953,,Don&#x27;t Tread on Me Act,Don&#x27;t Tread on Me Act,1,2025-03-25,https://legiscan.com/NC/bill/S482/2025
NC,2013903,,The Children First Act,The Children First Act,1,2025-03-25,https://legiscan.com/NC/bill/S483/2025
NC,2013900,,Workplace Violence Prevention/Mass Picketing,Workplace Violence Prevention/Mass Picketing,2,2025-05-07,https://legiscan.com/NC/bill/S484/2025
NC,2013828,,Prohibit Geoengineering,Prohibit Geoengineering,1,2025-03-25,https://legiscan.com/NC/bill/S485/2025
NC,2013810,,Funds for NC Senior Tar Heel Legislature,Funds for NC Senior Tar Heel Legislature,1,2025-03-25,https://legiscan.com/NC/bill/S486/2025
NC,2013994,,Require Legislative Sponsors/Appropriations,Require Legislative Sponsors/Appropriations,1,2025-03-25,https://legiscan.com/NC/bill/S487/2025
NC,2013968,,Clarify Disp. Place Analysis/IOLTA,Clarify Disp. Place Analysis/IOLTA,2,2025-05-05,https://legiscan.com/NC/bill/S488/2025
NC,2013792,,Modify Nonprofit Corp. Act/Charitable Org,Modify Nonprofit Corp. Act/Charitable Org,1,2025-03-25,https://legiscan.com/NC/bill/S489/2025
NC,2013980,,Augment Agency Appeal Rights,Augment Agency Appeal Rights,1,2025-03-25,https://legiscan.com/NC/bill/S490/2025
NC,2013922,,NC Debt Settlement Services Act,NC Debt Settlement Services Act,1,2025-03-25,https://legiscan.com/NC/bill/S491/2025
NC,2013846,,Single Stair Bldg. Code Reform,Single Stair Bldg. Code Reform,1,2025-03-25,https://legiscan.com/NC/bill/S492/2025
NC,2013895,,Land Use Clarification and Changes,Land Use Clarification and Changes,2,2025-05-06,https://legiscan.com/NC/bill/S493/2025
NC,2013857,,Limit the Scope of Certificate of Need Laws,Limit the Scope of Certificate of Need Laws,1,2025-03-25,https://legiscan.com/NC/bill/S494/2025
NC,2013909,,Regulation of Accessory Dwelling Units,Regulation of Accessory Dwelling Units,1,2025-03-25,https://legiscan.com/NC/bill/S495/2025
NC,2013862,,Funds For Coastal Federation,Funds For Coastal Federation,1,2025-03-25,https://legiscan.com/NC/bill/S496/2025
NC,2013966,,Expand Middle Housing,Expand Middle Housing,1,2025-03-25,https://legiscan.com/NC/bill/S497/2025
NC,2013835,,Funds for Beaufort&#x27;s Boat Docks,Funds for Beaufort&#x27;s Boat Docks,1,2025-03-25,https://legiscan.com/NC/bill/S498/2025
NC,2013860,,Allow Housing Near Jobs,Allow Housing Near Jobs,1,2025-03-25,https://legiscan.com/NC/bill/S499/2025
NC,2013933,,New Health and DSS Building,New Health and DSS Building,1,2025-03-25,https://legiscan.com/NC/bill/S500/2025
NC,2013873,,Funds for TEAPOT Project,Funds for TEAPOT Project,1,2025-03-25,https://legiscan.com/NC/bill/S501/2025
NC,2013815,,Cape Carteret Capital Funds,Cape Carteret Capital Funds,1,2025-03-25,https://legiscan.com/NC/bill/S502/2025
NC,2013908,,A More Efficient Office of Vital Records,A More Efficient Office of Vital Records,2,2025-05-06,https://legiscan.com/NC/bill/S503/2025
NC,2013805,,NC Farmland and Military Protection Act,NC Farmland and Military Protection Act,1,2025-03-25,https://legiscan.com/NC/bill/S504/2025
NC,2013826,,Address Abandoned and Derelict Vessels,Address Abandoned and Derelict Vessels,1,2025-03-25,https://legiscan.com/NC/bill/S505/2025
NC,2013853,,ATR Salary Sups and Grant Increases,ATR Salary Sups and Grant Increases,1,2025-03-25,https://legiscan.com/NC/bill/S506/2025
NC,2013986,,Auto Enrollment in Advanced ELA Courses,Auto Enrollment in Advanced ELA Courses,2,2025-04-10,https://legiscan.com/NC/bill/S507/2025
NC,2013881,,LL to CPL/Apprenticeship Program,LL to CPL/Apprenticeship Program,1,2025-03-25,https://legiscan.com/NC/bill/S508/2025
NC,2013869,,Health Information Exchange Act Revisions,Health Information Exchange Act Revisions,1,2025-03-25,https://legiscan.com/NC/bill/S509/2025
NC,2013912,,Menstrual Products Sales Tax Exemption,Menstrual Products Sales Tax Exemption,1,2025-03-25,https://legiscan.com/NC/bill/S510/2025
NC,2013982,,Informational Literacy in Schools,Informational Literacy in Schools,1,2025-03-25,https://legiscan.com/NC/bill/S511/2025
NC,2013962,,Adopt Official Hip Hop Song,Adopt Official Hip Hop Song,1,2025-03-25,https://legiscan.com/NC/bill/S512/2025
NC,2013803,,Modify Rqmts. for Wind Energy Facilities,Modify Rqmts. for Wind Energy Facilities,1,2025-03-25,https://legiscan.com/NC/bill/S513/2025
NC,2013796,,Social Media Control in IT Act,Social Media Control in IT Act,1,2025-03-25,https://legiscan.com/NC/bill/S514/2025
NC,2013785,,Sign Manufacturing License Exemption,Sign Manufacturing License Exemption,1,2025-03-25,https://legiscan.com/NC/bill/S515/2025
NC,2013987,,Women&#x27;s Safety and Protection Act,Women&#x27;s Safety and Protection Act,1,2025-03-25,https://legiscan.com/NC/bill/S516/2025
NC,2013789,,Fair Pricing &amp; Trnspncy/340B Covered Entities,Fair Pricing &amp; Trnspncy/340B Covered Entities,1,2025-03-25,https://legiscan.com/NC/bill/S517/2025
NC,2013866,,Mobile Home Park Act,Mobile Home Park Act,1,2025-03-25,https://legiscan.com/NC/bill/S518/2025
NC,2013893,,Transportation for the Future Act,Transportation for the Future Act,1,2025-03-25,https://legiscan.com/NC/bill/S519/2025
NC,2013847,,Funds for Pineville Pedestrian Beacon,Funds for Pineville Pedestrian Beacon,1,2025-03-25,https://legiscan.com/NC/bill/S520/2025
NC,2013876,,Community Infra. and Resilience Tax Credit,Community Infra. and Resilience Tax Credit,1,2025-03-25,https://legiscan.com/NC/bill/S521/2025
NC,2013977,,Thrive at Midlife Act,Thrive at Midlife Act,1,2025-03-25,https://legiscan.com/NC/bill/S522/2025
NC,2013969,,Universal Basic Therapy Act,Universal Basic Therapy Act,1,2025-03-25,https://legiscan.com/NC/bill/S523/2025
NC,2013883,,Community Safety Partnership Act,Community Safety Partnership Act,1,2025-03-25,https://legiscan.com/NC/bill/S524/2025
NC,2013791,,Living Wage Guarantee Act,Living Wage Guarantee Act,1,2025-03-25,https://legiscan.com/NC/bill/S525/2025
NC,2013991,,The Hands Free NC Act,The Hands Free NC Act,1,2025-03-25,https://legiscan.com/NC/bill/S526/2025
NC,2013818,,Modify Laws Applicable to LME/MCOs,Modify Laws Applicable to LME/MCOs,1,2025-03-25,https://legiscan.com/NC/bill/S527/2025
NC,2013938,,Child Care Regulatory Reforms &amp; Flexibilities,Child Care Regulatory Reforms &amp; Flexibilities,2,2025-04-15,https://legiscan.com/NC/bill/S528/2025
NC,2013975,,Second Chance Success Act,Second Chance Success Act,1,2025-03-25,https://legiscan.com/NC/bill/S529/2025
NC,2013868,,Ag Manufacturing Economic Development,Ag Manufacturing Economic Development,1,2025-03-25,https://legiscan.com/NC/bill/S530/2025
NC,2013943,,Extended Inpatient Treatment Reimbursable,Extended Inpatient Treatment Reimbursable,1,2025-03-25,https://legiscan.com/NC/bill/S531/2025
NC,2013979,,Preserving Competition in Healthcare Act,Preserving Competition in Healthcare Act,1,2025-03-25,https://legiscan.com/NC/bill/S532/2025
NC,2013935,,Vaping &amp; Gambling Addiction Prev. Strategies,Vaping &amp; Gambling Addiction Prev. Strategies,1,2025-03-25,https://legiscan.com/NC/bill/S533/2025
NC,2013961,,Capital Project Funding at NCA&amp;T/WSSU,Capital Project Funding at NCA&amp;T/WSSU,1,2025-03-25,https://legiscan.com/NC/bill/S534/2025
NC,2013929,,Regulate Hemp-Derived Beverages,Regulate Hemp-Derived Beverages,1,2025-03-25,https://legiscan.com/NC/bill/S535/2025
NC,2013809,,Birth Freedom Act,Birth Freedom Act,1,2025-03-25,https://legiscan.com/NC/bill/S536/2025
NC,2013921,,APRN Definitions,APRN Definitions,1,2025-03-25,https://legiscan.com/NC/bill/S537/2025
NC,2013783,,Family Empowerment Act,Family Empowerment Act,1,2025-03-25,https://legiscan.com/NC/bill/S538/2025
NC,2013798,,NC Utility Worker Protection Act,NC Utility Worker Protection Act,1,2025-03-25,https://legiscan.com/NC/bill/S539/2025
NC,2013801,,Increase Small County Funding,Increase Small County Funding,1,2025-03-25,https://legiscan.com/NC/bill/S540/2025
NC,2013859,,Train Infrastructure Acceleration Act,Train Infrastructure Acceleration Act,1,2025-03-25,https://legiscan.com/NC/bill/S541/2025
NC,2013799,,Western NC Support; Expand Comm. Eco. Dev,Western NC Support; Expand Comm. Eco. Dev,1,2025-03-25,https://legiscan.com/NC/bill/S542/2025
NC,2013843,,State Auditor to Audit Private Schools,State Auditor to Audit Private Schools,1,2025-03-25,https://legiscan.com/NC/bill/S543/2025
NC,2013788,,State Auditor/Crisis Pregnancy Centers,State Auditor/Crisis Pregnancy Centers,1,2025-03-25,https://legiscan.com/NC/bill/S544/2025
NC,2013784,,State Auditor to Audit General Assembly,State Auditor to Audit General Assembly,1,2025-03-25,https://legiscan.com/NC/bill/S545/2025
NC,2013830,,Clean Energy Workforce &amp; Innovation Act,Clean Energy Workforce &amp; Innovation Act,1,2025-03-25,https://legiscan.com/NC/bill/S546/2025
NC,2013844,,Clarify Ballot Language for Art. 46 Tax,Clarify Ballot Language for Art. 46 Tax,1,2025-03-25,https://legiscan.com/NC/bill/S547/2025
NC,2013819,,Protect Whistleblower LEOs from Retaliation,Protect Whistleblower LEOs from Retaliation,1,2025-03-25,https://legiscan.com/NC/bill/S548/2025
NC,2013840,,State Emp. Leave/Bereavement/Pregnancy Loss,State Emp. Leave/Bereavement/Pregnancy Loss,1,2025-03-25,https://legiscan.com/NC/bill/S549/2025
NC,2013824,,Coaches Care Act,Coaches Care Act,1,2025-03-25,https://legiscan.com/NC/bill/S550/2025
NC,2013814,,Broadband Affordability Program,Broadband Affordability Program,1,2025-03-25,https://legiscan.com/NC/bill/S551/2025
NC,2013995,,ABC Omnibus 2025,ABC Omnibus 2025,1,2025-03-25,https://legiscan.com/NC/bill/S552/2025
NC,2013856,,Save More Tatas Act,Save More Tatas Act,1,2025-03-25,https://legiscan.com/NC/bill/S553/2025
NC,2013872,,Farmers Protection Act,Farmers Protection Act,2,2025-05-07,https://legiscan.com/NC/bill/S554/2025
NC,2013904,,Wetlands Protection and Restoration Act,Wetlands Protection and Restoration Act,1,2025-03-25,https://legiscan.com/NC/bill/S555/2025
NC,2013973,,Revise Buffer Zone Limitations/Elections,Revise Buffer Zone Limitations/Elections,1,2025-03-25,https://legiscan.com/NC/bill/S556/2025
NC,2013897,,Bifurcate Economic Distress Categorization,Bifurcate Economic Distress Categorization,1,2025-03-25,https://legiscan.com/NC/bill/S557/2025
NC,2014200,,Eliminating &quot;DEI&quot; in Public Higher Ed,Eliminating &quot;DEI&quot; in Public Higher Ed,5,2025-07-03,https://legiscan.com/NC/bill/S558/2025
NC,2014137,,Study State Emp. Bereavement Leave,Study State Emp. Bereavement Leave,1,2025-03-25,https://legiscan.com/NC/bill/S559/2025
NC,2014256,,Taskforce on Missing BIPOC Women,Taskforce on Missing BIPOC Women,1,2025-03-25,https://legiscan.com/NC/bill/S560/2025
NC,2014286,,"The Working Hearts, Empowered Homes Act","The Working Hearts, Empowered Homes Act",1,2025-03-25,https://legiscan.com/NC/bill/S561/2025
NC,2014036,,Cybersecurity and Quantum Resilience Study,Cybersecurity and Quantum Resilience Study,1,2025-03-25,https://legiscan.com/NC/bill/S562/2025
NC,2014183,,The Michael Jordans of Tomorrow Act,The Michael Jordans of Tomorrow Act,1,2025-03-25,https://legiscan.com/NC/bill/S563/2025
NC,2014236,,Public Safety Through Food Access Act,Public Safety Through Food Access Act,1,2025-03-25,https://legiscan.com/NC/bill/S564/2025
NC,2014089,,Investment in Pinetops&#x27; Police Department,Investment in Pinetops&#x27; Police Department,1,2025-03-25,https://legiscan.com/NC/bill/S565/2025
NC,2014027,,Parity Enhancement for Addiction Recovery,Parity Enhancement for Addiction Recovery,1,2025-03-25,https://legiscan.com/NC/bill/S566/2025
NC,2014302,,Medicaid SUD Services Rate Adjustment Act,Medicaid SUD Services Rate Adjustment Act,1,2025-03-25,https://legiscan.com/NC/bill/S567/2025
NC,2014346,,Innovative Treatments for Mental Health Act,Innovative Treatments for Mental Health Act,1,2025-03-25,https://legiscan.com/NC/bill/S568/2025
NC,2014245,,Eviction Record Expunction Act,Eviction Record Expunction Act,1,2025-03-25,https://legiscan.com/NC/bill/S569/2025
NC,2014150,,Prohibit the Corporate Practice of Medicine,Prohibit the Corporate Practice of Medicine,1,2025-03-25,https://legiscan.com/NC/bill/S570/2025
NC,2014017,,MOMnibus 3.0,MOMnibus 3.0,1,2025-03-25,https://legiscan.com/NC/bill/S571/2025
NC,2014249,,Greater Access to Fertility Medication,Greater Access to Fertility Medication,1,2025-03-25,https://legiscan.com/NC/bill/S572/2025
NC,2014240,,Reform Animal Cruelty and Neglect laws,Reform Animal Cruelty and Neglect laws,1,2025-03-25,https://legiscan.com/NC/bill/S573/2025
NC,2014112,,Soil Health Task Force,Soil Health Task Force,1,2025-03-25,https://legiscan.com/NC/bill/S574/2025
NC,2014067,,Improve Pedestrian Safety,Improve Pedestrian Safety,1,2025-03-25,https://legiscan.com/NC/bill/S575/2025
NC,2014075,,E-Bike Definition and Local Regulation,E-Bike Definition and Local Regulation,1,2025-03-25,https://legiscan.com/NC/bill/S576/2025
NC,2014336,,Title Insurance Kickbacks Clarification,Title Insurance Kickbacks Clarification,1,2025-03-25,https://legiscan.com/NC/bill/S577/2025
NC,2014136,,North Carolina CARDINAL Corps Act,North Carolina CARDINAL Corps Act,1,2025-03-25,https://legiscan.com/NC/bill/S578/2025
NC,2014312,,Transforming the High School Experience,Transforming the High School Experience,1,2025-03-25,https://legiscan.com/NC/bill/S579/2025
NC,2014396,,Competency-Based Education Grant Program,Competency-Based Education Grant Program,1,2025-03-25,https://legiscan.com/NC/bill/S580/2025
NC,2014383,,Revise Neglected Juvenile Definition,Revise Neglected Juvenile Definition,1,2025-03-25,https://legiscan.com/NC/bill/S581/2025
NC,2014170,,Wellness Break Act,Wellness Break Act,1,2025-03-25,https://legiscan.com/NC/bill/S582/2025
NC,2014363,,Lead. Invest. Families/Foster Teen Act (LIFT),Lead. Invest. Families/Foster Teen Act (LIFT),1,2025-03-25,https://legiscan.com/NC/bill/S583/2025
NC,2014077,,Local Govt Transportation System Financing,Local Govt Transportation System Financing,1,2025-03-25,https://legiscan.com/NC/bill/S584/2025
NC,2014110,,Local Govts/Mental Health/ CC Tuition Waiver,Local Govts/Mental Health/ CC Tuition Waiver,1,2025-03-25,https://legiscan.com/NC/bill/S585/2025
NC,2014230,,Allergy Safe NC,Allergy Safe NC,1,2025-03-25,https://legiscan.com/NC/bill/S586/2025
NC,2014210,,Clarify Nonconforming Uses,Clarify Nonconforming Uses,2,2025-05-07,https://legiscan.com/NC/bill/S587/2025
NC,2014083,,Pregnant Workers Protection Act,Pregnant Workers Protection Act,1,2025-03-25,https://legiscan.com/NC/bill/S588/2025
NC,2014046,,Tier One County Assistance,Tier One County Assistance,1,2025-03-25,https://legiscan.com/NC/bill/S589/2025
NC,2014387,,Coastal Plain Resilience and Eco. Pros. Act,Coastal Plain Resilience and Eco. Pros. Act,1,2025-03-25,https://legiscan.com/NC/bill/S590/2025
NC,2014215,,Revise Animal Fighting Laws,Revise Animal Fighting Laws,1,2025-03-25,https://legiscan.com/NC/bill/S591/2025
NC,2014051,,Statewide Child Care Investment Act,Statewide Child Care Investment Act,1,2025-03-25,https://legiscan.com/NC/bill/S592/2025
NC,2014119,,Grant Our Kids Care Act,Grant Our Kids Care Act,1,2025-03-25,https://legiscan.com/NC/bill/S593/2025
NC,2014275,,Care Center Cost Support Act,Care Center Cost Support Act,1,2025-03-25,https://legiscan.com/NC/bill/S594/2025
NC,2014041,,Various Revenue Laws Changes,Various Revenue Laws Changes,2,2025-06-19,https://legiscan.com/NC/bill/S595/2025
NC,2014231,,Critical Campus Funding Repairs,Critical Campus Funding Repairs,1,2025-03-25,https://legiscan.com/NC/bill/S596/2025
NC,2014185,,Environmental Justice,Environmental Justice,1,2025-03-25,https://legiscan.com/NC/bill/S597/2025
NC,2014114,,Change to Low-Performing Schools Designation,Change to Low-Performing Schools Designation,1,2025-03-25,https://legiscan.com/NC/bill/S598/2025
NC,2014251,,State Teacher/Employee Pay &amp; Local LEO Bonus,State Teacher/Employee Pay &amp; Local LEO Bonus,2,2025-04-30,https://legiscan.com/NC/bill/S599/2025
NC,2014221,,Improve Health and Human Services,Improve Health and Human Services,4,2025-07-03,https://legiscan.com/NC/bill/S600/2025
NC,2014194,,Revise Private Need-Based Scholarship,Revise Private Need-Based Scholarship,1,2025-03-25,https://legiscan.com/NC/bill/S601/2025
NC,2014278,,H&#x27;cane Helene Bldg Code Window Exemption,H&#x27;cane Helene Bldg Code Window Exemption,2,2025-05-05,https://legiscan.com/NC/bill/S602/2025
NC,2014198,,Funds for Trails and Greenways,Funds for Trails and Greenways,1,2025-03-25,https://legiscan.com/NC/bill/S603/2025
NC,2014142,,School-Based Complaint/SROs,School-Based Complaint/SROs,1,2025-03-25,https://legiscan.com/NC/bill/S604/2025
NC,2014086,,IBT Subbasin/TMDL Transport Factor,IBT Subbasin/TMDL Transport Factor,2,2025-05-07,https://legiscan.com/NC/bill/S605/2025
NC,2014179,,Language Access &amp; State Holidays Act,Language Access &amp; State Holidays Act,1,2025-03-25,https://legiscan.com/NC/bill/S606/2025
NC,2014261,,Equal Pay Act,Equal Pay Act,1,2025-03-25,https://legiscan.com/NC/bill/S607/2025
NC,2014224,,Revise Various Laws/Work 1st Cash Assistance,Revise Various Laws/Work 1st Cash Assistance,1,2025-03-25,https://legiscan.com/NC/bill/S608/2025
NC,2014016,,Steele Creek Investment and Improvement Act,Steele Creek Investment and Improvement Act,1,2025-03-25,https://legiscan.com/NC/bill/S609/2025
NC,2014263,,Funds for Orphan Roads in Mecklenburg Co,Funds for Orphan Roads in Mecklenburg Co,1,2025-03-25,https://legiscan.com/NC/bill/S610/2025
NC,2014298,,Allow Consecutive Remote License Renewals,Allow Consecutive Remote License Renewals,1,2025-03-25,https://legiscan.com/NC/bill/S611/2025
NC,2014125,,Convert School Buses to Electric by 2050,Convert School Buses to Electric by 2050,1,2025-03-25,https://legiscan.com/NC/bill/S612/2025
NC,2014391,,Number of Medicaid Standard Plan Contracts,Number of Medicaid Standard Plan Contracts,1,2025-03-25,https://legiscan.com/NC/bill/S613/2025
NC,2014176,,Revise Dam Safety Requirements,Revise Dam Safety Requirements,1,2025-03-25,https://legiscan.com/NC/bill/S614/2025
NC,2014117,,Property Tax Rate Transparency Act,Property Tax Rate Transparency Act,1,2025-03-25,https://legiscan.com/NC/bill/S615/2025
NC,2014057,,Capacity Restoration Pilot Program,Capacity Restoration Pilot Program,1,2025-03-25,https://legiscan.com/NC/bill/S616/2025
NC,2014394,,Accessing Certified Professional Midwives Act,Accessing Certified Professional Midwives Act,1,2025-03-25,https://legiscan.com/NC/bill/S617/2025
NC,2014370,,Lasting Economic and Academic Prosperity Act,Lasting Economic and Academic Prosperity Act,1,2025-03-25,https://legiscan.com/NC/bill/S618/2025
NC,2014377,,AI Academic Support Grant Program,AI Academic Support Grant Program,1,2025-03-25,https://legiscan.com/NC/bill/S619/2025
NC,2014062,,The STRONG Act of 2025,The STRONG Act of 2025,1,2025-03-25,https://legiscan.com/NC/bill/S620/2025
NC,2014309,,An Act for Better Education,An Act for Better Education,1,2025-03-25,https://legiscan.com/NC/bill/S621/2025
NC,2014320,,Healthy Families &amp; Workplaces/Paid Sick Leave,Healthy Families &amp; Workplaces/Paid Sick Leave,1,2025-03-25,https://legiscan.com/NC/bill/S622/2025
NC,2014021,,First Responders&#x27; Right to Assemble,First Responders&#x27; Right to Assemble,1,2025-03-25,https://legiscan.com/NC/bill/S623/2025
NC,2014322,,AI Chatbots - Licensing/Safety/Privacy,AI Chatbots - Licensing/Safety/Privacy,1,2025-03-25,https://legiscan.com/NC/bill/S624/2025
NC,2014352,,Protect NC Prosperity &amp; Health,Protect NC Prosperity &amp; Health,1,2025-03-25,https://legiscan.com/NC/bill/S625/2025
NC,2014165,,Domestic Violence Divorce Reform Act,Domestic Violence Divorce Reform Act,1,2025-03-25,https://legiscan.com/NC/bill/S626/2025
NC,2014154,,Small Business Capital Improvement Account,Small Business Capital Improvement Account,1,2025-03-25,https://legiscan.com/NC/bill/S627/2025
NC,2014118,,Safe Schools Transparency Act,Safe Schools Transparency Act,1,2025-03-25,https://legiscan.com/NC/bill/S628/2025
NC,2014271,,"Ride Safe, Insure Smart Act","Ride Safe, Insure Smart Act",1,2025-03-25,https://legiscan.com/NC/bill/S629/2025
NC,2014244,,School Mental Health Support Act,School Mental Health Support Act,1,2025-03-25,https://legiscan.com/NC/bill/S630/2025
NC,2014369,,Juvenile Justice Workforce Fix/Funds,Juvenile Justice Workforce Fix/Funds,1,2025-03-25,https://legiscan.com/NC/bill/S631/2025
NC,2014293,,Homes for Heroes,Homes for Heroes,1,2025-03-25,https://legiscan.com/NC/bill/S632/2025
NC,2014337,,Guarding Freedoms &amp; Public Safety Act,Guarding Freedoms &amp; Public Safety Act,1,2025-03-25,https://legiscan.com/NC/bill/S633/2025
NC,2014045,,Kayla&#x27;s Act: Protecting Dom. Violence Victims,Kayla&#x27;s Act: Protecting Dom. Violence Victims,1,2025-03-25,https://legiscan.com/NC/bill/S634/2025
NC,2014241,,Healthy Families &amp; Workplaces/Paid Sick Leave,Healthy Families &amp; Workplaces/Paid Sick Leave,1,2025-03-25,https://legiscan.com/NC/bill/S635/2025
NC,2014235,,School Psychologist Omnibus,School Psychologist Omnibus,1,2025-03-25,https://legiscan.com/NC/bill/S636/2025
NC,2014378,,Ensure Same-Sex Domestic Violence Prot. Order,Ensure Same-Sex Domestic Violence Prot. Order,1,2025-03-25,https://legiscan.com/NC/bill/S637/2025
NC,2014291,,Fair Maps Act,Fair Maps Act,1,2025-03-25,https://legiscan.com/NC/bill/S638/2025
NC,2014040,,North Carolina Farm Act of 2025,North Carolina Farm Act of 2025,2,2025-06-17,https://legiscan.com/NC/bill/S639/2025
NC,2014068,,AI Ethics and Literacy Across Education,AI Ethics and Literacy Across Education,1,2025-03-25,https://legiscan.com/NC/bill/S640/2025
NC,2014181,,Reenact Child Tax Credit,Reenact Child Tax Credit,1,2025-03-25,https://legiscan.com/NC/bill/S641/2025
NC,2014109,,SAVE Students Act,SAVE Students Act,1,2025-03-25,https://legiscan.com/NC/bill/S642/2025
NC,2014227,,Expand &amp; Enhance the Teaching Fellows Program,Expand &amp; Enhance the Teaching Fellows Program,1,2025-03-25,https://legiscan.com/NC/bill/S643/2025
NC,2014084,,Green Schools Save Money,Green Schools Save Money,1,2025-03-25,https://legiscan.com/NC/bill/S644/2025
NC,2014074,,The Protect Our Schools Act,The Protect Our Schools Act,1,2025-03-25,https://legiscan.com/NC/bill/S645/2025
NC,2014168,,Make NC Insurrection-Free,Make NC Insurrection-Free,1,2025-03-25,https://legiscan.com/NC/bill/S646/2025
NC,2014173,,The Child Promise Act,The Child Promise Act,1,2025-03-25,https://legiscan.com/NC/bill/S647/2025
NC,2014319,,AOC Agency Requests.-AB,AOC Agency Requests.-AB,2,2025-05-01,https://legiscan.com/NC/bill/S648/2025
NC,2014334,,Restore Master&#x27;s Pay for Teachers &amp; ISP,Restore Master&#x27;s Pay for Teachers &amp; ISP,1,2025-03-25,https://legiscan.com/NC/bill/S649/2025
NC,2014212,,Coerced Debt Relief Act,Coerced Debt Relief Act,1,2025-03-25,https://legiscan.com/NC/bill/S650/2025
NC,2014092,,The Hustle Act,The Hustle Act,1,2025-03-25,https://legiscan.com/NC/bill/S651/2025
NC,2014350,,Voter Fraud Prevention Act,Voter Fraud Prevention Act,1,2025-03-25,https://legiscan.com/NC/bill/S652/2025
NC,2014029,,Polluter Pays,Polluter Pays,1,2025-03-25,https://legiscan.com/NC/bill/S653/2025
NC,2014160,,End Dual Licensure for Audiologists,End Dual Licensure for Audiologists,1,2025-03-25,https://legiscan.com/NC/bill/S654/2025
NC,2014267,,Extend Certain Rights to Catawba Nation,Extend Certain Rights to Catawba Nation,4,2025-07-03,https://legiscan.com/NC/bill/S655/2025
NC,2014308,,Cosmetic Art Deregulation,Cosmetic Art Deregulation,1,2025-03-25,https://legiscan.com/NC/bill/S656/2025
NC,2014101,,Keeping Our Coaches Act,Keeping Our Coaches Act,1,2025-03-25,https://legiscan.com/NC/bill/S657/2025
NC,2014065,,Funds/Greensboro Blandwood Mansion,Funds/Greensboro Blandwood Mansion,1,2025-03-25,https://legiscan.com/NC/bill/S658/2025
NC,2014329,,Investing in North Carolina Act,Investing in North Carolina Act,1,2025-03-25,https://legiscan.com/NC/bill/S659/2025
NC,2014328,,Honoring Sacrifice: NC Veterans Relief Act,Honoring Sacrifice: NC Veterans Relief Act,1,2025-03-25,https://legiscan.com/NC/bill/S660/2025
NC,2014141,,Protect Moms Who Serve,Protect Moms Who Serve,1,2025-03-25,https://legiscan.com/NC/bill/S661/2025
NC,2014120,,Modernize Domestic Violence Protection Order,Modernize Domestic Violence Protection Order,1,2025-03-25,https://legiscan.com/NC/bill/S662/2025
NC,2014094,,End Menstrual Poverty Act,End Menstrual Poverty Act,1,2025-03-25,https://legiscan.com/NC/bill/S663/2025
NC,2014280,,JMAC/ABC/Other Revisions,JMAC/ABC/Other Revisions,4,2025-07-07,https://legiscan.com/NC/bill/S664/2025
NC,2014134,,Upland Basin Permitting Reform,Upland Basin Permitting Reform,1,2025-03-25,https://legiscan.com/NC/bill/S665/2025
NC,2014102,,2025 Water Safety Act,2025 Water Safety Act,1,2025-03-25,https://legiscan.com/NC/bill/S666/2025
NC,2014032,,Government Modernization,Government Modernization,1,2025-03-25,https://legiscan.com/NC/bill/S667/2025
NC,2014166,,NC Genetic Counselors Workforce Act,NC Genetic Counselors Workforce Act,1,2025-03-25,https://legiscan.com/NC/bill/S668/2025
NC,2014400,,Physical Therapy Practice Act Mods,Physical Therapy Practice Act Mods,1,2025-03-25,https://legiscan.com/NC/bill/S669/2025
NC,2014164,,Drones/Certain Vendor Purchases Prohibited,Drones/Certain Vendor Purchases Prohibited,1,2025-03-25,https://legiscan.com/NC/bill/S670/2025
NC,2014382,,Helene Rev. Replace./Locals; Prop Tax Relief,Helene Rev. Replace./Locals; Prop Tax Relief,1,2025-03-25,https://legiscan.com/NC/bill/S671/2025
NC,2014353,,Protect North Carolinians from Medical Debt,Protect North Carolinians from Medical Debt,1,2025-03-25,https://legiscan.com/NC/bill/S672/2025
NC,2014050,,Protect Physicians Voices/Freedom of Movement,Protect Physicians Voices/Freedom of Movement,1,2025-03-25,https://legiscan.com/NC/bill/S673/2025
NC,2014030,,Lic. Mental Health Reciprocity/Recognition,Lic. Mental Health Reciprocity/Recognition,1,2025-03-25,https://legiscan.com/NC/bill/S674/2025
NC,2014310,,Second Mortgage Fee Alignment Act,Second Mortgage Fee Alignment Act,2,2025-04-14,https://legiscan.com/NC/bill/S675/2025
NC,2014359,,The North Carolina Survivors&#x27; Act,The North Carolina Survivors&#x27; Act,1,2025-03-25,https://legiscan.com/NC/bill/S676/2025
NC,2014144,,SOS (State Owned Structures) Childcare Act,SOS (State Owned Structures) Childcare Act,1,2025-03-25,https://legiscan.com/NC/bill/S677/2025
NC,2014015,,Onsite Childcare for State Employees Act,Onsite Childcare for State Employees Act,1,2025-03-25,https://legiscan.com/NC/bill/S678/2025
NC,2014122,,The Women&#x27;s Care Act,The Women&#x27;s Care Act,1,2025-03-25,https://legiscan.com/NC/bill/S679/2025
NC,2014220,,Comprehensive Capital for Childcare Expansion,Comprehensive Capital for Childcare Expansion,1,2025-03-25,https://legiscan.com/NC/bill/S680/2025
NC,2014303,,The Prison Resources Repurposing Act,The Prison Resources Repurposing Act,1,2025-03-25,https://legiscan.com/NC/bill/S681/2025
NC,2014156,,Funds for Charlotte Nature Museum,Funds for Charlotte Nature Museum,1,2025-03-25,https://legiscan.com/NC/bill/S682/2025
NC,2014135,,Keeping Kids and Parents Together Act,Keeping Kids and Parents Together Act,1,2025-03-25,https://legiscan.com/NC/bill/S683/2025
NC,2014335,,Put Money to Work in Communities Act,Put Money to Work in Communities Act,1,2025-03-25,https://legiscan.com/NC/bill/S684/2025
NC,2014093,,Authorize Maint. Bonds/Subdivision Streets,Authorize Maint. Bonds/Subdivision Streets,1,2025-03-25,https://legiscan.com/NC/bill/S685/2025
NC,2014340,,The Fair Sentencing Act,The Fair Sentencing Act,1,2025-03-25,https://legiscan.com/NC/bill/S686/2025
NC,2014354,,NC Land and Wildlife Act,NC Land and Wildlife Act,1,2025-03-25,https://legiscan.com/NC/bill/S687/2025
NC,2014078,,Local Government Land Use Reform,Local Government Land Use Reform,1,2025-03-25,https://legiscan.com/NC/bill/S688/2025
NC,2014246,,2025 Charter Schools Review Board Omnibus,2025 Charter Schools Review Board Omnibus,1,2025-03-25,https://legiscan.com/NC/bill/S689/2025
NC,2014148,,Various Real Estate and Business Law Changes,Various Real Estate and Business Law Changes,4,2025-07-02,https://legiscan.com/NC/bill/S690/2025
NC,2014289,,In-State Tuition Equity,In-State Tuition Equity,1,2025-03-25,https://legiscan.com/NC/bill/S691/2025
NC,2014295,,Reduce Parent Copays/Subsidized Child Care,Reduce Parent Copays/Subsidized Child Care,1,2025-03-25,https://legiscan.com/NC/bill/S692/2025
NC,2014124,,"Veteran Access, Liberty, Options for Recovery","Veteran Access, Liberty, Options for Recovery",2,2025-05-06,https://legiscan.com/NC/bill/S693/2025
NC,2014268,,Remove Barriers to Employment from Court Debt,Remove Barriers to Employment from Court Debt,1,2025-03-25,https://legiscan.com/NC/bill/S694/2025
NC,2014288,,Incent Development Finance District Funding,Incent Development Finance District Funding,2,2025-06-19,https://legiscan.com/NC/bill/S695/2025
NC,2014351,,Limit No-Knock Warrant/Quick-Knock Entry,Limit No-Knock Warrant/Quick-Knock Entry,1,2025-03-25,https://legiscan.com/NC/bill/S696/2025
NC,2014250,,Lake Norman Marine Commission,Lake Norman Marine Commission,2,2025-05-07,https://legiscan.com/NC/bill/S697/2025
NC,2014399,,Fair Districts Stronger Democracy Act,Fair Districts Stronger Democracy Act,1,2025-03-25,https://legiscan.com/NC/bill/S698/2025
NC,2014019,,Adult Care Home Medicaid PCS Coverage,Adult Care Home Medicaid PCS Coverage,1,2025-03-25,https://legiscan.com/NC/bill/S699/2025
NC,2014161,,Create the Office of Engineering and Codes,Create the Office of Engineering and Codes,1,2025-03-25,https://legiscan.com/NC/bill/S700/2025
NC,2014035,,Bring Back Our Heroes,Bring Back Our Heroes,1,2025-03-25,https://legiscan.com/NC/bill/S701/2025
NC,2014103,,Bail Bond Omnibus,Bail Bond Omnibus,1,2025-03-25,https://legiscan.com/NC/bill/S702/2025
NC,2014080,,Update 1987 Rates/Organs and Disfigurement,Update 1987 Rates/Organs and Disfigurement,1,2025-03-25,https://legiscan.com/NC/bill/S703/2025
NC,2014292,,The Ronnie Long No Cap Act,The Ronnie Long No Cap Act,1,2025-03-25,https://legiscan.com/NC/bill/S704/2025
NC,2014270,,Limit Rules With Substantial Financial Costs,Limit Rules With Substantial Financial Costs,1,2025-03-25,https://legiscan.com/NC/bill/S705/2025
NC,2014191,,County Waste Management Assistance,County Waste Management Assistance,4,2025-07-07,https://legiscan.com/NC/bill/S706/2025
NC,2014368,,25-Year LEO Retirement With Full Benefits,25-Year LEO Retirement With Full Benefits,1,2025-03-25,https://legiscan.com/NC/bill/S707/2025
NC,2014332,,Working Families Act,Working Families Act,1,2025-03-25,https://legiscan.com/NC/bill/S708/2025
NC,2014146,,2025 State Investment Modernization Act.-AB,2025 State Investment Modernization Act.-AB,1,2025-03-25,https://legiscan.com/NC/bill/S709/2025
NC,2014025,,DPS Agency Changes.-AB,DPS Agency Changes.-AB,4,2025-07-02,https://legiscan.com/NC/bill/S710/2025
NC,2014104,,ROD Removal/Gov. Security Breach Notice Costs,ROD Removal/Gov. Security Breach Notice Costs,1,2025-03-25,https://legiscan.com/NC/bill/S711/2025
NC,2014178,,Caring for Our Caregivers Act,Caring for Our Caregivers Act,1,2025-03-25,https://legiscan.com/NC/bill/S712/2025
NC,2014255,,Limit Local Gov&#x27;t Environmental Rqmt&#x27;s,Limit Local Gov&#x27;t Environmental Rqmt&#x27;s,1,2025-03-25,https://legiscan.com/NC/bill/S713/2025
NC,2014219,,Prohibit Corporal Punishment in Schools,Prohibit Corporal Punishment in Schools,1,2025-03-25,https://legiscan.com/NC/bill/S714/2025
NC,2014374,,Student Voter ID Grant Program/CCs,Student Voter ID Grant Program/CCs,1,2025-03-25,https://legiscan.com/NC/bill/S715/2025
NC,2014055,,Fair Competition Study Act,Fair Competition Study Act,1,2025-03-25,https://legiscan.com/NC/bill/S716/2025
NC,2014174,,Enhanced Penalty/Dom. Violence Strangulation,Enhanced Penalty/Dom. Violence Strangulation,1,2025-03-25,https://legiscan.com/NC/bill/S717/2025
NC,2014131,,Fair Procurement and Ownership Reform Act,Fair Procurement and Ownership Reform Act,1,2025-03-25,https://legiscan.com/NC/bill/S718/2025
NC,2014285,,NC Victims of Crime Assistance Act,NC Victims of Crime Assistance Act,1,2025-03-25,https://legiscan.com/NC/bill/S719/2025
NC,2014199,,North Carolina Consumer Protection Act,North Carolina Consumer Protection Act,1,2025-03-25,https://legiscan.com/NC/bill/S720/2025
NC,2014389,,Modify Public-Initiated Criminal Processes,Modify Public-Initiated Criminal Processes,1,2025-03-25,https://legiscan.com/NC/bill/S721/2025
NC,2014392,,Children&#x27;s Online Safety Act/Funds,Children&#x27;s Online Safety Act/Funds,1,2025-03-25,https://legiscan.com/NC/bill/S722/2025
NC,2014364,,DAC Exemption from State Device Content Ban,DAC Exemption from State Device Content Ban,1,2025-03-25,https://legiscan.com/NC/bill/S723/2025
NC,2014147,,Safe Parks &amp; Public Spaces Act,Safe Parks &amp; Public Spaces Act,1,2025-03-25,https://legiscan.com/NC/bill/S724/2025
NC,2014079,,NC Foster Care and Education Council,NC Foster Care and Education Council,1,2025-03-25,https://legiscan.com/NC/bill/S725/2025
NC,2014300,,Funds for Westmoreland Road Interchange,Funds for Westmoreland Road Interchange,1,2025-03-25,https://legiscan.com/NC/bill/S726/2025
NC,2014379,,Number of Medicaid Standard Plan Contracts,Number of Medicaid Standard Plan Contracts,1,2025-03-25,https://legiscan.com/NC/bill/S727/2025
NC,2014096,,Utility-Scale Battery Storage Rqmts,Utility-Scale Battery Storage Rqmts,1,2025-03-25,https://legiscan.com/NC/bill/S728/2025
NC,2014372,,Opt-In to Student Health,Opt-In to Student Health,1,2025-03-25,https://legiscan.com/NC/bill/S729/2025
NC,2014064,,Expand CEPS/Nuclear and Hydro,Expand CEPS/Nuclear and Hydro,2,2025-05-07,https://legiscan.com/NC/bill/S730/2025
NC,2014043,,County Service Districts/Research &amp; URSD,County Service Districts/Research &amp; URSD,1,2025-03-25,https://legiscan.com/NC/bill/S731/2025
NC,2014324,,NC Economic Progress and Well Being,NC Economic Progress and Well Being,1,2025-03-25,https://legiscan.com/NC/bill/S732/2025
NC,2014190,,Tamil Pongal State Holiday,Tamil Pongal State Holiday,1,2025-03-25,https://legiscan.com/NC/bill/S733/2025
NC,2014197,,Clarifying Estuarine Waters AEC Under CAMA,Clarifying Estuarine Waters AEC Under CAMA,1,2025-03-25,https://legiscan.com/NC/bill/S734/2025
NC,2014277,,AI Innovation Trust Fund,AI Innovation Trust Fund,1,2025-03-25,https://legiscan.com/NC/bill/S735/2025
NC,2014232,,Foundation Act: Building NC&#x27;s Housing Future,Foundation Act: Building NC&#x27;s Housing Future,1,2025-03-25,https://legiscan.com/NC/bill/S736/2025
NC,2014053,,Medicaid Rates/Ambulatory Surgical Centers,Medicaid Rates/Ambulatory Surgical Centers,1,2025-03-25,https://legiscan.com/NC/bill/S737/2025
NC,2014024,,Digital Content Provenance Initiative/Funds,Digital Content Provenance Initiative/Funds,1,2025-03-25,https://legiscan.com/NC/bill/S738/2025
NC,2014022,,Funds for Oyster Farming,Funds for Oyster Farming,1,2025-03-25,https://legiscan.com/NC/bill/S739/2025
NC,2014264,,Funds for Council for Children&#x27;s Rights,Funds for Council for Children&#x27;s Rights,1,2025-03-25,https://legiscan.com/NC/bill/S740/2025
NC,2014397,,Funds for Charlotte-Mecklenburg Library,Funds for Charlotte-Mecklenburg Library,1,2025-03-25,https://legiscan.com/NC/bill/S741/2025
NC,2014347,,Funds for CW Williams Comm. Health Center,Funds for CW Williams Comm. Health Center,1,2025-03-25,https://legiscan.com/NC/bill/S742/2025
NC,2014326,,Funds for Davidson Emergency Services,Funds for Davidson Emergency Services,1,2025-03-25,https://legiscan.com/NC/bill/S743/2025
NC,2014461,,Voucher School Accountability Act,Voucher School Accountability Act,1,2025-03-25,https://legiscan.com/NC/bill/S744/2025
NC,2014618,,Child Care Center Capacity Amendment Act,Child Care Center Capacity Amendment Act,1,2025-03-25,https://legiscan.com/NC/bill/S745/2025
NC,2014594,,Study Automation and the Workforce,Study Automation and the Workforce,1,2025-03-25,https://legiscan.com/NC/bill/S746/2025
NC,2014434,,AI Learning Agenda,AI Learning Agenda,1,2025-03-25,https://legiscan.com/NC/bill/S747/2025
NC,2014496,,Teach Critical Thinking in Elementary,Teach Critical Thinking in Elementary,1,2025-03-25,https://legiscan.com/NC/bill/S748/2025
NC,2014581,,Work Training/Delinquent Child Support,Work Training/Delinquent Child Support,1,2025-03-25,https://legiscan.com/NC/bill/S749/2025
NC,2014605,,Restore the American Dream,Restore the American Dream,1,2025-03-25,https://legiscan.com/NC/bill/S750/2025
NC,2014508,,Protect Children from Leaking Garbage Trucks,Protect Children from Leaking Garbage Trucks,1,2025-03-25,https://legiscan.com/NC/bill/S751/2025
NC,2014629,,Needle Free Epinephrine for Schoolchildren,Needle Free Epinephrine for Schoolchildren,1,2025-03-25,https://legiscan.com/NC/bill/S752/2025
NC,2014638,,NC Highway Patrol Retention Act,NC Highway Patrol Retention Act,1,2025-03-25,https://legiscan.com/NC/bill/S753/2025
NC,2014544,,School Calendar Flexibility:A New Alternative,School Calendar Flexibility:A New Alternative,2,2025-05-01,https://legiscan.com/NC/bill/S754/2025
NC,2014557,,Gen. Contractor Lic&#x27;g Bd. Mods,Gen. Contractor Lic&#x27;g Bd. Mods,1,2025-03-25,https://legiscan.com/NC/bill/S755/2025
NC,2014645,,Right of Entry for Professional Surveyors,Right of Entry for Professional Surveyors,1,2025-03-25,https://legiscan.com/NC/bill/S756/2025
NC,2014519,,Consumer Privacy Act,Consumer Privacy Act,1,2025-03-25,https://legiscan.com/NC/bill/S757/2025
NC,2014535,,Water &amp; Sewer Allocation Reforms,Water &amp; Sewer Allocation Reforms,1,2025-03-25,https://legiscan.com/NC/bill/S758/2025
NC,2014568,,Minors Health Protection Act,Minors Health Protection Act,1,2025-03-25,https://legiscan.com/NC/bill/S759/2025
NC,2037853,,General Assembly Appointments,General Assembly Appointments,4,2025-06-30,https://legiscan.com/NC/bill/S770/2025
NC,2038120,,Const Amend - Disaster Relief Emolument Excpt,Const Amend - Disaster Relief Emolument Excpt,1,2025-06-25,https://legiscan.com/NC/bill/S771/2025
NC,2044887,,General Assembly Appointments,General Assembly Appointments,4,2025-09-24,https://legiscan.com/NC/bill/S775/2025
NC,2047025,,General Assembly Appointments,General Assembly Appointments,4,2025-10-23,https://legiscan.com/NC/bill/S777/2025
NC,1906017,,Senate Permanent Rules,Senate Permanent Rules,4,2025-01-08,https://legiscan.com/NC/bill/S1/2025
NC,1969756,,Senate BOG Elections,Senate BOG Elections,4,2025-02-18,https://legiscan.com/NC/bill/S104/2025
NC,1980812,,Confirm Joey Hopkins/Sec. of DOT,Confirm Joey Hopkins/Sec. of DOT,4,2025-03-05,https://legiscan.com/NC/bill/S150/2025
NC,1986964,,Confirm Pam Cashwell/Sec. N &amp; CR,Confirm Pam Cashwell/Sec. N &amp; CR,4,2025-03-13,https://legiscan.com/NC/bill/S221/2025
NC,1989596,,Gabriel Esparza/Secretary of DOA,Gabriel Esparza/Secretary of DOA,4,2025-04-03,https://legiscan.com/NC/bill/S224/2025
NC,1989845,,Eddie Buffaloe/Secretary of DPS,Eddie Buffaloe/Secretary of DPS,4,2025-03-13,https://legiscan.com/NC/bill/S225/2025
NC,1996262,,Confirm Dr. Devdutta Sangvai/DHHS,Confirm Dr. Devdutta Sangvai/DHHS,4,2025-04-03,https://legiscan.com/NC/bill/S260/2025
NC,2011617,,"Confirm McKinley Wooten, Sec. of Rev","Confirm McKinley Wooten, Sec. of Rev",4,2025-04-17,https://legiscan.com/NC/bill/S372/2025
NC,2015853,,"Confirm Lee Lilley, Sec. of Commerce","Confirm Lee Lilley, Sec. of Commerce",4,2025-04-17,https://legiscan.com/NC/bill/S760/2025
NC,2026805,,Confirm CIO,Confirm CIO,4,2025-05-22,https://legiscan.com/NC/bill/S761/2025
NC,2028388,,Confirm Sec. DMVA,Confirm Sec. DMVA,4,2025-06-26,https://legiscan.com/NC/bill/S762/2025
NC,2030291,,Confirm Secretary of DEQ,Confirm Secretary of DEQ,4,2025-06-26,https://legiscan.com/NC/bill/S766/2025
NC,2030363,,Confirm Secretary of Adult Correction,Confirm Secretary of Adult Correction,4,2025-06-26,https://legiscan.com/NC/bill/S767/2025
NC,2035290,,Honoring Elizabeth Hanford Dole,Honoring Elizabeth Hanford Dole,4,2025-06-04,https://legiscan.com/NC/bill/S769/2025
NC,1906020,,Adjourn 2025 Organizational Session,Adjourn 2025 Organizational Session,4,2025-01-08,https://legiscan.com/NC/bill/S2/2025
NC,2028433,,Confirm Don van der Vaart/Util. Comm,Confirm Don van der Vaart/Util. Comm,4,2025-05-22,https://legiscan.com/NC/bill/S763/2025
NC,2028410,,Confirm Chris Ayers/Ex. Dir. Util. Comm. PS,Confirm Chris Ayers/Ex. Dir. Util. Comm. PS,4,2025-05-22,https://legiscan.com/NC/bill/S764/2025
NC,2028590,,Confirm Regina Adams/Bd of Review,Confirm Regina Adams/Bd of Review,4,2025-05-22,https://legiscan.com/NC/bill/S765/2025
NC,2030226,,Confirm Appointment to Industrial Commission,Confirm Appointment to Industrial Commission,4,2025-06-30,https://legiscan.com/NC/bill/S768/2025
NC,2038207,,Adjournment Resolution,Adjournment Resolution,4,2025-07-30,https://legiscan.com/NC/bill/S772/2025
NC,2044889,,Confirm Governor&#x27;s Appt/Investment Authority,Confirm Governor&#x27;s Appt/Investment Authority,4,2025-09-24,https://legiscan.com/NC/bill/S773/2025
NC,2044888,,"Confirm Stephanie Lynch, Investment Authority","Confirm Stephanie Lynch, Investment Authority",4,2025-09-24,https://legiscan.com/NC/bill/S774/2025
NC,2044890,,Adjournment Resolution Changes,Adjournment Resolution Changes,4,2025-09-24,https://legiscan.com/NC/bill/S776/2025
NC,2047024,,Amend Adjournment Resolution,Amend Adjournment Resolution,1,2025-10-20,https://legiscan.com/NC/bill/S778/2025
