state,bill_id,bill_number,title,description,status,status_date,url
ND,1899439,,Salaries of the governor and lieutenant governor; to provide an exemption; and to provide for a report.,"AN ACT to provide an appropriation for defraying the expenses of the office of the governor; to amend and reenact sections 54-07-04 and 54-08-03 of the North Dakota Century Code, relating to salaries of the governor and lieutenant governor; to provide an exemption; and to provide for a report.",4,2025-04-11,https://legiscan.com/ND/bill/HB1001/2025
ND,1899661,,Public printing and the salary of the secretary of state; to provide for a transfer; and to provide an exemption.,"AN ACT to provide an appropriation for defraying the expenses of the office of the secretary of state; to amend and reenact sections 46-03-11, 46-04-01, 46-04-03, 46-04-04, 46-04-10, 46-04-14, 46-04-18, 46-04-19, and 54-09-05 of the North Dakota Century Code, relating to public printing and the salary of the secretary of state; to provide for a transfer; and to provide an exemption.",4,2025-03-28,https://legiscan.com/ND/bill/HB1002/2025
ND,1899311,,"Compensation and mileage and travel expenses for witnesses, the salary of the attorney general, twenty-four seven sobriety program fees, and the tobacco settlement trust fund; to provide for a report; to provide for a transfer; and to provide an exemption.","AN ACT to provide an appropriation for defraying the expenses of the attorney general; to amend and reenact sections 31-01-16, 54-12-11, 54-12-30, and 54-27-25 of the North Dakota Century Code, relating to compensation and mileage and travel expenses for witnesses, the salary of the attorney general, twenty-four seven sobriety program fees, and the tobacco settlement trust fund; to provide for a report; to provide for a transfer; and to provide an exemption.",4,2025-05-17,https://legiscan.com/ND/bill/HB1003/2025
ND,1899125,,The salary of the state auditor.,"AN ACT to provide an appropriation for defraying the expenses of the state auditor; and to amend and reenact section 54-10-10 of the North Dakota Century Code, relating to the salary of the state auditor.",4,2025-04-23,https://legiscan.com/ND/bill/HB1004/2025
ND,1899546,,The salary of the state treasurer; and to declare an emergency.,"AN ACT to provide an appropriation for defraying the expenses of the state treasurer; to amend and reenact section 54-11-13 of the North Dakota Century Code, relating to the salary of the state treasurer; and to declare an emergency.",4,2025-05-17,https://legiscan.com/ND/bill/HB1005/2025
ND,1899047,,The salary of the state tax commissioner; to provide an exemption; and to provide for a transfer.,"AN ACT to provide an appropriation for defraying the expenses of the office of the tax commissioner and for payment of state reimbursement under the homestead tax credit, disabled veterans' tax credit, and primary residence credit; to amend and reenact section 57-01-04 of the North Dakota Century Code, relating to the salary of the state tax commissioner; to provide an exemption; and to provide for a transfer.",4,2025-05-17,https://legiscan.com/ND/bill/HB1006/2025
ND,1899633,,AN ACT to provide an appropriation for defraying the expenses of the department of labor and human rights.,AN ACT to provide an appropriation for defraying the expenses of the department of labor and human rights.,4,2025-03-28,https://legiscan.com/ND/bill/HB1007/2025
ND,1899327,,The salaries of the public service commissioners and deposits of special fuels excise taxes; and to provide loan authorization.,"AN ACT to provide an appropriation for defraying the expenses of the public service commission; to amend and reenact sections 49-01-05 and 57-43.2-19 of the North Dakota Century Code, relating to the salaries of the public service commissioners and deposits of special fuels excise taxes; and to provide loan authorization.",4,2025-04-23,https://legiscan.com/ND/bill/HB1008/2025
ND,1899257,,The salary of the agriculture commissioner; to provide for a transfer; to provide for a report; to provide an exemption; and to declare an emergency.,"AN ACT to provide an appropriation for defraying the expenses of the agriculture commissioner; to amend and reenact section 4.1-01-02 of the North Dakota Century Code, relating to the salary of the agriculture commissioner; to provide for a transfer; to provide for a report; to provide an exemption; and to declare an emergency.",4,2025-05-02,https://legiscan.com/ND/bill/HB1009/2025
ND,1899121,,Fees charged by the securities division and the salary of the insurance commissioner; and to provide for a legislative management report.,"AN ACT to provide an appropriation for defraying the expenses of the insurance commissioner; to create and enact a new section to chapter 26.1-23.1 of the North Dakota Century Code, relating to a government self-insurance pool report; to amend and reenact subsection 8 of section 10-04-10 and section 26.1-01-09 of the North Dakota Century Code, relating to fees charged by the securities division and the salary of the insurance commissioner; and to provide for a legislative management report.",4,2025-05-02,https://legiscan.com/ND/bill/HB1010/2025
ND,1899451,,Fees charged by the securities department.,"A BILL for an Act to provide an appropriation for defraying the expenses of the securities department; and to amend and reenact subsection 8 of section 10-04-10 of the North Dakota Century Code, relating to fees charged by the securities department.",2,2025-02-07,https://legiscan.com/ND/bill/HB1011/2025
ND,1899501,,"Leases of department of health and human services property, substance use disorder treatment program, basic care payment rates, state of residence for child care assistance, opioid settlement advisory committee, and children's cabinet; to provide for a transfer; to authorize a line of credit; to provide legislative intent; to provide for a legislative management study; to provide an application; to provide an exemption; to provide for a report; and to provide an effective date.","AN ACT to provide an appropriation for defraying the expenses of various divisions of the department of health and human services; to create and enact a new section to chapter 6-09 of the North Dakota Century Code, relating to an extraordinary medical needs housing loan fund; to amend and reenact sections 50-06-06.6, 50-06-42, 50-24.5-02.3, and 50-33-05, and subsection 1 of 50-36-03 of the North Dakota Century Code and subsection 6 of the new section to chapter 54-07 of the North Dakota Century Code created in section 1 of Senate Bill No. 2176, as approved by the sixty-ninth legislative assembly, relating to leases of department of health and human services property, substance use disorder treatment program, basic care payment rates, state of residence for child care assistance, opioid settlement advisory committee, and children's cabinet; to provide for a transfer; to authorize a line of credit; to provide legislative intent; to provide for a legislative management study; to provide an application; to provide an exemption; to provide for a report; and to provide an effective date.",4,2025-05-17,https://legiscan.com/ND/bill/HB1012/2025
ND,1899653,,The salary of the superintendent of public instruction and administrative cost-sharing; to provide for a transfer; to provide a report; to provide an exemption; and to provide an effective date.,"AN ACT to provide an appropriation for defraying the expenses of the department of public instruction, the center for distance education, the state library, the school for the deaf, and North Dakota vision services - school for the blind; to create and enact a new section to chapter 15.1-07 of the North Dakota Century Code, relating to the collection of free or reduced-price meal eligibility information; to amend and reenact sections 15.1-02-02 and 15.1-27-16 of the North Dakota Century Code, relating to the salary of the superintendent of public instruction and administrative cost-sharing; to provide for a transfer; to provide a report; to provide an exemption; and to provide an effective date.",4,2025-05-17,https://legiscan.com/ND/bill/HB1013/2025
ND,1899356,,AN ACT to provide an appropriation for defraying the expenses of the protection and advocacy project.,AN ACT to provide an appropriation for defraying the expenses of the protection and advocacy project.,4,2025-03-28,https://legiscan.com/ND/bill/HB1014/2025
ND,1898989,,County achievement days; to provide for a transfer; to authorize a line of credit; to provide an exemption; to provide for a report; and to declare an emergency.,"AN ACT to provide an appropriation for defraying the expenses of the various divisions under the supervision of the director of the office of management and budget; to create and enact a new section to chapter 54-44 of the North Dakota Century Code, relating to a state facility maintenance fund; to amend and reenact subsection 1 of section 10-30.5-02 of the North Dakota Century Code and section 9 of House Bill No. 1012, as approved by the sixty-ninth Legislative Assembly, relating to the North Dakota development fund and infant and toddler care provider support payments; to repeal section 11-38-08 of the North Dakota Century Code, relating to county achievement days; to provide for a transfer; to authorize a line of credit; to provide an exemption; to provide for a report; and to declare an emergency.",4,2025-05-17,https://legiscan.com/ND/bill/HB1015/2025
ND,1899587,,AN ACT to provide an appropriation for defraying the expenses of the office of the adjutant general; to provide a statement of legislative intent; to provide an exemption; and to declare an emergency.,AN ACT to provide an appropriation for defraying the expenses of the office of the adjutant general; to provide a statement of legislative intent; to provide an exemption; and to declare an emergency.,4,2025-04-24,https://legiscan.com/ND/bill/HB1016/2025
ND,1899323,,AN ACT to provide an appropriation for defraying the expenses of the game and fish department; and to provide an exemption.,AN ACT to provide an appropriation for defraying the expenses of the game and fish department; and to provide an exemption.,4,2025-04-23,https://legiscan.com/ND/bill/HB1017/2025
ND,1899072,,Jurisdiction of the heritage center; to authorize a Bank of North Dakota line of credit; and to declare an emergency.,"AN ACT to provide an appropriation for defraying the expenses of the state historical society; to amend and reenact section 55-01-02.1 of the North Dakota Century Code, relating to jurisdiction of the heritage center; to authorize a Bank of North Dakota line of credit; and to declare an emergency.",4,2025-05-17,https://legiscan.com/ND/bill/HB1018/2025
ND,1899567,,The creation and naming of state parks; to provide for a transfer; to provide for a report; and to provide an exemption.,"AN ACT to provide an appropriation for defraying the expenses of the parks and recreation department; to create and enact a new section to chapter 55-08 of the North Dakota Century Code, relating to the creation and naming of state parks; to provide for a transfer; to provide for a report; and to provide an exemption.",4,2025-05-17,https://legiscan.com/ND/bill/HB1019/2025
ND,1899064,,"State agency employment of attorneys, the powers and duties of the water topics overview committee, and a Bank of North Dakota line of credit; to provide legislative intent; to provide for a report; to provide for a study; to provide a continuing appropriation; to provide for a transfer; to provide an exemption; and to declare an emergency.","AN ACT to provide an appropriation for defraying the expenses of the department of water resources; to create and enact a new section to chapter 61-24.6 of the North Dakota Century Code, relating to the northwest area water supply biota water treatment plant operating fund; to amend and reenact subsection 1 of section 54-12-08 and sections 54-35-02.7 and 61-02-79 of the North Dakota Century Code, relating to state agency employment of attorneys, the powers and duties of the water topics overview committee, and a Bank of North Dakota line of credit; to provide legislative intent; to provide for a report; to provide for a study; to provide a continuing appropriation; to provide for a transfer; to provide an exemption; and to declare an emergency.",4,2025-05-17,https://legiscan.com/ND/bill/HB1020/2025
ND,1899245,,AN ACT to provide an appropriation for defraying the expenses of workforce safety and insurance.,AN ACT to provide an appropriation for defraying the expenses of workforce safety and insurance.,4,2025-04-04,https://legiscan.com/ND/bill/HB1021/2025
ND,1899319,,AN ACT to provide an appropriation for defraying the expenses of the retirement and investment office.,AN ACT to provide an appropriation for defraying the expenses of the retirement and investment office.,4,2025-05-02,https://legiscan.com/ND/bill/HB1022/2025
ND,1899142,,AN ACT to provide an appropriation for defraying the expenses of the public employees retirement system.,AN ACT to provide an appropriation for defraying the expenses of the public employees retirement system.,4,2025-04-04,https://legiscan.com/ND/bill/HB1023/2025
ND,1899360,,AN ACT to provide an appropriation for defraying the expenses of various state departments and institutions; to provide a statement of legislative intent; and to declare an emergency.,AN ACT to provide an appropriation for defraying the expenses of various state departments and institutions; to provide a statement of legislative intent; and to declare an emergency.,4,2025-04-11,https://legiscan.com/ND/bill/HB1024/2025
ND,1899299,,AN ACT to provide for a legislative management study relating to advanced nuclear energy; and to provide an appropriation.,AN ACT to provide for a legislative management study relating to advanced nuclear energy; and to provide an appropriation.,4,2025-04-18,https://legiscan.com/ND/bill/HB1025/2025
ND,1899080,,The administration of the state bonding fund; and to provide a continuing appropriation.,"AN ACT to amend and reenact sections 23-24-07, 26.1-01-03, 26.1-21-01, 26.1-21-02, 26.1-21-04, 26.1-21-07, 26.1-21-09.1, 26.1-21-10, 26.1-21-11, 26.1-21-12, 26.1-21-14, 26.1-21-16, 26.1-21-18, 26.1-21-19, 26.1-21-21, 26.1-21-23, 61-06-08, and 61-16.1-05 of the North Dakota Century Code, relating to changing the administration of the state bonding fund from the insurance commissioner to the office of management and budget; to repeal sections 26.1-21-03, 26.1-21-08, 26.1-21-09, 26.1-21-13, 26.1-21-15, 26.1-21-17, 26.1-21-20, 26.1-21-22, and 26.1-21-24 of the North Dakota Century Code, relating to the administration of the state bonding fund; and to provide a continuing appropriation.",4,2025-04-18,https://legiscan.com/ND/bill/HB1026/2025
ND,1899055,,The administration of the state fire and tornado fund; to provide for a legislative management study; and to provide a continuing appropriation.,"AN ACT to amend and reenact sections 26.1-01-03, 26.1-22-01, 26.1-22-02, 26.1-22-02.1, 26.1-22-03.1, 26.1-22-09, 26.1-22-10, 26.1-22-11, 26.1-22-14, 26.1-22-16, 26.1-22-17, 26.1-22-21, and 26.1-22-22, subdivisions a and c of subsection 1 of section 26.1-23.1-01, and section 37-03-13 of the North Dakota Century Code, relating to changing the administration of the state fire and tornado fund from the insurance commissioner to the office of management and budget; to repeal sections 26.1-22-03, 26.1-22-05, 26.1-22-06, 26.1-22-06.1, 26.1-22-08, 26.1-22-10.1, 26.1-22-13, 26.1-22-15, 26.1-22-18, 26.1-22-19, and 26.1-22-21.1 of the North Dakota Century Code, relating to the administration of the state fire and tornado fund; to provide for a legislative management study; and to provide a continuing appropriation.",4,2025-04-23,https://legiscan.com/ND/bill/HB1027/2025
ND,1899579,,"The selection process for construction management at-risk planning and design phase services and the procurement of architect, engineer, construction management, and land surveying services.","A BILL for an Act to amend and reenact subsection 1 of section 48-01.2-20, subdivision f of subsection 5 of section 48-01.2-20, subsection 6 of section 48-01.2-20, section 48-01.2-22, and subsection 5 of section 54-44.7-03 of the North Dakota Century Code, relating to the selection process for construction management at-risk planning and design phase services and the procurement of architect, engineer, construction management, and land surveying services.",1,2025-01-07,https://legiscan.com/ND/bill/HB1028/2025
ND,1899109,,The power and duties of the capitol grounds planning commission.,"AN ACT to amend and reenact section 48-10-03 of the North Dakota Century Code, relating to the power and duties of the capitol grounds planning commission.",4,2025-05-02,https://legiscan.com/ND/bill/HB1029/2025
ND,1899191,,"AN ACT to amend and reenact subdivision i of subsection 1 of section 12.1-32-02, sections 15.1-19-13 and 19-03.1-23, subsection 6 of section 19-03.4-03, subsection 17 of section 27-20.2-01, subsection 26 of section 27-20.4-01, subdivision c of subsection 4 of section 27-20.4-17, subsection 4 of section 27-20.4-26, subsection 5 of section 29-26-22, section 39-06-36.1, subsection 9 of section 39-06.1-11, subdivision f of subsection 5 of section 39-08-01, and sections 39-08-01.5 and 54-12-27.1 of the North Dakota Century Code relating to changing drug court to treatment court.","AN ACT to amend and reenact subdivision i of subsection 1 of section 12.1-32-02, sections 15.1-19-13 and 19-03.1-23, subsection 6 of section 19-03.4-03, subsection 17 of section 27-20.2-01, subsection 26 of section 27-20.4-01, subdivision c of subsection 4 of section 27-20.4-17, subsection 4 of section 27-20.4-26, subsection 5 of section 29-26-22, section 39-06-36.1, subsection 9 of section 39-06.1-11, subdivision f of subsection 5 of section 39-08-01, and sections 39-08-01.5 and 54-12-27.1 of the North Dakota Century Code relating to changing drug court to treatment court.",4,2025-03-18,https://legiscan.com/ND/bill/HB1030/2025
ND,1898936,,"Technical corrections and improper, inaccurate, redundant, missing, or obsolete references; and to provide an effective date.","AN ACT to amend and reenact section 1-01-49, subdivision g of subsection 1 of section 12.1-32-15, subdivision b of subsection 1 of section 14-07.6-01, section 18-01-36, subdivision j of subsection 4 of section 27-20.3-16, subsection 19 of section 45-13-01, subsection 7 of section 49-02-02, section 52-02-18, subsection 5 of section 54-10-28, section 54-52.6-02.2, subsection 3 of section 57-02-08.8, subsection 2 of section 57-38-30.3, and subsection 1 of section 57-40.5-03 of the North Dakota Century Code, relating to technical corrections and improper, inaccurate, redundant, missing, or obsolete references; to repeal sections 1-01-18, 1-01-20, 1-01-21, 1-01-27, 1-01-29, 1-01-30, 1-01-36, 1-01-40, 1-01-41, 1-01-42, 1-01-45, 1-01-46, 1-01-47, and 1-01-51 of the North Dakota Century Code, relating to technical corrections and improper, inaccurate, redundant, missing, or obsolete references; and to provide an effective date.",4,2025-03-18,https://legiscan.com/ND/bill/HB1031/2025
ND,1899043,,Ordinance violations and municipal judges.,"AN ACT to create and enact a new subsection to section 27-05-06 and chapter 40-18.1 of the North Dakota Century Code, relating to jurisdiction of district courts and municipal court requirements, jurisdiction, procedures, and processes; to amend and reenact subsection 1 of section 29-07-01.1 of the North Dakota Century Code, relating to indigent defense; and to repeal sections 40-11-10, 40-11-11, 40-11-12, and 40-11-13 and chapter 40-18 of the North Dakota Century Code, relating to ordinance violations and municipal judges.",4,2025-04-24,https://legiscan.com/ND/bill/HB1032/2025
ND,1899583,,Concurrent federal jurisdiction on military installations.,"AN ACT to create and enact section 54-01-09.4 of the North Dakota Century Code, relating to concurrent federal jurisdiction on military installations.",4,2025-03-18,https://legiscan.com/ND/bill/HB1033/2025
ND,1899488,,The re-establishment of parental rights and responsibilities.,"AN ACT to create and enact a new chapter to title 27 of the North Dakota Century Code, relating to the re-establishment of parental rights and responsibilities.",4,2025-03-18,https://legiscan.com/ND/bill/HB1034/2025
ND,1899600,,Adoption of the social work licensure compact.,"AN ACT to create and enact chapter 43-41.1 of the North Dakota Century Code, relating to adoption of the social work licensure compact.",4,2025-03-18,https://legiscan.com/ND/bill/HB1035/2025
ND,1899278,,The creation of the division of apprenticeship within the department of labor and human rights; to provide an appropriation; and to provide a report.,"A BILL for an Act to create and enact a new section to chapter 34-05 of the North Dakota Century Code, relating to the creation of the division of apprenticeship within the department of labor and human rights; to provide an appropriation; and to provide a report.",1,2025-01-07,https://legiscan.com/ND/bill/HB1036/2025
ND,1899373,,"A BILL for an Act to provide an appropriation to the agriculture commissioner, the attorney general, the department of career and technical education, the department of health and human services, and the department of transportation to increase the use of uncrewed aircraft systems, autonomous vehicles, or other autonomous technologies in the state; to provide for a legislative management study; and to provide for a legislative management report.","A BILL for an Act to provide an appropriation to the agriculture commissioner, the attorney general, the department of career and technical education, the department of health and human services, and the department of transportation to increase the use of uncrewed aircraft systems, autonomous vehicles, or other autonomous technologies in the state; to provide for a legislative management study; and to provide for a legislative management report.",1,2025-01-07,https://legiscan.com/ND/bill/HB1037/2025
ND,1899418,,AN ACT to provide an appropriation to the department of commerce for a state radar data pathfinder program; to provide for a report; and to declare an emergency.,AN ACT to provide an appropriation to the department of commerce for a state radar data pathfinder program; to provide for a report; and to declare an emergency.,4,2025-03-07,https://legiscan.com/ND/bill/HB1038/2025
ND,1899018,,The definition of licensee eligible for participation in the physician health program.,"AN ACT to amend and reenact subsection 4 of section 43-17.3-01 of the North Dakota Century Code, relating to the definition of licensee eligible for participation in the physician health program.",4,2025-03-18,https://legiscan.com/ND/bill/HB1039/2025
ND,1899200,,Eligibility for the drought disaster livestock water assistance program.,"AN ACT to amend and reenact section 61-34-04 of North Dakota Century Code, relating to eligibility for the drought disaster livestock water assistance program.",4,2025-03-18,https://legiscan.com/ND/bill/HB1040/2025
ND,1899641,,"Removal of a noncomplying dike, dam, or other device.","AN ACT to amend and reenact section 61-16.1-53 of the North Dakota Century Code, relating to removal of a noncomplying dike, dam, or other device.",4,2025-03-18,https://legiscan.com/ND/bill/HB1041/2025
ND,1899027,,Extending time for the application of water to a beneficial use.,"AN ACT to amend and reenact section 61-04-14 of the North Dakota Century Code, relating to extending time for the application of water to a beneficial use.",4,2025-03-18,https://legiscan.com/ND/bill/HB1042/2025
ND,1898940,,The vice chairman of the state water commission.,"AN ACT to amend and reenact section 61-02-08 of the North Dakota Century Code, relating to the vice chairman of the state water commission.",4,2025-03-18,https://legiscan.com/ND/bill/HB1043/2025
ND,1899262,,"Deoxyribonucleic acid testing, sampling, and procedure; and to declare an emergency.","AN ACT to amend and reenact section 31-13-04 of the North Dakota Century Code, relating to deoxyribonucleic acid testing, sampling, and procedure; and to declare an emergency.",4,2025-03-18,https://legiscan.com/ND/bill/HB1044/2025
ND,1898924,,Application fees for a non-live remote or online classroom instruction course for apprentice security officers and renewal and late fees for all nonlicensed officers and owners of at least a ten percent interest in a private security or detective agency.,"AN ACT to create and enact two new subsections to section 43-30-16 of the North Dakota Century Code, relating to application fees for a non-live remote or online classroom instruction course for apprentice security officers and renewal and late fees for all nonlicensed officers and owners of at least a ten percent interest in a private security or detective agency.",4,2025-03-18,https://legiscan.com/ND/bill/HB1045/2025
ND,1899158,,Ethics commission advisory opinions.,"A BILL for an Act to amend and reenact section 54-66-04.2 of the North Dakota Century Code, relating to ethics commission advisory opinions.",1,2025-01-07,https://legiscan.com/ND/bill/HB1046/2025
ND,1899480,,Juror counseling.,"AN ACT to create and enact a new section to chapter 29-22 of the North Dakota Century Code, relating to juror counseling.",4,2025-03-18,https://legiscan.com/ND/bill/HB1047/2025
ND,1899002,,Mediation agreements.,"AN ACT to amend and reenact section 14-09.1-07 of the North Dakota Century Code, relating to mediation agreements.",4,2025-03-18,https://legiscan.com/ND/bill/HB1048/2025
ND,1899472,,"Licensure requirements of a speech-language pathology licensed assistant, temporary licensure, and investigation of an alleged violation.","AN ACT to amend and reenact subsection 2 of section 43-37-02 and sections 43-37-04 and 43-37-13 of the North Dakota Century Code, relating to licensure requirements of a speech-language pathology licensed assistant, temporary licensure, and investigation of an alleged violation.",4,2025-04-29,https://legiscan.com/ND/bill/HB1049/2025
ND,1899455,,Cooperative agreements between the director and law enforcement agencies regarding license plate readers.,"A BILL for an Act to amend and reenact section 24-02-45 of the North Dakota Century Code, relating to cooperative agreements between the director and law enforcement agencies regarding license plate readers.",1,2025-01-07,https://legiscan.com/ND/bill/HB1050/2025
ND,1899554,,The special road fund.,"AN ACT to amend and reenact subsection 3 of section 24-02-37 of the North Dakota Century Code, relating to the special road fund.",4,2025-03-18,https://legiscan.com/ND/bill/HB1051/2025
ND,1899492,,Regulation of tourist-oriented directional signs.,"A BILL for an Act to amend and reenact section 39-13-09 of the North Dakota Century Code, relating to regulation of tourist-oriented directional signs.",1,2025-01-07,https://legiscan.com/ND/bill/HB1052/2025
ND,1899352,,The length of the state highway system.,"AN ACT to amend and reenact section 24-01-01.2 of the North Dakota Century Code, relating to the length of the state highway system.",4,2025-04-24,https://legiscan.com/ND/bill/HB1053/2025
ND,1899348,,Sponsorship agreements for highway related services within highway right of way.,"A BILL for an Act to create and enact section 24-01-12.4 of the North Dakota Century Code, relating to sponsorship agreements for highway related services within highway right of way.",1,2025-01-07,https://legiscan.com/ND/bill/HB1054/2025
ND,1899224,,The regulation of hydraulic brake fluid.,"AN ACT to repeal section 39-21-35 of the North Dakota Century Code, relating to the regulation of hydraulic brake fluid.",4,2025-03-18,https://legiscan.com/ND/bill/HB1055/2025
ND,1899154,,The Oahe bridge development.,"AN ACT to amend and reenact section 24-02-02.1 of the North Dakota Century Code, relating to the Oahe bridge development.",4,2025-03-18,https://legiscan.com/ND/bill/HB1056/2025
ND,1899398,,The powers of the board of university and school lands.,"A BILL for an Act to amend and reenact section 15-01-02 of the North Dakota Century Code, relating to the powers of the board of university and school lands.",1,2025-01-07,https://legiscan.com/ND/bill/HB1057/2025
ND,1899468,,The department of environmental quality and tank registration fees; and to provide a penalty.,"AN ACT to create and enact a new chapter to title 23.1 of the North Dakota Century Code, relating to the regulation of aboveground storage tanks; to amend and reenact section 23.1-12-02 and subsection 7 of section 23.1-12-17 of the North Dakota Century Code, relating to the department of environmental quality and tank registration fees; and to provide a penalty.",4,2025-04-18,https://legiscan.com/ND/bill/HB1058/2025
ND,1899097,,Sentencing alternatives.,"A BILL for an Act to amend and reenact subsection 9 of section 12.1-32-02 of the North Dakota Century Code, relating to sentencing alternatives.",2,2025-01-13,https://legiscan.com/ND/bill/HB1059/2025
ND,1899113,,The presumption of compensability for correctional officers.,"A BILL for an Act to amend and reenact sections 65-01-15, 65-01-15.1, and 65-01-15.2 of the North Dakota Century Code, relating to the presumption of compensability for correctional officers.",1,2025-01-07,https://legiscan.com/ND/bill/HB1060/2025
ND,1899068,,Fair treatment of victims.,"AN ACT to amend and reenact subsections 17 and 18 of section 12.1-34-02 of the North Dakota Century Code, relating to fair treatment of victims.",4,2025-03-24,https://legiscan.com/ND/bill/HB1061/2025
ND,1899266,,"Regulation of common carriers relating to permissible discrimination, long and short hauls, and freight pooling.","AN ACT to amend and reenact section 49-04-07 of the North Dakota Century Code, relating to unreasonable preferences or advantages from public utilities; and to repeal sections 49-04-08, 49-04-09, and 49-04-10 of the North Dakota Century Code, relating to regulation of common carriers relating to permissible discrimination, long and short hauls, and freight pooling.",4,2025-03-18,https://legiscan.com/ND/bill/HB1062/2025
ND,1899484,,Public service commission requirements for open meetings; and to declare an emergency.,"AN ACT to create and enact a new section to chapter 49-02 of the North Dakota Century Code, relating to public service commission requirements for open meetings; and to declare an emergency.",4,2025-04-18,https://legiscan.com/ND/bill/HB1063/2025
ND,1899315,,The authorization of a postsecondary educational institution not operating in this state.,"AN ACT to create and enact a new section to chapter 15-18.1 of the North Dakota Century Code, relating to the national council for state authorization reciprocity agreements membership; to amend and reenact sections 15-18.1-01, 15-18.1-02, 15-18.1-05, 15-18.1-06, and 15-18.1-10, and subsection 4 of section 15-18.1-13 of the North Dakota Century Code, relating to postsecondary education institution standards; and to repeal section 15-18.1-03 of the North Dakota Century Code, relating to the authorization of a postsecondary educational institution not operating in this state.",4,2025-04-11,https://legiscan.com/ND/bill/HB1064/2025
ND,1899286,,The county and township infrastructure fund.,"AN ACT to amend and reenact subsection 3 of section 57-51.1-07.8 of the North Dakota Century Code, relating to the county and township infrastructure fund.",4,2025-03-18,https://legiscan.com/ND/bill/HB1065/2025
ND,1899233,,The compensation rate paid by the department of health and human services under the senior community service employment program.,"AN ACT to create and enact a new section to chapter 50-06.1 of the North Dakota Century Code, relating to the compensation rate paid by the department of health and human services under the senior community service employment program.",4,2025-04-04,https://legiscan.com/ND/bill/HB1066/2025
ND,1899105,,Medical assistance benefits and Medicaid waivers; and to provide an effective date.,"AN ACT to amend and reenact sections 50-24.1-02.6 and 50-24.1-26 of the North Dakota Century Code, relating to medical assistance benefits and Medicaid waivers; and to provide an effective date.",4,2025-03-21,https://legiscan.com/ND/bill/HB1067/2025
ND,1899163,,"Autopsy reports, working papers, funeral practice exceptions, and photographs.","AN ACT to amend and reenact sections 23-01-05.5, 43-10-10.1, and 44-04-18.18 of the North Dakota Century Code, relating to autopsy reports, working papers, funeral practice exceptions, and photographs.",4,2025-03-18,https://legiscan.com/ND/bill/HB1068/2025
ND,1899171,,Diabetes goals and plans.,"AN ACT to repeal section 23-01-40 of the North Dakota Century Code, relating to diabetes goals and plans.",4,2025-03-18,https://legiscan.com/ND/bill/HB1069/2025
ND,1899175,,The children's health insurance program.,"AN ACT to amend and reenact section 50-29-04 of the North Dakota Century Code, relating to the children's health insurance program.",4,2025-03-18,https://legiscan.com/ND/bill/HB1070/2025
ND,1899447,,"Tattooing, body piercing, branding, subdermal implants, and scarification; and to provide a penalty.","AN ACT to amend and reenact section 23-01-35 of the North Dakota Century Code, relating to tattooing, body piercing, branding, subdermal implants, and scarification; and to provide a penalty.",4,2025-03-24,https://legiscan.com/ND/bill/HB1071/2025
ND,1899649,,Foster care homes for children and adults.,"AN ACT to amend and reenact sections 50-11-03.2 and 50-11-07 of the North Dakota Century Code, relating to foster care homes for children and adults.",4,2025-03-18,https://legiscan.com/ND/bill/HB1072/2025
ND,1899216,,"Disaster or emergency response and recovery costs, authority to spend funds from the state disaster relief fund, and uses of the state disaster relief fund.","AN ACT to amend and reenact sections 37-17.1-22, 37-17.1-23, and 37-17.1-27 of the North Dakota Century Code, relating to disaster or emergency response and recovery costs, authority to spend funds from the state disaster relief fund, and uses of the state disaster relief fund.",4,2025-04-11,https://legiscan.com/ND/bill/HB1073/2025
ND,1899031,,The operation and regulation of the North Dakota national guard.,"AN ACT to amend and reenact sections 37-01-03 and 37-01-43 of the North Dakota Century Code, relating to the operation and regulation of the North Dakota national guard.",4,2025-03-18,https://legiscan.com/ND/bill/HB1074/2025
ND,1899237,,Criminal history record checks by the department of emergency services.,"AN ACT to create and enact a new subdivision to subsection 2 of section 12-60-24 and a new section to chapter 37-17.1 of the North Dakota Century Code, relating to criminal history record checks by the department of emergency services.",4,2025-03-18,https://legiscan.com/ND/bill/HB1075/2025
ND,1899241,,The payment of a death benefit to the beneficiary or next of kin of a member of the national guard who died while serving on state active duty; and to declare an emergency.,"AN ACT to amend and reenact section 37-01-48 of the North Dakota Century Code, relating to the payment of a death benefit to the beneficiary or next of kin of a member of the national guard who died while serving on state active duty; and to declare an emergency.",4,2025-03-18,https://legiscan.com/ND/bill/HB1076/2025
ND,1899558,,The definition of national guard security officer and firefighter.,"AN ACT to amend and reenact subsection 11 of section 54-52-01 of the North Dakota Century Code, relating to the definition of national guard security officer and firefighter.",4,2025-03-18,https://legiscan.com/ND/bill/HB1077/2025
ND,1899117,,The reimbursement of certain medical expenses for North Dakota national guard members; and to declare an emergency.,"AN ACT to amend and reenact section 37-01-44 of the North Dakota Century Code, relating to the reimbursement of certain medical expenses for North Dakota national guard members; and to declare an emergency.",4,2025-03-28,https://legiscan.com/ND/bill/HB1078/2025
ND,1899295,,The renaming of divisions within the department of emergency services.,"AN ACT to amend and reenact subdivision c of subsection 3 of section 12.1-31.2-02, subsection 1 of section 20.1-06-07, sections 37-17.1-02.1 and 37-17.1-06, subsections 1 and 4 of section 37-17.1-07, subsections 1, 2, and 5 of section 37-17.1-07.1, subsections 2 and 3 of section 37-17.1-11, sections 37-17.1-14, 37-17.1-14.1, 37-17.1-15, and 37-17.1-22, subsection 3 of section 37-17.1-28, section 37-17.3-01, subsection 1 of section 37-17.3-02.2, section 37-17.3-08, subdivision c of subsection 2 of section 39-01-01, sections 39-03-13.2 and 54-12-22, subsection 2 of section 54-12-32, subsection 1 of section 57-40.6-12, subsection 3 of section 61-16.2-03, and section 65-06-01 of the North Dakota Century Code, relating to the renaming of divisions within the department of emergency services.",4,2025-03-18,https://legiscan.com/ND/bill/HB1079/2025
ND,1899550,,The regulation of appraisal management companies.,"AN ACT to amend and reenact sections 43-23.5-01, 43-23.5-07, 43-23.5-08, and 43-23.5-15 and subsection 6 of section 43-23.5-21 of the North Dakota Century Code, relating to the regulation of appraisal management companies.",4,2025-03-26,https://legiscan.com/ND/bill/HB1080/2025
ND,1899249,,Fixed asset minimum reporting value and documentation of asset acquisitions; and to declare an emergency.,"AN ACT to repeal sections 54-27-21 and 54-27-21.1 of the North Dakota Century Code, relating to fixed asset minimum reporting value and documentation of asset acquisitions; and to declare an emergency.",4,2025-03-18,https://legiscan.com/ND/bill/HB1081/2025
ND,1899431,,The definition of farmed elk.,"AN ACT to amend and reenact section 36-25-01 of North Dakota Century Code, relating to the definition of farmed elk.",4,2025-03-18,https://legiscan.com/ND/bill/HB1082/2025
ND,1899624,,The definition of pasteurized milk ordinance and the federal pasteurized milk ordinance revision.,"AN ACT to amend and reenact subsection 20 of section 4.1-25-01 and sections 4.1-25-30, 4.1-25-31, 4.1-25-32, and 4.1-25-33 of the North Dakota Century Code, relating to the definition of pasteurized milk ordinance and the federal pasteurized milk ordinance revision.",4,2025-03-18,https://legiscan.com/ND/bill/HB1083/2025
ND,1899134,,"Licensing requirements for buyers, sellers, and producers of eggs and poultry.","AN ACT to amend and reenact sections 4.1-19-03 and 4.1-19-05 of the North Dakota Century Code, relating to the management of eggs and poultry in the state; and to repeal section 4.1-19-04 of the North Dakota Century Code, relating to licensing requirements for buyers, sellers, and producers of eggs and poultry.",4,2025-03-18,https://legiscan.com/ND/bill/HB1084/2025
ND,1899402,,Federal meat inspection regulations.,"AN ACT to amend and reenact section 4.1-31-01.1 of the North Dakota Century Code, relating to federal meat inspection regulations.",4,2025-03-18,https://legiscan.com/ND/bill/HB1085/2025
ND,1898944,,The fire prevention and public safety fund; and to provide a transfer.,"AN ACT to amend and reenact sections 18-13-03 and 26.1-01-07.1 of the North Dakota Century Code, relating to the use of the reduced cigarette ignition propensity and the insurance regulatory trust fund; to repeal section 18-13-08 of the North Dakota Century Code, relating to the fire prevention and public safety fund; and to provide a transfer.",4,2025-04-01,https://legiscan.com/ND/bill/HB1086/2025
ND,1899307,,Licensing for administrators of life and health insurance and pharmacy benefit managers.,"AN ACT to amend and reenact sections 26.1-27-03 and 26.1-27.1-02 of the North Dakota Century Code, relating to licensing for administrators of life and health insurance and pharmacy benefit managers.",4,2025-03-18,https://legiscan.com/ND/bill/HB1087/2025
ND,1899183,,Penalties for violation of the insurance title; and to provide a penalty.,"AN ACT to amend and reenact section 26.1-01-03.3 of the North Dakota Century Code, relating to penalties for violation of the insurance title; and to provide a penalty.",4,2025-04-11,https://legiscan.com/ND/bill/HB1088/2025
ND,1900029,,Regulations or plans adopted by international organizations.,"A BILL for an Act to create and enact a new section to chapter 1-08 of the North Dakota Century Code, relating to regulations or plans adopted by international organizations.",1,2025-01-07,https://legiscan.com/ND/bill/HB1089/2025
ND,1900076,,Designating the bridge on state highway 18 as the Specialist 4 Richard W. Orsund Vietnam bridge; to provide a continuing appropriation; and to declare an emergency.,"AN ACT to create and enact a new section to chapter 24-01 of the North Dakota Century Code, relating to designating the bridge on state highway 18 as the Specialist 4 Richard W. Orsund Vietnam bridge; to provide a continuing appropriation; and to declare an emergency.",4,2025-03-18,https://legiscan.com/ND/bill/HB1090/2025
ND,1900085,,Designating the bridge on United States highway 81 as the Specialist 4 David LaTraille Vietnam bridge; to provide a continuing appropriation; and to declare an emergency.,"AN ACT to create and enact a new section to chapter 24-01 of the North Dakota Century Code, relating to designating the bridge on United States highway 81 as the Specialist 4 David LaTraille Vietnam bridge; to provide a continuing appropriation; and to declare an emergency.",4,2025-03-18,https://legiscan.com/ND/bill/HB1091/2025
ND,1900108,,Designating the overpass on United States highway 52 as the S/Sgt. Miles Shelley WWII overpass; to provide a continuing appropriation; and to declare an emergency.,"AN ACT to create and enact a new section to chapter 24-01 of the North Dakota Century Code, relating to designating the overpass on United States highway 52 as the S/Sgt. Miles Shelley WWII overpass; to provide a continuing appropriation; and to declare an emergency.",4,2025-03-18,https://legiscan.com/ND/bill/HB1092/2025
ND,1900024,,Commercial driver's licenses; and to declare an emergency.,"AN ACT to amend and reenact section 39-06.2-06 of the North Dakota Century Code, relating to commercial driver's licenses; and to declare an emergency.",4,2025-03-18,https://legiscan.com/ND/bill/HB1093/2025
ND,1900059,,Discretionary special allocation hunting licenses.,"AN ACT to amend and reenact section 20.1-05.1-02 of the North Dakota Century Code, relating to discretionary special allocation hunting licenses.",4,2025-04-01,https://legiscan.com/ND/bill/HB1094/2025
ND,1899986,,A child protective services and school district child safety liaison work group.,"AN ACT to create and enact a new section to chapter 15.1-07 of the North Dakota Century Code, relating to a child protective services and school district child safety liaison work group.",4,2025-04-18,https://legiscan.com/ND/bill/HB1095/2025
ND,1900065,,Assessed communication service fees.,"AN ACT to amend and reenact section 57-40.6-04 of the North Dakota Century Code, relating to assessed communication service fees.",4,2025-03-18,https://legiscan.com/ND/bill/HB1096/2025
ND,1900105,,"AN ACT to provide for a legislative management study regarding accessibility of government services for individuals who are deaf, hard of hearing, or have hearing differences.","AN ACT to provide for a legislative management study regarding accessibility of government services for individuals who are deaf, hard of hearing, or have hearing differences.",4,2025-03-21,https://legiscan.com/ND/bill/HB1097/2025
ND,1900082,,A North Dakota scholarship for students interested in a teaching career; and to declare an emergency.,"AN ACT to amend and reenact section 15.1-21-02.10 of the North Dakota Century Code, relating to a North Dakota scholarship for students interested in a teaching career; and to declare an emergency.",4,2025-04-08,https://legiscan.com/ND/bill/HB1098/2025
ND,1900071,,The printing of presidential candidate names on a general election ballot.,"AN ACT to amend and reenact section 16.1-06-07.1 of the North Dakota Century Code, relating to the printing of presidential candidate names on a general election ballot.",4,2025-04-04,https://legiscan.com/ND/bill/HB1099/2025
ND,1900006,,A BILL for an Act to provide an exemption to continue free school meal funding for qualified delinquent meal debt and to provide for a legislative management report.,A BILL for an Act to provide an exemption to continue free school meal funding for qualified delinquent meal debt and to provide for a legislative management report.,1,2025-01-07,https://legiscan.com/ND/bill/HB1100/2025
ND,1900041,,The scheduling of mitragynine as a schedule I controlled substance.,"A BILL for an Act to amend and reenact subsection 3 of section 19-03.1-05 of the North Dakota Century Code, relating to the scheduling of mitragynine as a schedule I controlled substance.",1,2025-01-07,https://legiscan.com/ND/bill/HB1101/2025
ND,1899993,,A BILL for an Act to provide an appropriation to the attorney general for bureau of criminal investigation cybercrime resources.,A BILL for an Act to provide an appropriation to the attorney general for bureau of criminal investigation cybercrime resources.,1,2025-01-07,https://legiscan.com/ND/bill/HB1102/2025
ND,1900260,,The definitions applying to the dry pea and lentil council.,"AN ACT to amend and reenact subsection 5 of section 4.1-07-01 of the North Dakota Century Code, relating to the definitions applying to the dry pea and lentil council.",4,2025-03-24,https://legiscan.com/ND/bill/HB1103/2025
ND,1900033,,Changing the name of county job development authorities to economic development authorities.,"A BILL for an Act to amend and reenact subsection 5 of section 10-30.5-02, sections 11-11.1-01, 11-11.1-01.1, 11-11.1-02, 11-11.1-03, 11-11.1-04, subdivision h of subsection 1 of section 40-01.1-04, subsection 14 of section 57-15-06.7, and section 57-15-61 of the North Dakota Century Code, relating to changing the name of county job development authorities to economic development authorities.",1,2025-01-07,https://legiscan.com/ND/bill/HB1104/2025
ND,1900052,,A school district's virtual learning policies.,"AN ACT to amend and reenact section 15.1-07-25.4 of the North Dakota Century Code, relating to a school district's virtual learning policies.",4,2025-03-24,https://legiscan.com/ND/bill/HB1105/2025
ND,1900091,,AN ACT to provide an appropriation to the department of transportation for nonfixed route transit program grants.,AN ACT to provide an appropriation to the department of transportation for nonfixed route transit program grants.,4,2025-04-11,https://legiscan.com/ND/bill/HB1106/2025
ND,1900099,,An individual income tax deduction for a segal Americorps education award; and to provide an effective date.,"A BILL for an Act to create and enact a new subdivision to subsection 2 of section 57-38-30.3 of the North Dakota Century Code, relating to an individual income tax deduction for a segal Americorps education award; and to provide an effective date.",2,2025-01-13,https://legiscan.com/ND/bill/HB1107/2025
ND,1900011,,Interstate contracts for treatment of mental illness or a substance use disorder; and to declare an emergency.,"AN ACT to amend and reenact section 25-03.1-34.2 of the North Dakota Century Code, relating to interstate contracts for treatment of mental illness or a substance use disorder; and to declare an emergency.",4,2025-03-18,https://legiscan.com/ND/bill/HB1108/2025
ND,1899999,,Fee for service ratesetting for developmentally disabled facilities; and to declare an emergency.,"AN ACT to create and enact three new sections to chapter 25-16 of the North Dakota Century Code, relating to residential care and services for the developmentally disabled; to amend and reenact sections 25-16-01, 25-16-02, 25-16-03, 25-16-03.1, 25-16-04, 25-16-05, 25-16-06, 25-16-07, 25-16-08, 25-16-09, 25-16-12, 25-16-13, 25-16-14, 25-16.1-01, 25-16.1-02, 25-16.1-03, and 25-16.1-04 of the North Dakota Century Code, relating to developmental disability, residential care and services for the developmentally disabled, and receivers for developmentally disabled facilities; to repeal chapter 25-18 of the North Dakota Century Code, relating to fee for service ratesetting for developmentally disabled facilities; and to declare an emergency.",4,2025-04-24,https://legiscan.com/ND/bill/HB1109/2025
ND,1900018,,Access to investigative and surveillance records and meetings of the public service commission.,"AN ACT to amend and reenact section 49-10.1-14 of the North Dakota Century Code, relating to access to investigative and surveillance records and meetings of the public service commission.",4,2025-04-18,https://legiscan.com/ND/bill/HB1110/2025
ND,1900216,,Public interest exemptions for electric public utilities.,"A BILL for an Act to create and enact a new section to chapter 49-02 of the North Dakota Century Code, relating to public interest exemptions for electric public utilities.",1,2025-01-07,https://legiscan.com/ND/bill/HB1111/2025
ND,1900200,,Membership of the public employees retirement system.,"AN ACT to amend and reenact subsection 8 of section 54-52-01, section 54-52-06.4, subsection 3 of section 54-52-17, and subsection 4 of section 54-52-17 of the North Dakota Century Code, relating to membership of the public employees retirement system.",4,2025-03-24,https://legiscan.com/ND/bill/HB1112/2025
ND,1900288,,Payment of administrative expenses for the public employees retirement system deferred compensation plan; and to provide a continuing appropriation.,"AN ACT to create and enact a new section to chapter 54-52.2 of the North Dakota Century Code, relating to payment of administrative expenses for the public employees retirement system deferred compensation plan; and to provide a continuing appropriation.",4,2025-04-04,https://legiscan.com/ND/bill/HB1113/2025
ND,1900257,,Health insurance benefits coverage of insulin drugs and supplies.,"AN ACT to create and enact a new section to chapter 26.1-36 of the North Dakota Century Code, relating to individual and group health insurance coverage of insulin drugs and supplies; and to amend and reenact section 54-52.1-04.18 of the North Dakota Century Code, relating to health insurance benefits coverage of insulin drugs and supplies.",4,2025-04-04,https://legiscan.com/ND/bill/HB1114/2025
ND,1900243,,"Forms prescribed by the tax commissioner, filing of forms and reports with the tax commissioner, and maintaining bonds posted with the tax commissioner; to provide for application; and to provide an effective date.","AN ACT to amend and reenact subsection 3 of section 57-28-15, sections 57-33.2-16 and 57-33.2-16.1, subsection 2 of section 57-36-09.3, subsection 2 of section 57-36-09.4, subsection 2 of section 57-36-09.6, subsection 5 of section 57-38-60, subsection 2 of section 57-38-60.1, subsection 2 of section 57-38-60.2, subsection 2 of section 57-38-60.3, subsection 2 of section 57-39.2-15.2, subsection 2 of section 57-39.2-15.3, subsection 2 of section 57-39.2-18.1, subsection 2 of section 57-40.2-15.1, subsection 2 of section 57-40.2-15.2, subsection 2 of section 57-40.2-15.3, subsection 1 of section 57-43.1-16, subsection 1 of section 57-43.1-16.1, subsection 2 of section 57-43.1-17.2, subsection 2 of section 57-43.1-17.3, subsection 2 of section 57-43.1-17.5, subsection 1 of section 57-43.2-11, subsection 1 of section 57-43.2-11.1, subsection 2 of section 57-43.2-16.1, subsection 2 of section 57-43.2-16.2, subsection 2 of section 57-43.2-16.4, subsection 1 of section 57-43.3-14, subsection 1 of section 57-43.3-15, subsection 2 of section 57-43.3-20, subsection 2 of section 57-43.3-21, subsection 2 of section 57-43.3-21.1, and subsection 2 of section 57-63-08 of the North Dakota Century Code, relating to forms prescribed by the tax commissioner, filing of forms and reports with the tax commissioner, and maintaining bonds posted with the tax commissioner; to provide for application; and to provide an effective date.",4,2025-03-18,https://legiscan.com/ND/bill/HB1115/2025
ND,1900251,,Authorizing the coroner and the state forensic examiner to disclose autopsy reports to the department of corrections and rehabilitation.,"AN ACT to create and enact a new subdivision to subsection 4 of section 23-01-05.5 of the North Dakota Century Code, relating to the disclosure of an autopsy report; and to amend and reenact subsection 4 of section 11-19.1-11 of the North Dakota Century Code, relating to authorizing the coroner and the state forensic examiner to disclose autopsy reports to the department of corrections and rehabilitation.",4,2025-03-18,https://legiscan.com/ND/bill/HB1116/2025
ND,1900221,,Eligibility for normal retirement benefits.,"AN ACT to amend and reenact subsection 4 of section 15-39.1-10 of the North Dakota Century Code, relating to eligibility for normal retirement benefits.",4,2025-03-24,https://legiscan.com/ND/bill/HB1117/2025
ND,1900235,,Display of temporary registration permits; and to provide a penalty.,"AN ACT to amend and reenact sections 39-04-11, 39-04-12, 39-04-36, 39-04-37, and 39-04-56 of the North Dakota Century Code, relating to display of temporary registration permits; and to provide a penalty.",4,2025-03-26,https://legiscan.com/ND/bill/HB1118/2025
ND,1900210,,AN ACT to provide for a legislative management study regarding child care provider licensing; to provide for a program evaluation regarding child care services; and to create a child care services licensing advisory committee.,AN ACT to provide for a legislative management study regarding child care provider licensing; to provide for a program evaluation regarding child care services; and to create a child care services licensing advisory committee.,4,2025-04-29,https://legiscan.com/ND/bill/HB1119/2025
ND,1900207,,Out-of-state child-placing agencies and revocation of license; and to provide a penalty.,"AN ACT to amend and reenact sections 14-15-09, 14-15-11, 50-12-09, 50-12-10, and 50-12-17 of the North Dakota Century Code, relating to the revised uniform adoption act and child-placing agencies; to repeal sections 50-12-02.1 and 50-12-11 of the North Dakota Century Code, relating to out-of-state child-placing agencies and revocation of license; and to provide a penalty.",4,2025-03-18,https://legiscan.com/ND/bill/HB1120/2025
ND,1900225,,"The threshold for procuring plans, drawings, and specifications from an architect or engineer for construction of a public improvement.","A BILL for an Act to amend and reenact section 48-01.2-01 and subsection 1 of section 48-01.2-02.1 of the North Dakota Century Code, relating to the threshold for procuring plans, drawings, and specifications from an architect or engineer for construction of a public improvement.",1,2025-01-07,https://legiscan.com/ND/bill/HB1121/2025
ND,1900204,,State purchasing practices.,"AN ACT to create and enact two new sections to chapter 54-44.4 of the North Dakota Century Code, relating to purchases by state officials and employees and multiple award vendor pool contracts; and to amend and reenact subsection 6 of section 44-04-18.4, sections 54-44.4-01, 54-44.4-02, 54-44.4-05, subsection 1 of section 54-44.4-07, subsection 1 of section 54-44.4-09, sections 54-44.4-09.1, 54-44.4-12, 54-44.4-13, and 54-44.4-14 of the North Dakota Century Code, relating to state purchasing practices.",4,2025-03-24,https://legiscan.com/ND/bill/HB1122/2025
ND,1900304,,Fees charged by the insurance commissioner.,"AN ACT to amend and reenact sections 26.1-01-07 and 26.1-26-13.4, subsection 4 of section 26.1-26.8-04, subdivision b of subsection 1 of section 26.1-26.8-05, subdivision a of subsection 1 of section 26.1-26.8-06, subdivision b of subsection 1 of section 26.1-26.8-09, subdivision b of subsection 2 of section 26.1-26.8-09, and subsections 2 and 4 of section 26.1-27-03 of the North Dakota Century Code, relating to fees charged by the insurance commissioner.",4,2025-03-18,https://legiscan.com/ND/bill/HB1123/2025
ND,1900313,,The standards and management of an insurer with an insurance holding company system and the confidential treatment of investigation and examination records of insurance holding companies.,"AN ACT to amend and reenact sections 26.1-10-01, 26.1-10-04, 26.1-10-05, and 26.1-10-07 of the North Dakota Century Code, relating to the standards and management of an insurer with an insurance holding company system and the confidential treatment of investigation and examination records of insurance holding companies.",4,2025-03-18,https://legiscan.com/ND/bill/HB1124/2025
ND,1900816,,Real estate licensing.,"AN ACT to amend and reenact sections 43-23-06.1, 43-23-08, 43-23-13.1, and 43-23-24 of the North Dakota Century Code, relating to real estate licensing.",4,2025-04-08,https://legiscan.com/ND/bill/HB1125/2025
ND,1901604,,"The use of brush rollers, licenses issued for schools and salons, and esthetician and manicurist licensing qualifications and fees; to provide a penalty; and to provide an effective date.","AN ACT to create and enact eleven new sections to chapter 43-11 of the North Dakota Century Code, relating to salon and school inspections, nursing home, basic care facility, and assisted living facility salons, military and military spouse reciprocity licensure, advanced esthetician licensing and late renewals for establishments and schools; to amend and reenact sections 43-11-01, 43-11-02, 43-11-03, 43-11-04, 43-11-05, 43-11-06, 43-11-08, 43-11-10, 43-11-11, 43-11-13, 43-11-14, 43-11-15, 43-11-16, 43-11-16.1, 43-11-19, 43-11-20.3, 43-11-21, 43-11-23, 43-11-24, 43-11-25, 43-11-26, 43-11-27, 43-11-28, and 43-11-29 of the North Dakota Century Code, relating to the practice and licensure of cosmetologists, estheticians, advanced estheticians, manicurists, and instructors; to repeal sections 43-11-11.1, 43-11-17, and 43-11-27.1 of the North Dakota Century Code, relating to the use of brush rollers, licenses issued for schools and salons, and esthetician and manicurist licensing qualifications and fees; to provide a penalty; and to provide an effective date.",4,2025-04-24,https://legiscan.com/ND/bill/HB1126/2025
ND,1901644,,"The department of financial institutions, financial institutions, response to department requests, renewal of licenses, orders to cease and desist, issuance of licenses, revocation of licenses, and exemptions from licenses.","AN ACT to create and enact chapter 13-01.2 of the North Dakota Century Code, relating to the financial institution data security program; and to amend and reenact sections 6-01-04.1 and 6-01-04.2, subsection 7 of section 6-03-02, sections 13-04.1-01.1, 13-04.1-11.1, 13-05-07.1, 13-08-10, 13-08-11.1, and 13-09.1-14, subsection 3 of section 13-09.1-17, sections 13-09.1-38 and 13-10-05, subsection 1 of section 13-11-10, section 13-12-19, subsections 6, 21, and 22 of section 13-13-01, and sections 13-13-04 and 13-13-18 of the North Dakota Century Code, relating to the department of financial institutions, financial institutions, response to department requests, renewal of licenses, orders to cease and desist, issuance of licenses, revocation of licenses, and exemptions from licenses.",4,2025-04-11,https://legiscan.com/ND/bill/HB1127/2025
ND,1904596,,A higher education infrastructure revolving loan fund; to provide an appropriation; to provide a transfer; and to provide for a legislative management report.,"A BILL for an Act to create and enact a new section to chapter 6-09 of the North Dakota Century Code, relating to a higher education infrastructure revolving loan fund; to provide an appropriation; to provide a transfer; and to provide for a legislative management report.",1,2025-01-07,https://legiscan.com/ND/bill/HB1128/2025
ND,1904581,,A BILL for an Act to provide an appropriation to the department of public instruction to address student attendance and absenteeism.,A BILL for an Act to provide an appropriation to the department of public instruction to address student attendance and absenteeism.,1,2025-01-07,https://legiscan.com/ND/bill/HB1129/2025
ND,1904748,,The option for a school district to reduce its local contribution deduction in the school state aid formula by the percentage of the local contribution which comes from in lieu of revenue.,"A BILL for an Act to amend and reenact section 15.1-27-04.1 of the North Dakota Century Code, relating to the option for a school district to reduce its local contribution deduction in the school state aid formula by the percentage of the local contribution which comes from in lieu of revenue.",2,2025-02-25,https://legiscan.com/ND/bill/HB1130/2025
ND,1904428,,The sale of raw milk products; and to provide a penalty.,"AN ACT to amend and reenact section 4.1-25-40.1 of the North Dakota Century Code, relating to the sale of raw milk products; and to provide a penalty.",4,2025-03-26,https://legiscan.com/ND/bill/HB1131/2025
ND,1904763,,"Whole, two percent, and flavored milk served in schools.","AN ACT to create and enact a new section to chapter 15.1-09 of the North Dakota Century Code, relating to whole, two percent, and flavored milk served in schools.",4,2025-03-24,https://legiscan.com/ND/bill/HB1132/2025
ND,1904348,,The preservation of records by county superintendents of schools.,"AN ACT to amend and reenact section 15.1-11-05 of the North Dakota Century Code, relating to the preservation of records by county superintendents of schools.",4,2025-03-18,https://legiscan.com/ND/bill/HB1133/2025
ND,1904367,,Harassment of another.,"AN ACT to amend and reenact section 12.1-17-07 of the North Dakota Century Code, relating to harassment of another.",4,2025-03-24,https://legiscan.com/ND/bill/HB1134/2025
ND,1904440,,The veterans' aid fund.,"AN ACT to amend and reenact sections 37-14-04 and 37-14-06 of the North Dakota Century Code, relating to the veterans' aid fund.",4,2025-03-18,https://legiscan.com/ND/bill/HB1135/2025
ND,1904491,,The penalty for failure to submit assessments to the oilseed council; and to provide a penalty.,"A BILL for an Act to amend and reenact subsection 2 of section 4.1-09-18 of the North Dakota Century Code, relating to the penalty for failure to submit assessments to the oilseed council; and to provide a penalty.",1,2025-01-07,https://legiscan.com/ND/bill/HB1136/2025
ND,1904701,,The display of mobility-impaired parking permits; and to provide a penalty.,"AN ACT to amend and reenact subsection 6 of section 39-01-15 of the North Dakota Century Code, relating to the display of mobility-impaired parking permits; and to provide a penalty.",4,2025-03-18,https://legiscan.com/ND/bill/HB1137/2025
ND,1904412,,Bonding elections.,"AN ACT to amend and reenact section 21-03-11 of the North Dakota Century Code, relating to bonding elections.",4,2025-03-28,https://legiscan.com/ND/bill/HB1138/2025
ND,1904787,,A sales tax exemption for fire departments; and to provide an effective date.,"AN ACT to create and enact a new subsection to section 57-39.2-04 of the North Dakota Century Code, relating to a sales tax exemption for fire departments; and to provide an effective date.",4,2025-04-24,https://legiscan.com/ND/bill/HB1139/2025
ND,1904684,,Designating the bridge on state highway 22 in Dickinson as the Specialist Jon P. Fettig Iraq bridge; to provide a continuing appropriation; and to declare an emergency.,"AN ACT to create and enact a new section to chapter 24-01 of the North Dakota Century Code, relating to designating the bridge on state highway 22 in Dickinson as the Specialist Jon P. Fettig Iraq bridge; to provide a continuing appropriation; and to declare an emergency.",4,2025-04-11,https://legiscan.com/ND/bill/HB1140/2025
ND,1904321,,Using public services or property for a political purpose.,"A BILL for an Act to amend and reenact section 16.1-10-02 of the North Dakota Century Code, relating to using public services or property for a political purpose.",1,2025-01-07,https://legiscan.com/ND/bill/HB1141/2025
ND,1904733,,The statutory caps for liability of political subdivisions and the state; and to provide an effective date.,"AN ACT to amend and reenact sections 32-12.1-03 and 32-12.2-02 of the North Dakota Century Code, relating to the statutory caps for liability of political subdivisions and the state; and to provide an effective date.",4,2025-03-24,https://legiscan.com/ND/bill/HB1142/2025
ND,1904334,,AN ACT to provide an appropriation to the agriculture commissioner for a food distribution facility grant program.,AN ACT to provide an appropriation to the agriculture commissioner for a food distribution facility grant program.,4,2025-05-02,https://legiscan.com/ND/bill/HB1143/2025
ND,1904673,,Transgender student accommodations and restroom use in public schools; to provide a penalty; and to declare an emergency.,"AN ACT to amend and reenact section 15.1-06-21 of the North Dakota Century Code, relating to transgender student accommodations and restroom use in public schools; to provide a penalty; and to declare an emergency.",4,2025-05-02,https://legiscan.com/ND/bill/HB1144/2025
ND,1904521,,Displays of the ten commandments in state educational institutions and public schools.,"A BILL for an Act to create and enact two new sections to chapter 15-10, a new section to chapter 15.1-09, and a new section to chapter 15.1-21 of the North Dakota Century Code, relating to displays of the ten commandments in state educational institutions and public schools.",1,2025-01-07,https://legiscan.com/ND/bill/HB1145/2025
ND,1904715,,"Employer eligibility to participate in the public employees retirement system defined contribution retirement plan, employer contribution requirements for the defined benefit and defined contribution retirement plans, and employee eligibility to elect to transfer to the defined contribution retirement plan; to provide for retroactive application; and to declare an emergency.","AN ACT to amend and reenact sections 54-52-02.1, 54-52-06, 54-52.6-01, 54-52.6-02.2, 54-52.6-05, and 54-52.6-09.5 of the North Dakota Century Code, relating to employer eligibility to participate in the public employees retirement system defined contribution retirement plan, employer contribution requirements for the defined benefit and defined contribution retirement plans, and employee eligibility to elect to transfer to the defined contribution retirement plan; to provide for retroactive application; and to declare an emergency.",4,2025-04-11,https://legiscan.com/ND/bill/HB1146/2025
ND,1907686,,Fees for game and fish licenses and permits.,"AN ACT to amend and reenact section 20.1-03-12 of the North Dakota Century Code, relating to fees for game and fish licenses and permits.",4,2025-03-24,https://legiscan.com/ND/bill/HB1147/2025
ND,1907947,,Military appreciation month.,"AN ACT to create and enact a new section to chapter 1-03 of the North Dakota Century Code, relating to military appreciation month.",4,2025-03-18,https://legiscan.com/ND/bill/HB1148/2025
ND,1907798,,The revised uniform unclaimed property act; and to declare an emergency.,"AN ACT to amend and reenact sections 47-30.2-04, 47-30.2-24, 47-30.2-32, 47-30.2-39, 47-30.2-50, 47-30.2-52, 47-30.2-55, and 47-30.2-63 of the North Dakota Century Code, relating to the revised uniform unclaimed property act; and to declare an emergency.",4,2025-04-01,https://legiscan.com/ND/bill/HB1149/2025
ND,1907874,,Sunday closing laws and retail agreements; and to provide a penalty.,"A BILL for an Act to create and enact three new sections to chapter 12.1-30 of the North Dakota Century Code, relating to Sunday closing laws; to amend and reenact section 12.1-30-04 of the North Dakota Century Code, relating to Sunday closing laws and retail agreements; and to provide a penalty.",1,2025-01-07,https://legiscan.com/ND/bill/HB1150/2025
ND,1908014,,AN ACT to provide for a legislative management study regarding the regulation of cell-cultured protein.,AN ACT to provide for a legislative management study regarding the regulation of cell-cultured protein.,4,2025-04-24,https://legiscan.com/ND/bill/HB1151/2025
ND,1907615,,The definition of residential property; and to provide an effective date.,"A BILL for an Act to amend and reenact subsection 12 of section 57-02-01 of the North Dakota Century Code, relating to the definition of residential property; and to provide an effective date.",2,2025-01-15,https://legiscan.com/ND/bill/HB1152/2025
ND,1907577,,The one-call excavation notice system.,"AN ACT to amend and reenact subsection 7 of section 49-23-01 of the North Dakota Century Code, relating to the one-call excavation notice system.",4,2025-03-24,https://legiscan.com/ND/bill/HB1153/2025
ND,1909107,,The moratorium on basic care and nursing facility bed capacity.,"AN ACT to amend and reenact subsection 1 of section 23-09.3-01.1 and subsection 1 of section 23-16-01.1 of the North Dakota Century Code, relating to the moratorium on basic care and nursing facility bed capacity.",4,2025-03-24,https://legiscan.com/ND/bill/HB1154/2025
ND,1909399,,"Equipment exemption for certain street rod, collector, or special interest motor vehicles.","AN ACT to amend and reenact section 39-21-52 of the North Dakota Century Code, relating to equipment exemption for certain street rod, collector, or special interest motor vehicles.",4,2025-03-24,https://legiscan.com/ND/bill/HB1155/2025
ND,1908994,,Minority ownership of an accounting firm.,"AN ACT to create and enact a new section to chapter 43-02.2 of the North Dakota Century Code, relating to ownership of accounting firms by qualified plans; and to amend and reenact subsection 3 of section 10-31-04 and subsection 3 of section 43-02.2-06 of the North Dakota Century Code, relating to minority ownership of an accounting firm.",4,2025-03-24,https://legiscan.com/ND/bill/HB1156/2025
ND,1909379,,Candidates maintaining separate campaign accounts.,"A BILL for an Act to amend and reenact subsection 8 of section 16.1-08.1-02.3 of the North Dakota Century Code, relating to candidates maintaining separate campaign accounts.",1,2025-01-07,https://legiscan.com/ND/bill/HB1157/2025
ND,1909223,,The exempt status of records related to petitions in possession of the secretary of state.,"AN ACT to create and enact a new section to chapter 44-04 of the North Dakota Century Code, relating to the exempt status of records related to petitions in possession of the secretary of state.",4,2025-03-28,https://legiscan.com/ND/bill/HB1158/2025
ND,1909152,,Requiring vendors to provide physical copies of tickets upon request.,"A BILL for an Act to create and enact a new section to chapter 51-07 of the North Dakota Century Code, relating to requiring vendors to provide physical copies of tickets upon request.",1,2025-01-07,https://legiscan.com/ND/bill/HB1159/2025
ND,1908900,,The use of personal electronic devices during instructional time.,"AN ACT to create and enact a new section to chapter 15.1-07 of the North Dakota Century Code, relating to the use of personal electronic devices during instructional time.",4,2025-04-29,https://legiscan.com/ND/bill/HB1160/2025
ND,1909314,,Funding for newly created full-time equivalent positions at institutions under the control of the state board of higher education.,"A BILL for an Act to create and enact a new section to chapter 15-10 of the North Dakota Century Code, relating to funding for newly created full-time equivalent positions at institutions under the control of the state board of higher education.",2,2025-02-24,https://legiscan.com/ND/bill/HB1161/2025
ND,1909060,,The board of directors of the Lake Agassiz water authority.,"AN ACT to amend and reenact subsection 1 of section 61-39-03 of the North Dakota Century Code, relating to the board of directors of the Lake Agassiz water authority.",4,2025-04-18,https://legiscan.com/ND/bill/HB1162/2025
ND,1909245,,The legacy and budget stabilization fund advisory board; and to provide a continuing appropriation.,"A BILL for an Act to create and enact a new section to chapter 15.1-36 of the North Dakota Century Code, relating to a legacy fund school construction assistance loan fund; to amend and reenact section 21-10-11, relating to the legacy and budget stabilization fund advisory board; and to provide a continuing appropriation.",1,2025-01-07,https://legiscan.com/ND/bill/HB1163/2025
ND,1908948,,Definitions of terms used for special education.,"AN ACT to amend and reenact subdivision a of subsection 5 of section 15.1-32-01 of the North Dakota Century Code, relating to definitions of terms used for special education.",4,2025-03-24,https://legiscan.com/ND/bill/HB1164/2025
ND,1909269,,Election notices and municipal voter registration.,"AN ACT to amend and reenact section 4.1-20-16, subsection 1 of section 4.1-20-18, section 16.1-01-00.1, subsection 1 of section 16.1-01-09, section 16.1-01-15.1, subsection 3 of section 16.1-05-01, section 16.1-06-02, subdivision g of subsection 1 of section 16.1-06-04, section 16.1-07-07, subsection 4 of section 16.1-07-08, section 16.1-07-09, subsection 3 of section 16.1-07-21, section 16.1-07-24, subsection 2 of section 16.1-07-26, sections 16.1-11-27 and 16.1-11.1-04, subsection 1 of section 16.1-11.1-07, subsection 3 of section 16.1-12-02.2, and subsection 2 of section 16.1-13-05 of the North Dakota Century Code, relating to absentee ballots, election practices and administration; and to repeal sections 16.1-07-30 and 40-21-10 of the North Dakota Century Code, relating to election notices and municipal voter registration.",4,2025-04-29,https://legiscan.com/ND/bill/HB1165/2025
ND,1909358,,Closed records and grounds to file a petition to seal a criminal record.,"AN ACT to create and enact a new section to chapter 12-60.1 of the North Dakota Century Code, relating to closing certain criminal records; and to amend and reenact sections 12-60.1-01 and 12-60.1-02 of the North Dakota Century Code, relating to closed records and grounds to file a petition to seal a criminal record.",4,2025-04-23,https://legiscan.com/ND/bill/HB1166/2025
ND,1908973,,Artificial intelligence disclosure statements.,"AN ACT to create and enact a new section to chapter 16.1-10 of the North Dakota Century Code, relating to artificial intelligence disclosure statements.",4,2025-04-11,https://legiscan.com/ND/bill/HB1167/2025
ND,1909037,,"Legacy fund definitions and the legacy earnings fund; to provide a statement of legislative intent; to provide for a legislative management study, to provide an appropriation; to provide an effective date; to provide an expiration date; and to declare an emergency.","A BILL for an Act to create and enact two new sections to chapter 54-27, a new section to chapter 57-02, and a new section to chapter 57-15 of the North Dakota Century Code, relating to a legacy earnings fund, a legacy property tax relief fund, a primary residence certification, and a limitation on property tax levies without voter approval; to amend and reenact section 6-09.4-10.1, subsection 1 of section 21-10-06, sections 40-40-06, 54-27-19.3, and 57-02-01, subdivision c of subsection 1 of section 57-02-08.1, subdivision b of subsection 2 of section 57-02-08.1, section 57-02-08.8, section 57-02-08.9 as amended by section 1 of Senate Bill No. 2201, as approved by the sixty-ninth legislative assembly, sections 57-02-08.10, 57-02-27, 57-02-27.1, 57-02-53, 57-09-04, 57-11-03, 57-12-06, 57-15-02.2, 57-15-14.2, and 57-20-07.1 of the North Dakota Century Code, relating to funds invested by the state investment board, property tax definitions, the homestead tax credit and renters refund, the property tax credit for disabled veterans, the primary residence credit, property classifications, assessment and budget hearing notices to property owners, school district levies, and the property tax statement; to repeal sections 21-10-12 and 21-10-13 of the North Dakota Century Code, relating to legacy fund definitions and the legacy earnings fund; to provide a statement of legislative intent; to provide for a legislative management study, to provide an appropriation; to provide an effective date; to provide an expiration date; and to declare an emergency.",2,2025-02-25,https://legiscan.com/ND/bill/HB1168/2025
ND,1909175,,Compensation for veterans' benefits; and to provide a penalty.,"A BILL for an Act to create and enact a new section to chapter 37-14 of the North Dakota Century Code, relating to compensation for veterans' benefits; and to provide a penalty.",2,2025-02-25,https://legiscan.com/ND/bill/HB1169/2025
ND,1908814,,State employee annual leave; and to provide an effective date.,"AN ACT to amend and reenact section 54-06-14 of the North Dakota Century Code, relating to state employee annual leave; and to provide an effective date.",4,2025-04-11,https://legiscan.com/ND/bill/HB1170/2025
ND,1908770,,The creation of the law enforcement family scholarship program; and to provide an appropriation.,"A BILL for an Act to create and enact a new section to chapter 15-10 of the North Dakota Century Code, relating to the creation of the law enforcement family scholarship program; and to provide an appropriation.",1,2025-01-07,https://legiscan.com/ND/bill/HB1171/2025
ND,1909419,,The payment of fees for courses provided by the center for distance education.,"A BILL for an Act to amend and reenact subsection 3 of section 15-19-01 of the North Dakota Century Code, relating to the payment of fees for courses provided by the center for distance education.",1,2025-01-07,https://legiscan.com/ND/bill/HB1172/2025
ND,1908924,,"Designating the bridge on state highway 31 north of New Salem as the Specialist Dennis ""DJ"" Ferderer Jr. Iraq bridge; and to provide a continuing appropriation.","AN ACT to create and enact a new section to chapter 24-01 of the North Dakota Century Code, relating to designating the bridge on state highway 31 north of New Salem as the Specialist Dennis ""DJ"" Ferderer Jr. Iraq bridge; and to provide a continuing appropriation.",4,2025-03-24,https://legiscan.com/ND/bill/HB1173/2025
ND,1908857,,Educational and community outreach programs established by the game and fish department.,"AN ACT to create and enact a new section to chapter 20.1-02 of the North Dakota Century Code, relating to educational and community outreach programs established by the game and fish department.",4,2025-04-01,https://legiscan.com/ND/bill/HB1174/2025
ND,1908880,,The North Dakota commission on uniform state laws.,"AN ACT to amend and reenact sections 54-55-01, 54-55-03, 54-55-04, and 54-55-05 of the North Dakota Century Code, relating to the North Dakota commission on uniform state laws.",4,2025-03-24,https://legiscan.com/ND/bill/HB1175/2025
ND,1908833,,Legacy fund definitions and the legacy earnings fund; to provide for a legislative management study; to provide for a legislative management report; to provide an appropriation; to provide an exemption; to provide an effective date; to provide an expiration date; and to declare an emergency.,"AN ACT to create and enact two new sections to chapter 54-27, a new section to chapter 57-02, and a new section to chapter 57-15 of the North Dakota Century Code, relating to a legacy earnings fund, a legacy property tax relief fund, a primary residence certification, and a limitation on property tax levies without voter approval; to amend and reenact section 6-09.4-10.1, subsection 1 of section 21-10-06, sections 40-40-06, 54-27-19.3, and 57-02-01, subdivision b of subsection 2 of section 57-02-08.1, section 57-02-08.8, section 57-02-08.9 as amended by section 1 of Senate Bill No. 2201, as approved by the sixty-ninth legislative assembly, sections 57-02-08.10, 57-02-27, 57-02-27.1, 57-02-53, 57-09-04, 57-11-03, 57-12-06, 57-15-02.2, 57-15-14.2, and 57-20-07.1 of the North Dakota Century Code, relating to funds invested by the state investment board, property tax definitions, the renters refund, the property tax credit for disabled veterans, the primary residence credit, property classifications, assessment and budget hearing notices to property owners, school district levies, and the property tax statement; to repeal sections 21-10-12 and 21-10-13 of the North Dakota Century Code, relating to legacy fund definitions and the legacy earnings fund; to provide for a legislative management study; to provide for a legislative management report; to provide an appropriation; to provide an exemption; to provide an effective date; to provide an expiration date; and to declare an emergency.",4,2025-05-17,https://legiscan.com/ND/bill/HB1176/2025
ND,1909015,,The definition of correctional officer for purposes of the public employees retirement system.,"AN ACT to amend and reenact subsection 3 of section 54-52-01 of the North Dakota Century Code, relating to the definition of correctional officer for purposes of the public employees retirement system.",4,2025-03-24,https://legiscan.com/ND/bill/HB1177/2025
ND,1908749,,School districts allowing students to leave campus to vote in elections.,"AN ACT to create and enact a new section to chapter 15.1-07 of the North Dakota Century Code, relating to school districts allowing students to leave campus to vote in elections.",4,2025-03-18,https://legiscan.com/ND/bill/HB1178/2025
ND,1909131,,A BILL for an Act to provide for a legislative management study regarding paid time off for the faculty at an institution of higher education.,A BILL for an Act to provide for a legislative management study regarding paid time off for the faculty at an institution of higher education.,2,2025-02-04,https://legiscan.com/ND/bill/HB1179/2025
ND,1908791,,Eligibility for certain veteran earned benefits; and to provide an effective date.,"AN ACT to amend and reenact subsection 1 of section 15-10-18.2, subsection 2 of section 37-19.1-03, subdivision j of subsection 2 of section 39-04-18, subsection 1 of section 57-02-08.8, and subsection 1 of section 57-40.3-04 of the North Dakota Century Code, relating to eligibility for certain veteran earned benefits; and to provide an effective date.",4,2025-03-18,https://legiscan.com/ND/bill/HB1180/2025
ND,1909086,,Gender usage in the North Dakota Century Code.,"AN ACT to amend and reenact section 1-01-34 of the North Dakota Century Code, relating to gender usage in the North Dakota Century Code.",4,2025-04-24,https://legiscan.com/ND/bill/HB1181/2025
ND,1909830,,A BILL for an Act to provide an appropriation to the department of transportation for a road project grant.,A BILL for an Act to provide an appropriation to the department of transportation for a road project grant.,1,2025-01-07,https://legiscan.com/ND/bill/HB1182/2025
ND,1909781,,Gold and silver investments; to provide a report; and to provide an effective date.,"A BILL for an Act to create and enact a new section to chapter 54-11 of the North Dakota Century Code, relating to gold and silver investments; to provide a report; and to provide an effective date.",2,2025-02-18,https://legiscan.com/ND/bill/HB1183/2025
ND,1909634,,Digital asset and precious metal investments.,"A BILL for an Act to create and enact a new section to chapter 15-01, a new section to chapter 21-10, and a new section to chapter 54-11 of the North Dakota Century Code, relating to digital asset and precious metal investments.",1,2025-01-07,https://legiscan.com/ND/bill/HB1184/2025
ND,1909707,,An exemption for information contained in personnel records of public employees and records related to internal investigations by the department of corrections and rehabilitation.,"A BILL for an Act to amend and reenact sections 44-04-18.1 and 54-23.3-07.1 of the North Dakota Century Code, relating to an exemption for information contained in personnel records of public employees and records related to internal investigations by the department of corrections and rehabilitation.",1,2025-01-07,https://legiscan.com/ND/bill/HB1185/2025
ND,1909657,,Designating Knife River flint as the official state rock.,"AN ACT to create and enact a new section to chapter 54-02 of the North Dakota Century Code, relating to designating Knife River flint as the official state rock.",4,2025-03-28,https://legiscan.com/ND/bill/HB1186/2025
ND,1909518,,A debris removal lien.,"A BILL for an Act to create and enact a new section to chapter 35-27 of the North Dakota Century Code, relating to a debris removal lien.",1,2025-01-07,https://legiscan.com/ND/bill/HB1187/2025
ND,1909611,,The assessment of fees for area career and technology center expenses.,"AN ACT to amend and reenact section 15-20.2-08 of the North Dakota Century Code, relating to the assessment of fees for area career and technology center expenses.",4,2025-03-18,https://legiscan.com/ND/bill/HB1188/2025
ND,1911146,,Publication of judicial improvement survey results.,"A BILL for an Act to create and enact a new section to chapter 27-02 of the North Dakota Century Code, relating to publication of judicial improvement survey results.",1,2025-01-10,https://legiscan.com/ND/bill/HB1189/2025
ND,1911110,,The creation of the fallen military service members bridge committee; and to provide a continuing appropriation.,"A BILL for an Act to create and enact a new section to chapter 24-01 of the North Dakota Century Code, relating to the creation of the fallen military service members bridge committee; and to provide a continuing appropriation.",1,2025-01-10,https://legiscan.com/ND/bill/HB1190/2025
ND,1911317,,The creation of an office of entrepreneurship; and to provide for a legislative management report.,"A BILL for an Act to create and enact a new section to chapter 54-60 of the North Dakota Century Code, relating to the creation of an office of entrepreneurship; and to provide for a legislative management report.",2,2025-02-25,https://legiscan.com/ND/bill/HB1191/2025
ND,1911754,,The limitation on the value of a primary prize a permitted organization conducting gaming may award.,"AN ACT to amend and reenact subdivision a of subsection 1 of section 53-06.1-03 of the North Dakota Century Code, relating to the limitation on the value of a primary prize a permitted organization conducting gaming may award.",4,2025-03-18,https://legiscan.com/ND/bill/HB1192/2025
ND,1911284,,AN ACT to provide an appropriation to the attorney general for a peace officer and correctional officer appreciation grant program; and to provide for a legislative management report.,AN ACT to provide an appropriation to the attorney general for a peace officer and correctional officer appreciation grant program; and to provide for a legislative management report.,4,2025-04-29,https://legiscan.com/ND/bill/HB1193/2025
ND,1911177,,False information or false reports to law enforcement; and to provide a penalty.,"AN ACT to amend and reenact section 12.1-11-03 of the North Dakota Century Code, relating to false information or false reports to law enforcement; and to provide a penalty.",4,2025-04-18,https://legiscan.com/ND/bill/HB1194/2025
ND,1910706,,The fee for overtaking and passing a schoolbus.,"A BILL for an Act to amend and reenact subdivision k of subsection 2 of section 39-06.1-06 of the North Dakota Century Code, relating to the fee for overtaking and passing a schoolbus.",1,2025-01-10,https://legiscan.com/ND/bill/HB1195/2025
ND,1910837,,Criminal history record checks.,"A BILL for an Act to amend and reenact section 12-60-24 of the North Dakota Century Code, relating to criminal history record checks.",1,2025-01-10,https://legiscan.com/ND/bill/HB1196/2025
ND,1910975,,AN ACT to provide for a legislative management study of correctional facilities.,AN ACT to provide for a legislative management study of correctional facilities.,4,2025-04-18,https://legiscan.com/ND/bill/HB1197/2025
ND,1910875,,Cooperative purchasing contracts and cooperative purchasing for park districts pursuant to a joint powers agreement.,"AN ACT to create and enact a new subsection to section 40-49-12 of the North Dakota Century Code, relating to cooperative purchasing contracts and cooperative purchasing for park districts pursuant to a joint powers agreement.",4,2025-03-24,https://legiscan.com/ND/bill/HB1198/2025
ND,1911586,,The criminal justice data information sharing system; to provide for a legislative management report; to provide an appropriation; to provide a continuing appropriation; to provide for a transfer; to provide an expiration date; and to declare an emergency.,"AN ACT to create and enact a new section to chapter 54-12 of the North Dakota Century Code, relating to the collection of data on missing persons and the missing indigenous people task force; to amend and reenact section 54-12-34 of the North Dakota Century Code, relating to the criminal justice data information sharing system; to provide for a legislative management report; to provide an appropriation; to provide a continuing appropriation; to provide for a transfer; to provide an expiration date; and to declare an emergency.",4,2025-05-02,https://legiscan.com/ND/bill/HB1199/2025
ND,1910804,,The waiver and substitution of one unit required for high school graduation under emergent circumstances.,"AN ACT to amend and reenact section 15.1-21-02.2 of the North Dakota Century Code, relating to the waiver and substitution of one unit required for high school graduation under emergent circumstances.",4,2025-03-28,https://legiscan.com/ND/bill/HB1200/2025
ND,1910940,,A limitation on the amount of water not applied to beneficial use.,"AN ACT to amend and reenact section 61-04-03.1 of the North Dakota Century Code, relating to a limitation on the amount of water not applied to beneficial use.",4,2025-04-04,https://legiscan.com/ND/bill/HB1201/2025
ND,1911551,,A BILL for an Act to designate grant funding from the flexible transportation fund; and to provide an exemption.,A BILL for an Act to designate grant funding from the flexible transportation fund; and to provide an exemption.,1,2025-01-10,https://legiscan.com/ND/bill/HB1202/2025
ND,1911416,,Definitions of medical marijuana products.,"AN ACT to create and enact section 19-24.1-24.1 and a new subsection to section 19-24.1-36 of the North Dakota Century Code, relating to regulating edible medical marijuana products; and to amend and reenact section 19-24.1-01 of the North Dakota Century Code, relating to definitions of medical marijuana products.",4,2025-04-23,https://legiscan.com/ND/bill/HB1203/2025
ND,1911484,,The publication of false information in political advertisements; and to provide a penalty.,"AN ACT to amend and reenact section 16.1-10-04 of the North Dakota Century Code, relating to the publication of false information in political advertisements; and to provide a penalty.",4,2025-04-11,https://legiscan.com/ND/bill/HB1204/2025
ND,1911650,,Abandonment of infants in newborn safety devices.,"AN ACT to amend and reenact section 50-25.1-15 of the North Dakota Century Code, relating to abandonment of infants in newborn safety devices.",4,2025-04-11,https://legiscan.com/ND/bill/HB1205/2025
ND,1911079,,The special punishment for causing injury or death while operating a vehicle while under the influence of alcohol or any other drugs or substances and to driving while under the influence of alcohol or any other drugs or substances while being accompanied by a minor; to provide a penalty; and to provide for application.,"AN ACT to amend and reenact sections 39-08-01.2 and 39-08-01.4 of the North Dakota Century Code, relating to the special punishment for causing injury or death while operating a vehicle while under the influence of alcohol or any other drugs or substances and to driving while under the influence of alcohol or any other drugs or substances while being accompanied by a minor; to provide a penalty; and to provide for application.",4,2025-04-11,https://legiscan.com/ND/bill/HB1206/2025
ND,1911518,,"The definition of a cattle industry representative, the election and terms of members to the North Dakota beef commission, commission vacancies, and requiring livestock auction markets and livestock dealers to forward names of cattle sellers, and the refund of assessments; to provide a penalty; and to provide an effective date.","A BILL for an Act to create and enact four new sections to chapter 4.1-03 of the North Dakota Century Code, relating to the creation of districts, district commission member nomination and election procedures, the costs of elections of district representative commission members, and the referral of cattle assessments; to amend and reenact sections 4.1-03-01, 4.1-03-02, 4.1-03-03, 4.1-03-04, 4.1-03-12, and 4.1-03-17 of the North Dakota Century Code, relating to the definition of a cattle industry representative, the election and terms of members to the North Dakota beef commission, commission vacancies, and requiring livestock auction markets and livestock dealers to forward names of cattle sellers, and the refund of assessments; to provide a penalty; and to provide an effective date.",1,2025-01-10,https://legiscan.com/ND/bill/HB1207/2025
ND,1911211,,"The powers of a board of county commissioners, a board of city commissioners, and a city council regarding development by a foreign country of concern or foreign organization of concern, prohibiting ownership of real property by a foreign country of concern or a foreign organization of concern; and to provide a penalty.","A BILL for an Act to create and enact a new section to chapter 47-02 of the North Dakota Century Code, relating to foreign ownership of real property near military installations; to amend and reenact sections 11-11-70, 40-05-26, and 47-01-09 of the North Dakota Century Code, relating to the powers of a board of county commissioners, a board of city commissioners, and a city council regarding development by a foreign country of concern or foreign organization of concern, prohibiting ownership of real property by a foreign country of concern or a foreign organization of concern; and to provide a penalty.",1,2025-01-10,https://legiscan.com/ND/bill/HB1208/2025
ND,1910676,,AN ACT to provide for a legislative management report relating to a foreign adversary threat assessment conducted by the department of emergency services.,AN ACT to provide for a legislative management report relating to a foreign adversary threat assessment conducted by the department of emergency services.,4,2025-04-24,https://legiscan.com/ND/bill/HB1209/2025
ND,1911042,,Carbon dioxide pipeline damages.,"A BILL for an Act to create and enact a new chapter to title 35 of the North Dakota Century Code, relating to carbon dioxide pipeline damages.",1,2025-01-10,https://legiscan.com/ND/bill/HB1210/2025
ND,1912309,,Energy from hydroelectric facilities.,"AN ACT to amend and reenact sections 49-02-26, 49-02-29, and 49-02-31 of the North Dakota Century Code, relating to renewable electricity and recycled energy credits; and to repeal section 49-02-30 of the North Dakota Century Code, relating to energy from hydroelectric facilities.",4,2025-03-18,https://legiscan.com/ND/bill/HB1211/2025
ND,1912175,,Designating a portion of state highway 18 as the PFC. Henry Gurke memorial highway; and to provide a continuing appropriation.,"AN ACT to create and enact a new section to chapter 24-01 of the North Dakota Century Code, relating to designating a portion of state highway 18 as the PFC. Henry Gurke memorial highway; and to provide a continuing appropriation.",4,2025-03-18,https://legiscan.com/ND/bill/HB1212/2025
ND,1912086,,A BILL for an Act to provide for a transfer to the infrastructure revolving loan fund.,A BILL for an Act to provide for a transfer to the infrastructure revolving loan fund.,2,2025-02-25,https://legiscan.com/ND/bill/HB1213/2025
ND,1911952,,"Payments for school district transportation of students, special education students, and career and technical education students, the distribution of transportation payments in the event of school district closure, and state transportation payments to school districts; and to provide an effective date.","AN ACT to create and enact section 15.1-27-31.2 of the North Dakota Century Code, relating to transportation weighted student unit equivalents; to amend and reenact sections 15.1-31-05 and 15.1-27-31.2 of the North Dakota Century Code, relating to open enrollment transportation; to repeal sections 15.1-27-26.1, 15.1-27-27.1, 15.1-27-28.1, 15.1-27-30.1, and 15.1-27-31.1 of the North Dakota Century Code, relating to payments for school district transportation of students, special education students, and career and technical education students, the distribution of transportation payments in the event of school district closure, and state transportation payments to school districts; and to provide an effective date.",4,2025-05-17,https://legiscan.com/ND/bill/HB1214/2025
ND,1912264,,The multistate highway transportation agreement.,"AN ACT to repeal section 24-02-46 of the North Dakota Century Code, relating to the multistate highway transportation agreement.",4,2025-03-18,https://legiscan.com/ND/bill/HB1215/2025
ND,1911997,,Self-insurance health care plans; to provide for application; and to provide an effective date.,"AN ACT to create and enact a new section to chapter 26.1-36 of the North Dakota Century Code, relating to out-of-pocket expenses for prescription drugs; to amend and reenact section 26.1-36.6-03 of the North Dakota Century Code, relating to self-insurance health care plans; to provide for application; and to provide an effective date.",4,2025-05-01,https://legiscan.com/ND/bill/HB1216/2025
ND,1912352,,Willfully transferring body fluid containing the human immunodeficiency virus.,"AN ACT to repeal section 12.1-20-17 of the North Dakota Century Code, relating to willfully transferring body fluid containing the human immunodeficiency virus.",4,2025-03-21,https://legiscan.com/ND/bill/HB1217/2025
ND,1912042,,Comprehensive water development plans; to provide for a legislative management study; and to provide an expiration date.,"AN ACT to create and enact a new section to chapter 61-02 of the North Dakota Century Code, relating to a temporary moratorium on conducting an economic analysis for assessment drain projects; to amend and reenact section 61-02-01.3 of the North Dakota Century Code, relating to comprehensive water development plans; to provide for a legislative management study; and to provide an expiration date.",4,2025-05-02,https://legiscan.com/ND/bill/HB1218/2025
ND,1912219,,The perpetual care fund.,"AN ACT to amend and reenact subsection 2 of section 23-21.1-03 of the North Dakota Century Code, relating to the perpetual care fund.",4,2025-04-18,https://legiscan.com/ND/bill/HB1219/2025
ND,1912131,,The creation of a North Dakota accelerated degree for high-demand occupations.,"A BILL for an Act to create and enact a new section to chapter 15-10 of the North Dakota Century Code, relating to the creation of a North Dakota accelerated degree for high-demand occupations.",2,2025-02-03,https://legiscan.com/ND/bill/HB1220/2025
ND,1915061,,A BILL for an Act to provide an appropriation to the state board of higher education for workforce education innovation funds.,A BILL for an Act to provide an appropriation to the state board of higher education for workforce education innovation funds.,1,2025-01-13,https://legiscan.com/ND/bill/HB1221/2025
ND,1914843,,A requirement for public school students to have the opportunity to recite the pledge of allegiance each morning and immunity for liability stemming from the recitation of the pledge of allegiance.,"AN ACT to amend and reenact sections 15.1-09-33 and 15.1-19-03.1 of the North Dakota Century Code, relating to a requirement for public school students to have the opportunity to recite the pledge of allegiance each morning and immunity for liability stemming from the recitation of the pledge of allegiance.",4,2025-03-21,https://legiscan.com/ND/bill/HB1222/2025
ND,1915163,,The suspension and expulsion of kindergarten through grade twelve students.,"AN ACT to amend and reenact section 15.1-19-09 of the North Dakota Century Code, relating to the suspension and expulsion of kindergarten through grade twelve students.",4,2025-04-18,https://legiscan.com/ND/bill/HB1223/2025
ND,1915134,,The administration of small estates.,"AN ACT to amend and reenact section 30.1-23-01 of the North Dakota Century Code, relating to the administration of small estates.",4,2025-03-21,https://legiscan.com/ND/bill/HB1224/2025
ND,1914914,,Reckless endangerment and habitual offenders; and to provide a penalty.,"AN ACT to amend and reenact sections 12.1-17-03 and 12.1-32-09 of the North Dakota Century Code, relating to reckless endangerment and habitual offenders; and to provide a penalty.",4,2025-04-29,https://legiscan.com/ND/bill/HB1225/2025
ND,1915079,,Wearing a mask in a public place.,"AN ACT to amend and reenact section 12.1-31-15 of the North Dakota Century Code, relating to wearing a mask in a public place.",4,2025-04-24,https://legiscan.com/ND/bill/HB1226/2025
ND,1915023,,Daylight saving time.,"A BILL for an Act to create and enact a new section to chapter 1-08 of the North Dakota Century Code, relating to the adoption of central standard time; and to repeal section 40-01-20 of the North Dakota Century Code, relating to daylight saving time.",1,2025-01-13,https://legiscan.com/ND/bill/HB1227/2025
ND,1915096,,Designating a portion of state highway 5 in Bottineau as the LCDR Carl J. Woods Vietnam bridge; to provide a continuing appropriation; and to declare an emergency.,"AN ACT to create and enact a new section to chapter 24-01 of the North Dakota Century Code, relating to designating a portion of state highway 5 in Bottineau as the LCDR Carl J. Woods Vietnam bridge; to provide a continuing appropriation; and to declare an emergency.",4,2025-03-18,https://legiscan.com/ND/bill/HB1228/2025
ND,1914897,,Statutory fees for traffic offenses and a motor vehicle owner's responsibility regarding a driver who flees a peace officer; and to provide a penalty.,"AN ACT to create and enact a new subdivision to subsection 2 of section 39-06.1-06 and section 39-10-71.1 of the North Dakota Century Code, relating to statutory fees for traffic offenses and a motor vehicle owner's responsibility regarding a driver who flees a peace officer; and to provide a penalty.",4,2025-05-02,https://legiscan.com/ND/bill/HB1229/2025
ND,1914859,,"The administration of a federally sponsored animal identification program by the state veterinarian; and to repeal sections 4.1-72-05 and 4.1-72-06 of the North Dakota Century Code, relating the administration of a federally sponsored animal identification program and records relating to the program.","A BILL for an Act to amend and reenact section 36-01-36 of the North Dakota Century Code, relating to the administration of a federally sponsored animal identification program by the state veterinarian; and to repeal sections 4.1-72-05 and 4.1-72-06 of the North Dakota Century Code, relating the administration of a federally sponsored animal identification program and records relating to the program.",1,2025-01-13,https://legiscan.com/ND/bill/HB1230/2025
ND,1915115,,A BILL for an Act to provide for a legislative management study relating to early discontinuation of registration for low-risk sex offenders.,A BILL for an Act to provide for a legislative management study relating to early discontinuation of registration for low-risk sex offenders.,2,2025-01-24,https://legiscan.com/ND/bill/HB1231/2025
ND,1914970,,The definition of residential property; and to provide an effective date.,"A BILL for an Act to amend and reenact subsection 12 of section 57-02-01 of the North Dakota Century Code, relating to the definition of residential property; and to provide an effective date.",2,2025-01-28,https://legiscan.com/ND/bill/HB1232/2025
ND,1914932,,The powers and duties of the emergency commission; and to provide an appropriation.,"AN ACT to amend and reenact sections 15-10-12.1, 48-01.2-25, 54-16-03, 54-16-04, 54-16-04.1, 54-16-09, and 54-16-13 of the North Dakota Century Code, relating to the powers and duties of the emergency commission and budget section; to repeal sections 54-16-04.2, 54-16-08, and 54-16-11.1 of the North Dakota Century Code, relating to the powers and duties of the emergency commission; and to provide an appropriation.",4,2025-04-11,https://legiscan.com/ND/bill/HB1233/2025
ND,1915150,,AN ACT to provide a transfer from the strategic investment and improvements fund to the public employees retirement system fund; and to provide for a statement of legislative intent.,AN ACT to provide a transfer from the strategic investment and improvements fund to the public employees retirement system fund; and to provide for a statement of legislative intent.,4,2025-04-24,https://legiscan.com/ND/bill/HB1234/2025
ND,1914987,,The agriculture infrastructure grant program.,"AN ACT to amend and reenact subsection 2 of section 4.1-01-27 of the North Dakota Century Code, relating to the agriculture infrastructure grant program.",4,2025-03-24,https://legiscan.com/ND/bill/HB1235/2025
ND,1914877,,Use of hunting license and permit application fees.,"A BILL for an Act to amend and reenact section 20.1-02-17 of the North Dakota Century Code, relating to use of hunting license and permit application fees.",1,2025-01-13,https://legiscan.com/ND/bill/HB1236/2025
ND,1914950,,Nonresident hunting licenses.,"A BILL for an Act to create and enact a new section to chapter 20.1-03 of the North Dakota Century Code, relating to nonresident upland and small game licenses; and to amend and reenact section 20.1-03-07 of the North Dakota Century Code, relating to nonresident hunting licenses.",1,2025-01-13,https://legiscan.com/ND/bill/HB1237/2025
ND,1915043,,The reporting requirements for a lifetime teaching license.,"AN ACT to amend and reenact section 15.1-13-12.1 of the North Dakota Century Code, relating to the reporting requirements for a lifetime teaching license.",4,2025-03-26,https://legiscan.com/ND/bill/HB1238/2025
ND,1915006,,Blockchain technology and protection for digital asset mining.,"A BILL for an Act to create and enact a new section to chapter 11-33, a new section to chapter 40-47, a new chapter to title 51, and a new section to chapter 58-03 of the North Dakota Century Code, relating to blockchain technology and protection for digital asset mining.",1,2025-01-13,https://legiscan.com/ND/bill/HB1239/2025
ND,1915348,,Auto glass insurance coverage.,"A BILL for an Act to create and enact a new section to chapter 26.1-40 of the North Dakota Century Code, relating to auto glass insurance coverage.",1,2025-01-13,https://legiscan.com/ND/bill/HB1240/2025
ND,1915525,,Class B authorized emergency vehicles and special restrictions on lamps on motor vehicles or equipment.,"AN ACT to amend and reenact sections 39-10-03.1 and 39-21-26 of the North Dakota Century Code, relating to class B authorized emergency vehicles and special restrictions on lamps on motor vehicles or equipment.",4,2025-04-11,https://legiscan.com/ND/bill/HB1241/2025
ND,1915830,,Parental rights and responsibilities; and to provide for application.,"A BILL for an Act to amend and reenact sections 14-09-00.1 and 14-09-29 of the North Dakota Century Code, relating to parental rights and responsibilities; and to provide for application.",1,2025-01-13,https://legiscan.com/ND/bill/HB1242/2025
ND,1915743,,Automobile ownership following damage resulting in a total loss.,"A BILL for an Act to create and enact a new section to chapter 26.1-40 of the North Dakota Century Code, relating to automobile ownership following damage resulting in a total loss.",1,2025-01-13,https://legiscan.com/ND/bill/HB1243/2025
ND,1915306,,A home education income tax credit for qualified educational expenses; and to provide an effective date.,"A BILL for an Act to create and enact a new section to chapter 57-38 and a new subdivision to subsection 7 of section 57-38-30.3 of the North Dakota Century Code, relating to a home education income tax credit for qualified educational expenses; and to provide an effective date.",2,2025-01-28,https://legiscan.com/ND/bill/HB1244/2025
ND,1915763,,Election offenses.,"A BILL for an Act to amend and reenact section 16.1-01-12 of the North Dakota Century Code, relating to election offenses.",1,2025-01-13,https://legiscan.com/ND/bill/HB1245/2025
ND,1915655,,Individuals authorized to act in the absence of a coroner.,"AN ACT to amend and reenact section 11-19.1-06 of the North Dakota Century Code, relating to individuals authorized to act in the absence of a coroner.",4,2025-03-24,https://legiscan.com/ND/bill/HB1246/2025
ND,1915699,,Protection of a student victim of a sexual offense.,"AN ACT to create and enact a new section to chapter 15.1-19 of the North Dakota Century Code, relating to protection of a student victim of a sexual offense.",4,2025-04-24,https://legiscan.com/ND/bill/HB1247/2025
ND,1915786,,The cost-benefit analysis requirement for health insurance mandated coverage of services.,"AN ACT to amend and reenact section 54-03-28 of the North Dakota Century Code, relating to the cost-benefit analysis requirement for health insurance mandated coverage of services.",4,2025-04-29,https://legiscan.com/ND/bill/HB1248/2025
ND,1915849,,"A BILL for an Act to provide appropriations to the attorney general, the department of career and technical education, the department of health and human services, and the agriculture commissioner for autonomous technology grants; to provide for a legislative management study; and to provide a report.","A BILL for an Act to provide appropriations to the attorney general, the department of career and technical education, the department of health and human services, and the agriculture commissioner for autonomous technology grants; to provide for a legislative management study; and to provide a report.",1,2025-01-13,https://legiscan.com/ND/bill/HB1249/2025
ND,1915542,,Entries against a driving record.,"A BILL for an Act to amend and reenact subsection 1 of section 39-06.1-10 of the North Dakota Century Code, relating to entries against a driving record.",2,2025-01-27,https://legiscan.com/ND/bill/HB1250/2025
ND,1915614,,The prohibition of school extracurricular activities on certain holidays.,"A BILL for an Act to create and enact a new section to chapter 15.1-06 of the North Dakota Century Code, relating to the prohibition of school extracurricular activities on certain holidays.",1,2025-01-13,https://legiscan.com/ND/bill/HB1251/2025
ND,1915871,,The tribal health care coordination fund.,"AN ACT to amend and reenact subsection 3 of section 50-24.1-40 of the North Dakota Century Code, relating to the tribal health care coordination fund.",4,2025-03-18,https://legiscan.com/ND/bill/HB1252/2025
ND,1915413,,The authority of the attorney general to impose fines for gaming violations.,"AN ACT to amend and reenact subsection 10 of section 53-06.1-15.1 of the North Dakota Century Code, relating to the authority of the attorney general to impose fines for gaming violations.",4,2025-03-18,https://legiscan.com/ND/bill/HB1253/2025
ND,1915720,,The powers and duties of the state librarian.,"AN ACT to amend and reenact subsection 4 of section 54-24-03 of the North Dakota Century Code, relating to the powers and duties of the state librarian.",4,2025-04-18,https://legiscan.com/ND/bill/HB1254/2025
ND,1915631,,The use of public funds to support public broadcasting.,"A BILL for an Act to create and enact a new section to chapter 54-27 of the North Dakota Century Code, relating to the use of public funds to support public broadcasting.",2,2025-02-18,https://legiscan.com/ND/bill/HB1255/2025
ND,1915326,,A BILL for an Act to provide an appropriation to the parks and recreation department for a walking trail recreation grant.,A BILL for an Act to provide an appropriation to the parks and recreation department for a walking trail recreation grant.,1,2025-01-13,https://legiscan.com/ND/bill/HB1256/2025
ND,1915565,,The organizational session of the legislative assembly.,"A BILL for an Act to amend and reenact sections 54-03.1-02 and 54-03.1-03 of the North Dakota Century Code, relating to the organizational session of the legislative assembly.",2,2025-02-25,https://legiscan.com/ND/bill/HB1257/2025
ND,1915285,,Energy conversion and transmission facility siting; and to provide for retroactive application.,"AN ACT to amend and reenact subsection 2 of section 49-22-16 of the of the North Dakota Century Code, relating to energy conversion and transmission facility siting; and to provide for retroactive application.",4,2025-04-18,https://legiscan.com/ND/bill/HB1258/2025
ND,1915370,,Daylight saving time; and to provide a contingent effective date.,"A BILL for an Act to create and enact a new section to chapter 1-08 of the North Dakota Century Code, relating to requiring the state to observe daylight saving time year round; to repeal section 40-01-20 of the North Dakota Century Code, relating to daylight saving time; and to provide a contingent effective date.",2,2025-01-29,https://legiscan.com/ND/bill/HB1259/2025
ND,1915954,,Nonresident deer bow licenses.,"AN ACT to amend and reenact subsection 10 of section 20.1-03-11 of the North Dakota Century Code, relating to nonresident deer bow licenses.",4,2025-04-11,https://legiscan.com/ND/bill/HB1260/2025
ND,1916401,,Special education strategist credentials.,"AN ACT to repeal sections 15.1-18-05 and 15.1-18-06 of the North Dakota Century Code, relating to special education strategist credentials.",4,2025-03-18,https://legiscan.com/ND/bill/HB1261/2025
ND,1916207,,Guardians of incapacitated persons.,"A BILL for an Act to amend and reenact section 30.1-28-04 of the North Dakota Century Code, relating to guardians of incapacitated persons.",1,2025-01-13,https://legiscan.com/ND/bill/HB1262/2025
ND,1915962,,Hearings on petitions to seal a criminal record.,"AN ACT to amend and reenact section 12-60.1-04 of the North Dakota Century Code, relating to hearings on petitions to seal a criminal record.",4,2025-04-18,https://legiscan.com/ND/bill/HB1263/2025
ND,1916474,,A BILL for an Act to provide an appropriation to the state historical society for improvements at Whitestone Hill state historic site.,A BILL for an Act to provide an appropriation to the state historical society for improvements at Whitestone Hill state historic site.,1,2025-01-13,https://legiscan.com/ND/bill/HB1264/2025
ND,1916131,,"The state information technology research center, advanced technology review committee, compute credits grant program, and advanced technology grant fund.","A BILL for an Act to create and enact a new section to chapter 15-11 and a new chapter to title 54 of the North Dakota Century Code, relating to the state information technology research center, advanced technology review committee, compute credits grant program, and advanced technology grant fund.",2,2025-02-25,https://legiscan.com/ND/bill/HB1265/2025
ND,1915989,,The property tax credit for disabled veterans; and to provide an effective date.,"A BILL for an Act to amend and reenact section 57-02-08.8 of the North Dakota Century Code, relating to the property tax credit for disabled veterans; and to provide an effective date.",2,2025-02-25,https://legiscan.com/ND/bill/HB1266/2025
ND,1916245,,Optometrist licensure.,"AN ACT to amend and reenact sections 43-13-01, 43-13-02, 43-13-05, 43-13-07, 43-13-08, 43-13-13, 43-13-13.2, 43-13-13.3, 43-13-15, 43-13-16, 43-13-17, and 43-13-19 of the North Dakota Century Code, relating to optometrist licensure.",4,2025-03-24,https://legiscan.com/ND/bill/HB1267/2025
ND,1916392,,Mandatory drug testing by human service zones; and to provide an appropriation.,"A BILL for an Act to create and enact a new section to chapter 27-20.3 of the North Dakota Century Code, relating to mandatory drug testing by human service zones; and to provide an appropriation.",2,2025-02-14,https://legiscan.com/ND/bill/HB1268/2025
ND,1916544,,Procurement exemptions and an exemption from forms management requirements for the North Dakota center for distance education.,"AN ACT to amend and reenact sections 54-44.4-02 and 54-44.6-02 of the North Dakota Century Code, relating to procurement exemptions and an exemption from forms management requirements for the North Dakota center for distance education.",4,2025-04-04,https://legiscan.com/ND/bill/HB1269/2025
ND,1916004,,The duties of occupational and professional boards and the receipt by the office of the governor of complaints following licensing decisions of occupational and professional boards; and to provide for a report.,"A BILL for an Act to create and enact a new chapter to title 43 and a new section to chapter 54-07 of the North Dakota Century Code, relating to the duties of occupational and professional boards and the receipt by the office of the governor of complaints following licensing decisions of occupational and professional boards; and to provide for a report.",1,2025-01-13,https://legiscan.com/ND/bill/HB1270/2025
ND,1916094,,Exceptions for providing statements of full consideration.,"A BILL for an Act to amend and reenact subsection 6 of section 11-18-02.2 of the North Dakota Century Code, relating to exceptions for providing statements of full consideration.",1,2025-01-13,https://legiscan.com/ND/bill/HB1271/2025
ND,1916591,,Tenant security deposits.,"A BILL for an Act to create and enact a new section to chapter 47-16 of the North Dakota Century Code, relating to move-in and post move-out inspections of leased property; and to amend and reenact section 47-16-07.1 of the North Dakota Century Code, relating to tenant security deposits.",1,2025-01-13,https://legiscan.com/ND/bill/HB1272/2025
ND,1916175,,"The prohibition of a policy, order, or ordinance that limits free speech.","A BILL for an Act to create and enact a new section to chapter 54-06 of the North Dakota Century Code, relating to the prohibition of a policy, order, or ordinance that limits free speech.",1,2025-01-13,https://legiscan.com/ND/bill/HB1273/2025
ND,1916226,,Membership of the public employees retirement system public safety retirement plan.,"AN ACT to amend and reenact sections 54-52-01, 54-52-02.15, 54-52-06.4, and 54-52-17 of the North Dakota Century Code, relating to membership of the public employees retirement system public safety retirement plan.",4,2025-04-18,https://legiscan.com/ND/bill/HB1274/2025
ND,1916105,,A BILL for an Act to provide an appropriation to the industrial commission for a natural gas distribution infrastructure grant program.,A BILL for an Act to provide an appropriation to the industrial commission for a natural gas distribution infrastructure grant program.,1,2025-01-13,https://legiscan.com/ND/bill/HB1275/2025
ND,1916339,,A public-spirited organization's use of raffle proceeds for a political purpose.,"A BILL for an Act to amend and reenact subsection 1 of section 53-06.1-03 of the North Dakota Century Code, relating to a public-spirited organization's use of raffle proceeds for a political purpose.",1,2025-01-13,https://legiscan.com/ND/bill/HB1276/2025
ND,1916502,,The complaint process of the ethics commission; and to declare an emergency.,"A BILL for an Act to create and enact a new section to chapter 54-03 and two new sections to chapter 54-66 of the North Dakota Century Code, relating to immunity from criminal prosecution and an affirmative defense for individuals voting on legislation, closure of a matter and issuance of guidance by the ethics commission, and the discretionary referral of an investigation to an outside attorney or investigator by the ethics commission's executive director; to amend and reenact sections 12.1-13-02 and 54-66-01, subsection 2 of section 54-66-04, and sections 54-66-12 and 54-66-18 of the North Dakota Century Code, relating to immunity from criminal prosecution when adhering to legislative rules, definitions related to state government ethics, confidential records related to an alleged violation of an ethics law or rule, and conflicts of interest in the legislative assembly; to repeal sections 54-66-05, 54-66-06, 54-66-07, 54-66-08, 54-66-09, and 54-66-10 of the North Dakota Century Code, relating to the complaint process of the ethics commission; and to declare an emergency.",1,2025-01-13,https://legiscan.com/ND/bill/HB1277/2025
ND,1916583,,The management of moneys in the state treasury and a cash management board; to provide a report; and to provide an expiration date.,"AN ACT to create and enact two new sections to chapter 54-11 of the North Dakota Century Code, relating to the management of moneys in the state treasury and a cash management board; to provide a report; and to provide an expiration date.",4,2025-04-11,https://legiscan.com/ND/bill/HB1278/2025
ND,1916237,,The exemption from the coal conversion facilities tax and the imposition of a lignite research tax; to provide an effective date; to provide a contingent effective date; and to provide an expiration date.,"AN ACT to amend and reenact sections 57-60-02, 57-60-02.1, 57-60-02.2, 57-60-14, and 57-61-01 of the North Dakota Century Code, relating to a partial exemption from the coal conversion facilities tax and the imposition of a lignite research tax, allocation of the coal conversion facilities privilege tax and the lignite research tax, and an exemption from the coal severance tax; to repeal section 57-60-02.2 of the North Dakota Century Code, relating to the exemption from the coal conversion facilities tax and the imposition of a lignite research tax; to provide an effective date; to provide a contingent effective date; and to provide an expiration date.",4,2025-05-17,https://legiscan.com/ND/bill/HB1279/2025
ND,1915978,,Maintenance of drainage projects.,"AN ACT to amend and reenact section 61-16.1-45 of the North Dakota Century Code, relating to maintenance of drainage projects.",4,2025-04-18,https://legiscan.com/ND/bill/HB1280/2025
ND,1916299,,"Motor vehicle fuel tax, special fuels tax, and aviation fuel tax refunds for fuels purchased by fire departments; and to provide an effective date.","AN ACT to amend and reenact sections 57-43.1-03.3, 57-43.2-04.5, and 57-43.3-03.1 of the North Dakota Century Code, relating to motor vehicle fuel tax, special fuels tax, and aviation fuel tax refunds for fuels purchased by fire departments; and to provide an effective date.",4,2025-03-18,https://legiscan.com/ND/bill/HB1281/2025
ND,1916492,,Public employee fertility health benefits; to provide for a report to the legislative assembly; to provide for application; and to provide an expiration date.,"A BILL for an Act to create and enact a new section to chapter 54-52.1 of the North Dakota Century Code, relating to public employee fertility health benefits; to provide for a report to the legislative assembly; to provide for application; and to provide an expiration date.",1,2025-01-13,https://legiscan.com/ND/bill/HB1282/2025
ND,1915922,,Diagnostic breast examination and supplemental breast examination cost-sharing restrictions; to provide for a report to the legislative assembly; to provide for application; and to provide an expiration date.,"A BILL for an Act to create and enact a new section to chapter 54-52.1 of the North Dakota Century Code, relating to diagnostic breast examination and supplemental breast examination cost-sharing restrictions; to provide for a report to the legislative assembly; to provide for application; and to provide an expiration date.",2,2025-02-25,https://legiscan.com/ND/bill/HB1283/2025
ND,1916310,,Public employee fertility preservation health benefits; to provide for a report to the legislative assembly; to provide for application; and to provide an expiration date.,"A BILL for an Act to create and enact a new section to chapter 54-52.1 of the North Dakota Century Code, relating to public employee fertility preservation health benefits; to provide for a report to the legislative assembly; to provide for application; and to provide an expiration date.",1,2025-01-13,https://legiscan.com/ND/bill/HB1284/2025
ND,1916461,,A BILL for an Act to provide for state employee compensation adjustments and to provide for an appropriation and transfer to the teachers' fund for retirement for cost-of-living adjustments.,A BILL for an Act to provide for state employee compensation adjustments and to provide for an appropriation and transfer to the teachers' fund for retirement for cost-of-living adjustments.,1,2025-01-13,https://legiscan.com/ND/bill/HB1285/2025
ND,1915930,,Identifying the ultimate and true source of funds; and to provide a penalty.,"A BILL for an Act to create and enact sections 16.1-08.1-09, 16.1-08.1-10, 16.1-08.1-11, and 16.1-08.1-12 of the North Dakota Century Code, relating to reporting the ultimate and true source of funds; to amend and reenact sections 16.1-08.1-01 and 16.1-10-04.1 of the North Dakota Century Code, relating to political advertisements and reporting the ultimate and true sources of funds; to repeal section 16.1-08.1-08 of the North Dakota Century Code, relating to identifying the ultimate and true source of funds; and to provide a penalty.",1,2025-01-13,https://legiscan.com/ND/bill/HB1286/2025
ND,1916566,,Registration of voters.,"A BILL for an Act to create and enact a new section to chapter 16.1-02 of the North Dakota Century Code, relating to registration of voters.",1,2025-01-13,https://legiscan.com/ND/bill/HB1287/2025
ND,1916156,,Review of public school compliance with state law.,"A BILL for an Act to create and enact a new section to chapter 15.1-01 of the North Dakota Century Code, relating to review of public school compliance with state law.",1,2025-01-13,https://legiscan.com/ND/bill/HB1288/2025
ND,1916279,,A partial property tax exemption for residential property used for in-home care services for a qualifying individual; and to provide an effective date.,"A BILL for an Act to create and enact a new subsection to section 57-02-08 of the North Dakota Century Code, relating to a partial property tax exemption for residential property used for in-home care services for a qualifying individual; and to provide an effective date.",1,2025-01-13,https://legiscan.com/ND/bill/HB1289/2025
ND,1916145,,State gaming commission rules on electronic pull tab games and deals at the end of a quarter.,"A BILL for an Act to amend and reenact subsection 4 of section 53-06.1-01.1 of the North Dakota Century Code, relating to state gaming commission rules on electronic pull tab games and deals at the end of a quarter.",1,2025-01-13,https://legiscan.com/ND/bill/HB1290/2025
ND,1916535,,A BILL for an Act to provide for a legislative management study relating to immigration law.,A BILL for an Act to provide for a legislative management study relating to immigration law.,2,2025-02-11,https://legiscan.com/ND/bill/HB1291/2025
ND,1916013,,"Eliminating a carbon dioxide pipelines' owners', operators', or managers' status as a common pipeline carrier.","A BILL for an Act to amend and reenact sections 49-19-01, 49-19-11, and 49-19-19 of the North Dakota Century Code, relating to eliminating a carbon dioxide pipelines' owners', operators', or managers' status as a common pipeline carrier.",1,2025-01-13,https://legiscan.com/ND/bill/HB1292/2025
ND,1916318,,The creation of a burial medallion program for veterans.,"AN ACT to create and enact a new section to chapter 37-18 of the North Dakota Century Code, relating to the creation of a burial medallion program for veterans.",4,2025-03-18,https://legiscan.com/ND/bill/HB1293/2025
ND,1916434,,The amount of fees for a moving violation.,"AN ACT to amend and reenact subsection 2 of section 39-06.1-06 of the North Dakota Century Code, relating to the amount of fees for a moving violation.",4,2025-03-26,https://legiscan.com/ND/bill/HB1294/2025
ND,1916197,,"The carbon dioxide pipeline exemption, payments in lieu of taxes for certain carbon dioxide pipeline property, and the carbon dioxide capture and injection sales tax exemption; and to provide an effective date.","A BILL for an Act to amend and reenact subsection 3 of section 54-35-26 and sections 57-40.2-03.3 and 57-60-06 of the North Dakota Century Code, relating to the evaluation of economic development tax incentives, the carbon dioxide capture and injection use tax exemption, and the ad valorem property tax exemption for carbon dioxide capture equipment used for enhanced oil recovery and secure geologic storage; to repeal sections 57-06-17.1, 57-06-17.2, and 57-39.2-04.14 of the North Dakota Century Code, relating to the carbon dioxide pipeline exemption, payments in lieu of taxes for certain carbon dioxide pipeline property, and the carbon dioxide capture and injection sales tax exemption; and to provide an effective date.",1,2025-01-13,https://legiscan.com/ND/bill/HB1295/2025
ND,1916441,,Producing a license to carry a concealed firearm upon request from a law enforcement officer; and to provide a penalty.,"A BILL for an Act to amend and reenact section 62.1-04-04 of the North Dakota Century Code, relating to producing a license to carry a concealed firearm upon request from a law enforcement officer; and to provide a penalty.",1,2025-01-13,https://legiscan.com/ND/bill/HB1296/2025
ND,1916124,,Home rule powers in counties and cities.,"AN ACT to create and enact a new section to chapter 16.1-01 of the North Dakota Century Code, relating to prohibiting approval voting and ranked-choice voting in elections; and to amend and reenact subsection 7 of section 11-09.1-05 and subsection 9 of section 40-05.1-06 of the North Dakota Century Code, relating to home rule powers in counties and cities.",4,2025-04-18,https://legiscan.com/ND/bill/HB1297/2025
ND,1916517,,"The amount of statutory fees, speed limitations on multilane highways, variable speed limits, alteration of maximum speed limits on state highways, speed zone reduction limitations, and city fines and penalties; to provide for a legislative management report; and to provide a penalty.","AN ACT to amend and reenact sections 39-06.1-06, 39-09-02, 39-09-04, and 39-09-07.1, and subsection 2 of section 40-05-06 of the North Dakota Century Code, relating to the amount of statutory fees, speed limitations on multilane highways, variable speed limits, alteration of maximum speed limits on state highways, speed zone reduction limitations, and city fines and penalties; to provide for a legislative management report; and to provide a penalty.",4,2025-05-17,https://legiscan.com/ND/bill/HB1298/2025
ND,1916412,,When a private person may break into a building to make an arrest.,"AN ACT to amend and reenact section 29-06-22 of the North Dakota Century Code, relating to when a private person may break into a building to make an arrest.",4,2025-03-28,https://legiscan.com/ND/bill/HB1299/2025
ND,1916452,,Legislative term limits.,"A BILL for an Act to create and enact a new section to chapter 54-03 of the North Dakota Century Code, relating to legislative term limits.",2,2025-01-28,https://legiscan.com/ND/bill/HB1300/2025
ND,1916216,,Possession of a firearm while on probation; and to provide for application.,"A BILL for an Act to amend and reenact subsection 3 of section 12.1-32-07 of the North Dakota Century Code, relating to possession of a firearm while on probation; and to provide for application.",1,2025-01-13,https://legiscan.com/ND/bill/HB1301/2025
ND,1916382,,Registration of birth by judicial determination.,"A BILL for an Act to amend and reenact section 23-02.1-15 of the North Dakota Century Code, relating to registration of birth by judicial determination.",1,2025-01-13,https://legiscan.com/ND/bill/HB1302/2025
ND,1916081,,The prohibition of sanctuary city policies and to create the sanctuary compliance fund; to provide a penalty; and to provide a continuing appropriation.,"AN ACT to amend and reenact section 44-08-25 of the North Dakota Century Code, relating to the prohibition of sanctuary city policies and to create the sanctuary compliance fund; to provide a penalty; and to provide a continuing appropriation.",4,2025-04-18,https://legiscan.com/ND/bill/HB1303/2025
ND,1916597,,An exception to the prohibition against gifts for legislator attendance at an out-of-state educational event.,"A BILL for an Act to amend and reenact sections 54-66-01 and 54-66-03 of the North Dakota Century Code, relating to an exception to the prohibition against gifts for legislator attendance at an out-of-state educational event.",1,2025-01-13,https://legiscan.com/ND/bill/HB1304/2025
ND,1915914,,Criminal trespass; and to provide a penalty.,"AN ACT to amend and reenact section 12.1-22-03 and subsection 1 of section 12.1-22-06 of the North Dakota Century Code, relating to criminal trespass; and to provide a penalty.",4,2025-04-18,https://legiscan.com/ND/bill/HB1305/2025
ND,1916072,,Fees assessed for open records requests.,"A BILL for an Act to amend and reenact subsection 2 of section 44-04-18 of the North Dakota Century Code, relating to fees assessed for open records requests.",1,2025-01-13,https://legiscan.com/ND/bill/HB1306/2025
ND,1916553,,Election laws in home rule counties and cities and nominating petition signature thresholds in park districts.,"AN ACT to amend and reenact sections 11-09.1-04, 11-09.1-05, 40-05.1-05, 40-05.1-06, and 40-49-07 of the North Dakota Century Code, relating to election laws in home rule counties and cities and nominating petition signature thresholds in park districts.",4,2025-04-29,https://legiscan.com/ND/bill/HB1307/2025
ND,1916187,,Duties of the human trafficking commission and immunity for reporting human trafficking; to provide a continuing appropriation; and to provide a contingent effective date.,"AN ACT to amend and reenact sections 54-12-33 and 54-12-33.1 of the North Dakota Century Code, relating to duties of the human trafficking commission and immunity for reporting human trafficking; to provide a continuing appropriation; and to provide a contingent effective date.",4,2025-04-29,https://legiscan.com/ND/bill/HB1308/2025
ND,1916044,,"State contracts with certain companies that boycott energy, mining, and production agriculture; and to provide for application.","A BILL for an Act to create and enact a new section to chapter 54-06 of the North Dakota Century Code, relating to state contracts with certain companies that boycott energy, mining, and production agriculture; and to provide for application.",1,2025-01-13,https://legiscan.com/ND/bill/HB1309/2025
ND,1916022,,"Repayment of rewards paid by crimestoppers programs, the fee for crime victim and witness programs, and the court facilities improvement and maintenance fund; and to provide for application.","A BILL for an Act to amend and reenact section 12.1-32-02, subsections 2 and 4 of section 12.1-32-07, sections 12.1-32-08, 29-07-01.1, and 29-26-22, subdivision h of subsection 5 of section 39-08-01, subsection 1 of section 54-12-14, subsection 16 of section 54-23.3-04, and subsection 2 of section 62.1-05-01 of the North Dakota Century Code, relating to the costs of a defendant's prosecution, the cost of a presentence investigation and report, reimbursement of indigent defense costs and expenses, the fee for the indigent defense services application, the court administration fee, and the community service supervision fee; to repeal sections 12.1-32-02.2, 27-01-10, 27-05.2-08, 27-05.2-09, and 27-05.2-10 of the North Dakota Century Code, relating to repayment of rewards paid by crimestoppers programs, the fee for crime victim and witness programs, and the court facilities improvement and maintenance fund; and to provide for application.",1,2025-01-13,https://legiscan.com/ND/bill/HB1310/2025
ND,1915970,,Volunteer emergency responder recruitment and retention.,"AN ACT to provide for a legislative management study, relating to volunteer emergency responder recruitment and retention.",4,2025-03-18,https://legiscan.com/ND/bill/HB1311/2025
ND,1916268,,Election procedures in school district elections.,"A BILL for an Act to amend and reenact sections 15.1-09-02, 15.1-09-08, 15.1-09-17 and 15.1-09-22, subsection 1 of section 15.1-09-30, sections 16.1-04-01, 16.1-07-04, and 16.1-07-05, subsection 1 of section 16.1-07-08, and sections 16.1-07-09, 16.1-13-05, 16.1-15-29, 40-21-02, 40-49-05, 40-49-07, and 40-49-08 of the North Dakota Century Code, relating to school board and park district member elections; and to repeal sections 15.1-09-09, 15.1-09-10, 15.1-09-11, 15.1-09-12, 15.1-09-13, 15.1-09-14, 15.1-09-15, 15.1-09-16, 15.1-09-18, 15.1-09-19, 15.1-09-20, 15.1-09-21, 15.1-09-22, and 15.1-09-24 of the North Dakota Century Code, relating to election procedures in school district elections.",1,2025-01-13,https://legiscan.com/ND/bill/HB1312/2025
ND,1916064,,Sentencing alternatives and the sentencing of a defendant to an addiction treatment program for a violation of driving under the influence; and to provide for application.,"AN ACT to amend and reenact subsection 1 of section 12.1-32-02 and subdivision h of subsection 5 of section 39-08-01 of the North Dakota Century Code, relating to sentencing alternatives and the sentencing of a defendant to an addiction treatment program for a violation of driving under the influence; and to provide for application.",4,2025-03-24,https://legiscan.com/ND/bill/HB1313/2025
ND,1916575,,"Mobile barbershops and the associated fees, inspection rights, and penalties; and to provide a penalty.","AN ACT to create and enact a new section to chapter 43-04 of the North Dakota Century Code, relating to mobile barber shop requirements; to amend and reenact sections 43-04-01, 43-04-42, 43-04-44, and 43-04-45 of the North Dakota Century Code, relating to mobile barbershops and the associated fees, inspection rights, and penalties; and to provide a penalty.",4,2025-04-01,https://legiscan.com/ND/bill/HB1314/2025
ND,1916374,,A BILL for an Act to create and enact a new section to chapter 37-01 of the North Dakota Century Code; relating to the deployment of the North Dakota national guard; and to declare an emergency.,A BILL for an Act to create and enact a new section to chapter 37-01 of the North Dakota Century Code; relating to the deployment of the North Dakota national guard; and to declare an emergency.,1,2025-01-13,https://legiscan.com/ND/bill/HB1315/2025
ND,1916330,,Temporary restricted licenses; and to provide a penalty.,"AN ACT to create and enact two new subsections to section 39-06.1-11 of the North Dakota Century Code, relating to temporary restricted licenses; and to provide a penalty.",4,2025-04-11,https://legiscan.com/ND/bill/HB1316/2025
ND,1916483,,"The board of barber examiners, barber licensing, continuing education, and fees; and to provide a penalty.","AN ACT to create and enact three new sections to chapter 43-04 of the North Dakota Century Code, relating to restricted, temporary, and retired barber licenses; to amend and reenact sections 43-04-01, 43-04-04, 43-04-06, 43-04-30, 43-04-30.1, 43-04-32, and 43-04-42 of the North Dakota Century Code, relating to the board of barber examiners, barber licensing, continuing education, and fees; and to provide a penalty.",4,2025-04-18,https://legiscan.com/ND/bill/HB1317/2025
ND,1916289,,Pesticide labeling.,"AN ACT to create and enact a new section to chapter 28-01.3 of the North Dakota Century Code, relating to pesticide labeling.",4,2025-04-24,https://legiscan.com/ND/bill/HB1318/2025
ND,1916054,,A legacy fund disclosure website.,"AN ACT to create and enact a new section to chapter 21-10 of the North Dakota Century Code, relating to a legacy fund disclosure website.",4,2025-04-11,https://legiscan.com/ND/bill/HB1319/2025
ND,1916032,,Prohibiting deepfake videos and images; and to provide a penalty.,"A BILL for an Act to create and enact a new section to chapter 12.1-31 of the North Dakota Century Code, relating to prohibiting deepfake videos and images; and to provide a penalty.",1,2025-01-13,https://legiscan.com/ND/bill/HB1320/2025
ND,1916527,,Medical marijuana limitations.,"A BILL for an Act to amend and reenact subsection 3 of section 19-24.1-01, section 19-24.1-11, and subdivision a of subsection 2 of section 19-24.1-16 of the North Dakota Century Code, relating to medical marijuana limitations.",1,2025-01-13,https://legiscan.com/ND/bill/HB1321/2025
ND,1916637,,Emergency medical services communication; to provide for a legislative management study; and to provide an appropriation.,"AN ACT to create and enact a new section to chapter 23-27 and a new section to chapter 26.1-47 of the North Dakota Century Code, relating to ambulance service balanced billing and provider reimbursement; to amend and reenact section 23-27-04.8 of the North Dakota Century Code, relating to emergency medical services communication; to provide for a legislative management study; and to provide an appropriation.",4,2025-04-29,https://legiscan.com/ND/bill/HB1322/2025
ND,1916674,,Reimbursement of members of the legislative assembly; and to provide for retroactive application.,"A BILL for an Act to amend and reenact section 54-03-20 of the North Dakota Century Code, relating to reimbursement of members of the legislative assembly; and to provide for retroactive application.",1,2025-01-13,https://legiscan.com/ND/bill/HB1323/2025
ND,1916840,,An income tax deduction for cash and noncash tips received by a food or beverage service establishment employee; and to provide an effective date.,"A BILL for an Act to create and enact a new subdivision to subsection 2 of section 57-38-30.3 of the North Dakota Century Code, relating to an income tax deduction for cash and noncash tips received by a food or beverage service establishment employee; and to provide an effective date.",1,2025-01-13,https://legiscan.com/ND/bill/HB1324/2025
ND,1916662,,Positive detections of chronic wasting disease.,"A BILL for an Act to amend and reenact section 20.1-02-04 of the North Dakota Century Code, relating to positive detections of chronic wasting disease.",1,2025-01-13,https://legiscan.com/ND/bill/HB1325/2025
ND,1916779,,Self-defense and the unlawful possession of a firearm; and to provide a penalty.,"A BILL for an Act to amend and reenact section 12.1-05-03 of the North Dakota Century Code, relating to self-defense and the unlawful possession of a firearm; and to provide a penalty.",2,2025-02-25,https://legiscan.com/ND/bill/HB1326/2025
ND,1916855,,Special plates for amateur radio station licenseholders.,"AN ACT to amend and reenact section 39-04-10 of the North Dakota Century Code, relating to special plates for amateur radio station licenseholders.",4,2025-03-24,https://legiscan.com/ND/bill/HB1327/2025
ND,1916846,,Delinquency referrals to juvenile court.,"AN ACT to amend and reenact section 27-20.4-05.1 of the North Dakota Century Code, relating to delinquency referrals to juvenile court.",4,2025-03-21,https://legiscan.com/ND/bill/HB1328/2025
ND,1916695,,AN ACT to provide for a legislative management study regarding the establishment of a government spending database.,AN ACT to provide for a legislative management study regarding the establishment of a government spending database.,4,2025-04-29,https://legiscan.com/ND/bill/HB1329/2025
ND,1916809,,The prudent investor rule.,"A BILL for an Act to amend and reenact section 21-10-07.1 of the North Dakota Century Code, relating to the prudent investor rule.",2,2025-02-17,https://legiscan.com/ND/bill/HB1330/2025
ND,1916820,,AN ACT to provide an appropriation to the North Dakota state college of science; and to declare an emergency.,AN ACT to provide an appropriation to the North Dakota state college of science; and to declare an emergency.,4,2025-03-28,https://legiscan.com/ND/bill/HB1331/2025
ND,1916714,,A value-added agriculture facility incentive program; to provide for a transfer; to provide an expiration date; and to declare an emergency.,"AN ACT to amend and reenact section 4.1-01.1-07 of the North Dakota Century Code, relating to a value-added agriculture facility incentive program; to provide for a transfer; to provide an expiration date; and to declare an emergency.",4,2025-04-29,https://legiscan.com/ND/bill/HB1332/2025
ND,1916828,,The duration of a student's school lunch break.,"A BILL for an Act to create and enact a new section to chapter 15.1-19 of the North Dakota Century Code, relating to the duration of a student's school lunch break.",1,2025-01-13,https://legiscan.com/ND/bill/HB1333/2025
ND,1916705,,Designating rhubarb as the official state vegetable.,"AN ACT to create and enact a new section to chapter 54-02 of the North Dakota Century Code, relating to designating rhubarb as the official state vegetable.",4,2025-03-18,https://legiscan.com/ND/bill/HB1334/2025
ND,1916670,,The homestead tax credit; and to provide an effective date.,"A BILL for an Act to amend and reenact subsection 1 of section 57-02-08.1 of the North Dakota Century Code, relating to the homestead tax credit; and to provide an effective date.",1,2025-01-13,https://legiscan.com/ND/bill/HB1335/2025
ND,1916693,,Orders prohibiting contact and use of orders prohibiting contact as an alternative to sentencing.,"AN ACT to amend and reenact section 12.1-31.2-02, subsection 1 of section 12.1-32-02, and subdivision h of subsection 5 of section 39-08-01 of the North Dakota Century Code, relating to orders prohibiting contact and use of orders prohibiting contact as an alternative to sentencing.",4,2025-03-24,https://legiscan.com/ND/bill/HB1336/2025
ND,1916852,,A BILL for an Act to provide an appropriation to the department of health and human services for mental health services for incarcerated individuals; and to provide for a report.,A BILL for an Act to provide an appropriation to the department of health and human services for mental health services for incarcerated individuals; and to provide for a report.,1,2025-01-13,https://legiscan.com/ND/bill/HB1337/2025
ND,1916894,,A determination by the department of health and human services of an individual's military status in child abuse and neglect assessments.,"AN ACT to create and enact a new subsection to section 50-25.1-05 of the North Dakota Century Code, relating to a determination by the department of health and human services of an individual's military status in child abuse and neglect assessments.",4,2025-03-21,https://legiscan.com/ND/bill/HB1338/2025
ND,1916848,,Licensed ambulance services exempt from formation of rural ambulance service district requirements.,"A BILL for an Act to amend and reenact subsection 2 of section 23-27-07 of the North Dakota Century Code, relating to licensed ambulance services exempt from formation of rural ambulance service district requirements.",1,2025-01-13,https://legiscan.com/ND/bill/HB1339/2025
ND,1916800,,Motor vehicle window tint.,"AN ACT to amend and reenact subsection 4 of section 39-21-39 of the North Dakota Century Code, relating to motor vehicle window tint.",4,2025-03-24,https://legiscan.com/ND/bill/HB1340/2025
ND,1916651,,Simple assault; and to provide a penalty.,"AN ACT to amend and reenact section 12.1-17-01 of the North Dakota Century Code, relating to simple assault; and to provide a penalty.",4,2025-04-18,https://legiscan.com/ND/bill/HB1341/2025
ND,1916769,,The authorized sale of electronic gaming devices by manufacturers and live or simulcast horse racing.,"A BILL for an Act to amend and reenact section 53-06.1-14, subsection 11 of section 53-06.2-01, and sections 53-06.2-07 and 53-06.2-10 of the North Dakota Century Code, relating to the authorized sale of electronic gaming devices by manufacturers and live or simulcast horse racing.",1,2025-01-13,https://legiscan.com/ND/bill/HB1342/2025
ND,1916871,,"The homestead exemption, declaration of a homestead, and the contents of a tax lien.","A BILL for an Act to create and enact a new section to chapter 57-28, relating to the priority of liens; to amend and reenact sections 47-18-01, 47-18-04, 47-18-18, and 57-28-03 of the North Dakota Century Code, relating to the homestead exemption, declaration of a homestead, and the contents of a tax lien.",1,2025-01-13,https://legiscan.com/ND/bill/HB1343/2025
ND,1916782,,Use of local jails or correctional facilities for inmates sentenced to the physical custody of the department of corrections and rehabilitation.,"AN ACT to create and enact a new section to chapter 54-23.3 of the North Dakota Century Code, relating to use of local jails or correctional facilities for inmates sentenced to the physical custody of the department of corrections and rehabilitation.",4,2025-03-28,https://legiscan.com/ND/bill/HB1344/2025
ND,1916869,,Passenger motor vehicle registration; and to provide an effective date.,"AN ACT to amend and reenact subdivision a of subsection 2 of section 39-04-19 of the North Dakota Century Code, relating to passenger motor vehicle registration; and to provide an effective date.",4,2025-04-04,https://legiscan.com/ND/bill/HB1345/2025
ND,1916789,,The regulation of the operation of off-highway vehicles and political subdivision rules regulating off-highway vehicles; and to provide a penalty.,"AN ACT to amend and reenact section 39-29-01, subsection 4 of section 39-29-08, and section 39-29-12 of the North Dakota Century Code, relating to the regulation of the operation of off-highway vehicles and political subdivision rules regulating off-highway vehicles; and to provide a penalty.",4,2025-04-01,https://legiscan.com/ND/bill/HB1346/2025
ND,1916731,,District court supervised treatment programs approved by the supreme court.,"AN ACT to create and enact a new section to chapter 27-05 of the North Dakota Century Code, relating to district court supervised treatment programs approved by the supreme court.",4,2025-03-28,https://legiscan.com/ND/bill/HB1347/2025
ND,1916655,,An incentive compensation plan for the state retirement and investment office.,"A BILL for an Act to amend and reenact section 54-44.3-20 of the North Dakota Century Code, relating to exemptions from the employee classification system; and to repeal section 54-52.5-04 of the North Dakota Century Code, relating to an incentive compensation plan for the state retirement and investment office.",1,2025-01-13,https://legiscan.com/ND/bill/HB1348/2025
ND,1916723,,Liability limits for health care malpractice actions or claims.,"A BILL for an Act to amend and reenact section 32-42-02 of the North Dakota Century Code, relating to liability limits for health care malpractice actions or claims.",1,2025-01-13,https://legiscan.com/ND/bill/HB1349/2025
ND,1916806,,Dangerous weapons.,"A BILL for an Act to amend and reenact subsection 1 of section 62.1-01-01 of the North Dakota Century Code, relating to dangerous weapons.",1,2025-01-13,https://legiscan.com/ND/bill/HB1350/2025
ND,1916832,,Sexually expressive images; and to provide a penalty.,"AN ACT to amend and reenact subsection 13 of section 12.1-27.1-01 and section 12.1-27.1-03.3 of the North Dakota Century Code, relating to sexually expressive images; and to provide a penalty.",4,2025-04-23,https://legiscan.com/ND/bill/HB1351/2025
ND,1916657,,Possession of firearms or dangerous weapons at a church or place of worship.,"A BILL for an Act to amend and reenact section 62.1-02-05 of the North Dakota Century Code, relating to possession of firearms or dangerous weapons at a church or place of worship.",1,2025-01-13,https://legiscan.com/ND/bill/HB1352/2025
ND,1916888,,Limitations on property tax levies by taxing districts without voter approval; and to provide an effective date.,"A BILL for an Act to create and enact a new section to chapter 57-15 of the North Dakota Century Code, relating to limitations on property tax levies by taxing districts without voter approval; and to provide an effective date.",1,2025-01-13,https://legiscan.com/ND/bill/HB1353/2025
ND,1916792,,"The definitions of agency and evaluation, an exemption from appraisal permit requirements, and the standards of professional appraisal practice.","AN ACT to create and enact a new section to chapter 43-23.3 of the North Dakota Century Code, relating to evaluations conducted by appraisers; and to amend and reenact sections 43-23.3-01, 43-23.3-04, and 43-23.3-18 of the North Dakota Century Code, relating to the definitions of agency and evaluation, an exemption from appraisal permit requirements, and the standards of professional appraisal practice.",4,2025-04-18,https://legiscan.com/ND/bill/HB1354/2025
ND,1916766,,The required abbreviated notice for administrative rulemaking.,"AN ACT to amend and reenact subdivision b of subsection 1 of section 28-32-10 of the North Dakota Century Code, relating to the required abbreviated notice for administrative rulemaking.",4,2025-04-18,https://legiscan.com/ND/bill/HB1355/2025
ND,1916771,,Access to requests to the legislative council made by members of the legislative assembly.,"A BILL for an Act to create and enact a new section to chapter 54-03 of the North Dakota Century Code, relating to access to requests to the legislative council made by members of the legislative assembly.",1,2025-01-13,https://legiscan.com/ND/bill/HB1356/2025
ND,1916718,,Protection of student data and data sharing agreements; and to provide an effective date.,"AN ACT to amend and reenact subsection 1 of section 15.1-06-06, and sections 15.1-07-25.3 and 15.1-07-33 of the North Dakota Century Code, relating to protection of student data and data sharing agreements; and to provide an effective date.",4,2025-03-18,https://legiscan.com/ND/bill/HB1357/2025
ND,1916688,,Authorization of public charter schools.,"A BILL for an Act to create and enact a new chapter to title 15.1 of the North Dakota Century Code, relating to authorization of public charter schools.",1,2025-01-13,https://legiscan.com/ND/bill/HB1358/2025
ND,1916911,,A prohibition on preferred automobile repair shops.,"A BILL for an Act to create and enact a new section to chapter 26.1-40 of the North Dakota Century Code, relating to a prohibition on preferred automobile repair shops.",1,2025-01-13,https://legiscan.com/ND/bill/HB1359/2025
ND,1916668,,Complaints filed with the North Dakota ethics commission.,"A BILL for an Act to amend and reenact section 54-66-01, subsection 2 of section 54-66-04, and sections 54-66-05, 54-66-08, 54-66-10, and 54-66-12 of the North Dakota Century Code, relating to the enforcement process for the North Dakota ethics commission; and to repeal sections 54-66-06, 54-66-07, and 54-66-09 of the North Dakota Century Code, relating to complaints filed with the North Dakota ethics commission.",1,2025-01-13,https://legiscan.com/ND/bill/HB1360/2025
ND,1916642,,Mandatory minimum sentences for human trafficking offenders; and to provide a penalty.,"AN ACT to create and enact a new section to chapter 12.1-41 of the North Dakota Century Code, relating to mandatory minimum sentences for human trafficking offenders; and to provide a penalty.",4,2025-04-23,https://legiscan.com/ND/bill/HB1361/2025
ND,1916632,,A housing development loan fund; to provide an appropriation; to provide a continuing appropriation; to provide for a transfer; to provide an expiration date; and to declare an emergency.,"A BILL for an Act to create and enact a new section to chapter 6-09 of the North Dakota Century Code, relating to a housing development loan fund; to provide an appropriation; to provide a continuing appropriation; to provide for a transfer; to provide an expiration date; and to declare an emergency.",1,2025-01-13,https://legiscan.com/ND/bill/HB1362/2025
ND,1916834,,Cardiac emergency response plans for public and nonpublic schools and athletic events.,"AN ACT to create and enact a new section to chapter 15.1-02 of the North Dakota Century Code, relating to cardiac emergency response plans for public and nonpublic schools and athletic events.",4,2025-05-02,https://legiscan.com/ND/bill/HB1363/2025
ND,1916685,,"The partial suspension of sentence for drug court program, mental health court program, or veterans treatment docket completion.","AN ACT to amend and reenact subsection 3 of section 39-08-01.5 of the North Dakota Century Code, relating to the partial suspension of sentence for drug court program, mental health court program, or veterans treatment docket completion.",4,2025-04-11,https://legiscan.com/ND/bill/HB1364/2025
ND,1916702,,Possession of firearms or dangerous weapons at a public gathering.,"A BILL for an Act to create and enact a new section to chapter 62.1-02 of the North Dakota Century Code, relating to possession of firearms or dangerous weapons at a publicly owned or operated building; and to amend and reenact section 62.1-02-05 of the North Dakota Century Code, relating to possession of firearms or dangerous weapons at a public gathering.",1,2025-01-13,https://legiscan.com/ND/bill/HB1365/2025
ND,1916728,,"Speeding violations, city fines, and nonpayment of fines; and to provide a penalty.","A BILL for an Act to amend and reenact sections 39-06.1-06, 40-05-06, and 40-11-12 of the North Dakota Century Code, relating to speeding violations, city fines, and nonpayment of fines; and to provide a penalty.",1,2025-01-13,https://legiscan.com/ND/bill/HB1366/2025
ND,1916679,,Drug crime penalties and drug paraphernalia possession; and to provide a penalty.,"AN ACT to amend and reenact subsection 7 of section 19-03.1-23 and subsection 1 of section 19-03.4-03 of the North Dakota Century Code, relating to drug crime penalties and drug paraphernalia possession; and to provide a penalty.",4,2025-04-08,https://legiscan.com/ND/bill/HB1367/2025
ND,1916700,,The authority of the administrative rules committee to void an administrative rule.,"A BILL for an Act to amend and reenact subsection 1 of section 28-32-18 of the North Dakota Century Code, relating to the authority of the administrative rules committee to void an administrative rule.",2,2025-02-06,https://legiscan.com/ND/bill/HB1368/2025
ND,1916851,,"The determination of state aid, boarding care costs, the coal development trust fund, the school construction assistance revolving loan fund, public improvement construction, bonds from contractors for public improvements, and school district levies; and to provide an effective date.","AN ACT to amend and reenact sections 15.1-27-04.1, 15.1-32-19, 15.1-36-02, 48-01.2-02.1, 48-01.2-10, and 57-15-14.2 of the North Dakota Century Code, and section 15.1-36-08 as amended by section 1 of Senate Bill No. 2149, as approved by the sixty-ninth legislative assembly, relating to the determination of state aid, boarding care costs, the coal development trust fund, the school construction assistance revolving loan fund, public improvement construction, bonds from contractors for public improvements, and school district levies; and to provide an effective date.",4,2025-05-17,https://legiscan.com/ND/bill/HB1369/2025
ND,1916885,,Onsite screening tests and administrative hearings for refusing to submit to a chemical test.,"A BILL for an Act to amend and reenact subsection 3 of section 39-20-05 and section 39-20-14 of the North Dakota Century Code, relating to onsite screening tests and administrative hearings for refusing to submit to a chemical test.",1,2025-01-13,https://legiscan.com/ND/bill/HB1370/2025
ND,1916914,,AN ACT to provide for a legislative management study relating to providing uniform group insurance program health insurance benefits coverage for retired peace officers.,AN ACT to provide for a legislative management study relating to providing uniform group insurance program health insurance benefits coverage for retired peace officers.,4,2025-04-04,https://legiscan.com/ND/bill/HB1371/2025
ND,1916743,,Litigation financing; to provide a penalty; and to provide for application.,"A BILL for an Act to create and enact a new chapter to title 13 of the North Dakota Century Code, relating to litigation financing; to provide a penalty; and to provide for application.",1,2025-01-13,https://legiscan.com/ND/bill/HB1372/2025
ND,1916883,,"The definition of human being and person as the terms relate to the offenses of murder and assault, and civil actions for death caused by wrongful acts.","A BILL for an Act to create and enact a new section to chapter 12.1-16, a new section to chapter 12.1-17, and two new sections to chapter 32-21 of the North Dakota Century Code, relating to the definition of human being and person as the terms relate to the offenses of murder and assault, and civil actions for death caused by wrongful acts.",1,2025-01-13,https://legiscan.com/ND/bill/HB1373/2025
ND,1916741,,An open meeting exemption for a board of township supervisors when conducting an onsite inspection.,"AN ACT to create and enact a new section to chapter 44-04 and a new section to chapter 58-03 of the North Dakota Century Code, relating to an open meeting exemption for a board of township supervisors when conducting an onsite inspection.",4,2025-04-18,https://legiscan.com/ND/bill/HB1374/2025
ND,1916794,,The time frame to file a complaint against a licensed retailer of alcoholic beverages; and to provide a penalty.,"AN ACT to create and enact a new section to chapter 5-02 of the North Dakota Century Code, relating to a licensed premises serving alcohol and refusal to furnish a photo identification; to amend and reenact section 5-02-10 of the North Dakota Century Code, relating to the time frame to file a complaint against a licensed retailer of alcoholic beverages; and to provide a penalty.",4,2025-04-18,https://legiscan.com/ND/bill/HB1375/2025
ND,1916645,,Cardiopulmonary resuscitation training for high school students.,"A BILL for an Act to create and enact a new section to chapter 15.1-19 of the North Dakota Century Code, relating to cardiopulmonary resuscitation training for high school students.",1,2025-01-13,https://legiscan.com/ND/bill/HB1376/2025
ND,1916862,,Campaign disclosure statements; to provide a penalty; to provide for application; and to provide an effective date.,"A BILL for an Act to create and enact chapter 16.1-08.2 of the North Dakota Century Code, relating to campaign disclosure statements; to amend and reenact sections 15.1-09-08, 15.1-09-19, and 16.1-01-12, subdivision b of subsection 2 of section 16.1-10-02, section 16.1-10-04.1, subdivision f of subsection 8 of section 51-28-01, subsection 11 of section 54-66-01, and section 54-66-02 of the North Dakota Century Code, relating to campaign disclosure statements, authorized use of state property for political purposes, and inflationary adjustments for campaign finance reporting thresholds; to repeal chapter 16.1-08.1 of the North Dakota Century Code, relating to campaign disclosure statements; to provide a penalty; to provide for application; and to provide an effective date.",2,2025-01-24,https://legiscan.com/ND/bill/HB1377/2025
ND,1916665,,Definitions for escrow accounts; to provide a penalty; and to provide for application.,"A BILL for an Act to create and enact three new sections to chapter 47-10.2 of the North Dakota Century Code, relating to the payment of interest on escrow accounts for residential mortgages; to amend and reenact section 47-10.2-01 of the North Dakota Century Code, relating to definitions for escrow accounts; to provide a penalty; and to provide for application.",1,2025-01-13,https://legiscan.com/ND/bill/HB1378/2025
ND,1916746,,A personal and corporate income tax adjustment for capital gains from the sale of bullion; and to provide an effective date.,"A BILL for an Act to create and enact a new subdivision to subsection 1 of section 57-38-01.3 and a new subdivision to subsection 2 of section 57-38-30.3 of the North Dakota Century Code, relating to a personal and corporate income tax adjustment for capital gains from the sale of bullion; and to provide an effective date.",2,2025-02-07,https://legiscan.com/ND/bill/HB1379/2025
ND,1916756,,The publication of proceedings of a board of county commissioners.,"A BILL for an Act to amend and reenact section 11-11-37 of the North Dakota Century Code, relating to the publication of proceedings of a board of county commissioners.",1,2025-01-13,https://legiscan.com/ND/bill/HB1380/2025
ND,1916823,,The determination of state aid.,"A BILL for an Act to amend and reenact section 15.1-27-04.1 of the North Dakota Century Code, relating to the determination of state aid.",2,2025-02-25,https://legiscan.com/ND/bill/HB1381/2025
ND,1916903,,"The electric and plug-in hybrid vehicle road use fee, the tax imposed on motor vehicle and special fuels, and the highway tax distribution fund; and to provide an effective date.","A BILL for an Act to create and enact a new section to chapter 54-27 of the North Dakota Century Code, relating to the creation of the city, county, and township road fund; to amend and reenact subsection 1 of section 39-04-19.2, section 54-27-19, subsection 1 of section 57-43.1-02, and subsection 1 of section 57-43.2-02 of the North Dakota Century Code, relating to the electric and plug-in hybrid vehicle road use fee, the tax imposed on motor vehicle and special fuels, and the highway tax distribution fund; and to provide an effective date.",2,2025-02-20,https://legiscan.com/ND/bill/HB1382/2025
ND,1916817,,A property tax exemption for certain agricultural land upon which an easement has been granted to the United States; and to provide an effective date.,"A BILL for an Act to amend and reenact section 57-02-10 of the North Dakota Century Code, relating to a property tax exemption for certain agricultural land upon which an easement has been granted to the United States; and to provide an effective date.",1,2025-01-13,https://legiscan.com/ND/bill/HB1383/2025
ND,1916751,,The election of a full-time county auditor.,"A BILL for an Act to amend and reenact section 11-10-02 of the North Dakota Century Code, relating to the election of a full-time county auditor.",1,2025-01-13,https://legiscan.com/ND/bill/HB1384/2025
ND,1916649,,Deadlines for permits issued by the department of water resources.,"A BILL for an Act to amend and reenact section 61-16.1-38, subsection 1 of section 61-16.1-53.1, section 61-32-03, and subsection 1 of section 61-32-08 of the North Dakota Century Code, relating to deadlines for permits issued by the department of water resources.",1,2025-01-13,https://legiscan.com/ND/bill/HB1385/2025
ND,1916725,,A prohibition on possessing certain computer-generated images; and to provide a penalty.,"AN ACT to amend and reenact sections 12.1-27.2-01 and 12.1-27.2-04.1 of the North Dakota Century Code, relating to a prohibition on possessing certain computer-generated images; and to provide a penalty.",4,2025-04-23,https://legiscan.com/ND/bill/HB1386/2025
ND,1916754,,School closures on election days if schools are used as polling places.,"A BILL for an Act to amend and reenact section 15.1-06-02 of the North Dakota Century Code, relating to school closures on election days if schools are used as polling places.",2,2025-02-04,https://legiscan.com/ND/bill/HB1387/2025
ND,1916777,,The marriage penalty credit; and to provide an effective date.,"A BILL for an Act to amend and reenact subsections 1 and 7 of section 57-38-30.3 of the North Dakota Century Code, relating to income tax rates for individuals, estates, and trusts and the marriage penalty credit; to repeal section 57-38-01.28 of the North Dakota Century Code, relating to the marriage penalty credit; and to provide an effective date.",2,2025-02-25,https://legiscan.com/ND/bill/HB1388/2025
ND,1916875,,"Infrastructure fees levied by cities and counties, and the exemption of infrastructure fees from levy limitations.","A BILL for an Act to amend and reenact sections 11-11-55.1, 40-22-01.3, and 57-15-41 of the North Dakota Century Code, relating to infrastructure fees levied by cities and counties, and the exemption of infrastructure fees from levy limitations.",2,2025-02-13,https://legiscan.com/ND/bill/HB1389/2025
ND,1916815,,The homestead credit and disabled veterans' credit; to provide an effective date; and to declare an emergency.,"A BILL for an Act to amend and reenact subdivision b of subsection 4 of section 15.1-27-04.1, subsection 26 of section 57-02-08, sections 57-02-08.3, 57-02-08.9, 57-02-08.10, and 57-02-11.1, subsection 1 of section 57-23-06, and section 57-55-10 of the North Dakota Century Code, relating to the determination of state school aid, the primary residence credit, and removal of the homestead and disabled veterans' credit; to repeal sections 57-02-08.1, 57-02-08.2, and 57-02-08.8 of the North Dakota Century Code, relating to the homestead credit and disabled veterans' credit; to provide an effective date; and to declare an emergency.",1,2025-01-13,https://legiscan.com/ND/bill/HB1390/2025
ND,1916906,,Creating a new status related to human rights and antidiscrimination policies; and to provide an appropriation.,"A BILL for an Act to create and enact a new section to chapter 14-02.4 of the North Dakota Century Code, relating to health status exceptions for health care facilities; to amend and reenact sections 14-02.4-01, 14-02.4-02, 14-02.4-03, 14-02.4-04, 14-02.4-05, 14-02.4-06, 14-02.4-08, and 14-02.4-09, subsection 1 of section 14-02.4-14, subsection 1 of section 14-02.4-15, and sections 14-02.4-16 and 14-02.4-17 of the North Dakota Century Code, relating to creating a new status related to human rights and antidiscrimination policies; and to provide an appropriation.",2,2025-02-25,https://legiscan.com/ND/bill/HB1391/2025
ND,1916760,,Number plates; and to provide a penalty.,"A BILL for an Act to create and enact a new subdivision to subsection 2 of section 39-06.1-06 of the North Dakota Century Code, relating to the amount of statutory fees; to amend and reenact sections 39-04-08 and 39-04-11 of the North Dakota Century Code, relating to number plates; and to provide a penalty.",1,2025-01-13,https://legiscan.com/ND/bill/HB1392/2025
ND,1916825,,Earned wage access providers; and to provide a penalty.,"A BILL for an Act to create and enact a new chapter to title 13 of the North Dakota Century Code, relating to earned wage access providers; and to provide a penalty.",2,2025-02-18,https://legiscan.com/ND/bill/HB1393/2025
ND,1916677,,The licensing of emergency medical services operations.,"AN ACT to amend and reenact sections 23-27-01 and 23-27-02 of the North Dakota Century Code, relating to the licensing of emergency medical services operations.",4,2025-03-28,https://legiscan.com/ND/bill/HB1394/2025
ND,1916811,,Landlords and criminal background checks.,"A BILL for an Act to create and enact a new section to chapter 47-16 of the North Dakota Century Code, relating to landlords and criminal background checks.",2,2025-02-21,https://legiscan.com/ND/bill/HB1395/2025
ND,1916683,,Maintenance of drainage projects.,"A BILL for an Act to amend and reenact section 61-16.1-45 of the North Dakota Century Code, relating to maintenance of drainage projects.",1,2025-01-13,https://legiscan.com/ND/bill/HB1396/2025
ND,1916797,,The designation of the state waltz and state troubadour; and to provide for application.,"AN ACT to create and enact a new section to chapter 54-02 and a new section to chapter 54-54 of the North Dakota Century Code, relating to the designation of the state waltz and state troubadour; and to provide for application.",4,2025-03-18,https://legiscan.com/ND/bill/HB1397/2025
ND,1916634,,The publication of an abstract of annual statement.,"AN ACT to amend and reenact section 26.1-03-10 of the North Dakota Century Code, relating to the publication of an abstract of annual statement.",4,2025-04-08,https://legiscan.com/ND/bill/HB1398/2025
ND,1916837,,Compensation and mileage and travel expenses for witnesses.,"A BILL for an Act to amend and reenact section 31-01-16 of the North Dakota Century Code, relating to compensation and mileage and travel expenses for witnesses.",1,2025-01-13,https://legiscan.com/ND/bill/HB1399/2025
ND,1916711,,"The federal environmental law impact review fund, the environmental impact mitigation fund, and mitigating environmental impacts; and to declare an emergency.","AN ACT to create and enact a new section to chapter 4.1-01 of the North Dakota Century Code, relating to conservation easements and leaseholds; and to amend and reenact sections 4.1-01-21, 4.1-01-21.1, and 49-22-09.2 of the North Dakota Century Code, relating to the federal environmental law impact review fund, the environmental impact mitigation fund, and mitigating environmental impacts; and to declare an emergency.",4,2025-04-01,https://legiscan.com/ND/bill/HB1400/2025
ND,1916774,,The transfer of real property by exclusive and nonexclusive listing agreements.,"AN ACT to amend and reenact section 40-11-04.2 of the North Dakota Century Code, relating to the transfer of real property by exclusive and nonexclusive listing agreements.",4,2025-04-01,https://legiscan.com/ND/bill/HB1401/2025
ND,1916720,,State surplus motor vehicles.,"A BILL for an Act to amend and reenact subsection 3 of section 54-44-04.6 of the North Dakota Century Code, relating to state surplus motor vehicles.",1,2025-01-13,https://legiscan.com/ND/bill/HB1402/2025
ND,1916647,,The designation of Prisoner of War and Missing in Action Day as a state holiday.,"AN ACT to create and enact a new section to chapter 1-03 of the North Dakota Century Code, relating to the designation of Prisoner of War and Missing in Action Day as a state holiday.",4,2025-03-18,https://legiscan.com/ND/bill/HB1403/2025
ND,1916802,,Requirements to qualify for the North Dakota scholarship.,"AN ACT to amend and reenact subsection 6 of section 15.1-21-02.10 of the North Dakota Century Code, relating to requirements to qualify for the North Dakota scholarship.",4,2025-04-18,https://legiscan.com/ND/bill/HB1404/2025
ND,1916660,,Service of summons and time limitations for serving an answer to a claim.,"A BILL for an Act to create and enact a new section to chapter 28-01 of the North Dakota Century Code, relating to service of summons and time limitations for serving an answer to a claim.",1,2025-01-13,https://legiscan.com/ND/bill/HB1405/2025
ND,1916891,,The introduction of bills prepared by executive branch agencies and the judicial branch.,"A BILL for an Act to create and enact a new section to chapter 54-03 of the North Dakota Century Code, relating to the introduction of bills prepared by executive branch agencies and the judicial branch.",1,2025-01-13,https://legiscan.com/ND/bill/HB1406/2025
ND,1916843,,Weight limitations for vehicles on the interstate system and weight limitations for vehicles on highways other than the interstate system.,"A BILL for an Act to amend and reenact subsection 2 of section 39-12-05 and subsection 2 of section 39-12-05.3 of the North Dakota Century Code, relating to weight limitations for vehicles on the interstate system and weight limitations for vehicles on highways other than the interstate system.",1,2025-01-13,https://legiscan.com/ND/bill/HB1407/2025
ND,1916639,,Annually reconvened sessions of the legislative assembly; to provide an effective date; and to provide an expiration date.,"A BILL for an Act to amend and reenact section 54-03-02 of the North Dakota Century Code, relating to annually reconvened sessions of the legislative assembly; to provide an effective date; and to provide an expiration date.",2,2025-02-24,https://legiscan.com/ND/bill/HB1408/2025
ND,1916878,,General provisions for judicial remedies.,"A BILL for an Act to create and enact a new section to chapter 32-01 of the North Dakota Century Code, relating to general provisions for judicial remedies.",1,2025-01-13,https://legiscan.com/ND/bill/HB1409/2025
ND,1916697,,AN ACT to provide for a legislative management study regarding a review of state laws relating to criminal conduct against children.,AN ACT to provide for a legislative management study regarding a review of state laws relating to criminal conduct against children.,4,2025-04-18,https://legiscan.com/ND/bill/HB1410/2025
ND,1916737,,State prohibition on extreme risk protection provisions; and to provide a penalty.,"A BILL for an Act to create and enact section 62.1-01-03.2 of the North Dakota Century Code, relating to state prohibition on extreme risk protection provisions; and to provide a penalty.",1,2025-01-13,https://legiscan.com/ND/bill/HB1411/2025
ND,1916860,,Donations to the private land open to sportsmen program.,"AN ACT to amend and reenact section 20.1-03-11.4 of the North Dakota Century Code, relating to donations to the private land open to sportsmen program.",4,2025-03-24,https://legiscan.com/ND/bill/HB1412/2025
ND,1916716,,The creation of a safe food donation program.,"A BILL for an Act to create and enact a new chapter to title 19 of the North Dakota Century Code, relating to the creation of a safe food donation program.",1,2025-01-13,https://legiscan.com/ND/bill/HB1413/2025
ND,1916762,,The exercise of public domain in geological storage of carbon dioxide.,"A BILL for an Act to amend and reenact sections 32-15-02, 49-19-01, 49-19-11, and 49-19-19 of the North Dakota Century Code, relating to the revocation of common carrier status of carbon dioxide pipelines; and to repeal section 38-22-10 of the North Dakota Century Code, relating to the exercise of public domain in geological storage of carbon dioxide.",1,2025-01-13,https://legiscan.com/ND/bill/HB1414/2025
ND,1916708,,The exempt status of department of corrections and rehabilitation work schedule records.,"AN ACT to amend and reenact subsection 3 of section 44-04-18.3 of the North Dakota Century Code, relating to the exempt status of department of corrections and rehabilitation work schedule records.",4,2025-03-28,https://legiscan.com/ND/bill/HB1415/2025
ND,1916691,,Two organizations conducting charitable gaming at the same site.,"A BILL for an Act to amend and reenact subsection 3 of section 53-06.1-03 of the North Dakota Century Code, relating to two organizations conducting charitable gaming at the same site.",2,2025-01-30,https://legiscan.com/ND/bill/HB1416/2025
ND,1916917,,Parole and probation violations and court fees; to provide for a legislative management study; and to provide a penalty.,"AN ACT to amend and reenact sections 12-59-15 and 12.1-01-04, subdivision b of subsection 3 of section 12.1-22-01, and sections 12.1-32-07, 12.1-32-08, and 29-07-01.1 of the North Dakota Century Code, relating to parole and probation violations and court fees; to provide for a legislative management study; and to provide a penalty.",4,2025-05-01,https://legiscan.com/ND/bill/HB1417/2025
ND,1916901,,Arrests without a warrant for harassing a public safety agency.,"AN ACT to amend and reenact section 29-06-15 of the North Dakota Century Code, relating to arrests without a warrant for harassing a public safety agency.",4,2025-04-04,https://legiscan.com/ND/bill/HB1418/2025
ND,1916874,,The public employees retirement system public safety retirement plan.,"AN ACT to amend and reenact sections 54-52-01, 54-52-02.1, 54-52-02.15, 54-52-06.3, 54-52-06.4, and 54-52-17 of the North Dakota Century Code, relating to the public employees retirement system public safety retirement plan.",4,2025-04-18,https://legiscan.com/ND/bill/HB1419/2025
ND,1916916,,State aid to public libraries.,"AN ACT to amend and reenact subsection 2 of section 54-24.4-05 of the North Dakota Century Code, relating to state aid to public libraries.",4,2025-03-24,https://legiscan.com/ND/bill/HB1420/2025
ND,1916880,,"Farm tractors, speed limitations, and minimum speed limits; and to provide a penalty.","A BILL for an Act to create and enact a new subsection to section 39-04-19 and two new subdivisions to subsection 2 of section 39-06.1-06 of the North Dakota Century Code, relating to farm tractor registration and the amount of statutory fees; to amend and reenact subdivision a of subsection 2 of section 39-04-18 and sections 39-06.1-09, 39-09-02, and 39-09-09 of the North Dakota Century Code, relating to farm tractors, speed limitations, and minimum speed limits; and to provide a penalty.",1,2025-01-13,https://legiscan.com/ND/bill/HB1421/2025
ND,1916672,,"Operating a motor vehicle while driving privileges are suspended or revoked, the amount of statutory fees, the definition of moving violations, and entries against a driving record; and to provide a penalty.","AN ACT to amend and reenact sections 39-06-42, 39-06.1-06, and 39-06.1-09 and paragraph 23 of subdivision a of subsection 3 of section 39-06.1-10 of the North Dakota Century Code, relating to operating a motor vehicle while driving privileges are suspended or revoked, the amount of statutory fees, the definition of moving violations, and entries against a driving record; and to provide a penalty.",4,2025-04-08,https://legiscan.com/ND/bill/HB1422/2025
ND,1916739,,Benefits for adaptations to real estate and motor vehicles; and to provide for application.,"AN ACT to amend and reenact subsection 5 of section 65-05-07 of the North Dakota Century Code, relating to benefits for adaptations to real estate and motor vehicles; and to provide for application.",4,2025-04-04,https://legiscan.com/ND/bill/HB1423/2025
ND,1916805,,Certificates of endorsement and the secretary of state's duty to place a candidate's name on a primary election ballot.,"A BILL for an Act to create and enact a new section to chapter 16.1-03 of the North Dakota Century Code, relating to the issuance of a certificate of endorsement by a district party; and to amend and reenact sections 16.1-11-06 and 16.1-11-10 of the North Dakota Century Code, relating to certificates of endorsement and the secretary of state's duty to place a candidate's name on a primary election ballot.",1,2025-01-13,https://legiscan.com/ND/bill/HB1424/2025
ND,1916908,,"Prosecution-led diversion programs, deflection process, and supervision for presentence programs; to provide for a legislative management study; to provide for a legislative management report; and to provide an appropriation.","AN ACT to create and enact a new section to chapter 11-16, a new chapter to title 12, and two new sections to chapter 54-23.3 of the North Dakota Century Code, relating to prosecution-led diversion programs, deflection process, and supervision for presentence programs; to provide for a legislative management study; to provide for a legislative management report; and to provide an appropriation.",4,2025-05-01,https://legiscan.com/ND/bill/HB1425/2025
ND,1916898,,Designating the bridge on state highway 6 as the CPL Raymond Porter Korea bridge; to provide a continuing appropriation; and to declare an emergency.,"AN ACT to create and enact a new section to chapter 24-01 of the North Dakota Century Code, relating to designating the bridge on state highway 6 as the CPL Raymond Porter Korea bridge; to provide a continuing appropriation; and to declare an emergency.",4,2025-03-26,https://legiscan.com/ND/bill/HB1426/2025
ND,1916857,,Authorization for the public service commission to regulate the siting compatibility for data centers; and to provide a penalty.,"A BILL for an Act to amend and reenact sections 49-22-02, 49-22-03, 49-22-07, 49-22-07.2, 49-22-08, 49-22-08.2, 49-22-09, 49-22-09.2, 49-22-14, 49-22-16, 49-22-20, 49-22-21, 49-22-22, 49-22-24, and 49-22-25 of the North Dakota Century Code, relating to authorization for the public service commission to regulate the siting compatibility for data centers; and to provide a penalty.",1,2025-01-13,https://legiscan.com/ND/bill/HB1427/2025
ND,1916748,,A sales tax exemption for sales of clothing by a thrift store of a nonprofit corporation; and to provide an effective date.,"A BILL for an Act to create and enact a new subsection to section 57-39.2-04 of the North Dakota Century Code, relating to a sales tax exemption for sales of clothing by a thrift store of a nonprofit corporation; and to provide an effective date.",2,2025-02-12,https://legiscan.com/ND/bill/HB1428/2025
ND,1916897,,Harassment and stalking with a robot; and to provide a penalty.,"AN ACT to amend and reenact sections 12.1-17-07 and 12.1-17-07.1 of the North Dakota Century Code, relating to harassment and stalking with a robot; and to provide a penalty.",4,2025-04-23,https://legiscan.com/ND/bill/HB1429/2025
ND,1916629,,The regulation of social workers.,"A BILL for an Act to create and enact a new section to chapter 43-41 of the North Dakota Century Code, relating to the regulation of social workers.",2,2025-02-25,https://legiscan.com/ND/bill/HB1430/2025
ND,1916829,,District parties and district committees.,"A BILL for an Act to amend and reenact sections 16.1-03-01, 16.1-03-07, 16.1-03-11, 16.1-03-14, and 16.1-03-22 of the North Dakota Century Code, relating to political organizations; and to repeal sections 16.1-03-03, 16.1-03-05, 16.1-03-08, and 16.1-03-17 of the North Dakota Century Code, relating to district parties and district committees.",1,2025-01-13,https://legiscan.com/ND/bill/HB1431/2025
ND,1916783,,Personalized plates.,"AN ACT to create and enact a new section to chapter 39-04 of the North Dakota Century Code, relating to military sacrifice number plates; and to amend and reenact section 39-04-10.3 of the North Dakota Century Code, relating to personalized plates.",4,2025-03-24,https://legiscan.com/ND/bill/HB1432/2025
ND,1916764,,The creation of the dementia response program; and to provide an appropriation.,"A BILL for an Act to create and enact a new section to chapter 50-06 of the North Dakota Century Code, relating to the creation of the dementia response program; and to provide an appropriation.",1,2025-01-13,https://legiscan.com/ND/bill/HB1433/2025
ND,1916866,,The force and effect of administrative rules.,"A BILL for an Act to create and enact a new section to chapter 28-32 of the North Dakota Century Code, relating to the expiration of administrative rules and a review process administered by the governor; and to amend and reenact section 28-32-06 of the North Dakota Century Code, relating to the force and effect of administrative rules.",1,2025-01-13,https://legiscan.com/ND/bill/HB1434/2025
ND,1921637,,Legacy fund definitions and a legacy earnings fund; to provide an effective date; and to declare an emergency.,"A BILL for an Act to create and enact a new section to chapter 54-27 of the North Dakota Century Code, relating to a legacy earnings fund; to amend and reenact subsection 1 of section 21-10-06 of the North Dakota Century Code, relating to funds invested by the state investment board; to repeal sections 21-10-12 and 21-10-13 of the North Dakota Century Code, relating to legacy fund definitions and a legacy earnings fund; to provide an effective date; and to declare an emergency.",1,2025-01-15,https://legiscan.com/ND/bill/HB1435/2025
ND,1921370,,The motor vehicle excise tax; and to provide for an effective date.,"A BILL for an Act to amend and reenact section 57-40.3-02 of the North Dakota Century Code, relating to the motor vehicle excise tax; and to provide for an effective date.",1,2025-01-15,https://legiscan.com/ND/bill/HB1436/2025
ND,1921724,,Academic tenure policy at institutions of higher education.,"AN ACT to create and enact a new section to chapter 15-10 of the North Dakota Century Code, relating to academic tenure policy at institutions of higher education.",4,2025-04-18,https://legiscan.com/ND/bill/HB1437/2025
ND,1921283,,A BILL for an Act to provide an appropriation to the state historical society for a historic theater restoration grant program.,A BILL for an Act to provide an appropriation to the state historical society for a historic theater restoration grant program.,1,2025-01-15,https://legiscan.com/ND/bill/HB1438/2025
ND,1920932,,The suspension and expulsion of kindergarten through grade twelve students.,"A BILL for an Act to amend and reenact section 15.1-19-09 of the North Dakota Century Code, relating to the suspension and expulsion of kindergarten through grade twelve students.",1,2025-01-15,https://legiscan.com/ND/bill/HB1439/2025
ND,1921020,,Cigar lounges.,"AN ACT to amend and reenact subdivision d of subsection 3 of section 23-12-10 of the North Dakota Century Code, relating to cigar lounges.",4,2025-04-29,https://legiscan.com/ND/bill/HB1440/2025
ND,1921895,,The definition of United States central bank digital currency.,"A BILL for an Act to create and enact a new chapter to title 51 of the North Dakota Century Code, relating to specie legal tender, the taxation of specie legal tender, and United States central bank digital currencies; to amend and reenact section 41-01-09 of the North Dakota Century Code, relating to the definition of United States central bank digital currency.",2,2025-02-10,https://legiscan.com/ND/bill/HB1441/2025
ND,1921110,,The creation of a legislative task force on government efficiency; to provide for a legislative management report; to provide an expiration date; and to declare an emergency.,"AN ACT to create and enact a new section to chapter 54-35 of the North Dakota Century Code, relating to the creation of a legislative task force on government efficiency; to provide for a legislative management report; to provide an expiration date; and to declare an emergency.",4,2025-04-29,https://legiscan.com/ND/bill/HB1442/2025
ND,1921810,,Special number plates for farm and forestry vehicles and farm and forestry vehicle registration.,"A BILL for an Act to amend and reenact section 39-04-10.7 and subsection 5 of section 39-04-19 of the North Dakota Century Code, relating to special number plates for farm and forestry vehicles and farm and forestry vehicle registration.",1,2025-01-15,https://legiscan.com/ND/bill/HB1443/2025
ND,1922156,,The county road system.,"AN ACT to amend and reenact section 24-05-17 of the North Dakota Century Code, relating to the county road system.",4,2025-04-04,https://legiscan.com/ND/bill/HB1444/2025
ND,1921455,,"The definition of a pre-engineered structure and the threshold for procuring plans, drawings, and specifications from an architect or engineer for construction of a public improvement.","A BILL for an Act to amend and reenact sections 48-01.2-01 and 48-01.2-02.1 of the North Dakota Century Code, relating to the definition of a pre-engineered structure and the threshold for procuring plans, drawings, and specifications from an architect or engineer for construction of a public improvement.",1,2025-01-15,https://legiscan.com/ND/bill/HB1445/2025
ND,1921985,,"Party organization endorsements, certificates of endorsement, and the minimum vote required at a primary election for nomination.","A BILL for an Act to amend and reenact sections 16.1-03-14 and 16.1-03-21, subsection 1 of section 16.1-08.1-02.3, subsection 1 of section 16.1-08.1-02.4, and sections 16.1-09-02, 16.1-11-06, 16.1-11-10, 16.1-11-11, 16.1-11-12, 16.1-11-18, 16.1-11-30, and 16.1-11-39, subsection 1 of section 16.1-12-02, and sections 16.1-12-09 and 16.1-13-08.1 of the North Dakota Century Code, relating to placing the name of a candidate on the primary election ballot; and to repeal sections 16.1-11-05.1, 16.1-11-09, and 16.1-11-36 of the North Dakota Century Code, relating to party organization endorsements, certificates of endorsement, and the minimum vote required at a primary election for nomination.",1,2025-01-15,https://legiscan.com/ND/bill/HB1446/2025
ND,1922073,,Virtual-currency kiosks.,"AN ACT to create and enact sections 13-09.1-50, 13-09.1-51, 13-09.1-52, 13-09.1-53, and 13-09.1-54 of the North Dakota Century Code, relating to virtual-currency kiosks; and to amend and reenact section 13-09.1-44 of the North Dakota Century Code, relating to virtual-currency kiosks.",4,2025-04-11,https://legiscan.com/ND/bill/HB1447/2025
ND,1921549,,"The advanced technology review committee, advanced technology grant program, and advanced technology grant fund.","AN ACT to create and enact a new chapter to title 54 of the North Dakota Century Code, relating to the advanced technology review committee, advanced technology grant program, and advanced technology grant fund.",4,2025-05-02,https://legiscan.com/ND/bill/HB1448/2025
ND,1921195,,School counselor position requirements.,"A BILL for an Act to amend and reenact section 15.1-06-19 of the North Dakota Century Code, relating to school counselor position requirements.",1,2025-01-15,https://legiscan.com/ND/bill/HB1449/2025
ND,1925030,,Parent and guardian access to the medical examination room of a minor.,"A BILL for an Act to create and enact a new section to chapter 14-10 of the North Dakota Century Code, relating to parent and guardian access to the medical examination room of a minor.",2,2025-02-21,https://legiscan.com/ND/bill/HB1450/2025
ND,1925720,,Medical assistance prescription drug benefits for antiobesity medication.,"A BILL for an Act to create and enact a new section to chapter 50-24.1 of the North Dakota Century Code, relating to medical assistance prescription drug benefits for antiobesity medication.",1,2025-01-16,https://legiscan.com/ND/bill/HB1451/2025
ND,1924962,,Minimum standards for coverage of antiobesity medication; to provide for a report to the legislative assembly; to provide for application; and to provide an expiration date.,"A BILL for an Act to create and enact a new section to chapter 54-52.1 of the North Dakota Century Code, relating to minimum standards for coverage of antiobesity medication; to provide for a report to the legislative assembly; to provide for application; and to provide an expiration date.",1,2025-01-16,https://legiscan.com/ND/bill/HB1452/2025
ND,1924347,,Prohibiting natural asset companies; and to provide a penalty.,"A BILL for an Act to create and enact a new section to chapter 21-06 of the North Dakota Century Code, relating to prohibiting natural asset companies; and to provide a penalty.",1,2025-01-16,https://legiscan.com/ND/bill/HB1453/2025
ND,1925238,,An opt-out procedure for required vaccines.,"AN ACT to create and enact a new section to chapter 23-12 of the North Dakota Century Code, relating to an opt-out procedure for required vaccines.",4,2025-05-02,https://legiscan.com/ND/bill/HB1454/2025
ND,1924480,,The review of introduced legislation by the Indian affairs commission and tribal consultation.,"A BILL for an Act to create and enact a new section to chapter 54-36 of the North Dakota Century Code, relating to the review of introduced legislation by the Indian affairs commission and tribal consultation.",2,2025-02-19,https://legiscan.com/ND/bill/HB1455/2025
ND,1925513,,School chaplains in public school districts.,"A BILL for an Act to create and enact a new section to chapter 15.1-07 of the North Dakota Century Code, relating to school chaplains in public school districts.",1,2025-01-16,https://legiscan.com/ND/bill/HB1456/2025
ND,1924686,,An exemption to required vaccines.,"A BILL for an Act to create and enact a new section to chapter 23-12 of the North Dakota Century Code, relating to an exemption to required vaccines.",1,2025-01-16,https://legiscan.com/ND/bill/HB1457/2025
ND,1925306,,A BILL for an Act to provide for a legislative management study regarding limiting the release of self-spreading viruses and bacteria.,A BILL for an Act to provide for a legislative management study regarding limiting the release of self-spreading viruses and bacteria.,2,2025-02-25,https://legiscan.com/ND/bill/HB1458/2025
ND,1924411,,The definitions of critical minerals and rare earth minerals and descriptions and definitions of minerals in leases and conveyances; and to provide for retroactive application.,"AN ACT to create and enact a new section to chapter 38-12 of the North Dakota Century Code, relating to critical minerals and rare earth minerals and royalties; to amend and reenact sections 38-12-01 and 47-10-24 of the North Dakota Century Code, relating to the definitions of critical minerals and rare earth minerals and descriptions and definitions of minerals in leases and conveyances; and to provide for retroactive application.",4,2025-05-17,https://legiscan.com/ND/bill/HB1459/2025
ND,1924618,,Substitute caregiver and respite care provider requirements in foster homes for adults and the permitted use of an electronic monitoring device by an adult foster care provider; and to provide for a legislative management study.,"AN ACT to create and enact two new sections to chapter 50-11 of the North Dakota Century Code, relating to substitute caregiver and respite care provider requirements in foster homes for adults and the permitted use of an electronic monitoring device by an adult foster care provider; and to provide for a legislative management study.",4,2025-04-29,https://legiscan.com/ND/bill/HB1460/2025
ND,1925583,,The tribal health care coordination fund.,"A BILL for an Act to amend and reenact subsection 3 of section 50-24.1-40 of the North Dakota Century Code, relating to the tribal health care coordination fund.",1,2025-01-16,https://legiscan.com/ND/bill/HB1461/2025
ND,1925377,,"When licenses to hunt, fish, or trap are not required of landowners.","A BILL for an Act to amend and reenact section 20.1-03-04 of the North Dakota Century Code, relating to when licenses to hunt, fish, or trap are not required of landowners.",1,2025-01-16,https://legiscan.com/ND/bill/HB1462/2025
ND,1924822,,The location of a district organization's endorsing caucus or an official district committee or district executive committee meeting.,"A BILL for an Act to create and enact a new section to chapter 16.1-03 of the North Dakota Century Code, relating to the location of a district organization's endorsing caucus or an official district committee or district executive committee meeting.",1,2025-01-16,https://legiscan.com/ND/bill/HB1463/2025
ND,1925445,,A BILL for an Act to provide for a legislative management study relating to maternal care services.,A BILL for an Act to provide for a legislative management study relating to maternal care services.,2,2025-02-14,https://legiscan.com/ND/bill/HB1464/2025
ND,1925169,,Gaming tax reductions.,"A BILL for an Act to amend and reenact subsection 1 of section 53-06.1-12 of the North Dakota Century Code, relating to gaming tax reductions.",1,2025-01-16,https://legiscan.com/ND/bill/HB1465/2025
ND,1925651,,The definitions of a domestic and manufacturing distillery and satellite locations.,"AN ACT to amend and reenact sections 5-01-01 and 5-01-19.1, and subsection 2 of section 5-01-19.2 of the North Dakota Century Code, relating to the definitions of a domestic and manufacturing distillery and satellite locations.",4,2025-04-24,https://legiscan.com/ND/bill/HB1466/2025
ND,1924893,,The publication of vaccine adverse event data and information; and to provide for a legislative management report.,"A BILL for an Act to amend and reenact section 23-12-22 of the North Dakota Century Code, relating to the publication of vaccine adverse event data and information; and to provide for a legislative management report.",1,2025-01-16,https://legiscan.com/ND/bill/HB1467/2025
ND,1928996,,AN ACT to provide an appropriation to the department of health and human services for a behavioral health facility grant.,AN ACT to provide an appropriation to the department of health and human services for a behavioral health facility grant.,4,2025-04-18,https://legiscan.com/ND/bill/HB1468/2025
ND,1928941,,The statement of interests filed with the secretary of state.,"AN ACT to amend and reenact sections 16.1-09-02, 16.1-09-03, and 16.1-09-05 of the North Dakota Century Code, relating to the statement of interests filed with the secretary of state.",4,2025-04-24,https://legiscan.com/ND/bill/HB1469/2025
ND,1928555,,"Hunting, fishing, and gun dog activity fees and hunting guide and outfitter licensing requirements.","AN ACT to amend and reenact sections 20.1-03-12 and 20.1-03-36.1, subsection 7 of section 20.1-03-37, subsection 4 of section 20.1-03-38, and section 20.1-04-12.1 of the North Dakota Century Code, relating to hunting, fishing, and gun dog activity fees and hunting guide and outfitter licensing requirements.",4,2025-04-18,https://legiscan.com/ND/bill/HB1470/2025
ND,1928664,,Method of dental payment options in preferred provider arrangements.,"AN ACT to create and enact a new section to chapter 26.1-47 of the North Dakota Century Code, relating to method of dental payment options in preferred provider arrangements.",4,2025-03-18,https://legiscan.com/ND/bill/HB1471/2025
ND,1928501,,The authorization of microschools.,"A BILL for an Act to create and enact a new chapter to title 15.1 of the North Dakota Century Code, relating to the authorization of microschools.",1,2025-01-17,https://legiscan.com/ND/bill/HB1472/2025
ND,1929049,,Prohibited acts of drug manufacturers; and to provide a penalty.,"AN ACT to create and enact a new subsection to section 43-15.3-08 of the North Dakota Century Code, relating to prohibited acts of drug manufacturers; and to provide a penalty.",4,2025-04-04,https://legiscan.com/ND/bill/HB1473/2025
ND,1928828,,A BILL for an Act to provide for a legislative management study of property tax reform for residential property.,A BILL for an Act to provide for a legislative management study of property tax reform for residential property.,2,2025-02-18,https://legiscan.com/ND/bill/HB1474/2025
ND,1928774,,"Providing breakfast and lunch to all students of participating entities, including school districts, nonpublic schools, and tribal schools, at no cost to the student.","A BILL for an Act to create and enact a new section to chapter 15.1-07 of the North Dakota Century Code, relating to providing breakfast and lunch to all students of participating entities, including school districts, nonpublic schools, and tribal schools, at no cost to the student.",1,2025-01-17,https://legiscan.com/ND/bill/HB1475/2025
ND,1928884,,The assessment of all public school buildings.,"AN ACT to create and enact a new section to chapter 15.1-02 of the North Dakota Century Code, relating to the assessment of all public school buildings.",4,2025-04-23,https://legiscan.com/ND/bill/HB1476/2025
ND,1928394,,Fertility health care treatment rights; and to provide a penalty.,"A BILL for an Act to create and enact a new chapter to title 14 of the North Dakota Century Code, relating to fertility health care treatment rights; and to provide a penalty.",1,2025-01-17,https://legiscan.com/ND/bill/HB1477/2025
ND,1928722,,Contraceptive health care rights; and to provide a penalty.,"A BILL for an Act to create and enact a new chapter to title 14 of the North Dakota Century Code, relating to contraceptive health care rights; and to provide a penalty.",1,2025-01-17,https://legiscan.com/ND/bill/HB1478/2025
ND,1930096,,The designation and establishment of North Dakota Constitution Day.,"AN ACT to create and enact a new section to chapter 1-03 of the North Dakota Century Code, relating to the designation and establishment of North Dakota Constitution Day.",4,2025-04-18,https://legiscan.com/ND/bill/HB1479/2025
ND,1928611,,A request for a certificate of title for a motor vehicle.,"A BILL for an Act to create and enact a new section to chapter 39-05 of the North Dakota Century Code, relating to a request for a certificate of title for a motor vehicle.",2,2025-02-19,https://legiscan.com/ND/bill/HB1480/2025
ND,1928446,,Dental insurer rate requirements and reporting; and to provide an effective date.,"AN ACT to create and enact two new sections to chapter 26.1-36.9 of the North Dakota Century Code, relating to dental insurer rate requirements and reporting; and to provide an effective date.",4,2025-04-18,https://legiscan.com/ND/bill/HB1481/2025
ND,1930187,,"A school district debt limit election, the requirements of a municipal bond election, and the contents of a ballot.","AN ACT to amend and reenact sections 15.1-07-03, 15.1-07-04, 21-03-04, 21-03-07, 21-03-11, and 21-03-13 of the North Dakota Century Code, relating to a school district debt limit election, the requirements of a municipal bond election, and the contents of a ballot.",4,2025-04-29,https://legiscan.com/ND/bill/HB1482/2025
ND,1930104,,The oil extraction tax rate reduction for oil produced from a new well drilled and completed outside the Bakken and Three Forks formations; to provide for a legislative management study; and to provide an effective date.,"AN ACT to amend and reenact subsection 4 of section 57-51.1-03 of the North Dakota Century Code, relating to the oil extraction tax rate reduction for oil produced from a new well drilled and completed outside the Bakken and Three Forks formations; to provide for a legislative management study; and to provide an effective date.",4,2025-04-18,https://legiscan.com/ND/bill/HB1483/2025
ND,1930120,,The imposition of motor vehicle excise tax and an exemption for motor vehicle excise tax paid or not assessed in other states; and to provide an effective date.,"A BILL for an Act to amend and reenact sections 57-40.3-02 and 57-40.3-09 of the North Dakota Century Code, relating to the imposition of motor vehicle excise tax and an exemption for motor vehicle excise tax paid or not assessed in other states; and to provide an effective date.",1,2025-01-20,https://legiscan.com/ND/bill/HB1484/2025
ND,1930202,,The personal needs allowance amount for eligible beneficiaries; to provide for an increase in the personal monthly needs allowance; and to provide an appropriation.,"AN ACT to amend and reenact section 50-24.1-02.6 of the North Dakota Century Code, relating to the personal needs allowance amount for eligible beneficiaries; to provide for an increase in the personal monthly needs allowance; and to provide an appropriation.",4,2025-05-02,https://legiscan.com/ND/bill/HB1485/2025
ND,1930102,,Unauthorized metering.,"A BILL for an Act to create and enact a new section to chapter 49-04.1 of the North Dakota Century Code, relating to the installation of smart meters; and to amend and reenact section 49-04.1-01 of the North Dakota Century Code, relating to unauthorized metering.",1,2025-01-20,https://legiscan.com/ND/bill/HB1486/2025
ND,1930176,,AN ACT to authorize the department of transportation to transfer real property to the office of management and budget; to provide an appropriation; to authorize a line of credit; to provide an exemption; and to declare an emergency.,AN ACT to authorize the department of transportation to transfer real property to the office of management and budget; to provide an appropriation; to authorize a line of credit; to provide an exemption; and to declare an emergency.,4,2025-04-24,https://legiscan.com/ND/bill/HB1487/2025
ND,1930197,,Abortion restrictions.,"A BILL for an Act to create and enact sections 14-02.1-04.3, 14-02.1-04.4, and 14-02.1-04.5 of the North Dakota Century Code, relating to the creation of an abortion approval committee, a framework for abortion, and an emergency medical exception; to amend and reenact sections 12.1-19.1-03, 14-02.1-02, 14-02.1-02.1, 14-02.1-02.2, and 14-02.1-03, subsection 1 of section 14-02.1-03.1, sections 14-02.1-05, 14-02.1-07, 14-02.1-08, 14-02.1-09, and 14-10-15, and subsection 3 of section 14-10-19 of the North Dakota Century Code, relating to abortion procedures, consent, and reporting requirements; and to repeal sections 14-02.1-03.4, 14-02.1-03.5, and 14-02.1-04 of the North Dakota Century Code, relating to abortion restrictions.",1,2025-01-20,https://legiscan.com/ND/bill/HB1488/2025
ND,1930163,,Sexual assault restraining orders and domestic violence protection orders; to provide a penalty; and to provide an effective date.,"AN ACT to create and enact chapter 14-07.7 of the North Dakota Century Code, relating to civil protection orders; to amend and reenact sections 11-15-32 and 12-60-23, subsection 2 of section 12.1-17-13, section 14-05-23, subsection 4 of section 14-07.1-01, sections 14-07.1-02.1 and 14-07.1-11, subsection 1 of section 14-07.1-14, section 14-07.1-19, subdivision a of subsection 1 of section 14-07.6-01, subdivision b of subsection 1 of section 15.1-09-33.4, sections 16.1-02-07 and 29-01-15, subdivision g of subsection 1 of section 29-06-15, and subdivision a of subsection 2 of section 47-16-17.1 of the North Dakota Century Code, relating to restraining orders and protection orders; to repeal sections 12.1-31-01.2, 12.1-31.2-01, 14-07.1-02, 14-07.1-03, 14-07.1-03.1, 14-07.1-04, 14-07.1-05, 14-07.1-05.1, 14-07.1-06, 14-07.1-07, and 14-07.1-08 of the North Dakota Century Code, relating to sexual assault restraining orders and domestic violence protection orders; to provide a penalty; and to provide an effective date.",4,2025-04-23,https://legiscan.com/ND/bill/HB1489/2025
ND,1930122,,Required psychological evaluations for school counselors.,"A BILL for an Act to create and enact a new section to chapter 15.1-13 of the North Dakota Century Code, relating to required psychological evaluations for school counselors.",1,2025-01-20,https://legiscan.com/ND/bill/HB1490/2025
ND,1930092,,Student eligibility for high school sports and activities.,"A BILL for an Act to create and enact a new section to chapter 15.1-06 of the North Dakota Century Code, relating to student eligibility for high school sports and activities.",1,2025-01-20,https://legiscan.com/ND/bill/HB1491/2025
ND,1930134,,A BILL for an Act to provide an appropriation to the department of public instruction for a passthrough grant for a science museum construction project.,A BILL for an Act to provide an appropriation to the department of public instruction for a passthrough grant for a science museum construction project.,1,2025-01-20,https://legiscan.com/ND/bill/HB1492/2025
ND,1930207,,The office of legal immigration.,"A BILL for an Act to repeal section 54-60-31 of the North Dakota Century Code, relating to the office of legal immigration.",1,2025-01-20,https://legiscan.com/ND/bill/HB1493/2025
ND,1930144,,The determination of weighted average daily membership; to provide an effective date; and to declare an emergency.,"A BILL for an Act to amend and reenact section 15.1-27-03.1 of the North Dakota Century Code, relating to the determination of weighted average daily membership; to provide an effective date; and to declare an emergency.",1,2025-01-20,https://legiscan.com/ND/bill/HB1494/2025
ND,1930098,,Leaves of absence from employment for members of the legislative assembly.,"A BILL for an Act to amend and reenact section 54-03-27 of the North Dakota Century Code, relating to leaves of absence from employment for members of the legislative assembly.",1,2025-01-20,https://legiscan.com/ND/bill/HB1495/2025
ND,1930099,,Landlord obligations owed to a tenant.,"A BILL for an Act to amend and reenact section 47-16-13.1 of the North Dakota Century Code, relating to landlord obligations owed to a tenant.",2,2025-02-12,https://legiscan.com/ND/bill/HB1496/2025
ND,1930188,,Age requirements for an approved four-year old program; and eligibility for the best in class program.,"AN ACT to amend and reenact subsection 1 of section 50-11.1-21 and section 50-11.1-23 of the North Dakota Century Code, relating to age requirements for an approved four-year old program; and eligibility for the best in class program.",4,2025-03-28,https://legiscan.com/ND/bill/HB1497/2025
ND,1930224,,The powers and duties of center boards and the authority of a school board to pay a first-year signing bonus for teachers; and to declare an emergency.,"AN ACT to amend and reenact sections 15-20.2-07 and 15.1-09-33.1 of the North Dakota Century Code, relating to the powers and duties of center boards and the authority of a school board to pay a first-year signing bonus for teachers; and to declare an emergency.",4,2025-04-24,https://legiscan.com/ND/bill/HB1498/2025
ND,1930116,,"Confidential records related to a justice of the United States, federal judge, or magistrate judge.","AN ACT to amend and reenact subsection 1 of section 44-04-18.3 of the North Dakota Century Code, relating to confidential records related to a justice of the United States, federal judge, or magistrate judge.",4,2025-04-18,https://legiscan.com/ND/bill/HB1499/2025
ND,1930172,,"Nonconforming structures in counties, cities, and townships.","AN ACT to create and enact sections 11-33-17.1, 40-47-05.1, and 58-03-14.1 of the North Dakota Century Code, relating to nonconforming structures in counties, cities, and townships.",4,2025-04-18,https://legiscan.com/ND/bill/HB1500/2025
ND,1930084,,The use of out-of-state operators' licenses and nonoperator identification cards for identification and motor vehicle operation.,"A BILL for an Act to create and enact a new section to chapter 39-06 of the North Dakota Century Code, relating to the use of out-of-state operators' licenses and nonoperator identification cards for identification and motor vehicle operation.",1,2025-01-20,https://legiscan.com/ND/bill/HB1501/2025
ND,1930136,,The growth of the state general fund budget.,"A BILL for an Act to create and enact a new section to chapter 54-27 of the North Dakota Century Code, relating to the growth of the state general fund budget.",1,2025-01-20,https://legiscan.com/ND/bill/HB1502/2025
ND,1930204,,Punishment for causing injury while operating a vehicle under the influence of alcohol; and to provide a penalty.,"AN ACT to amend and reenact subsection 2 of section 39-08-01.2 of the North Dakota Century Code, relating to punishment for causing injury while operating a vehicle under the influence of alcohol; and to provide a penalty.",4,2025-04-04,https://legiscan.com/ND/bill/HB1503/2025
ND,1930210,,The veterans' postwar trust fund.,"AN ACT to amend and reenact section 37-14-14 of the North Dakota Century Code, relating to the veterans' postwar trust fund.",4,2025-04-04,https://legiscan.com/ND/bill/HB1504/2025
ND,1930184,,"Immunity from criminal prosecution, individuals' rights to appeals, confidential information, and conflicts of interest; to provide for application; and to declare an emergency.","A BILL for an Act to create and enact a new section to chapter 54-03 and a new section to chapter 54-66 of the North Dakota Century Code, relating to immunity and a defense for persons related to voting on legislation and closure of matters by the ethics commission; to amend and reenact sections 12.1-13-02, 54-66-10, 54-66-12, and 54-66-18 of the North Dakota Century Code, relating to immunity from criminal prosecution, individuals' rights to appeals, confidential information, and conflicts of interest; to provide for application; and to declare an emergency.",1,2025-01-20,https://legiscan.com/ND/bill/HB1505/2025
ND,1930114,,A motor vehicle excise tax exemption for enrolled tribal members; and to provide an effective date.,"A BILL for an Act to amend and reenact subsection 15 of section 57-40.3-04 of the North Dakota Century Code, relating to a motor vehicle excise tax exemption for enrolled tribal members; and to provide an effective date.",1,2025-01-20,https://legiscan.com/ND/bill/HB1506/2025
ND,1930147,,"The application, powers, payment of claims, liquidation, and sale of cooperative financial institutions.","AN ACT to create and enact a new chapter to title 6 of the North Dakota Century Code, relating to the establishment and organization of cooperative financial institutions; and to amend and reenact sections 6-01-02, 6-01-15, 6-01-17.1, 6-02-02, 6-02-03, 6-03-02, 6-03-11, 6-03-13.1, 6-03-34, 6-05-01, 6-06-35, 6-07.2-09, 6-07.2-19, and 6-08-08.1 of the North Dakota Century Code, relating to the application, powers, payment of claims, liquidation, and sale of cooperative financial institutions.",4,2025-04-04,https://legiscan.com/ND/bill/HB1507/2025
ND,1930139,,Valuation and assessment of agricultural lands; and to provide an effective date.,"A BILL for an Act to amend and reenact subsection 8 of section 57-02-27.2 of the North Dakota Century Code, relating to valuation and assessment of agricultural lands; and to provide an effective date.",2,2025-02-12,https://legiscan.com/ND/bill/HB1508/2025
ND,1930196,,Refunding of assessments collected by the oilseed council.,"A BILL for an Act to amend and reenact section 4.1-09-19 of the North Dakota Century Code, relating to refunding of assessments collected by the oilseed council.",2,2025-02-06,https://legiscan.com/ND/bill/HB1509/2025
ND,1930168,,Financial planning resources for new teachers and onsite child care; and to provide for a legislative management study.,"A BILL for an Act to create and enact a new section to chapter 15.1-18.2 and a new section to chapter 50-06 of the North Dakota Century Code, relating to financial planning resources for new teachers and onsite child care; and to provide for a legislative management study.",2,2025-02-25,https://legiscan.com/ND/bill/HB1510/2025
ND,1930150,,Limitations on the performance of an abortion; to provide an appropriation; to provide an effective date; and to declare an emergency.,"AN ACT to create and enact a new subsection to section 43-17-27.1 of the North Dakota Century Code, relating to physician continuing education requirements; to amend and reenact section 14-02.1-04 of the North Dakota Century Code, relating to limitations on the performance of an abortion; to provide an appropriation; to provide an effective date; and to declare an emergency.",4,2025-04-18,https://legiscan.com/ND/bill/HB1511/2025
ND,1930089,,An individual's ability to file a complaint.,"A BILL for an Act to amend and reenact section 43-28-18.2 of the North Dakota Century Code, relating to an individual's ability to file a complaint.",2,2025-02-11,https://legiscan.com/ND/bill/HB1512/2025
ND,1930181,,"The notice to construct, rebuild, or repair sidewalks.","A BILL for an Act to amend and reenact section 40-29-03 of the North Dakota Century Code, relating to the notice to construct, rebuild, or repair sidewalks.",1,2025-01-20,https://legiscan.com/ND/bill/HB1513/2025
ND,1930178,,Harmful atmospheric activity; and to provide a penalty.,"A BILL for an Act to create and enact a new chapter to title 23.1 of the North Dakota Century Code, relating to harmful atmospheric activity; and to provide a penalty.",1,2025-01-20,https://legiscan.com/ND/bill/HB1514/2025
ND,1930086,,Motor vehicle warranty work compensation.,"AN ACT to amend and reenact section 51-07-29 of the North Dakota Century Code, relating to motor vehicle warranty work compensation.",4,2025-04-11,https://legiscan.com/ND/bill/HB1515/2025
ND,1930141,,The requirement for an educational employee to be an observer of the board of a public school.,"A BILL for an Act to create and enact a new section to chapter 15.1-09 of the North Dakota Century Code, relating to the requirement for an educational employee to be an observer of the board of a public school.",1,2025-01-20,https://legiscan.com/ND/bill/HB1516/2025
ND,1930194,,The creation of the North Dakota student teacher scholarship program; and to provide an appropriation.,"A BILL for an Act to create and enact a new section to chapter 15-10 of the North Dakota Century Code, relating to the creation of the North Dakota student teacher scholarship program; and to provide an appropriation.",1,2025-01-20,https://legiscan.com/ND/bill/HB1517/2025
ND,1930213,,Rotary traffic islands.,"A BILL for an Act to amend and reenact section 39-10-16 of the North Dakota Century Code, relating to rotary traffic islands.",2,2025-02-10,https://legiscan.com/ND/bill/HB1518/2025
ND,1930238,,Death and vaccination records.,"A BILL for an Act to create and enact a new section to chapter 23-02.1 of the North Dakota Century Code, relating to death and vaccination records.",1,2025-01-20,https://legiscan.com/ND/bill/HB1519/2025
ND,1930660,,AN ACT to authorize the department of health and human services to transfer real property to the office of the adjutant general to construct a new training and storage facility; and to declare an emergency.,AN ACT to authorize the department of health and human services to transfer real property to the office of the adjutant general to construct a new training and storage facility; and to declare an emergency.,4,2025-03-18,https://legiscan.com/ND/bill/HB1520/2025
ND,1930540,,A motor vehicle excise tax exemption for enrolled tribal members; and to declare an emergency.,"A BILL for an Act to amend and reenact subsection 15 of section 57-40.3-04 of the North Dakota Century Code, relating to a motor vehicle excise tax exemption for enrolled tribal members; and to declare an emergency.",1,2025-01-20,https://legiscan.com/ND/bill/HB1521/2025
ND,1930344,,Golf carts on city streets.,"AN ACT to amend and reenact section 40-05-22 of the North Dakota Century Code, relating to golf carts on city streets.",4,2025-03-24,https://legiscan.com/ND/bill/HB1522/2025
ND,1930467,,A BILL for an Act to provide an appropriation to the parks and recreation department for a ski resort infrastructure grant; and to declare an emergency.,A BILL for an Act to provide an appropriation to the parks and recreation department for a ski resort infrastructure grant; and to declare an emergency.,1,2025-01-20,https://legiscan.com/ND/bill/HB1523/2025
ND,1930628,,Regional planning council grants from the department of commerce.,"AN ACT to create and enact a new section to chapter 54-60 of the North Dakota Century Code, relating to regional planning council grants from the department of commerce.",4,2025-05-02,https://legiscan.com/ND/bill/HB1524/2025
ND,1930383,,The structure of the state gaming commission and the administration and regulation of games of chance; to provide an appropriation; and to provide for application.,"A BILL for an Act to amend and reenact sections 53-06.1-01.1 and 53-06.1-15.1 of the North Dakota Century Code, relating to the structure of the state gaming commission and the administration and regulation of games of chance; to provide an appropriation; and to provide for application.",2,2025-02-14,https://legiscan.com/ND/bill/HB1525/2025
ND,1930241,,Pet food registration.,"AN ACT to amend and reenact subsection 11 of section 4.1-41-01 and section 4.1-41-05 of the North Dakota Century Code, relating to pet food registration.",4,2025-03-24,https://legiscan.com/ND/bill/HB1526/2025
ND,1930305,,Required Holocaust education.,"A BILL for an Act to create and enact a new section to chapter 15.1-21 of the North Dakota Century Code, relating to required Holocaust education.",2,2025-02-25,https://legiscan.com/ND/bill/HB1527/2025
ND,1930354,,Arson and endangering by fire or explosion; and to provide a penalty.,"AN ACT to amend and reenact sections 12.1-21-01 and 12.1-21-02 of the North Dakota Century Code, relating to arson and endangering by fire or explosion; and to provide a penalty.",4,2025-04-04,https://legiscan.com/ND/bill/HB1528/2025
ND,1930625,,Resident student tuition for peace corps volunteers.,"AN ACT to amend and reenact subsection 2 of section 15-10-19.1 of the North Dakota Century Code, relating to resident student tuition for peace corps volunteers.",4,2025-03-24,https://legiscan.com/ND/bill/HB1529/2025
ND,1930386,,AN ACT to provide for a legislative management study on the circumstances and needs of special education teachers and the related special education teacher shortage.,AN ACT to provide for a legislative management study on the circumstances and needs of special education teachers and the related special education teacher shortage.,4,2025-04-04,https://legiscan.com/ND/bill/HB1530/2025
ND,1930245,,AN ACT to provide an appropriation to the agriculture commissioner to conduct an irrigation expansion study; and to provide for a report to the legislative management.,AN ACT to provide an appropriation to the agriculture commissioner to conduct an irrigation expansion study; and to provide for a report to the legislative management.,4,2025-04-24,https://legiscan.com/ND/bill/HB1531/2025
ND,1930362,,A BILL for an Act to provide an appropriation to the legislative assembly for hiring temporary legislative assistants; to provide for an analysis of capitol office space; and to provide for a report to the legislative management.,A BILL for an Act to provide an appropriation to the legislative assembly for hiring temporary legislative assistants; to provide for an analysis of capitol office space; and to provide for a report to the legislative management.,1,2025-01-20,https://legiscan.com/ND/bill/HB1532/2025
ND,1930390,,Financial literacy and concepts of personal finance curriculum.,"AN ACT to amend and reenact section 15.1-21-21 of the North Dakota Century Code, relating to financial literacy and concepts of personal finance curriculum.",4,2025-04-24,https://legiscan.com/ND/bill/HB1533/2025
ND,1930474,,Limitations on taxable valuation increases without voter approval; and to provide an effective date.,"A BILL for an Act to create and enact a new section to chapter 57-02 of the North Dakota Century Code, relating to limitations on taxable valuation increases without voter approval; and to provide an effective date.",2,2025-02-13,https://legiscan.com/ND/bill/HB1534/2025
ND,1930687,,A state alert notice system and the committee on tribal and state relations; and to provide for a report.,"AN ACT to amend and reenact the new chapter to title 54 as created by section 1 of Senate Bill No. 2098, as approved by the sixty-ninth legislative assembly, and section 54-35-23 of the North Dakota Century Code, relating to a state alert notice system and the committee on tribal and state relations; and to provide for a report.",4,2025-05-17,https://legiscan.com/ND/bill/HB1535/2025
ND,1930412,,A BILL for an Act to provide an appropriation to the department of public instruction to implement a Native American history curriculum; and to provide for a legislative management report.,A BILL for an Act to provide an appropriation to the department of public instruction to implement a Native American history curriculum; and to provide for a legislative management report.,1,2025-01-20,https://legiscan.com/ND/bill/HB1536/2025
ND,1930612,,Service agreement protection of service during the term of the loan; and to declare an emergency.,"AN ACT to amend and reenact section 6-09.4-22 of the North Dakota Century Code, relating to service agreement protection of service during the term of the loan; and to declare an emergency.",4,2025-04-23,https://legiscan.com/ND/bill/HB1537/2025
ND,1930711,,The environment and rangeland protection fund; and to provide an appropriation.,"A BILL for an Act to create and enact a new section to chapter 4.1-01 of the North Dakota Century Code, relating to creating a spay and neuter awareness grant program; to amend and reenact section 4.1-41-19 of the North Dakota Century Code, relating to the environment and rangeland protection fund; and to provide an appropriation.",1,2025-01-20,https://legiscan.com/ND/bill/HB1538/2025
ND,1930518,,Backup electric generation.,"AN ACT to amend and reenact section 49-22-03 and subdivision e of subsection 1 of section 49-22-22 of the North Dakota Century Code, relating to backup electric generation.",4,2025-03-21,https://legiscan.com/ND/bill/HB1539/2025
ND,1930605,,An education savings account program for students who are not enrolled in public school or a homeschool program; to provide an appropriation; and to provide an effective date.,"AN ACT to create and enact a new chapter to title 15.1 of the North Dakota Century Code, relating to an education savings account program for students who are not enrolled in public school or a homeschool program; to provide an appropriation; and to provide an effective date.",5,2025-04-24,https://legiscan.com/ND/bill/HB1540/2025
ND,1930453,,The onsite wastewater recycling technical committee; to provide an appropriation; to provide for a transfer; and to provide an effective date.,"A BILL for an Act to create and enact chapter 23.1-17 of the North Dakota Century Code, relating to septic systems and the environmental quality advisory committee; to amend and reenact sections 23-35-02, 23-35-08, 23.1-01-03, and 23.1-17-01 of the North Dakota Century Code, relating to the powers and duties of the department of environmental quality, boards of health, and public health units; to repeal sections 23-35-02.2 and 23-35-02.3 of the North Dakota Century Code, relating to the onsite wastewater recycling technical committee; to provide an appropriation; to provide for a transfer; and to provide an effective date.",2,2025-02-25,https://legiscan.com/ND/bill/HB1541/2025
ND,1930664,,Designating student applications for admission to an institution of higher education as exempt records; and to declare an emergency.,"AN ACT to create and enact a new section to chapter 44-04 of the North Dakota Century Code, relating to designating student applications for admission to an institution of higher education as exempt records; and to declare an emergency.",4,2025-04-24,https://legiscan.com/ND/bill/HB1542/2025
ND,1930544,,AN ACT to provide for a legislative management study regarding prescription drug pricing and the maximum fair price as determined by the federal government.,AN ACT to provide for a legislative management study regarding prescription drug pricing and the maximum fair price as determined by the federal government.,4,2025-03-26,https://legiscan.com/ND/bill/HB1543/2025
ND,1930683,,Drainage permits.,"A BILL for an Act to amend and reenact sections 61-32-03 and 61-32-03.3 of the North Dakota Century Code, relating to drainage permits.",1,2025-01-20,https://legiscan.com/ND/bill/HB1544/2025
ND,1930533,,Changing the name of First Nations Day to Indigenous Peoples Day.,"AN ACT to amend and reenact section 1-03-13 of the North Dakota Century Code, relating to changing the name of First Nations Day to Indigenous Peoples Day.",4,2025-04-08,https://legiscan.com/ND/bill/HB1545/2025
ND,1930654,,Use tax on contractors; and to provide an effective date.,"A BILL for an Act to create and enact a new section to chapter 57-39.2 of the North Dakota Century Code, relating to a sales and use tax exemption for purchases made by a contractor, subcontractor, or builder on behalf of the state of North Dakota; to amend and reenact section 57-40.2-03.3 of the North Dakota Century Code, relating to use tax on contractors; and to provide an effective date.",1,2025-01-20,https://legiscan.com/ND/bill/HB1546/2025
ND,1930408,,AN ACT to create a committee to study special education funding during the 2025-26 interim; and to provide for a legislative management report.,AN ACT to create a committee to study special education funding during the 2025-26 interim; and to provide for a legislative management report.,4,2025-03-24,https://legiscan.com/ND/bill/HB1547/2025
ND,1930584,,A BILL for an Act to provide an appropriation to the department of health and human services for a fitness center grant at the life skills and transition center.,A BILL for an Act to provide an appropriation to the department of health and human services for a fitness center grant at the life skills and transition center.,1,2025-01-20,https://legiscan.com/ND/bill/HB1548/2025
ND,1930609,,Offenders released from the department of corrections and rehabilitation; to provide for a statement of legislative intent; to provide for a legislative management study; and to provide for a legislative management report.,"AN ACT to create and enact a new section to chapter 12-44.1 and two new sections to chapter 54-23.3 of the North Dakota Century Code, relating to the correctional facility grant program, housing task force, and criminal justice data collection; to amend and reenact section 12-47-31 of the North Dakota Century Code, relating to offenders released from the department of corrections and rehabilitation; to provide for a statement of legislative intent; to provide for a legislative management study; and to provide for a legislative management report.",4,2025-04-18,https://legiscan.com/ND/bill/HB1549/2025
ND,1930331,,A nursing and basic care facility loan guarantee program.,"A BILL for an Act to create and enact a new chapter to title 6 of the North Dakota Century Code, relating to a nursing and basic care facility loan guarantee program.",1,2025-01-20,https://legiscan.com/ND/bill/HB1550/2025
ND,1930478,,Regulation of biostimulants and beneficial substances; and to provide a penalty.,"AN ACT to create and enact a new chapter to title 4.1 of the North Dakota Century Code, relating to regulation of biostimulants and beneficial substances; and to provide a penalty.",4,2025-03-26,https://legiscan.com/ND/bill/HB1551/2025
ND,1930419,,"Limitation of the rate of home rule sales, use, or gross receipts taxes; and to provide an effective date.","A BILL for an Act to create and enact a new section to chapter 11-09.1 and a new section to chapter 40-05.1 of the North Dakota Century Code, relating to limitation of the rate of home rule sales, use, or gross receipts taxes; and to provide an effective date.",1,2025-01-20,https://legiscan.com/ND/bill/HB1552/2025
ND,1930594,,School meal funding for all students in public and nonpublic schools and the legacy earnings fund; and to provide an appropriation.,"A BILL for an Act to amend and reenact sections 15.1-07-38 and 21-10-13 of the North Dakota Century Code, relating to school meal funding for all students in public and nonpublic schools and the legacy earnings fund; and to provide an appropriation.",1,2025-01-20,https://legiscan.com/ND/bill/HB1553/2025
ND,1930680,,The North Dakota outdoor heritage advisory board; and to declare an emergency.,"AN ACT to amend and reenact section 54-17.8-06 of the North Dakota Century Code, relating to the North Dakota outdoor heritage advisory board; and to declare an emergency.",4,2025-03-26,https://legiscan.com/ND/bill/HB1554/2025
ND,1930376,,Statements of ownership filed with the secretary of state; and to provide a penalty.,"A BILL for an Act to create and enact a new section to chapter 54-09 of the North Dakota Century Code, relating to statements of ownership filed with the secretary of state; and to provide a penalty.",2,2025-02-19,https://legiscan.com/ND/bill/HB1555/2025
ND,1930259,,A child in need of protection and termination of parental rights; to create a workgroup under the children's cabinet to study out-of-home placement or treatment of children with behavioral health issues; to provide for a report; to provide an expiration date; and to declare an emergency.,"AN ACT to amend and reenact subsection 5 of section 27-20.3-01, and sections 27-20.3-15 and 27-20.3-21 of the North Dakota Century Code, relating to a child in need of protection and termination of parental rights; to create a workgroup under the children's cabinet to study out-of-home placement or treatment of children with behavioral health issues; to provide for a report; to provide an expiration date; and to declare an emergency.",4,2025-04-24,https://legiscan.com/ND/bill/HB1556/2025
ND,1930598,,A BILL for an Act to provide an appropriation to the department of water resources for legal fee reimbursement grants.,A BILL for an Act to provide an appropriation to the department of water resources for legal fee reimbursement grants.,1,2025-01-20,https://legiscan.com/ND/bill/HB1557/2025
ND,1930651,,The extension of probation; to provide a penalty; and to provide for application.,"A BILL for an Act to create and enact a new subdivision to subsection 4 of section 12.1-32-07, a new subsection to section 12.1-32-08, and a new section to chapter 39-08 of the North Dakota Century Code, relating to restitution for the child of a victim of criminal vehicular homicide and conditions of probation; to amend and reenact subsection 5 of section 12.1-32-06.1 of the North Dakota Century Code, relating to the extension of probation; to provide a penalty; and to provide for application.",2,2025-02-06,https://legiscan.com/ND/bill/HB1558/2025
ND,1930441,,Limitations on taxable valuation of residential property; and to provide an effective date.,"A BILL for an Act to create and enact a new section to chapter 57-02 of the North Dakota Century Code, relating to limitations on taxable valuation of residential property; and to provide an effective date.",1,2025-01-20,https://legiscan.com/ND/bill/HB1559/2025
ND,1930364,,A primary residence long-term homeowner property valuation reduction; and to provide an effective date.,"A BILL for an Act to create and enact a new section to chapter 57-02 and a new subdivision to subsection 1 of section 57-55-10 of the North Dakota Century Code, relating to a primary residence long-term homeowner property valuation reduction; and to provide an effective date.",1,2025-01-20,https://legiscan.com/ND/bill/HB1560/2025
ND,1930252,,A commercial entity's liability for publishing or distributing sexual material harmful to a minor; to provide a penalty; and to provide for application.,"AN ACT to create and enact a new section to chapter 51-07 of the North Dakota Century Code, relating to a commercial entity's liability for publishing or distributing sexual material harmful to a minor; to provide a penalty; and to provide for application.",4,2025-04-11,https://legiscan.com/ND/bill/HB1561/2025
ND,1930580,,Training for mandated reporters of suspected child abuse or neglect.,"AN ACT to amend and reenact section 15.1-07-34 of the North Dakota Century Code, relating to training for mandated reporters of suspected child abuse or neglect; and to repeal section 15.1-19-29 of the North Dakota Century Code, relating to training for mandated reporters of suspected child abuse or neglect.",4,2025-04-18,https://legiscan.com/ND/bill/HB1562/2025
ND,1930495,,AN ACT to provide for a legislative management study relating to tribal land taxation.,AN ACT to provide for a legislative management study relating to tribal land taxation.,4,2025-03-18,https://legiscan.com/ND/bill/HB1563/2025
ND,1930249,,Indian child welfare.,"AN ACT to amend and reenact sections 27-19.1-01 and 27-19.1-02, subsection 1 of section 27-19.1-03, subsection 1 of section 27-19.1-04, and sections 27-19.1-05 and 27-19.1-06 of the North Dakota Century Code, relating to Indian child welfare.",4,2025-04-11,https://legiscan.com/ND/bill/HB1564/2025
ND,1930529,,Authorization for public agencies and tribes to enter an agreement.,"A BILL for an Act to create and enact a new section to chapter 15.1-01 of the North Dakota Century Code, relating to establishing a grant program for the education of nonbeneficiary students attending tribally controlled schools; and to amend and reenact section 54-40.2-02 of the North Dakota Century Code, relating to authorization for public agencies and tribes to enter an agreement.",1,2025-01-20,https://legiscan.com/ND/bill/HB1565/2025
ND,1930566,,AN ACT to provide for a legislative management study relating to the potential uses of kratom and the implementation of regulations of kratom in the state.,AN ACT to provide for a legislative management study relating to the potential uses of kratom and the implementation of regulations of kratom in the state.,4,2025-04-29,https://legiscan.com/ND/bill/HB1566/2025
ND,1930640,,"AN ACT to provide for a legislative management study relating to dental and oral health care status among Medicaid recipients and workforce support to improve access for low-income children, Native American children, and individuals with disabilities.","AN ACT to provide for a legislative management study relating to dental and oral health care status among Medicaid recipients and workforce support to improve access for low-income children, Native American children, and individuals with disabilities.",4,2025-04-18,https://legiscan.com/ND/bill/HB1567/2025
ND,1930503,,The creation of the North Dakota Ireland trade commission; to provide for a legislative management report; and to provide an expiration date.,"A BILL for an Act to create and enact a new chapter to title 54 of the North Dakota Century Code, relating to the creation of the North Dakota Ireland trade commission; to provide for a legislative management report; and to provide an expiration date.",2,2025-02-05,https://legiscan.com/ND/bill/HB1568/2025
ND,1930434,,Human trafficking awareness and prevention curriculum.,"A BILL for an Act to create and enact a new section to chapter 15.1-21 of the North Dakota Century Code, relating to human trafficking awareness and prevention curriculum.",1,2025-01-20,https://legiscan.com/ND/bill/HB1569/2025
ND,1930592,,The tax imposed on cigarettes and other tobacco products; to provide a penalty; and to provide an effective date.,"A BILL for an Act to create and enact a new section to chapter 50-06 and two new sections to chapter 57-36 of the North Dakota Century Code, relating to the creation of a tobacco tax distribution behavioral health fund and the collection, transfer, and report of a tax on electronic smoking devices and alternative tobacco products; to amend and reenact sections 57-36-01, 57-36-25, 57-36-26, 57-36-31, and 57-36-32 of the North Dakota Century Code, relating to the tax imposed on cigarettes and other tobacco products; to provide a penalty; and to provide an effective date.",1,2025-01-20,https://legiscan.com/ND/bill/HB1570/2025
ND,1930675,,"The sales tax exemption for raw materials, single-use product contact systems, and reagents used for biologic manufacturing; and to provide an effective date.","A BILL for an Act to amend and reenact subsection 3 of section 54-35-26 and section 57-40.2-03.3 of the North Dakota Century Code, relating to evaluation of economic development tax incentives and the use tax exemption for raw materials, single-use product contact systems, and reagents used for biologic manufacturing; to repeal section 57-39.2-04.19 of the North Dakota Century Code, relating to the sales tax exemption for raw materials, single-use product contact systems, and reagents used for biologic manufacturing; and to provide an effective date.",1,2025-01-20,https://legiscan.com/ND/bill/HB1571/2025
ND,1930632,,"Park district bonding authority without a vote, reporting of legislative tax relief information, and delivery and contents of the real estate tax statement; to provide for a legislative management study; and to provide for a legislative management report.","A BILL for an Act to create and enact a new section to chapter 57-01 of the North Dakota Century Code, relating to a uniform taxing district financial and property tax data reporting system; to amend and reenact subsection 11 of section 21-03-07 and sections 57-20-04 and 57-20-07.1 of the North Dakota Century Code, relating to park district bonding authority without a vote, reporting of legislative tax relief information, and delivery and contents of the real estate tax statement; to provide for a legislative management study; and to provide for a legislative management report.",2,2025-02-21,https://legiscan.com/ND/bill/HB1572/2025
ND,1930697,,The imposition of a pore space utilization tax and creation of a North Dakota disaster fund; and to provide an effective date.,"A BILL for an Act to create and enact chapter 57-66 of the North Dakota Century Code, relating to the imposition of a pore space utilization tax and creation of a North Dakota disaster fund; and to provide an effective date.",1,2025-01-20,https://legiscan.com/ND/bill/HB1573/2025
ND,1930347,,The authority of the industrial commission; to provide for application; and to provide an expiration date.,"A BILL for an Act to create and enact a new section to chapter 38-22 of the North Dakota Century Code, relating to a prohibition on direct air carbon dioxide capture projects; to amend and reenact section 38-08-21 of the North Dakota Century Code, relating to the authority of the industrial commission; to provide for application; and to provide an expiration date.",1,2025-01-20,https://legiscan.com/ND/bill/HB1574/2025
ND,1930667,,"Legacy fund definitions, the legacy earnings fund, and the primary residence credit; to provide an appropriation; to provide for a transfer; to provide an effective date; and to provide an expiration date.","A BILL for an Act to create and enact two new sections to chapter 54-27, two new sections to chapter 57-02, and a new subdivision to subsection 1 of section 57-55-10 of the North Dakota Century Code, relating to a legacy earnings fund, a legacy property tax relief fund, a state reimbursed taxable valuation reduction for residential, agricultural, and commercial property, limitations on taxable valuation increases, and voter-approved excess levy authority; to amend and reenact section 6-09.4-10.1, subsection 1 of section 21-10-06, section 54-27-19.3, subdivision c of subsection 1 of section 57-02-08.1, subdivision b of subsection 2 of section 57-02-08.1, and section 57-02-08.10, of the North Dakota Century Code, relating to funds invested by the state investment board, the homestead tax credit and renters refund, and the primary residence credit certification and state reimbursement; to repeal sections 21-10-12, 21-10-13, and 57-02-08.9 of the North Dakota Century Code, relating to legacy fund definitions, the legacy earnings fund, and the primary residence credit; to provide an appropriation; to provide for a transfer; to provide an effective date; and to provide an expiration date.",2,2025-02-25,https://legiscan.com/ND/bill/HB1575/2025
ND,1930438,,A BILL for an Act to provide for a legislative management study of the oil and gas tax revenue allocation formulas.,A BILL for an Act to provide for a legislative management study of the oil and gas tax revenue allocation formulas.,1,2025-01-20,https://legiscan.com/ND/bill/HB1576/2025
ND,1930707,,A wastewater infrastructure grant program and the duties of the department of environmental quality; to authorize a Bank of North Dakota line of credit; to provide an appropriation; to provide for a legislative management study; and to declare an emergency.,"AN ACT to create and enact a new section to chapter 23.1-07 and a new subsection to section 23.1-07-06 of the North Dakota Century Code, relating to a wastewater infrastructure grant program and the duties of the department of environmental quality; to authorize a Bank of North Dakota line of credit; to provide an appropriation; to provide for a legislative management study; and to declare an emergency.",4,2025-05-02,https://legiscan.com/ND/bill/HB1577/2025
ND,1930309,,Excise tax on a motor vehicle taken into the custody of a commercial towing service.,"AN ACT to create and enact a new subsection to section 57-40.3-04 of the North Dakota Century Code, relating to a motor vehicle excise tax exemption for abandoned motor vehicles; and to amend and reenact subsection 2 of section 23.1-15-07 of the North Dakota Century Code, relating to excise tax on a motor vehicle taken into the custody of a commercial towing service.",4,2025-04-01,https://legiscan.com/ND/bill/HB1578/2025
ND,1930423,,AN ACT to provide for a legislative management study relating to the impact of large energy consumers on the state's electrical grid.,AN ACT to provide for a legislative management study relating to the impact of large energy consumers on the state's electrical grid.,4,2025-04-29,https://legiscan.com/ND/bill/HB1579/2025
ND,1930368,,AN ACT to provide for a legislative management study relating to state employee compensation levels.,AN ACT to provide for a legislative management study relating to state employee compensation levels.,4,2025-04-29,https://legiscan.com/ND/bill/HB1580/2025
ND,1930296,,AN ACT to provide an appropriation to the department of commerce for tribal tourism grants; and to provide for a legislative management report.,AN ACT to provide an appropriation to the department of commerce for tribal tourism grants; and to provide for a legislative management report.,4,2025-04-23,https://legiscan.com/ND/bill/HB1581/2025
ND,1930316,,AN ACT to provide for a legislative management study regarding a review of state laws relating to false accusations or false reports of a crime.,AN ACT to provide for a legislative management study regarding a review of state laws relating to false accusations or false reports of a crime.,4,2025-04-29,https://legiscan.com/ND/bill/HB1582/2025
ND,1930507,,False political advertisements; and to provide a penalty.,"A BILL for an Act to amend and reenact section 16.1-10-04 of the North Dakota Century Code, relating to false political advertisements; and to provide a penalty.",2,2025-02-19,https://legiscan.com/ND/bill/HB1583/2025
ND,1930577,,Pharmacy benefits managers and prescription drug costs; to provide a penalty; to provide an appropriation; to provide for a transfer; to provide an effective date; to provide an expiration date; and to declare an emergency.,"AN ACT to create and enact four new sections to chapter 26.1-27.1 of the North Dakota Century Code, relating to pharmacy benefits managers and a pharmacy benefit manager enforcement fund; to amend and reenact subsection 1 of section 26.1-01-07, sections 26.1-27.1-01, 26.1-27.1-02, 26.1-27.1-04, 26.1-27.1-06 and 26.1-27.1-07 of the North Dakota Century Code, relating to pharmacy benefits managers; to repeal section 26.1-27-01.1 and chapter 26.1-36.10 of the North Dakota Century Code, relating to pharmacy benefits managers and prescription drug costs; to provide a penalty; to provide an appropriation; to provide for a transfer; to provide an effective date; to provide an expiration date; and to declare an emergency.",4,2025-04-29,https://legiscan.com/ND/bill/HB1584/2025
ND,1930620,,A requirement for peace officers to report undocumented immigrants to United States immigration and customs.,"A BILL for an Act to create and enact a new section to chapter 12-63 of the North Dakota Century Code, relating to a requirement for peace officers to report undocumented immigrants to United States immigration and customs.",1,2025-01-20,https://legiscan.com/ND/bill/HB1585/2025
ND,1930481,,"The primary residence credit, setoff of income tax refunds for payment of delinquent real property and special assessment taxes, and eliminating foreclosure of tax liens for primary residential property; to provide an effective date; to provide an expiration date; and to declare an emergency.","A BILL for an Act to create and enact a new section to chapter 32-31, a new section to chapter 57-20, and a new section to chapter 57-28 of the North Dakota Century Code, relating to eliminating foreclosure of tax liens for residential property and collection of delinquent real property and special assessment taxes; to amend and reenact sections 40-25-03, 57-02-08.9, 57-02-08.10, 57-20-26, and 57-22-22, subsection 1 of section 57-38.3-02, sections 57-45-12, 61-01-21, 61-09-15, 61-16.1-31, 61-24.8-40, and 61-35-87, relating to the primary residence credit, setoff of income tax refunds for payment of delinquent real property and special assessment taxes, and eliminating foreclosure of tax liens for primary residential property; to provide an effective date; to provide an expiration date; and to declare an emergency.",1,2025-01-20,https://legiscan.com/ND/bill/HB1586/2025
ND,1930514,,Election security and validation.,"A BILL for an Act to create and enact a new section to chapter 16.1-15 of the North Dakota Century Code, relating to the prohibition against using voting systems in certain elections; and to amend and reenact sections 16.1-06-12, 16.1-06-14, and 16.1-06-15 and subsection 1 of section 16.1-06-26 of the North Dakota Century Code, relating to election security and validation.",1,2025-01-20,https://legiscan.com/ND/bill/HB1587/2025
ND,1930461,,"Dangerous weapons, the possession of a firearm or dangerous weapon at a public gathering, testing for a license to carry a firearm or dangerous weapon concealed, and producing a concealed carry license upon request; and to provide a penalty.","AN ACT to amend and reenact subsection 1 of section 62.1-01-01, section 62.1-02-05, subdivision d of subsection 1 of section 62.1-04-03, and section 62.1-04-04 of the North Dakota Century Code, relating to dangerous weapons, the possession of a firearm or dangerous weapon at a public gathering, testing for a license to carry a firearm or dangerous weapon concealed, and producing a concealed carry license upon request; and to provide a penalty.",4,2025-04-23,https://legiscan.com/ND/bill/HB1588/2025
ND,1930731,,Standards for qualification in firearms training for retired officers.,"AN ACT to create and enact a new section to chapter 62.1-01 of the North Dakota Century Code, relating to law enforcement agency and concealed weapon test administrator certifications and firearm proficiency qualification course records; and to amend and reenact subsection 7 of section 62.1-01-01 of the North Dakota Century Code, relating to standards for qualification in firearms training for retired officers.",4,2025-03-28,https://legiscan.com/ND/bill/HB1589/2025
ND,1930765,,A student education services account pilot program; and to provide an appropriation.,"A BILL for an Act to create and enact a new chapter to title 6 of the North Dakota Century Code, relating to a student education services account pilot program; and to provide an appropriation.",1,2025-01-20,https://legiscan.com/ND/bill/HB1590/2025
ND,1930735,,AN ACT to provide an appropriation to the agriculture commissioner for a county fair resiliency grant program; and to declare an emergency.,AN ACT to provide an appropriation to the agriculture commissioner for a county fair resiliency grant program; and to declare an emergency.,4,2025-04-18,https://legiscan.com/ND/bill/HB1591/2025
ND,1930754,,"The appointments, operations, and powers of the lignite research council, the powers of the industrial commission, and public record exemptions.","AN ACT to amend and reenact sections 54-17.5-01, 54-17.5-02, 54-17.5-03, 54-17.5-04, and 54-17.5-06 of the North Dakota Century Code, relating to the appointments, operations, and powers of the lignite research council, the powers of the industrial commission, and public record exemptions.",4,2025-04-18,https://legiscan.com/ND/bill/HB1592/2025
ND,1930762,,A covered platform's liability for publishing or distributing sexual material harmful to a minor; and to provide a penalty.,"A BILL for an Act to create and enact a new section to chapter 51-07 of the North Dakota Century Code, relating to a covered platform's liability for publishing or distributing sexual material harmful to a minor; and to provide a penalty.",1,2025-01-20,https://legiscan.com/ND/bill/HB1593/2025
ND,1930732,,Health care facility and preferred provider compliance with medical cost transparency requirements; and to provide a penalty.,"A BILL for an Act to create and enact a new section to chapter 23-12 of the North Dakota Century Code, relating to medical costs transparency for health care facilities; to amend and reenact section 26.1-47-02 of the North Dakota Century Code, relating to health care facility and preferred provider compliance with medical cost transparency requirements; and to provide a penalty.",2,2025-02-24,https://legiscan.com/ND/bill/HB1594/2025
ND,1930763,,Pregnancy resource centers that receive state funding.,"A BILL for an Act to create and enact a new section to chapter 23-12 of the North Dakota Century Code, relating to pregnancy resource centers that receive state funding.",1,2025-01-20,https://legiscan.com/ND/bill/HB1595/2025
ND,1930757,,"Penalties for the ingestion and possession of marijuana, tetrahydrocannabinol, or paraphernalia; and to provide a penalty.","A BILL for an Act to create and enact a new section to chapter 19-03.1 of the North Dakota Century Code, relating to noncriminal marijuana, tetrahydrocannabinol, or paraphernalia violations; to amend and reenact subsection 2 of section 19-03.1-22.3, subdivision d of subsection 7 of section 19-03.1-23, subsection 9 of section 19-03.1-23, and subsection 4 of section 19-03.4-03 of the North Dakota Century Code, relating to penalties for the ingestion and possession of marijuana, tetrahydrocannabinol, or paraphernalia; and to provide a penalty.",2,2025-02-25,https://legiscan.com/ND/bill/HB1596/2025
ND,1930728,,AN ACT to provide an exemption; and to provide for the distribution of state financial assistance to eligible ambulance service operations.,AN ACT to provide an exemption; and to provide for the distribution of state financial assistance to eligible ambulance service operations.,4,2025-04-18,https://legiscan.com/ND/bill/HB1597/2025
ND,1930756,,Hunting big game or small game other than waterfowl or cranes with a motor-driven vehicle.,"AN ACT to amend and reenact section 20.1-01-07 of the North Dakota Century Code, relating to hunting big game or small game other than waterfowl or cranes with a motor-driven vehicle.",4,2025-03-24,https://legiscan.com/ND/bill/HB1598/2025
ND,1930761,,Shared leave for state employees.,"AN ACT to amend and reenact section 54-06-14.7 of the North Dakota Century Code, relating to shared leave for state employees.",4,2025-03-28,https://legiscan.com/ND/bill/HB1599/2025
ND,1930760,,The establishment of the immigration law clinic at the university of North Dakota school of law; to provide for a report; and to provide an appropriation.,"AN ACT to create and enact a new section to chapter 15-11 of the North Dakota Century Code, relating to the establishment of the immigration law clinic at the university of North Dakota school of law; to provide for a report; and to provide an appropriation.",4,2025-04-29,https://legiscan.com/ND/bill/HB1600/2025
ND,1930758,,Special assistant attorneys general.,"A BILL for an Act to amend and reenact section 54-12-08 of the North Dakota Century Code, relating to special assistant attorneys general.",2,2025-02-25,https://legiscan.com/ND/bill/HB1601/2025
ND,1930749,,Political subdivision participation in the public employees retirement system defined contribution retirement plan.,"AN ACT to amend and reenact section 54-52-02.15 of the North Dakota Century Code, relating to political subdivision participation in the public employees retirement system defined contribution retirement plan.",4,2025-04-04,https://legiscan.com/ND/bill/HB1602/2025
ND,1930748,,AN ACT to provide an appropriation to the state historical society for Native American grave protection and repatriation compliance efforts.,AN ACT to provide an appropriation to the state historical society for Native American grave protection and repatriation compliance efforts.,4,2025-04-18,https://legiscan.com/ND/bill/HB1603/2025
ND,1930744,,The funding of kindergarten through grade twelve school construction; to provide an appropriation; and to provide an expiration date.,"A BILL for an Act to create and enact a new chapter to title 15.1 of the North Dakota Century Code, relating to the funding of kindergarten through grade twelve school construction; to provide an appropriation; and to provide an expiration date.",1,2025-01-20,https://legiscan.com/ND/bill/HB1604/2025
ND,1930736,,The prohibition on water fluoridation; to provide a penalty; and to provide an effective date.,"A BILL for an Act to create and enact a new section to chapter 61-28.1 of the North Dakota Century Code, relating to the prohibition on water fluoridation; to provide a penalty; and to provide an effective date.",1,2025-01-20,https://legiscan.com/ND/bill/HB1605/2025
ND,1930737,,Sick leave for state employees.,"A BILL for an Act to amend and reenact section 54-06-14 of the North Dakota Century Code, relating to sick leave for state employees.",1,2025-01-20,https://legiscan.com/ND/bill/HB1606/2025
ND,1930730,,Compulsory attendance exceptions.,"A BILL for an Act to create and enact a new chapter to title 15.1 of the North Dakota Century Code, relating to the establishment of the educational empowerment account for authorized educational expenses; and to amend and reenact section 15.1-20-02 of the North Dakota Century Code, relating to compulsory attendance exceptions.",1,2025-01-20,https://legiscan.com/ND/bill/HB1607/2025
ND,1930746,,Employee leave for rest and worship; and to provide a penalty.,"A BILL for an Act to create and enact a new section to chapter 34-01 of the North Dakota Century Code, relating to employee leave for rest and worship; and to provide a penalty.",1,2025-01-20,https://legiscan.com/ND/bill/HB1608/2025
ND,1930729,,"Admission to the bar examination through an apprenticeship program developed, established, and implemented by the supreme court.","A BILL for an Act to create and enact a new section to chapter 27-11 of the North Dakota Century Code, relating to admission to the bar examination through an apprenticeship program developed, established, and implemented by the supreme court.",1,2025-01-20,https://legiscan.com/ND/bill/HB1609/2025
ND,1930740,,Prohibited lease provisions in a contract to lease real property.,"AN ACT to create and enact a new section to chapter 47-16 of the North Dakota Century Code, relating to prohibited lease provisions in a contract to lease real property.",4,2025-04-01,https://legiscan.com/ND/bill/HB1610/2025
ND,1930755,,A BILL for an Act to provide for a legislative management study regarding oil and chemical spills on state highways within the Fort Berthold Reservation.,A BILL for an Act to provide for a legislative management study regarding oil and chemical spills on state highways within the Fort Berthold Reservation.,1,2025-01-20,https://legiscan.com/ND/bill/HB1611/2025
ND,1930745,,The establishment of the North Dakota center for aerospace medicine for mental health support and certification assistance; and to provide an appropriation.,"AN ACT to create and enact a new section to chapter 15-11 of the North Dakota Century Code, relating to the establishment of the North Dakota center for aerospace medicine for mental health support and certification assistance; and to provide an appropriation.",4,2025-04-29,https://legiscan.com/ND/bill/HB1612/2025
ND,1930747,,Law enforcement use of a robot.,"AN ACT to amend and reenact sections 29-29.4-01, 29-29.4-02, 29-29.4-03, 29-29.4-04, 29-29.4-05, and 29-29.4-06 of the North Dakota Century Code, relating to law enforcement use of a robot.",4,2025-04-29,https://legiscan.com/ND/bill/HB1613/2025
ND,1930743,,A BILL for an Act to provide for a department of transportation study regarding autonomous and semiautonomous vehicle technologies; and to provide a legislative management report.,A BILL for an Act to provide for a department of transportation study regarding autonomous and semiautonomous vehicle technologies; and to provide a legislative management report.,2,2025-02-25,https://legiscan.com/ND/bill/HB1614/2025
ND,1930764,,Securing approval for a gaming site authorization.,"AN ACT to amend and reenact subsection 2 of section 53-06.1-03 of the North Dakota Century Code, relating to securing approval for a gaming site authorization.",4,2025-04-18,https://legiscan.com/ND/bill/HB1615/2025
ND,1930734,,Availability of voter lists.,"A BILL for an Act to amend and reenact section 16.1-02-15 of the North Dakota Century Code, relating to availability of voter lists.",1,2025-01-20,https://legiscan.com/ND/bill/HB1616/2025
ND,1930751,,A BILL for an Act to provide an appropriation to the department of public instruction for tribal school infrastructure projects.,A BILL for an Act to provide an appropriation to the department of public instruction for tribal school infrastructure projects.,1,2025-01-20,https://legiscan.com/ND/bill/HB1617/2025
ND,1930726,,A BILL for an Act to provide an appropriation to the department of public instruction for tribal school infrastructure grants.,A BILL for an Act to provide an appropriation to the department of public instruction for tribal school infrastructure grants.,1,2025-01-20,https://legiscan.com/ND/bill/HB1618/2025
ND,1930727,,The medical facility infrastructure loan fund; and to provide an appropriation.,"AN ACT to create and enact a new section to chapter 6-09 of the North Dakota Century Code, relating to a long-term care facility infrastructure loan program; to amend and reenact subsection 3 of section 6-09-47 of the North Dakota Century Code, relating to the medical facility infrastructure loan fund; and to provide an appropriation.",4,2025-05-17,https://legiscan.com/ND/bill/HB1619/2025
ND,1930741,,The creation of a state fiscal transparency online portal.,"A BILL for an Act to create and enact a new section to chapter 54-11 of the North Dakota Century Code, relating to the creation of a state fiscal transparency online portal.",1,2025-01-20,https://legiscan.com/ND/bill/HB1620/2025
ND,1909335,,A resolution urging the United States Supreme Court to restore the definition of marriage to a union between one man and one woman.,A resolution urging the United States Supreme Court to restore the definition of marriage to a union between one man and one woman.,1,2025-01-07,https://legiscan.com/ND/bill/HR5001/2025
ND,1900191,,A concurrent resolution encouraging the State Treasurer and State Investment Board to invest selected state funds in digital assets and precious metals.,A concurrent resolution encouraging the State Treasurer and State Investment Board to invest selected state funds in digital assets and precious metals.,2,2025-02-03,https://legiscan.com/ND/bill/HCR3001/2025
ND,1909291,,Authorizing sports betting.,"A concurrent resolution to amend and reenact section 25 of article XI of the Constitution of North Dakota, relating to authorizing sports betting.",1,2025-01-07,https://legiscan.com/ND/bill/HCR3002/2025
ND,1909855,,The threshold for approving a constitutional amendment.,"A concurrent resolution to amend and reenact section 9 of article III and section 16 of article IV of the Constitution of North Dakota, relating to the threshold for approving a constitutional amendment.",4,2025-04-15,https://legiscan.com/ND/bill/HCR3003/2025
ND,1910771,,A concurrent resolution to extend congratulations to the North Dakota State University football team for earning the program's 10th national college football championship since 2011.,A concurrent resolution to extend congratulations to the North Dakota State University football team for earning the program's 10th national college football championship since 2011.,4,2025-01-17,https://legiscan.com/ND/bill/HCR3004/2025
ND,1916734,,A concurrent resolution urging the 119th Congress to provide for the inclusion on the Vietnam Veterans Memorial Wall the names of the lost crew members of the U.S.S. Frank E. Evans.,A concurrent resolution urging the 119th Congress to provide for the inclusion on the Vietnam Veterans Memorial Wall the names of the lost crew members of the U.S.S. Frank E. Evans.,4,2025-03-20,https://legiscan.com/ND/bill/HCR3005/2025
ND,1916787,,A concurrent resolution urging the Postmaster General of the United States Postal Service to improve mail processing across the state to address delivery issues.,A concurrent resolution urging the Postmaster General of the United States Postal Service to improve mail processing across the state to address delivery issues.,4,2025-03-20,https://legiscan.com/ND/bill/HCR3006/2025
ND,1930170,,A concurrent resolution urging Congress to recognize United States troops who served in Honduras from 1981 to 1992.,A concurrent resolution urging Congress to recognize United States troops who served in Honduras from 1981 to 1992.,4,2025-03-20,https://legiscan.com/ND/bill/HCR3007/2025
ND,1942664,,A concurrent resolution that Chuck Suchy be designated as the first state troubadour of North Dakota for a term of five years until a successor is selected pursuant to law.,A concurrent resolution that Chuck Suchy be designated as the first state troubadour of North Dakota for a term of five years until a successor is selected pursuant to law.,4,2025-03-25,https://legiscan.com/ND/bill/HCR3008/2025
ND,1942692,,A concurrent resolution urging the federal government to take actions to enact trade policy that supports business and workers of the United States while penalizing global polluters.,A concurrent resolution urging the federal government to take actions to enact trade policy that supports business and workers of the United States while penalizing global polluters.,4,2025-03-20,https://legiscan.com/ND/bill/HCR3009/2025
ND,1945103,,A concurrent resolution directing the Legislative Management to consider studying legislative responsibility to carefully review and consider existing law when developing proposals to create new law.,A concurrent resolution directing the Legislative Management to consider studying legislative responsibility to carefully review and consider existing law when developing proposals to create new law.,2,2025-02-11,https://legiscan.com/ND/bill/HCR3010/2025
ND,1945720,,A concurrent resolution urging Congress to provide veterans with medical coverage for hyperbaric oxygenation therapy.,A concurrent resolution urging Congress to provide veterans with medical coverage for hyperbaric oxygenation therapy.,4,2025-03-18,https://legiscan.com/ND/bill/HCR3011/2025
ND,1945452,,The statewide property tax levy of one mill for support of the state medical center at the University of North Dakota; and to provide an effective date.,"A concurrent resolution to repeal section 10 of article X of the Constitution of North Dakota, relating to the statewide property tax levy of one mill for support of the state medical center at the University of North Dakota; and to provide an effective date.",1,2025-01-29,https://legiscan.com/ND/bill/HCR3012/2025
ND,1946492,,A concurrent resolution urging the United States Supreme Court to restore the definition of marriage to a union between one man and one woman.,A concurrent resolution urging the United States Supreme Court to restore the definition of marriage to a union between one man and one woman.,2,2025-02-25,https://legiscan.com/ND/bill/HCR3013/2025
ND,1946959,,"A concurrent resolution urging public health, health care systems, and health care providers to prioritize primary prevention in addressing vitamin D deficiency through multifaceted precision public health and medicine approaches.","A concurrent resolution urging public health, health care systems, and health care providers to prioritize primary prevention in addressing vitamin D deficiency through multifaceted precision public health and medicine approaches.",4,2025-03-18,https://legiscan.com/ND/bill/HCR3014/2025
ND,1947898,,A concurrent resolution urging the Southwest Power Pool and Midcontinent Independent System Operator to promptly and decisively act to maintain the reliability of the bulk power system by addressing market failures that have allowed capacity retirements to outpace replacement.,A concurrent resolution urging the Southwest Power Pool and Midcontinent Independent System Operator to promptly and decisively act to maintain the reliability of the bulk power system by addressing market failures that have allowed capacity retirements to outpace replacement.,4,2025-03-20,https://legiscan.com/ND/bill/HCR3015/2025
ND,1947713,,A concurrent resolution recognizing the benefits of enhanced oil recovery and encouraging the State of North Dakota and federal government to maintain favorable policies that support the development of carbon capture technology and utilization of carbon dioxide as a commodity for advancing energy security.,A concurrent resolution recognizing the benefits of enhanced oil recovery and encouraging the State of North Dakota and federal government to maintain favorable policies that support the development of carbon capture technology and utilization of carbon dioxide as a commodity for advancing energy security.,4,2025-03-20,https://legiscan.com/ND/bill/HCR3016/2025
ND,1948081,,"A concurrent resolution recognizing December 6th as annual ""Miner's Day"" to honor the hard work and dedication of coal miners, whose critical efforts provide reliable and affordable energy to millions of people, fuel economic growth, and support the energy security of North Dakota and the region.","A concurrent resolution recognizing December 6th as annual ""Miner's Day"" to honor the hard work and dedication of coal miners, whose critical efforts provide reliable and affordable energy to millions of people, fuel economic growth, and support the energy security of North Dakota and the region.",4,2025-03-20,https://legiscan.com/ND/bill/HCR3017/2025
ND,1948702,,A concurrent resolution directing the Legislative Management to consider studying water and wetlands regulations and the taxation of inundated lands in the state.,A concurrent resolution directing the Legislative Management to consider studying water and wetlands regulations and the taxation of inundated lands in the state.,4,2025-04-22,https://legiscan.com/ND/bill/HCR3018/2025
ND,1949145,,A concurrent resolution congratulating Donald J. Trump on his inauguration as President of the United States.,A concurrent resolution congratulating Donald J. Trump on his inauguration as President of the United States.,4,2025-03-20,https://legiscan.com/ND/bill/HCR3019/2025
ND,1949495,,A concurrent resolution urging North Dakota to acknowledge the Kingship of Jesus Christ.,A concurrent resolution urging North Dakota to acknowledge the Kingship of Jesus Christ.,1,2025-01-30,https://legiscan.com/ND/bill/HCR3020/2025
ND,1949246,,The judicial branch and supreme court.,"A concurrent resolution to amend and reenact sections 3 and 13 of article VI of the Constitution of North Dakota, relating to the judicial branch and supreme court.",1,2025-01-30,https://legiscan.com/ND/bill/HCR3021/2025
ND,1949567,,A concurrent resolution directing the Legislative Management to consider studying political subdivisions making investments in stablecoins.,A concurrent resolution directing the Legislative Management to consider studying political subdivisions making investments in stablecoins.,1,2025-01-30,https://legiscan.com/ND/bill/HCR3022/2025
ND,1949544,,A concurrent resolution affirming the 69th Legislative Assembly's commitment to ensuring state-funded essential services remain fully funded and operational regardless of changes in federal funding allocations.,A concurrent resolution affirming the 69th Legislative Assembly's commitment to ensuring state-funded essential services remain fully funded and operational regardless of changes in federal funding allocations.,1,2025-01-30,https://legiscan.com/ND/bill/HCR3023/2025
ND,1949519,,A concurrent resolution urging the United States Congress to transfer the management of all national grassland property within the state from the United States Forest Service to the Natural Resources Conservation Service.,A concurrent resolution urging the United States Congress to transfer the management of all national grassland property within the state from the United States Forest Service to the Natural Resources Conservation Service.,4,2025-03-20,https://legiscan.com/ND/bill/HCR3024/2025
ND,1949294,,"A concurrent resolution honoring the police and first responders of Fargo, North Dakota.","A concurrent resolution honoring the police and first responders of Fargo, North Dakota.",4,2025-04-15,https://legiscan.com/ND/bill/HCR3025/2025
ND,1949272,,"A concurrent resolution urging Congress and the President of the United States to pursue diplomatic efforts, in good faith and with respect for the sovereignty of all parties, to propose the peaceful annexation of Greenland as a territory of the United States of America.","A concurrent resolution urging Congress and the President of the United States to pursue diplomatic efforts, in good faith and with respect for the sovereignty of all parties, to propose the peaceful annexation of Greenland as a territory of the United States of America.",1,2025-01-30,https://legiscan.com/ND/bill/HCR3026/2025
ND,1963547,,"A concurrent resolution declaring February 13, 2025, as ""Giving Hearts Day.""","A concurrent resolution declaring February 13, 2025, as ""Giving Hearts Day.""",4,2025-02-13,https://legiscan.com/ND/bill/HCR3027/2025
ND,1951235,,A concurrent resolution directing the Legislative Management to consider studying human trafficking victim service and re-entry programs.,A concurrent resolution directing the Legislative Management to consider studying human trafficking victim service and re-entry programs.,4,2025-04-15,https://legiscan.com/ND/bill/HCR3028/2025
ND,1972609,,"A concurrent resolution directing the Legislative Management to consider studying inpatient services, community-based services, and existing waivers for treatment and support of individuals with neurological conditions and behavioral symptoms that put the individual at risk for incarceration, inappropriate placement, or homelessness.","A concurrent resolution directing the Legislative Management to consider studying inpatient services, community-based services, and existing waivers for treatment and support of individuals with neurological conditions and behavioral symptoms that put the individual at risk for incarceration, inappropriate placement, or homelessness.",4,2025-03-26,https://legiscan.com/ND/bill/HCR3029/2025
ND,1975653,,A concurrent resolution to strengthen the sister-state relations between the State of North Dakota and Taiwan and to reaffirm support for Taiwan's international participation.,A concurrent resolution to strengthen the sister-state relations between the State of North Dakota and Taiwan and to reaffirm support for Taiwan's international participation.,4,2025-04-01,https://legiscan.com/ND/bill/HCR3030/2025
ND,1979067,,A concurrent resolution directing the Legislative Management to consider studying the regulatory framework and potential economic impact of tetrahydrocannabinol infused beverages.,A concurrent resolution directing the Legislative Management to consider studying the regulatory framework and potential economic impact of tetrahydrocannabinol infused beverages.,1,2025-02-21,https://legiscan.com/ND/bill/HCR3031/2025
ND,1978911,,The minimum wage.,"A concurrent resolution to create and enact a new section to article XI of the Constitution of North Dakota, relating to the minimum wage.",1,2025-02-21,https://legiscan.com/ND/bill/HCR3032/2025
ND,1981713,,A concurrent resolution directing the Legislative Management to consider studying personal legislative staff for the Legislative Assembly.,A concurrent resolution directing the Legislative Management to consider studying personal legislative staff for the Legislative Assembly.,2,2025-03-10,https://legiscan.com/ND/bill/HCR3033/2025
ND,1982252,,Prohibiting the legislative assembly from proposing certain amendments to article XV of the Constitution of North Dakota; and to provide for application.,"A concurrent resolution to amend and reenact sections 1 and 2 of article XV of the Constitution of North Dakota, relating to term limits for members of the legislative assembly and statewide elected officers; to repeal section 4 of article XV of the Constitution of North Dakota, relating to prohibiting the legislative assembly from proposing certain amendments to article XV of the Constitution of North Dakota; and to provide for application.",1,2025-02-25,https://legiscan.com/ND/bill/HCR3034/2025
ND,1991795,,Distributions from the common schools trust fund.,"A concurrent resolution to amend and reenact section 2 of article IX of the Constitution of North Dakota, relating to distributions from the common schools trust fund.",1,2025-02-25,https://legiscan.com/ND/bill/HCR3035/2025
ND,1991598,,Sessions of the legislative assembly; and to provide an effective date.,"A concurrent resolution to amend and reenact sections 7 and 13 of article IV of the Constitution of North Dakota, relating to sessions of the legislative assembly; and to provide an effective date.",1,2025-02-25,https://legiscan.com/ND/bill/HCR3036/2025
ND,2016831,,A concurrent resolution urging the Seventieth Legislative Assembly to consider enacting mandatory reporting requirements for public officials.,A concurrent resolution urging the Seventieth Legislative Assembly to consider enacting mandatory reporting requirements for public officials.,2,2025-04-08,https://legiscan.com/ND/bill/HCR3037/2025
ND,2005979,,A memorial resolution for deceased members of the House of Representatives of North Dakota.,A memorial resolution for deceased members of the House of Representatives of North Dakota.,4,2025-03-13,https://legiscan.com/ND/bill/HM7001/2025
ND,1899435,,"Use of legislative rooms and halls and legislative compensation; to provide a statement of legislative intent; to provide for a report; to provide an exemption; and to provide for application, transfer, and cancellation of unexpended appropriations.","AN ACT to provide an appropriation for defraying the expenses of the legislative branch of state government; to amend and reenact sections 48-08-04, 54-03-10, 54-03-20, and 54-35-10 of the North Dakota Century Code, relating to use of legislative rooms and halls and legislative compensation; to provide a statement of legislative intent; to provide for a report; to provide an exemption; and to provide for application, transfer, and cancellation of unexpended appropriations.",4,2025-05-17,https://legiscan.com/ND/bill/SB2001/2025
ND,1899377,,The salaries of justices of the supreme court and salaries of district court judges; to provide for transfers; to provide for a report; and to provide an exemption.,"AN ACT to provide an appropriation for defraying the expenses of the judicial branch; to provide an appropriation to the office of guardianship and conservatorship; to create and enact a new subsection to section 54-06-08.2 of the North Dakota Century Code, relating to credit and debit card fees; to amend and reenact sections 27-02-02 and 27-05-03 of the North Dakota Century Code, relating to the salaries of justices of the supreme court and salaries of district court judges; to provide for transfers; to provide for a report; and to provide an exemption.",4,2025-05-17,https://legiscan.com/ND/bill/SB2002/2025
ND,1899604,,The naming of the Bismarck state college polytechnic center; to authorize the state board of higher education to issue and sell bonds for capital projects; to provide for a transfer; to provide for the conveyance of real property; to provide for a legislative management higher education funding review committee; to provide for a legislative management study; to provide for a report; to provide legislative intent; to provide an exemption; and to declare an emergency.,"AN ACT to provide an appropriation for defraying the expenses of the North Dakota university system; to create and enact two new sections to chapter 15-10 of the North Dakota Century Code, relating to presidential searches and the state commissioner of higher education; to amend and reenact subsection 2 of section 6-09-53, subdivision a of subsection 1 of section 15-10-17, subdivision c of subsection 1 of section 15-10-48, subdivisions a and c of subsection 1 of section 15-10-48.2, subdivision c of subsection 1 of section 15-10-49, subsection 1 of section 15-10-75, subsection 1 of the new section to chapter 15-10, as created by section 1 of House Bill No. 1437, as approved by the sixty-ninth legislative assembly, paragraph 3 of subdivision h of subsection 1 of section 15-18.2-02, subsection 2 of section 15-18.2-03, subsection 1 of section 15-18.2-05, section 15-54.1-04, subsection 2 of section 15-62.5-03, and section 54-44.1-11 of the North Dakota Century Code, sections 6 and 7 of chapter 126 of the 2021 Session Laws, sections 7, 8, and 9 of chapter 3 of the 2023 Session Laws, and subsection 17 of section 1 of chapter 550 of the 2021 Special Session Session Laws, relating to the powers and duties of the state board of higher education, the economic diversification research fund, matching grants for the advancement of academics, the workforce education innovation program, academic tenure policy at institutions of higher education, state aid for institutions of higher education, university system capital building funds, the scholars program, the cancellation of unexpended appropriations, transfers from the Bank of North Dakota to the skilled workforce loan repayment program fund and the skilled workforce scholarship fund, transfers from the Bank of North Dakota to the skilled workforce loan repayment program fund, the skilled workforce scholarship fund, and to the state board of higher education for dual-credit tuition scholarships, and funding for hyperbaric oxygen therapy; to repeal section 15-10-74 of the North Dakota Century Code, relating to the naming of the Bismarck state college polytechnic center; to authorize the state board of higher education to issue and sell bonds for capital projects; to provide for a transfer; to provide for the conveyance of real property; to provide for a legislative management higher education funding review committee; to provide for a legislative management study; to provide for a report; to provide legislative intent; to provide an exemption; and to declare an emergency.",4,2025-05-17,https://legiscan.com/ND/bill/SB2003/2025
ND,1899426,,"Immunity from criminal prosecution, definitions, ethics commission meetings, complaints, an informal resolution process, law enforcement referrals, findings, appeals, confidential information related to a complaint, and conflicts of interest; and to declare an emergency.","AN ACT to provide an appropriation for defraying the expenses of the ethics commission; to create and enact a new section to chapter 54-03 and two new sections to chapter 54-66 of the North Dakota Century Code, relating to immunity and a defense for individuals voting on legislation, closure of a matter of the ethics commission, rules for complaint management time standards, and an ethics commission annual report; to amend and reenact sections 12.1-13-02, 54-66-01, 54-66-04, 54-66-05, 54-66-06, and 54-66-07, subsection 2 of section 54-66-08, and sections 54-66-09, 54-66-10, 54-66-12, and 54-66-18 of the North Dakota Century Code, relating to immunity from criminal prosecution, definitions, ethics commission meetings, complaints, an informal resolution process, law enforcement referrals, findings, appeals, confidential information related to a complaint, and conflicts of interest; and to declare an emergency.",4,2025-05-17,https://legiscan.com/ND/bill/SB2004/2025
ND,1899006,,AN ACT to provide an appropriation for defraying the expenses of the Indian affairs commission.,AN ACT to provide an appropriation for defraying the expenses of the Indian affairs commission.,4,2025-04-03,https://legiscan.com/ND/bill/SB2005/2025
ND,1899060,,AN ACT to provide an appropriation for defraying the expenses of the North Dakota aeronautics commission; to provide an exemption; and to provide a statement of legislative intent.,AN ACT to provide an appropriation for defraying the expenses of the North Dakota aeronautics commission; to provide an exemption; and to provide a statement of legislative intent.,4,2025-05-17,https://legiscan.com/ND/bill/SB2006/2025
ND,1898998,,Meals provided to employees of the veterans' home; to provide an exemption; to provide for a legislative management study; and to declare an emergency.,"AN ACT to provide an appropriation for defraying the expenses of the veterans' home; to create and enact a new section to chapter 37-15 of the North Dakota Century Code, relating to meals provided to employees of the veterans' home; to provide an exemption; to provide for a legislative management study; and to declare an emergency.",4,2025-05-01,https://legiscan.com/ND/bill/SB2007/2025
ND,1899525,,A BILL for an Act to provide an appropriation for defraying the expenses of the department of financial institutions.,A BILL for an Act to provide an appropriation for defraying the expenses of the department of financial institutions.,1,2025-01-07,https://legiscan.com/ND/bill/SB2008/2025
ND,1899529,,State fair facility operations and maintenance costs; and to declare an emergency.,"AN ACT to provide an appropriation for defraying the expenses of the state fair association; to repeal section 4.1-45-22.1 of the North Dakota Century Code, relating to state fair facility operations and maintenance costs; and to declare an emergency.",4,2025-05-02,https://legiscan.com/ND/bill/SB2009/2025
ND,1899389,,AN ACT to provide an appropriation for defraying the expenses of the council on the arts; to provide for a transfer; to provide for a report; and to provide an exemption.,AN ACT to provide an appropriation for defraying the expenses of the council on the arts; to provide for a transfer; to provide for a report; and to provide an exemption.,4,2025-05-02,https://legiscan.com/ND/bill/SB2010/2025
ND,1899088,,AN ACT to provide an appropriation for defraying the expenses of the highway patrol; to provide for a transfer; and to provide an exemption.,AN ACT to provide an appropriation for defraying the expenses of the highway patrol; to provide for a transfer; and to provide an exemption.,4,2025-05-01,https://legiscan.com/ND/bill/SB2011/2025
ND,1898948,,"Legacy fund definitions, a legacy earnings fund, the legacy earnings highway distribution fund, and legacy earnings township highway aid fund; to provide for a legislative management report; to provide for application; to provide an effective date; and to provide an exemption.","AN ACT to provide an appropriation for defraying the expenses of the department of transportation; to create and enact a new section to chapter 24-02 and a new section to chapter 54-27 of the North Dakota Century Code, relating to rail passenger authority agreements and a legacy earnings fund; to amend and reenact section 6-09.4-10.1, subsection 1 of section 21-10-06, and sections 24-02-37.3, 54-27-19, and 57-40.3-10, section 57-51.1-07.5 as amended by Senate Bill No. 2323 as approved by the sixty-ninth legislative assembly, and sections 57-51.1-07.7 and 57-51.1-07.8 of the North Dakota Century Code, relating to funds invested by the state investment board, the flexible transportation fund, the highway tax distribution fund, motor vehicle excise tax collections, the state share of oil and gas taxes, the municipal infrastructure fund, and the county and township infrastructure fund; to repeal sections 21-10-12, 21-10-13, 54-27-19.3, and 54-27-19.4 of the North Dakota Century Code, relating to legacy fund definitions, a legacy earnings fund, the legacy earnings highway distribution fund, and legacy earnings township highway aid fund; to provide for a legislative management report; to provide for application; to provide an effective date; and to provide an exemption.",4,2025-05-17,https://legiscan.com/ND/bill/SB2012/2025
ND,1899505,,AN ACT to provide an appropriation for defraying the expenses of the commissioner of university and school lands; to provide for distributions from permanent funds; and to provide for a report.,AN ACT to provide an appropriation for defraying the expenses of the commissioner of university and school lands; to provide for distributions from permanent funds; and to provide for a report.,4,2025-05-01,https://legiscan.com/ND/bill/SB2013/2025
ND,1898965,,A transfer from the strategic investment and improvements fund to the clean sustainable energy fund; to provide a deficiency appropriation; to provide for a transfer; to provide an exemption; to provide for a legislative management study; to provide for a legislative management report; to provide for a report; to provide an effective date; and to declare an emergency.,"AN ACT to provide an appropriation for defraying the expenses of the industrial commission and the agencies under its control; to create and enact a new section to chapter 6-09 and a new subdivision to subsection 2 of section 38-08-04.5 of the North Dakota Century Code, relating to a rail revolving loan fund and uses of the abandoned oil and gas well plugging and site reclamation fund; to amend and reenact subsection 7 of section 6-08.1-02 and sections 6-09-35, 6-09-46.2, 6-09.7-05, 6-09.14-04, and 49-17.1-02.1, subsection 1 of section 54-17-40, and subdivision a of subsection 4 of section 54-17.7-04 of the North Dakota Century Code, and section 15 of chapter 14 of the 2023 Session Laws, relating to confidential and exempt records of the Bank of North Dakota, the rebuilders loan program, loan guarantees through the strategic investment and improvements fund, interest rate buydown limits for the partnership in assisting community expansion fund, department of transportation review and approval of rail projects, uses of the housing incentive fund, North Dakota pipeline borrowing authority, and a salt cavern underground energy storage research project; to repeal section 3 of Senate Bill No. 2188, as approved by the sixty-ninth legislative assembly, relating to a transfer from the strategic investment and improvements fund to the clean sustainable energy fund; to provide a deficiency appropriation; to provide for a transfer; to provide an exemption; to provide for a legislative management study; to provide for a legislative management report; to provide for a report; to provide an effective date; and to declare an emergency.",4,2025-05-17,https://legiscan.com/ND/bill/SB2014/2025
ND,1899253,,AN ACT to provide an appropriation for defraying the expenses of the department of corrections and rehabilitation; to authorize a line of credit; to provide a statement of legislative intent; to provide for a report; to provide for a legislative management study; and to provide an exemption.,AN ACT to provide an appropriation for defraying the expenses of the department of corrections and rehabilitation; to authorize a line of credit; to provide a statement of legislative intent; to provide for a report; to provide for a legislative management study; and to provide an exemption.,4,2025-05-17,https://legiscan.com/ND/bill/SB2015/2025
ND,1899591,,AN ACT to provide an appropriation for defraying the expenses of job service North Dakota; and to provide an exemption.,AN ACT to provide an appropriation for defraying the expenses of job service North Dakota; and to provide an exemption.,4,2025-04-17,https://legiscan.com/ND/bill/SB2016/2025
ND,1899084,,AN ACT to provide an appropriation for defraying the expenses of the office of administrative hearings; and to authorize a line of credit.,AN ACT to provide an appropriation for defraying the expenses of the office of administrative hearings; and to authorize a line of credit.,4,2025-04-17,https://legiscan.com/ND/bill/SB2017/2025
ND,1899365,,"The purpose of the North Dakota development fund, duties and talent strategy of the division of workforce development, the uncrewed aircraft systems program, the uncrewed aircraft systems program fund, the beyond visual line of sight uncrewed aircraft system program, and changing the name of the office of legal immigration to the global talent office; to authorize a Bank of North Dakota line of credit; to provide for a transfer; to provide an application; to provide an exemption; and to provide for a legislative management report.","AN ACT to provide an appropriation for defraying the expenses of the department of commerce; to provide an appropriation to the attorney general; to provide an appropriation to the department of career and technical education; to provide an appropriation to the state fair association; to provide a contingent appropriation; to create and enact a new section to chapter 54-60 of the North Dakota Century Code, relating to department of commerce grant reporting requirements; to amend and reenact subsection 1 of section 10-30.5-02, sections 54-60-09, 54-60-19, 54-60-28, 54-60-29, 54-60-29.1, and 54-60-31 of the North Dakota Century Code, relating to the purpose of the North Dakota development fund, duties and talent strategy of the division of workforce development, the uncrewed aircraft systems program, the uncrewed aircraft systems program fund, the beyond visual line of sight uncrewed aircraft system program, and changing the name of the office of legal immigration to the global talent office; to authorize a Bank of North Dakota line of credit; to provide for a transfer; to provide an application; to provide an exemption; and to provide for a legislative management report.",4,2025-05-17,https://legiscan.com/ND/bill/SB2018/2025
ND,1898932,,AN ACT to provide an appropriation for defraying the expenses of the department of career and technical education; to provide an exemption; and to declare an emergency.,AN ACT to provide an appropriation for defraying the expenses of the department of career and technical education; to provide an exemption; and to declare an emergency.,4,2025-05-02,https://legiscan.com/ND/bill/SB2019/2025
ND,1899340,,"AN ACT to provide an appropriation for defraying the expenses of the North Dakota state university extension service, northern crops institute, upper great plains transportation institute, main research center, branch research centers, and agronomy seed farm; to provide for a report; to provide an exemption; and to declare an emergency.","AN ACT to provide an appropriation for defraying the expenses of the North Dakota state university extension service, northern crops institute, upper great plains transportation institute, main research center, branch research centers, and agronomy seed farm; to provide for a report; to provide an exemption; and to declare an emergency.",4,2025-05-02,https://legiscan.com/ND/bill/SB2020/2025
ND,1899039,,Membership of the information technology committee and the information technology operating fund; to provide an exemption; to provide for a legislative management study; and to provide for a legislative management report.,"AN ACT to provide an appropriation for defraying the expenses of the information technology department; to amend and reenact sections 54-35-15.1, 54-59-14, and 54-59-15 of the North Dakota Century Code, relating to membership of the information technology committee and the information technology operating fund; to provide an exemption; to provide for a legislative management study; and to provide for a legislative management report.",4,2025-04-23,https://legiscan.com/ND/bill/SB2021/2025
ND,1899657,,Categories of positions in the state service; and to provide for a legislative management study.,"AN ACT to provide an appropriation for defraying the expenses of the commission on legal counsel for indigents; to create and enact a new subsection to section 54-44.3-20 of the North Dakota Century Code, relating to categories of positions in the state service; and to provide for a legislative management study.",4,2025-04-23,https://legiscan.com/ND/bill/SB2022/2025
ND,1899616,,AN ACT to provide an appropriation for defraying the expenses of the North Dakota racing commission.,AN ACT to provide an appropriation for defraying the expenses of the North Dakota racing commission.,4,2025-04-23,https://legiscan.com/ND/bill/SB2023/2025
ND,1899521,,Inspection fees.,"AN ACT to provide an appropriation for defraying the expenses of the department of environmental quality; and to amend and reenact section 23.1-13-16 of the North Dakota Century Code, relating to inspection fees.",4,2025-04-23,https://legiscan.com/ND/bill/SB2024/2025
ND,1899146,,The administrative committee on veterans' affairs; to provide for a transfer; to provide an exemption; and to declare an emergency.,"AN ACT to provide an appropriation for defraying the expenses of the department of veterans' affairs; to amend and reenact sections 37-15-03, 37-15-07, 37-15-16, 37-18-01, and 37-18-07, subsection 1 of section 37-18-12, and section 37-18.1-03 of the North Dakota Century Code, relating to the administrative committee on veterans' affairs; to provide for a transfer; to provide an exemption; and to declare an emergency.",4,2025-04-23,https://legiscan.com/ND/bill/SB2025/2025
ND,1899138,,Required filings for foreign persons investing in agricultural lands; to provide a penalty; and to provide a contingent effective date.,"A BILL for an Act to create and enact a new section to chapter 11-18 and a new section to chapter 54-09 of the North Dakota Century Code, relating to the certification of a foreign grantee's right to own property and the filing of foreign ownership information statements with the secretary of state; to amend and reenact sections 11-11-70, 40-05-26, 47-01-09, and 47-10.1-05 of the North Dakota Century Code, relating to the powers of a board of county commissioners, a board of city commissioners, and a city council regarding development by a foreign country of concern or foreign organization of concern, prohibiting ownership of real property by a foreign country of concern or a foreign organization of concern, and required filings for foreign persons investing in agricultural lands; to repeal section 47-10.1-05 of the North Dakota Century Code, relating to required filings for foreign persons investing in agricultural lands; to provide a penalty; and to provide a contingent effective date.",1,2025-01-07,https://legiscan.com/ND/bill/SB2026/2025
ND,1898969,,"County, city, and township floodplain management ordinances and to provide definitions.","AN ACT to create and enact a new section to chapter 11-11, a new subsection to section 11-11-14, a new section to chapter 40-05, a new section to chapter 58-06, a new subsection to section 58-06-01, and a new section to chapter 61-16.2 of the North Dakota Century Code, relating to floodplain management powers and ordinances for counties, cities, and townships; and to amend and reenact subsection 2 of section 11-33-03, subsection 67 of section 40-05-01, subsection 2 of section 40-47-03, and sections 58-03-12 and 61-16.2-02 of the North Dakota Century Code, relating to county, city, and township floodplain management ordinances and to provide definitions.",4,2025-03-31,https://legiscan.com/ND/bill/SB2027/2025
ND,1899270,,The budget approval process and reports of the department of financial institutions; to provide a continuing appropriation; to provide for a report; and to provide an expiration date.,"AN ACT to amend and reenact sections 6-01-01.1, 6-01-04, 6-01-10, 6-01-11, and 6-01-16 of the North Dakota Century Code, relating to the budget approval process and reports of the department of financial institutions; to provide a continuing appropriation; to provide for a report; and to provide an expiration date.",4,2025-02-25,https://legiscan.com/ND/bill/SB2028/2025
ND,1899381,,The task force on guardianship monitoring and transition requirements; to provide a penalty; to provide for a report; to provide an appropriation; to provide a continuing appropriation; to provide for a transfer; and to provide an effective date.,"AN ACT to create and enact a new subsection to section 30.1-28-07 and chapter 54-68 of the North Dakota Century Code, relating to an office of guardianship and conservatorship and the removal of a guardian; to amend and reenact section 30.1-29-15 and subsection 1 of section 50-24.1-07 of the North Dakota Century Code, relating to the removal of a conservator and the recovery of medical assistance expenses; to repeal chapter 27-27 and section 54-68-02.1 of the North Dakota Century Code, relating to the task force on guardianship monitoring and transition requirements; to provide a penalty; to provide for a report; to provide an appropriation; to provide a continuing appropriation; to provide for a transfer; and to provide an effective date.",4,2025-05-02,https://legiscan.com/ND/bill/SB2029/2025
ND,1899220,,A BILL for an Act to provide an appropriation to the housing finance agency and the department of public instruction; to provide for a transfer; and to provide for a legislative management study.,A BILL for an Act to provide an appropriation to the housing finance agency and the department of public instruction; to provide for a transfer; and to provide for a legislative management study.,1,2025-01-07,https://legiscan.com/ND/bill/SB2030/2025
ND,1898977,,Nursing services agencies; and to provide an effective date.,"A BILL for an Act to create and enact chapter 23-17.8 of the North Dakota Century Code, relating to nursing services agencies; and to provide an effective date.",1,2025-01-07,https://legiscan.com/ND/bill/SB2031/2025
ND,1899459,,The comprehensive health association of North Dakota; to provide an effective date; and to declare an emergency.,"AN ACT to create and enact chapter 26.1-08.1 of the North Dakota Century Code, relating to the comprehensive health association of North Dakota; to repeal chapters 26.1-08 and 26.1-08.1 of the North Dakota Century Code, relating to the comprehensive health association of North Dakota; to provide an effective date; and to declare an emergency.",4,2025-03-18,https://legiscan.com/ND/bill/SB2032/2025
ND,1899196,,The distressed ambulance service program; to provide for a legislative management report; and to provide a continuing appropriation.,"AN ACT to create and enact chapter 23-27.2 of the North Dakota Century Code, relating to the distressed ambulance service program; to provide for a legislative management report; and to provide a continuing appropriation.",4,2025-05-02,https://legiscan.com/ND/bill/SB2033/2025
ND,1899538,,State aid for institutions of higher education; and to provide legislative intent.,"A BILL for an Act to amend and reenact subsection 2 of section 15-18.2-03 of the North Dakota Century Code, relating to state aid for institutions of higher education; and to provide legislative intent.",1,2025-01-07,https://legiscan.com/ND/bill/SB2034/2025
ND,1899303,,"The definitions of an educational organization and public-spirited organization, and raffles; and to provide for application.","A BILL for an Act to amend and reenact subsections 7 and 21 of section 53-06.1-01, subdivision a of subsection 1 of section 53-06.1-03, subsection 2 of section 53-06.1-10.1, and subdivision c of subsection 2 of section 53-06.1-11.1 of the North Dakota Century Code, relating to the definitions of an educational organization and public-spirited organization, and raffles; and to provide for application.",2,2025-01-17,https://legiscan.com/ND/bill/SB2035/2025
ND,1899035,,"The age of an offender, suspension or dismissal of proceedings, and predispositional assessment; to provide an appropriation; and to provide an effective date.","AN ACT to create and enact chapter 27-20.5 of the North Dakota Century Code, relating to fitness to proceed and remediation of juveniles; to amend and reenact section 12.1-04-01, subsections 4 and 5 of section 12.1-04-08, and section 27-20.4-15 of the North Dakota Century Code, relating to the age of an offender, suspension or dismissal of proceedings, and predispositional assessment; to provide an appropriation; and to provide an effective date.",4,2025-04-18,https://legiscan.com/ND/bill/SB2036/2025
ND,1899369,,Delinquency; to provide an appropriation; and to provide a penalty.,"AN ACT to create and enact three new sections to chapter 27-20.4 of the North Dakota Century Code, relating to juvenile court petitions, fitness to proceed in juvenile court proceedings, and collateral consequences the juvenile court may order; to amend and reenact sections 12.1-04.1-01, 12.1-04.1-20, and 12.1-17-01.2, subsection 2 of section 12.1-17-07.2, section 12.1-20-01, subsections 2 and 6 of section 12.1-31-03, sections 12.1-32-15 and 15.1-09-33.4, subsection 6 of section 27-20.2-01, subsection 3 of section 27-20.2-09, subsection 5 of section 27-20.4-11, subsection 1 of section 27-20.4-18, subsection 1 of section 27-20.4-20, and section 62.1-02-01 of the North Dakota Century Code, relating to lack of criminal responsibility, court jurisdiction, distribution of intimate images without consent, domestic violence, criminality of a child regarding sex offenses, sale and use of tobacco by an individual under the age of twenty-one, child registration requirements, restitution, probation of a delinquent child, extracurricular activities for students, and persons not allowed to possess a firearm; to repeal sections 27-20.4-12, 27-20.4-13, and 27-20.4-19 of the North Dakota Century Code, relating to delinquency; to provide an appropriation; and to provide a penalty.",4,2025-04-23,https://legiscan.com/ND/bill/SB2037/2025
ND,1899208,,The ability of the tax commissioner to make disclosures regarding taxpayers receiving tax incentives; and to provide for retroactive application.,"AN ACT to amend and reenact subsection 17 of section 57-01-02 of the North Dakota Century Code, relating to the ability of the tax commissioner to make disclosures regarding taxpayers receiving tax incentives; and to provide for retroactive application.",4,2025-03-24,https://legiscan.com/ND/bill/SB2038/2025
ND,1899620,,The definition of agricultural property and the farm structure and improvements property tax exemption; and to provide an effective date.,"AN ACT to amend and reenact subsection 1 of section 57-02-01 and subdivision a of subsection 15 of section 57-02-08 of the North Dakota Century Code, relating to the definition of agricultural property and the farm structure and improvements property tax exemption; and to provide an effective date.",4,2025-04-08,https://legiscan.com/ND/bill/SB2039/2025
ND,1899393,,The ordering of genetic testing by genetic counselors and examinations required for genetic counseling licensure.,"AN ACT to amend and reenact subsection 2 of section 43-60-02 and subsection 1 of section 43-60-03 of the North Dakota Century Code, relating to the ordering of genetic testing by genetic counselors and examinations required for genetic counseling licensure.",4,2025-03-18,https://legiscan.com/ND/bill/SB2040/2025
ND,1899509,,Eligibility requirements for endorsement to prescribe independently of naturopathic doctors.,"A BILL for an Act to amend and reenact section 43-58-08.1 of the North Dakota Century Code, relating to eligibility requirements for endorsement to prescribe independently of naturopathic doctors.",1,2025-01-07,https://legiscan.com/ND/bill/SB2041/2025
ND,1899645,,"Obtaining criminal history record checks for naturopathic doctors and genetic counselors; and to amend and reenact subdivision d of subsection 2 of section 12-60-24 of the North Dakota Century Code, providing authority to complete the background checks with the bureau of criminal investigation to complete the criminal history record checks.","AN ACT to create and enact a new subsection to section 43-58-03.1 and section 43-60-06.1 of the North Dakota Century Code, relating to obtaining criminal history record checks for naturopathic doctors and genetic counselors; and to amend and reenact subdivision d of subsection 2 of section 12-60-24 of the North Dakota Century Code, providing authority to complete the background checks with the bureau of criminal investigation to complete the criminal history record checks.",4,2025-03-18,https://legiscan.com/ND/bill/SB2042/2025
ND,1898981,,Denial of or immediate revocation of a teaching license for crimes against a child and sexual offenses.,"AN ACT to amend and reenact subsection 5 of section 15.1-13-26 of the North Dakota Century Code, relating to denial of or immediate revocation of a teaching license for crimes against a child and sexual offenses.",4,2025-03-18,https://legiscan.com/ND/bill/SB2043/2025
ND,1900291,,Watercourse determinations.,"AN ACT to amend and reenact section 61-01-06 of the North Dakota Century Code, relating to watercourse determinations.",4,2025-03-18,https://legiscan.com/ND/bill/SB2044/2025
ND,1899212,,A bidding exception for water supply funds and contents of advertisement for public improvement projects.,"AN ACT to amend and reenact sections 43-07-12 and 48-01.2-05 of the North Dakota Century Code, relating to a bidding exception for water supply funds and contents of advertisement for public improvement projects.",4,2025-03-18,https://legiscan.com/ND/bill/SB2045/2025
ND,1898952,,Decisions issued by electronic means; and to provide for application.,"AN ACT to create and enact a new section to chapter 65-04 of the North Dakota Century Code, relating to eligibility for a one-time premium credit for North Dakota national guard, armed forces, veterans, and a surviving spouse of a veteran; to amend and reenact section 65-04-32 of the North Dakota Century Code, relating to decisions issued by electronic means; and to provide for application.",4,2025-03-18,https://legiscan.com/ND/bill/SB2046/2025
ND,1899464,,Withholding from wages of employees; and to provide an effective date.,"AN ACT to amend and reenact section 57-38-59 of the North Dakota Century Code, relating to withholding from wages of employees; and to provide an effective date.",4,2025-03-18,https://legiscan.com/ND/bill/SB2047/2025
ND,1899022,,Information technology plans.,"AN ACT to amend and reenact section 54-59-11 of the North Dakota Century Code, relating to information technology plans.",4,2025-03-31,https://legiscan.com/ND/bill/SB2048/2025
ND,1898985,,Executive steering committees of major information technology projects.,"AN ACT to amend and reenact sections 54-35-15.2, 54-59-01, subsection 8 of section 54-59-05, and section 54-59-32 of the North Dakota Century Code, relating to executive steering committees of major information technology projects.",4,2025-04-03,https://legiscan.com/ND/bill/SB2049/2025
ND,1899010,,The director of the state crime laboratory.,"AN ACT to amend and reenact subsection 1 of section 54-12-24 of the North Dakota Century Code, relating to the director of the state crime laboratory.",4,2025-03-18,https://legiscan.com/ND/bill/SB2050/2025
ND,1899575,,Fees charged by the North Dakota private investigative and security board; to provide for a performance audit of the North Dakota private investigative and security board; and to declare an emergency.,"AN ACT to amend and reenact section 43-30-16 of the North Dakota Century Code, relating to fees charged by the North Dakota private investigative and security board; to provide for a performance audit of the North Dakota private investigative and security board; and to declare an emergency.",4,2025-04-23,https://legiscan.com/ND/bill/SB2051/2025
ND,1899204,,Restrictions on public officials and lobbyists.,"A BILL for an Act to amend and reenact section 54-66-13 of the North Dakota Century Code, relating to restrictions on public officials and lobbyists.",2,2025-01-14,https://legiscan.com/ND/bill/SB2052/2025
ND,1899612,,The state bar admission fee.,"AN ACT to amend and reenact section 27-11-17 of the North Dakota Century Code, relating to the state bar admission fee.",4,2025-03-18,https://legiscan.com/ND/bill/SB2053/2025
ND,1898994,,The master jury list; and to provide a contingent effective date.,"A BILL for an Act to amend and reenact section 27-09.1-05 of the North Dakota Century Code, relating to the master jury list; and to provide a contingent effective date.",2,2025-01-13,https://legiscan.com/ND/bill/SB2054/2025
ND,1899187,,Release of juvenile records.,"AN ACT to amend and reenact subsection 1 of section 27-20.2-23 of the North Dakota Century Code, relating to release of juvenile records.",4,2025-03-18,https://legiscan.com/ND/bill/SB2055/2025
ND,1899476,,Tribal arrest warrants.,"AN ACT to amend and reenact section 29-06.1-02 of the North Dakota Century Code, relating to tribal arrest warrants.",4,2025-03-18,https://legiscan.com/ND/bill/SB2056/2025
ND,1899051,,Court fees.,"AN ACT to amend and reenact subsection 6 of section 12.1-32-08 and sections 27-03-05, 27-05.2-03, and 29-26-22 of the North Dakota Century Code, relating to court fees.",4,2025-04-08,https://legiscan.com/ND/bill/SB2057/2025
ND,1899513,,The operations of the board of water well contractors.,"AN ACT to amend and reenact subsection 5 of section 43-35-13, section 43-35-14, subsection 1 of section 43-35-17, and sections 43-35-21 and 43-35-23 of the North Dakota Century Code, relating to the operations of the board of water well contractors; and to repeal section 43-35-16 of the North Dakota Century Code, relating to the operations of the board of water well contractors.",4,2025-04-23,https://legiscan.com/ND/bill/SB2058/2025
ND,1899167,,Hearing and appeals processes of the department of water resources.,"AN ACT to amend and reenact sections 61-04-05.1, 61-16.1-53.1, and 61-32-08 of North Dakota Century Code, relating to hearing and appeals processes of the department of water resources.",4,2025-03-18,https://legiscan.com/ND/bill/SB2059/2025
ND,1899410,,State property constructed in a floodplain.,"AN ACT to amend and reenact section 61-16.2-12 of the North Dakota Century Code, relating to state property constructed in a floodplain.",4,2025-03-26,https://legiscan.com/ND/bill/SB2060/2025
ND,1899422,,Railroad crossings.,"AN ACT to amend and reenact section 39-10-43 of the North Dakota Century Code, relating to railroad crossings.",4,2025-03-18,https://legiscan.com/ND/bill/SB2061/2025
ND,1899332,,Bidding requirements for construction contracts.,"A BILL for an Act to amend and reenact section 24-02-19 of the North Dakota Century Code, relating to bidding requirements for construction contracts.",2,2025-01-20,https://legiscan.com/ND/bill/SB2062/2025
ND,1899562,,Bid delays for construction contracts.,"AN ACT to amend and reenact section 24-02-20 of the North Dakota Century Code, relating to bid delays for construction contracts.",4,2025-04-08,https://legiscan.com/ND/bill/SB2063/2025
ND,1899274,,The scheduling of controlled substances; and to declare an emergency.,"AN ACT to amend and reenact sections 19-03.1-05, 19-03.1-09, and 19-03.1-11 of the North Dakota Century Code, relating to the scheduling of controlled substances; and to declare an emergency.",4,2025-03-26,https://legiscan.com/ND/bill/SB2064/2025
ND,1899093,,The formation of irrigation districts.,"AN ACT to amend and reenact section 61-05-10 of the North Dakota Century Code, relating to the formation of irrigation districts.",4,2025-03-18,https://legiscan.com/ND/bill/SB2065/2025
ND,1899595,,The sale of products made in prison industries.,"A BILL for an Act to amend and reenact subsection 2 of section 12-48-03.1 of the North Dakota Century Code, relating to the sale of products made in prison industries.",1,2025-01-07,https://legiscan.com/ND/bill/SB2066/2025
ND,1899542,,The commencement date of supervised probation if an alternative to incarceration is court ordered.,"AN ACT to amend and reenact subsection 2 of section 12.1-32-06.1 of the North Dakota Century Code, relating to the commencement date of supervised probation if an alternative to incarceration is court ordered.",4,2025-03-18,https://legiscan.com/ND/bill/SB2067/2025
ND,1898973,,Rail service assistance.,"AN ACT to amend and reenact sections 49-17.1-02, 49-17.1-03, and 49-17.1-04 of the North Dakota Century Code, relating to rail service assistance.",4,2025-03-18,https://legiscan.com/ND/bill/SB2068/2025
ND,1899571,,Publication requirements for legal notices.,"AN ACT to amend and reenact section 46-05-09 of the North Dakota Century Code, relating to publication requirements for legal notices.",4,2025-04-23,https://legiscan.com/ND/bill/SB2069/2025
ND,1899534,,The rights of health care facility residents.,"AN ACT to amend and reenact sections 50-10.2-01, 50-10.2-02, and 50-10.2-02.1 of the North Dakota Century Code, relating to the rights of health care facility residents.",4,2025-05-01,https://legiscan.com/ND/bill/SB2070/2025
ND,1899443,,The duties and responsibilities of the board of counselor examiners.,"AN ACT to amend and reenact section 43-47-03 of the North Dakota Century Code, relating to the duties and responsibilities of the board of counselor examiners.",4,2025-03-18,https://legiscan.com/ND/bill/SB2071/2025
ND,1899290,,Contracts limiting liability to the state.,"AN ACT to amend and reenact subsection 5 of section 32-12.2-15 of the North Dakota Century Code, relating to contracts limiting liability to the state.",4,2025-03-18,https://legiscan.com/ND/bill/SB2072/2025
ND,1899150,,Criminal history record checks by the state treasurer for individuals with access to federal tax information.,"AN ACT to amend and reenact subdivision xx of subsection 2 of section 12-60-24 and section 54-11-16 of the North Dakota Century Code, relating to criminal history record checks by the state treasurer for individuals with access to federal tax information.",4,2025-03-18,https://legiscan.com/ND/bill/SB2073/2025
ND,1899014,,Municipal infrastructure fund reporting requirements.,"AN ACT to amend and reenact subsection 1 of section 57-51.1-07.7 of the North Dakota Century Code, relating to municipal infrastructure fund reporting requirements.",4,2025-03-18,https://legiscan.com/ND/bill/SB2074/2025
ND,1899628,,The exemption from the requirement to maintain a record of duty status for certain intrastate drivers; and to declare an emergency.,"AN ACT to amend and reenact subsection 5 of section 39-32-02 of the North Dakota Century Code, relating to the exemption from the requirement to maintain a record of duty status for certain intrastate drivers; and to declare an emergency.",4,2025-03-18,https://legiscan.com/ND/bill/SB2075/2025
ND,1899282,,Prior authorization and certification of medically necessary medication.,"AN ACT to amend and reenact section 50-24.6-04 of the North Dakota Century Code, relating to prior authorization and certification of medically necessary medication.",4,2025-04-17,https://legiscan.com/ND/bill/SB2076/2025
ND,1899179,,Criminal responsibility proceedings following a verdict or finding.,"AN ACT to amend and reenact section 12.1-04.1-21 of the North Dakota Century Code, relating to criminal responsibility proceedings following a verdict or finding.",4,2025-03-18,https://legiscan.com/ND/bill/SB2077/2025
ND,1899406,,The North Dakota state hospital.,"AN ACT to amend and reenact sections 25-01.1-07, 25-02-01.1, and 25-02-03 of the North Dakota Century Code, relating to the North Dakota state hospital.",4,2025-03-18,https://legiscan.com/ND/bill/SB2078/2025
ND,1899517,,The definition of a mental health professional.,"AN ACT to amend and reenact section 25-01-01 of the North Dakota Century Code, relating to the definition of a mental health professional.",4,2025-03-18,https://legiscan.com/ND/bill/SB2079/2025
ND,1899344,,Enforcement of child support.,"AN ACT to amend and reenact subsection 3 of section 14-09-08.1, section 14-09-08.2, subsection 2 of section 14-09-08.11, section 14-09-08.21, subsection 2 of section 14-09-09.32, subsection 16 of section 50-09-02, and section 50-09-36 of the North Dakota Century Code, relating to establishment and enforcement of child support; and to repeal section 50-09-32 of the North Dakota Century Code, relating to enforcement of child support.",4,2025-03-18,https://legiscan.com/ND/bill/SB2080/2025
ND,1899385,,Geropsychiatric facilities.,"AN ACT to amend and reenact section 50-24.4-29 of the North Dakota Century Code, relating to geropsychiatric facilities.",4,2025-03-31,https://legiscan.com/ND/bill/SB2081/2025
ND,1899130,,The state's hazardous chemical fee system.,"AN ACT to amend and reenact subsection 2 of section 37-17.1-07.1 of the North Dakota Century Code, relating to the state's hazardous chemical fee system.",4,2025-04-23,https://legiscan.com/ND/bill/SB2082/2025
ND,1898961,,The definition of a sensitive image.,"AN ACT to create and enact a new subsection to section 44-04-18.7 of the North Dakota Century Code, relating to the designation of a sensitive image as an exempt record; and to amend and reenact section 44-04-17.1 of the North Dakota Century Code, relating to the definition of a sensitive image.",4,2025-03-18,https://legiscan.com/ND/bill/SB2083/2025
ND,1899076,,Authorized travel expense and lodging reimbursement rates.,"AN ACT to amend and reenact subsections 2 and 6 of section 44-08-04, subsection 2 of section 54-03-20, and subsection 5 of section 54-06-09 of the North Dakota Century Code, relating to authorized travel expense and lodging reimbursement rates.",4,2025-03-26,https://legiscan.com/ND/bill/SB2084/2025
ND,1899637,,Participation in the United States swine health improvement plan by the agriculture commissioner.,"AN ACT to create and enact a new chapter to title 4.1 of the North Dakota Century Code, relating to participation in the United States swine health improvement plan by the agriculture commissioner.",4,2025-03-18,https://legiscan.com/ND/bill/SB2085/2025
ND,1899608,,Pesticide control.,"AN ACT to create and enact a new section to chapter 4.1-33 of the North Dakota Century Code, relating to pesticide certification standards; and to amend and reenact sections 4.1-33-01 and 4.1-33-03, subdivision b of subsection 1 of section 4.1-33-12, section 4.1-33-13, subsection 1 of section 4.1-33-16, and subsection 5 of section 4.1-33-20 of North Dakota Century Code, relating to pesticide control.",4,2025-04-23,https://legiscan.com/ND/bill/SB2086/2025
ND,1898928,,The administration of the premises identification program.,"AN ACT to amend and reenact section 4.1-72-05 and subdivision f of subsection 2 of section 36-01-36 of the North Dakota Century Code, relating to the administration of the premises identification program.",4,2025-03-18,https://legiscan.com/ND/bill/SB2087/2025
ND,1899101,,Implementation dates for certain data security requirements for insurance producers.,"AN ACT to amend and reenact subsection 4 of section 26.1-02.2-01, sections 26.1-02.2-05 and 26.1-02.2-07, and subsection 1 of section 26.1-02.2-08 of the North Dakota Century Code, relating to data security requirements for insurance producers; and to repeal section 26.1-02.2-11 of the North Dakota Century Code, relating to implementation dates for certain data security requirements for insurance producers.",4,2025-03-26,https://legiscan.com/ND/bill/SB2088/2025
ND,1899414,,Confidentiality of insurance department records.,"A BILL for an Act to amend and reenact subsection 1 of section 26.1-02-31 and subsection 6 of section 26.1-03-19.4 of the North Dakota Century Code, relating to confidentiality of insurance department records.",2,2025-01-29,https://legiscan.com/ND/bill/SB2089/2025
ND,1899229,,Fund fees collected by the state fire marshal department; and to provide for a retroactive application.,"AN ACT to amend and reenact section 18-01-02, subsection 1 of section 18-01-03.1, sections 18-01-06, 18-01-07, 23-15-04, and 54-12-01 of the North Dakota Century Code, relating to updating language for the state fire marshal department and to the attorney general's authority to appoint the state fire marshal; to repeal sections 18-01-35 and 18-01-36 of the North Dakota Century Code, relating to fund fees collected by the state fire marshal department; and to provide for a retroactive application.",4,2025-03-24,https://legiscan.com/ND/bill/SB2090/2025
ND,1898956,,Requirements for reinsurance association of North Dakota claims; and to declare an emergency.,"AN ACT to amend and reenact section 26.1-36.7-08 of the North Dakota Century Code, relating to requirements for reinsurance association of North Dakota claims; and to declare an emergency.",4,2025-03-18,https://legiscan.com/ND/bill/SB2091/2025
ND,1899496,,Life settlement producer licenses and reporting requirements.,"AN ACT to amend and reenact subsections 7 and 8 of section 26.1-33.4-02 of the North Dakota Century Code, relating to life settlement producer licenses and reporting requirements.",4,2025-04-08,https://legiscan.com/ND/bill/SB2092/2025
ND,1900263,,An income tax deduction for retired law enforcement personnel benefits; and to provide for retroactive application.,"A BILL for an Act to amend and reenact subdivision u of subsection 2 of section 57-38-30.3 of the North Dakota Century Code, relating to an income tax deduction for retired law enforcement personnel benefits; and to provide for retroactive application.",2,2025-01-17,https://legiscan.com/ND/bill/SB2093/2025
ND,1900271,,Workers' compensation additional benefits payable; and to provide for application.,"A BILL for an Act to amend and reenact subsection 1 of section 65-05-08 and section 65-05-09.3 of the North Dakota Century Code, relating to the workers' compensation disability benefits and retirement presumption; to repeal sections 65-05-09.4 and 65-05-09.5 of the North Dakota Century Code, relating to workers' compensation additional benefits payable; and to provide for application.",1,2025-01-07,https://legiscan.com/ND/bill/SB2094/2025
ND,1900239,,Excusing law enforcement officers from jury duty; and to provide for application.,"A BILL for an Act to amend and reenact section 27-09.1-11 of the North Dakota Century Code, relating to excusing law enforcement officers from jury duty; and to provide for application.",1,2025-01-07,https://legiscan.com/ND/bill/SB2095/2025
ND,1900310,,A BILL for an Act to provide an appropriation to the department of health and human services for regional acute psychiatric treatment and residential supportive housing services.,A BILL for an Act to provide an appropriation to the department of health and human services for regional acute psychiatric treatment and residential supportive housing services.,2,2025-02-19,https://legiscan.com/ND/bill/SB2096/2025
ND,1900294,,The creation of a rural community endowment fund and a rural community endowment fund committee; to provide an appropriation for the rural community endowment fund; to provide for a transfer; and to provide for a report.,"A BILL for an Act to create and enact a new section to chapter 54-60 of the North Dakota Century Code, relating to the creation of a rural community endowment fund and a rural community endowment fund committee; to provide an appropriation for the rural community endowment fund; to provide for a transfer; and to provide for a report.",2,2025-02-20,https://legiscan.com/ND/bill/SB2097/2025
ND,1900266,,The state's silver and blue alert notice systems.,"AN ACT to create and enact a new chapter to title 54 of the North Dakota Century Code, relating to a state alert notice system; and to repeal sections 39-03-13.2 and 54-12-32 of the North Dakota Century Code, relating to the state's silver and blue alert notice systems.",4,2025-03-21,https://legiscan.com/ND/bill/SB2098/2025
ND,1900280,,Cardiac arrest prevention and education for student athletes and coaches.,"A BILL for an Act to create and enact a new section to chapter 15.1-18.2 of the North Dakota Century Code, relating to cardiac arrest prevention and education for student athletes and coaches.",1,2025-01-07,https://legiscan.com/ND/bill/SB2099/2025
ND,1900195,,Emergency medical services personnel training.,"AN ACT to amend and reenact section 23-27-04.3 of the North Dakota Century Code, relating to emergency medical services personnel training.",4,2025-03-18,https://legiscan.com/ND/bill/SB2100/2025
ND,1900254,,Emergency medical services response requirements.,"AN ACT to amend and reenact subsection 1 of section 23-27-04 of the North Dakota Century Code, relating to emergency medical services response requirements.",4,2025-03-21,https://legiscan.com/ND/bill/SB2101/2025
ND,1900198,,A written demand for change of judge; and to provide for application.,"A BILL for an Act to amend and reenact section 29-15-21 of the North Dakota Century Code, relating to a written demand for change of judge; and to provide for application.",1,2025-01-07,https://legiscan.com/ND/bill/SB2102/2025
ND,1900277,,An individual income tax deduction for a segal Americorps education award; and to provide an effective date.,"A BILL for an Act to create and enact a new subdivision to subsection 2 of section 57-38-30.3 of the North Dakota Century Code, relating to an individual income tax deduction for a segal Americorps education award; and to provide an effective date.",1,2025-01-07,https://legiscan.com/ND/bill/SB2103/2025
ND,1900274,,School district compliance with education-related law and rule.,"A BILL for an Act to create and enact a new section to chapter 15.1-02 of the North Dakota Century Code, relating to review by the superintendent of public instruction of school district compliance with education-related state law; and to amend and reenact section 15.1-02-04 of the North Dakota Century Code, relating to school district compliance with education-related law and rule.",2,2025-02-21,https://legiscan.com/ND/bill/SB2104/2025
ND,1900307,,The administration of surveys to students in kindergarten through grade twelve schools.,"A BILL for an Act to create and enact a new section to chapter 15.1-06 of the North Dakota Century Code, relating to the administration of surveys to students in kindergarten through grade twelve schools.",2,2025-02-21,https://legiscan.com/ND/bill/SB2105/2025
ND,1900319,,Weather modification; and to provide a penalty.,"A BILL for an Act to create and enact a new section to chapter 61-01 of the North Dakota Century Code, relating to weather modification operations in the state; to amend and reenact subsection 1 of section 37-17.1-11, and sections 58-03-07, 61-02.1-02.1, and 61-16.1-09 of the North Dakota Century Code, relating to weather modification; to repeal section 37-17.1-15 and chapter 61-04.1 of the North Dakota Century Code, relating to weather modification; and to provide a penalty.",1,2025-01-07,https://legiscan.com/ND/bill/SB2106/2025
ND,1900218,,Early childhood services training for licensure; and to provide an effective date.,"AN ACT to amend and reenact subsection 11 of section 50-11.1-03 of the North Dakota Century Code, relating to early childhood services training for licensure; and to provide an effective date.",4,2025-03-26,https://legiscan.com/ND/bill/SB2107/2025
ND,1900316,,The physician assistant licensure compact.,"A BILL for an Act to create and enact chapter 43-17.5 of the North Dakota Century Code, relating to the physician assistant licensure compact.",1,2025-01-07,https://legiscan.com/ND/bill/SB2108/2025
ND,1900232,,"The definition of disability, the definition of electronic means, forms and decisions issued by electronic means, requests for rehearing of an administrative order, maximum death benefits, and the scholarship fund; and to provide for application.","AN ACT to amend and reenact sections 65-01-02, 65-01-16, and 65-02-27, subsection 1 of section 65-05-17, and subsection 4 of section 65-05-20.1 of the North Dakota Century Code, relating to the definition of disability, the definition of electronic means, forms and decisions issued by electronic means, requests for rehearing of an administrative order, maximum death benefits, and the scholarship fund; and to provide for application.",4,2025-04-08,https://legiscan.com/ND/bill/SB2109/2025
ND,1900249,,The certification and penalization of water distribution and wastewater system operators; and to provide a penalty.,"AN ACT to create and enact a new section to chapter 23.1-07 of the North Dakota Century Code, relating to the certification and regulation of water distribution and wastewater system operators; to amend and reenact subsection 1 of section 23.1-07-04 and sections 23.1-07-05, 23.1-07-06, and 23.1-07-08 of the North Dakota Century Code, relating to the certification and penalization of water distribution and wastewater system operators; and to provide a penalty.",4,2025-03-18,https://legiscan.com/ND/bill/SB2110/2025
ND,1900229,,Supervised probation for class B misdemeanors.,"A BILL for an Act to amend and reenact subsection 1 of section 12.1-32-07 and subsection 4 of section 54-23.3-01.1 of the North Dakota Century Code, relating to supervised probation for class B misdemeanors.",1,2025-01-07,https://legiscan.com/ND/bill/SB2111/2025
ND,1900302,,The life skills and transition center; to provide for a legislative management report; to provide for a department of health and human services study; and to provide an expiration date.,"AN ACT to amend and reenact sections 25-04-00.1, 25-04-02, 25-04-04, 25-04-04.1, 25-04-05, 25-04-05.1, 25-04-08, 25-04-08.1, 25-04-14, and 25-04-17 of the North Dakota Century Code, relating to the life skills and transition center; to provide for a legislative management report; to provide for a department of health and human services study; and to provide an expiration date.",4,2025-05-01,https://legiscan.com/ND/bill/SB2112/2025
ND,1900284,,"The powers and duties of the department of health and human services, treatment hearing timelines, and membership of the cross-disability advisory council; to provide for a legislative management study; and to provide an expiration date.","AN ACT to create and enact two new sections to chapter 50-06 of the North Dakota Century Code, relating to certified community behavioral health clinics and the financing of health and human services; to amend and reenact section 12.1-04-06, subsection 4 of section 20.1-03-04, sections 25-03.1-03.1 and 25-03.1-04, subsection 3 of section 25-03.1-08, section 25-03.1-10, subsection 3 of section 25-03.1-11, subsection 1 of section 25-03.1-19, subsection 2 of section 25-03.1-26, subdivision b of subsection 2 of section 26.1-36-08, subdivisions c and d of subsection 2 of section 26.1-36-09, subsection 9 of section 43-12.1-04, subsection 6 of section 43-41-02, subdivision b of subsection 1 of section 44-04-18.30, sections 50-06-01, 50-06-01.4, 50-06-01.7, 50-06-05.1, 50-06-05.2, 50-06-05.3, 50-06-05.4, 50-06-05.5, 50-06-06.2, 50-06-06.5, and 50-06-06.13, subsections 1 and 3 of section 50-06-15, sections 50-06-33 and 50-06-41.3, subsection 1 of section 50-06-42, subsection 1 of section 50-06-42.1, and sections 50-06-46, 50-06.2-01, 50-06.2-02, 50-06.2-03, 50-06.3-02, and 50-06.3-04 of the North Dakota Century Code, relating to the powers and duties of the department of health and human services, treatment hearing timelines, and membership of the cross-disability advisory council; to provide for a legislative management study; and to provide an expiration date.",4,2025-05-02,https://legiscan.com/ND/bill/SB2113/2025
ND,1900246,,The state radio system and service fees.,"AN ACT to amend and reenact subsection 2 of section 37-17.3-08 of the North Dakota Century Code, relating to the state radio system and service fees.",4,2025-03-21,https://legiscan.com/ND/bill/SB2114/2025
ND,1900299,,Limitation of liability for children residing at the Heart River correctional center.,"A BILL for an Act to create and enact a new subsection to section 54-23.3-04 of the North Dakota Century Code, relating to authorization for children of inmates to reside at the Heart River correctional center; and to amend and reenact section 32-12.2-02 of the North Dakota Century Code, relating to limitation of liability for children residing at the Heart River correctional center.",1,2025-01-07,https://legiscan.com/ND/bill/SB2115/2025
ND,1901562,,Public hearings and light-mitigating technology systems.,"AN ACT to create and enact a new subsection to section 49-22-13 and a new subsection to section 49-22.1-10 of the North Dakota Century Code, relating to public hearings for energy conversion and transmission facilities; and to amend and reenact sections 49-22-03, 49-22-16.4, and 49-22.1-01 of the North Dakota Century Code, relating to public hearings and light-mitigating technology systems.",4,2025-03-31,https://legiscan.com/ND/bill/SB2116/2025
ND,1901613,,Abandoned surface mine reclamation.,"AN ACT to amend and reenact subsection 1 of section 38-14.2-02, and sections 38-14.2-04, 38-14.2-06, and 38-14.2-07 of the North Dakota Century Code, relating to abandoned surface mine reclamation.",4,2025-04-18,https://legiscan.com/ND/bill/SB2117/2025
ND,1901579,,The appeals of stream crossing calculations.,"A BILL for an Act to amend and reenact section 24-03-08 of the North Dakota Century Code, relating to the appeals of stream crossing calculations.",1,2025-01-07,https://legiscan.com/ND/bill/SB2118/2025
ND,1901570,,Disability retirement benefit eligibility.,"AN ACT to create and enact a new paragraph to subdivision h of subsection 3 of section 54-52-17 of the North Dakota Century Code, relating to disability retirement benefit eligibility.",4,2025-03-18,https://legiscan.com/ND/bill/SB2119/2025
ND,1901621,,AN ACT to provide for a transfer to the highway patrol troopers' retirement system fund.,AN ACT to provide for a transfer to the highway patrol troopers' retirement system fund.,4,2025-04-18,https://legiscan.com/ND/bill/SB2120/2025
ND,1901629,,Administering the public employees retirement system.,"AN ACT to amend and reenact subsection 23 of section 54-52-01, section 54-52-17, subsection 2 of section 54-52-28, sections 54-52.1-03.1 and 54-52.2-06, subsection 8 of section 54-52.6-01, and subsection 1 of section 54-52.6-02.2 of the North Dakota Century Code, relating to administering the public employees retirement system.",4,2025-03-18,https://legiscan.com/ND/bill/SB2121/2025
ND,1901528,,The Uniform Commercial Real Estate Receivership Act and trustees for commercial buildings during foreclosures; to provide for a legislative management study; and to provide for application.,"AN ACT to create and enact chapter 32-10.1 and a new section to chapter 32-19.2 of the North Dakota Century Code, relating to the Uniform Commercial Real Estate Receivership Act and trustees for commercial buildings during foreclosures; to provide for a legislative management study; and to provide for application.",4,2025-03-24,https://legiscan.com/ND/bill/SB2122/2025
ND,1901536,,The Uniform Special Deposits Act; and to provide for application.,"AN ACT to create and enact chapter 6-08.6 of the North Dakota Century Code, relating to the Uniform Special Deposits Act; and to provide for application.",4,2025-03-21,https://legiscan.com/ND/bill/SB2123/2025
ND,1901596,,Insurance company definitions and examination records.,"AN ACT to create and enact section 26.1-03-19.8 and a new section to chapter 26.1-03 of the North Dakota Century Code, relating to insurance company inquiries and insurance company statements; and to amend and reenact section 26.1-03-19.1 and subsection 6 of section 26.1-03-19.4 of the North Dakota Century Code, relating to insurance company definitions and examination records.",4,2025-04-08,https://legiscan.com/ND/bill/SB2124/2025
ND,1901512,,"Producer's lines of insurance, service of process for producer proceedings, revocation of nonresident producer licenses, requirements for renewal of business entity public adjuster licenses, public adjuster proof of insurance requirements, and public adjuster continuing education requirements.","AN ACT to create and enact section 26.1-26-33.1 of the North Dakota Century Code, relating to obligations of insurance producers to maintain an electronic mailing address for regulatory use; to amend and reenact sections 26.1-26-11, 26.1-26-22, 26.1-26-42.1, 26.1-26.8-09, 26.1-26.8-11, and 26.1-26.8-12 of the North Dakota Century Code, relating to producer's lines of insurance, service of process for producer proceedings, revocation of nonresident producer licenses, requirements for renewal of business entity public adjuster licenses, public adjuster proof of insurance requirements, and public adjuster continuing education requirements.",4,2025-03-18,https://legiscan.com/ND/bill/SB2125/2025
ND,1901554,,The adoption of the Uniform Child Abduction Prevention Act.,"AN ACT to create and enact chapter 14-14.2 of the North Dakota Century Code, relating to the adoption of the Uniform Child Abduction Prevention Act.",4,2025-03-18,https://legiscan.com/ND/bill/SB2126/2025
ND,1901521,,The Uniform Electronic Estate Planning Documents Act; and to provide for application.,"AN ACT to create and enact chapter 59-22 of the North Dakota Century Code, relating to the Uniform Electronic Estate Planning Documents Act; and to provide for application.",4,2025-03-26,https://legiscan.com/ND/bill/SB2127/2025
ND,1901545,,"Transparent sentencing of criminal offenders, transfer of persons between correctional facilities, work release eligibility and conditions for criminal offenders, sentences for assaulting and fleeing from law enforcement officers, and sentences for preventing arrest; to provide a legislative management report; to provide a penalty; and to provide for application.","A BILL for an Act to amend and reenact sections 12-44.1-01, 12-47-18.1, 12-48.1-01, 12-48.1-02, 12-54.1-01, 12-54.1-03, 12.1-08-02, 12.1-17-01, 12.1-32-02.1, 12.1-32-09.1, and 39-10-71 of the North Dakota Century Code, relating to transparent sentencing of criminal offenders, transfer of persons between correctional facilities, work release eligibility and conditions for criminal offenders, sentences for assaulting and fleeing from law enforcement officers, and sentences for preventing arrest; to provide a legislative management report; to provide a penalty; and to provide for application.",2,2025-02-25,https://legiscan.com/ND/bill/SB2128/2025
ND,1901638,,The practice of veterinary medicine and veterinary technology; and to provide a penalty.,"AN ACT to create and enact ten new sections to chapter 43-29 of the North Dakota Century Code, relating to the practice of veterinary medicine, veterinary technology, and recognized animal services; to amend and reenact section 43-29-01.1, subsection 1 of section 43-29-02, sections 43-29-03, 43-29-04, 43-29-05, 43-29-05.1, 43-29-06, 43-29-07, 43-29-07.1, 43-29-07.2, 43-29-07.3, 43-29-08.1, 43-29-13, 43-29-14, and 43-29-15, subsection 2 of section 43-29-16, sections 43-29-16.1 and 43-29-17, and subsection 2 of section 43-29-19 of the North Dakota Century Code, relating to the practice of veterinary medicine and veterinary technology; to repeal sections 43-29-09, 43-29-10, 43-29-11, and 43-29-12.1 of the North Dakota Century Code, relating to the practice of veterinary medicine and veterinary technology; and to provide a penalty.",4,2025-05-01,https://legiscan.com/ND/bill/SB2129/2025
ND,1901588,,"Prequalification, selection, and contracting of architect, engineer, construction management, land surveying services; and to declare an emergency.","AN ACT to create and enact a new section to chapter 37-10 of the North Dakota Century Code, relating to prequalification, selection, and contracting of architect, engineer, construction management, land surveying services; and to declare an emergency.",4,2025-03-18,https://legiscan.com/ND/bill/SB2130/2025
ND,1904776,,Workforce training center funding distribution.,"A BILL for an Act to create and enact a new section to chapter 52-08 of the North Dakota Century Code, relating to workforce training center funding distribution.",1,2025-01-07,https://legiscan.com/ND/bill/SB2131/2025
ND,1904505,,Careless driving and causing injury to the operator of an authorized emergency vehicle or damage to an authorized emergency vehicle; and to provide a penalty.,"AN ACT to amend and reenact section 39-09-01 of the North Dakota Century Code, relating to careless driving and causing injury to the operator of an authorized emergency vehicle or damage to an authorized emergency vehicle; and to provide a penalty.",4,2025-03-26,https://legiscan.com/ND/bill/SB2132/2025
ND,1904535,,Blackout number plates.,"AN ACT to create and enact a new section to chapter 39-04 of the North Dakota Century Code, relating to blackout number plates.",4,2025-05-01,https://legiscan.com/ND/bill/SB2133/2025
ND,1904657,,The composition of the teachers' fund for retirement board.,"AN ACT to amend and reenact subsection 1 of section 15-39.1-05.1 of the North Dakota Century Code, relating to the composition of the teachers' fund for retirement board.",4,2025-03-31,https://legiscan.com/ND/bill/SB2134/2025
ND,1904398,,The firefighters death benefits fund.,"AN ACT to amend and reenact subsection 2 of section 18-04-05 and section 18-05.1-02 of the North Dakota Century Code, relating to the firefighters death benefits fund.",4,2025-03-18,https://legiscan.com/ND/bill/SB2135/2025
ND,1904556,,Wholesaler and brewer relations.,"AN ACT to amend and reenact sections 5-04-02 and 5-04-14 of the North Dakota Century Code, relating to wholesaler and brewer relations.",4,2025-03-26,https://legiscan.com/ND/bill/SB2136/2025
ND,1904473,,The use of supplemental feed for hunting; and to provide an expiration date.,"AN ACT to create and enact a new section to chapter 20.1-05 of the North Dakota Century Code, relating to the use of supplemental feed for hunting; and to provide an expiration date.",4,2025-04-18,https://legiscan.com/ND/bill/SB2137/2025
ND,1904384,,AN ACT to provide an appropriation to the department of health and human services for grants to organizations providing care for the elderly.,AN ACT to provide an appropriation to the department of health and human services for grants to organizations providing care for the elderly.,4,2025-04-08,https://legiscan.com/ND/bill/SB2138/2025
ND,1904568,,The fees for recording and rerecording livestock brands.,"AN ACT to amend and reenact section 4.1-73-14 of the North Dakota Century Code, relating to the fees for recording and rerecording livestock brands.",4,2025-03-26,https://legiscan.com/ND/bill/SB2139/2025
ND,1904460,,The dementia care services program.,"AN ACT to amend and reenact section 50-06-33 of the North Dakota Century Code, relating to the dementia care services program.",4,2025-03-26,https://legiscan.com/ND/bill/SB2140/2025
ND,1904642,,A change in the purpose of use of a conditional or perfected water permit.,"AN ACT to amend and reenact section 61-04-15.4 of the North Dakota Century Code, relating to a change in the purpose of use of a conditional or perfected water permit.",4,2025-03-18,https://legiscan.com/ND/bill/SB2141/2025
ND,1904629,,Motor vehicle excise tax allocations; and to provide an effective date.,"A BILL for an Act to amend and reenact section 57-40.3-10 of the North Dakota Century Code, relating to motor vehicle excise tax allocations; and to provide an effective date.",1,2025-01-07,https://legiscan.com/ND/bill/SB2142/2025
ND,1904615,,Revenue deposited in the state energy research center fund; to provide for a continuing appropriation; and to provide an expiration date.,"AN ACT to amend and reenact section 57-51.1-07.9 of the North Dakota Century Code, relating to revenue deposited in the state energy research center fund; to provide for a continuing appropriation; and to provide an expiration date.",4,2025-04-17,https://legiscan.com/ND/bill/SB2143/2025
ND,1907835,,"Information required in applications for professional employer services licensure, confidential records maintained by the secretary of state, notification provided to and fees charged by a notary public, notification provided to the registrant of a trade name, and fees charged by the secretary of state; and to provide a penalty.","AN ACT to amend and reenact subsection 2 of section 43-55-03, section 43-55-09, subsection 8 of section 44-06.1-20, and sections 44-06.1-28, 47-25-04, 47-25-07, and 54-09-04 of the North Dakota Century Code, relating to information required in applications for professional employer services licensure, confidential records maintained by the secretary of state, notification provided to and fees charged by a notary public, notification provided to the registrant of a trade name, and fees charged by the secretary of state; and to provide a penalty.",4,2025-03-18,https://legiscan.com/ND/bill/SB2144/2025
ND,1907763,,"Providing immunity to an employee of a 988 suicide and crisis lifeline, 211 information and referral helpline, and 911 system.","AN ACT to create and enact a new section to chapter 32-03 of the North Dakota Century Code, relating to providing immunity to an employee of a 988 suicide and crisis lifeline, 211 information and referral helpline, and 911 system.",4,2025-03-18,https://legiscan.com/ND/bill/SB2145/2025
ND,1907724,,The occupational therapy licensure compact.,"AN ACT to create and enact chapter 43-40.1 of the North Dakota Century Code, relating to the occupational therapy licensure compact.",4,2025-04-03,https://legiscan.com/ND/bill/SB2146/2025
ND,1907652,,"The skilled workforce student loan repayment and scholarship programs, Native American scholarships, and the North Dakota scholarship; and to provide an appropriation.","AN ACT to create and enact a new subsection to section 15-10-38.4, a new subsection to section 15-62.4-03, a new section to chapter 15-62.4, and a new subsection to section 15-62.5-04 of the North Dakota Century Code, relating to student financial assistance grants, dual-credit tuition scholarships, and the scholars program; to amend and reenact sections 15-10-38.1, 15-10-38.2, 15-63-05, and 15.1-21-02.6 of the North Dakota Century Code, relating to the skilled workforce student loan repayment and scholarship programs, Native American scholarships, and the North Dakota scholarship; and to provide an appropriation.",4,2025-05-02,https://legiscan.com/ND/bill/SB2147/2025
ND,1907908,,Reimbursement of costs associated with possession of an estray.,"A BILL for an Act to amend and reenact subsection 2 of section 4.1-75-06 of the North Dakota Century Code, relating to reimbursement of costs associated with possession of an estray.",1,2025-01-07,https://legiscan.com/ND/bill/SB2148/2025
ND,1907984,,The school construction assistance revolving loan fund; and to declare an emergency.,"AN ACT to amend and reenact section 15.1-36-08 of the North Dakota Century Code, relating to the school construction assistance revolving loan fund; and to declare an emergency.",4,2025-03-24,https://legiscan.com/ND/bill/SB2149/2025
ND,1909732,,Corporate or limited liability company farming and ranching.,"AN ACT to amend and reenact subsection 7 of section 10-06.1-01, subsection 3 of section 10-06.1-12.2, subdivision b of subsection 1 of section 10-06.1-15.2, subdivision d of subsection 3 of section 10-06.1-17, and subsection 3 of section 10-06.1-17.1 of the North Dakota Century Code, relating to corporate or limited liability company farming and ranching.",4,2025-03-18,https://legiscan.com/ND/bill/SB2150/2025
ND,1909540,,The legacy earnings fund; to provide a statement of legislative intent; to provide an appropriation; and to provide an expiration date.,"A BILL for an Act to create and enact two new sections to chapter 54-27 of the North Dakota Century Code, relating to a county and township bridge fund and a legacy earnings tax relief fund; to amend and reenact section 21-10-13 of the North Dakota Century Code, relating to the legacy earnings fund; to provide a statement of legislative intent; to provide an appropriation; and to provide an expiration date.",1,2025-01-07,https://legiscan.com/ND/bill/SB2151/2025
ND,1909563,,Statements of full consideration.,"AN ACT to amend and reenact subsection 6 of section 11-18-02.2 of the North Dakota Century Code, relating to statements of full consideration.",4,2025-03-18,https://legiscan.com/ND/bill/SB2152/2025
ND,1909757,,Water conveyance projects and works.,"AN ACT to amend and reenact subsection 9 of section 61-02-02 of the North Dakota Century Code, relating to water conveyance projects and works.",4,2025-03-18,https://legiscan.com/ND/bill/SB2153/2025
ND,1909586,,The definition of primary sector business.,"AN ACT to amend and reenact subsection 13 of section 1-01-49, subsection 4 of section 10-30.5-01, and section 40-57.1-02 of the North Dakota Century Code, relating to the definition of primary sector business.",4,2025-03-18,https://legiscan.com/ND/bill/SB2154/2025
ND,1909684,,Gratis antelope licenses.,"AN ACT to amend and reenact subsection 5 of section 20.1-03-11 of the North Dakota Century Code, relating to gratis antelope licenses.",4,2025-04-23,https://legiscan.com/ND/bill/SB2155/2025
ND,1909804,,Campaign disclosure statements; to provide a penalty; to provide for application; and to provide an effective date.,"A BILL for an Act to create and enact chapter 16.1-08.2 of the North Dakota Century Code, relating to campaign disclosure statements; to amend and reenact sections 15.1-09-08, 15.1-09-19, 16.1-01-12, and 16.1-10-04.1, and subdivision f of subsection 8 of section 51-28-01 of the North Dakota Century Code, relating to campaign disclosure statements; to repeal chapter 16.1-08.1 of the North Dakota Century Code, relating to campaign disclosure statements; to provide a penalty; to provide for application; and to provide an effective date.",2,2025-02-19,https://legiscan.com/ND/bill/SB2156/2025
ND,1909440,,AN ACT to provide for a legislative management study relating to the creation of a farm safety insurance discount program.,AN ACT to provide for a legislative management study relating to the creation of a farm safety insurance discount program.,4,2025-03-26,https://legiscan.com/ND/bill/SB2157/2025
ND,1909198,,The distribution of the unobligated cash balance of a dissolved school district.,"AN ACT to amend and reenact section 15.1-12-29 of the North Dakota Century Code, relating to the distribution of the unobligated cash balance of a dissolved school district.",4,2025-04-17,https://legiscan.com/ND/bill/SB2158/2025
ND,1911006,,Projects the state energy research center is permitted to pursue.,"AN ACT to amend and reenact section 15-11-40 of the North Dakota Century Code, relating to projects the state energy research center is permitted to pursue.",4,2025-04-23,https://legiscan.com/ND/bill/SB2159/2025
ND,1911616,,Health insurance benefits coverage provided by the uniform group insurance program; to provide an appropriation; to provide for a statement of legislative intent; and to provide an effective date.,"AN ACT to amend and reenact sections 54-52.1-01, 54-52.1-02, and 54-52.1-03.1 of the North Dakota Century Code, relating to health insurance benefits coverage provided by the uniform group insurance program; to provide an appropriation; to provide for a statement of legislative intent; and to provide an effective date.",5,2025-04-29,https://legiscan.com/ND/bill/SB2160/2025
ND,1911447,,Member districts and the assessments levied by the barley council and wheat commission.,"AN ACT to amend and reenact sections 4.1-02-03, 4.1-02-12, and 4.1-13-15 of the North Dakota Century Code, relating to member districts and the assessments levied by the barley council and wheat commission.",4,2025-03-18,https://legiscan.com/ND/bill/SB2161/2025
ND,1911721,,The assessment levied by the wheat commission.,"A BILL for an Act to amend and reenact section 4.1-13-15 of the North Dakota Century Code, relating to the assessment levied by the wheat commission.",1,2025-01-10,https://legiscan.com/ND/bill/SB2162/2025
ND,1911244,,Contractor reporting thresholds for single projects.,"AN ACT to amend and reenact subsection 1 of section 43-07-10 of the North Dakota Century Code, relating to contractor reporting thresholds for single projects.",4,2025-03-21,https://legiscan.com/ND/bill/SB2163/2025
ND,1911380,,The duty of confidentiality and disclosure to the North Dakota protection and advocacy project.,"AN ACT to amend and reenact section 6-08.1-03 of the North Dakota Century Code, relating to the duty of confidentiality and disclosure to the North Dakota protection and advocacy project.",4,2025-03-18,https://legiscan.com/ND/bill/SB2164/2025
ND,1911348,,The powers and duties of the peace officer standards and training board and peace officer licensing fees.,"AN ACT to amend and reenact subsection 2 of section 12-63-04 and sections 12-63-05 and 12-63-12 of the North Dakota Century Code, relating to the powers and duties of the peace officer standards and training board and peace officer licensing fees.",4,2025-03-31,https://legiscan.com/ND/bill/SB2165/2025
ND,1911818,,A property tax information portal; to provide a report; and to provide an appropriation.,"A BILL for an Act to create and enact a new section to chapter 57-01 of the North Dakota Century Code, relating to a property tax information portal; to provide a report; and to provide an appropriation.",1,2025-01-10,https://legiscan.com/ND/bill/SB2166/2025
ND,1910738,,The cost of digital forensic examinations and the establishment of an internet crime investigation fund; to provide a continuing appropriation; and to provide a penalty.,"AN ACT to create and enact a new section to chapter 29-26 and a new section to chapter 54-12 of the North Dakota Century Code, relating to the cost of digital forensic examinations and the establishment of an internet crime investigation fund; to provide a continuing appropriation; and to provide a penalty.",4,2025-03-21,https://legiscan.com/ND/bill/SB2167/2025
ND,1911787,,"A BILL for an Act to amend and reenact section 20.1-01-21 of the North Dakota Century Code; relating to hunting near buildings, occupied structures, or storage structures.","A BILL for an Act to amend and reenact section 20.1-01-21 of the North Dakota Century Code; relating to hunting near buildings, occupied structures, or storage structures.",1,2025-01-10,https://legiscan.com/ND/bill/SB2168/2025
ND,1911686,,Physical therapy patient management.,"AN ACT to amend and reenact subsection 6 of section 43-26.1-11 of the North Dakota Century Code, relating to physical therapy patient management.",4,2025-04-03,https://legiscan.com/ND/bill/SB2169/2025
ND,1915480,,The creation of the army forces reserve component scholarship program.,"A BILL for an Act to create and enact a new chapter to title 15 of the North Dakota Century Code, relating to the creation of the army forces reserve component scholarship program.",1,2025-01-13,https://legiscan.com/ND/bill/SB2170/2025
ND,1915590,,An emergency mental health petition; and to declare an emergency.,"AN ACT to amend and reenact section 25-03.1-26 of the North Dakota Century Code, relating to an emergency mental health petition; and to declare an emergency.",4,2025-04-03,https://legiscan.com/ND/bill/SB2171/2025
ND,1915808,,Long-term care insurance policy terms and claim payments.,"AN ACT to create and enact a new section to chapter 26.1-45 of the North Dakota Century Code, relating to long-term care insurance policy terms and claim payments.",4,2025-04-08,https://legiscan.com/ND/bill/SB2172/2025
ND,1915436,,The definition of a children's advocacy center and the confidentiality of communications and records in the possession of a children's advocacy center.,"AN ACT to amend and reenact subsection 10 of section 50-25.1-02 and section 50-25.1-11.1 of the North Dakota Century Code, relating to the definition of a children's advocacy center and the confidentiality of communications and records in the possession of a children's advocacy center.",4,2025-03-21,https://legiscan.com/ND/bill/SB2173/2025
ND,1915266,,The regulation of odors in an animal feeding operation and zoning authority over animal feeding operations in counties and townships; and to provide an effective date.,"AN ACT to amend and reenact sections 11-33-02.1 and 58-03-11.1 of the North Dakota Century Code, relating to the regulation of odors in an animal feeding operation and zoning authority over animal feeding operations in counties and townships; and to provide an effective date.",4,2025-04-03,https://legiscan.com/ND/bill/SB2174/2025
ND,1918088,,Conducting and reporting postelection audits.,"AN ACT to amend and reenact section 16.1-06-15 of the North Dakota Century Code, relating to conducting and reporting postelection audits.",4,2025-03-21,https://legiscan.com/ND/bill/SB2175/2025
ND,1915676,,The children's cabinet; and to provide for a legislative management report.,"AN ACT to create and enact a new section to chapter 54-07 of the North Dakota Century Code, relating to the children's cabinet and designated working groups; to repeal section 50-06-43.1 of the North Dakota Century Code, relating to the children's cabinet; and to provide for a legislative management report.",4,2025-04-08,https://legiscan.com/ND/bill/SB2176/2025
ND,1915501,,County budget limits and the allocation of sales tax revenue; to provide a continuing appropriation; and to provide an expiration date.,"AN ACT to create and enact a new section to chapter 57-39.2 of the North Dakota Century Code, relating to an animal agriculture facility infrastructure fund; to amend and reenact subsection 9 of section 11-23-02 and section 57-39.2-26 of the North Dakota Century Code, relating to county budget limits and the allocation of sales tax revenue; to provide a continuing appropriation; and to provide an expiration date.",4,2025-03-26,https://legiscan.com/ND/bill/SB2177/2025
ND,1915393,,Data stored in the central voter file and primary election ballots.,"A BILL for an Act to amend and reenact sections 16.1-02-12, 16.1-02-15, 16.1-03-21, and 16.1-07-05, subsection 1 of section 16.1-07-06, sections 16.1-11-10, 16.1-11-12, 16.1-11-21, 16.1-11-22, 16.1-11-24, 16.1-11-26, 16.1-11-29, and 16.1-11-30, subsection 2 of section 16.1-11-39, and sections 16.1-11-40, 16.1-11.1-02, and 16.1-12-02 of the North Dakota Century Code, relating to data stored in the central voter file and primary election ballots.",1,2025-01-13,https://legiscan.com/ND/bill/SB2178/2025
ND,1915456,,Inspection fees; and to provide an expiration date.,"A BILL for an Act to amend and reenact section 23.1-13-16 of the North Dakota Century Code, relating to inspection fees; and to provide an expiration date.",1,2025-01-13,https://legiscan.com/ND/bill/SB2179/2025
ND,1916261,,The opportunity to provide public comment at a meeting of a public entity.,"AN ACT to create and enact a new section to chapter 44-04 of the North Dakota Century Code, relating to the opportunity to provide public comment at a meeting of a public entity.",4,2025-05-01,https://legiscan.com/ND/bill/SB2180/2025
ND,1916360,,Workers' compensation coverage for posttraumatic stress disorder; to provide for application; and to provide an expiration date.,"A BILL for an Act to create and enact a new section to chapter 65-05 of the North Dakota Century Code, relating to posttraumatic stress disorder duration limits; to amend and reenact subsection 11 of section 65-01-02 of the North Dakota Century Code, relating to workers' compensation coverage for posttraumatic stress disorder; to provide for application; and to provide an expiration date.",1,2025-01-13,https://legiscan.com/ND/bill/SB2181/2025
ND,1916424,,The amendment of an administrative rule by agreement of the agency and administrative rules committee.,"A BILL for an Act to amend and reenact section 28-32-18 of the North Dakota Century Code, relating to the amendment of an administrative rule by agreement of the agency and administrative rules committee.",1,2025-01-13,https://legiscan.com/ND/bill/SB2182/2025
ND,1916113,,A violation of a construction zone speed limit; and to provide a penalty.,"AN ACT to amend and reenact subsection 9 of section 39-06.1-06 of the North Dakota Century Code, relating to a violation of a construction zone speed limit; and to provide a penalty.",4,2025-04-03,https://legiscan.com/ND/bill/SB2183/2025
ND,1916351,,Additional parenting time after a false allegation of harm to a child.,"A BILL for an Act to amend and reenact section 14-09-06.5 of the North Dakota Century Code, relating to additional parenting time after a false allegation of harm to a child.",1,2025-01-13,https://legiscan.com/ND/bill/SB2184/2025
ND,1916166,,A BILL for an Act to provide an appropriation to the parks and recreation department for a Lake Metigoshe state park sewer infrastructure replacement grant project.,A BILL for an Act to provide an appropriation to the parks and recreation department for a Lake Metigoshe state park sewer infrastructure replacement grant project.,1,2025-01-13,https://legiscan.com/ND/bill/SB2185/2025
ND,1915939,,Interference with court-ordered parenting time; to create a child custody review task force; to provide for a legislative management report; and to provide a penalty.,"AN ACT to create and enact a new section to chapter 14-09 of the North Dakota Century Code, relating to interference with court-ordered parenting time; to create a child custody review task force; to provide for a legislative management report; and to provide a penalty.",4,2025-04-23,https://legiscan.com/ND/bill/SB2186/2025
ND,1918171,,"Lodging, compensation, and expense reimbursement.","A BILL for an Act to amend and reenact subsection 2 of section 44-08-04 and subsection 2 of section 54-03-20 of the North Dakota Century Code, relating to lodging, compensation, and expense reimbursement.",1,2025-01-14,https://legiscan.com/ND/bill/SB2187/2025
ND,1918369,,The membership of the clean sustainable energy authority and the clean sustainable energy fund line of credit; and to provide for a transfer.,"AN ACT to amend and reenact sections 54-63.1-03 and 54-63.1-07 of the North Dakota Century Code, relating to the membership of the clean sustainable energy authority and the clean sustainable energy fund line of credit; and to provide for a transfer.",4,2025-05-17,https://legiscan.com/ND/bill/SB2188/2025
ND,1918449,,"Reporting the value of prizes distributed by an organization using a permit to conduct raffles, bingo, sports pools, paddlewheels, twenty-one, and poker.","A BILL for an Act to amend and reenact subsection 1 of section 53-06.1-03 and subsection 1 of section 53-06.1-11.1 of the North Dakota Century Code, relating to reporting the value of prizes distributed by an organization using a permit to conduct raffles, bingo, sports pools, paddlewheels, twenty-one, and poker.",1,2025-01-14,https://legiscan.com/ND/bill/SB2189/2025
ND,1924548,,Medical assistance benefits.,"A BILL for an Act to amend and reenact section 50-24.1-45 of the North Dakota Century Code, relating to medical assistance benefits.",2,2025-02-10,https://legiscan.com/ND/bill/SB2190/2025
ND,1918332,,AN ACT to provide for a legislative management study relating to health care services in local correctional facilities.,AN ACT to provide for a legislative management study relating to health care services in local correctional facilities.,4,2025-03-31,https://legiscan.com/ND/bill/SB2191/2025
ND,1924754,,A BILL for an Act to provide an appropriation to the department of health and human services for accreditation grants for community providers.,A BILL for an Act to provide an appropriation to the department of health and human services for accreditation grants for community providers.,1,2025-01-16,https://legiscan.com/ND/bill/SB2192/2025
ND,1918130,,Definitions associated with assistance animals; and to provide a penalty.,"A BILL for an Act to create and enact two new sections to chapter 25-13 of the North Dakota Century Code, relating to the certification and sale of assistance animals; to amend and reenact section 25-13-01.1 of the North Dakota Century Code, relating to definitions associated with assistance animals; and to provide a penalty.",2,2025-02-04,https://legiscan.com/ND/bill/SB2193/2025
ND,1917687,,Criminal history record checks; to provide an appropriation; to provide for application; and to provide an effective date.,"A BILL for an Act to create and enact a new subsection to section 12-60-24 of the North Dakota Century Code, relating to criminal history record checks; to provide an appropriation; to provide for application; and to provide an effective date.",1,2025-01-14,https://legiscan.com/ND/bill/SB2194/2025
ND,1918050,,The classification of difluoroethane as a volatile chemical; and to provide a penalty.,"A BILL for an Act to create and enact a new section to chapter 19-21 of the North Dakota Century Code, relating to requirements for selling aerosol dusters containing difluoroethane; to amend and reenact subsection 2 of section 19-03.1-22.1 of the North Dakota Century Code, relating to the classification of difluoroethane as a volatile chemical; and to provide a penalty.",2,2025-01-24,https://legiscan.com/ND/bill/SB2195/2025
ND,1918411,,Student self-administration of asthma or anaphylaxis medication.,"AN ACT to amend and reenact subsection 3 of section 15.1-19-16 of the North Dakota Century Code, relating to student self-administration of asthma or anaphylaxis medication.",4,2025-03-31,https://legiscan.com/ND/bill/SB2196/2025
ND,1917924,,Deer hunting with a crossbow.,"A BILL for an Act to amend and reenact section 20.1-01-34 of the North Dakota Century Code, relating to deer hunting with a crossbow.",1,2025-01-14,https://legiscan.com/ND/bill/SB2197/2025
ND,1918207,,National guard or federal service leave of absence for state and political subdivision employees and the definition of veteran; and to declare an emergency.,"AN ACT to amend and reenact section 37-01-25, subsection 1 of section 37-01-40, and section 37-14-01.1 of the North Dakota Century Code, relating to national guard or federal service leave of absence for state and political subdivision employees and the definition of veteran; and to declare an emergency.",4,2025-04-18,https://legiscan.com/ND/bill/SB2198/2025
ND,1917804,,Disabled veteran deer hunting licenses.,"A BILL for an Act to create and enact a new subsection to section 20.1-03-11 of the North Dakota Century Code, relating to disabled veteran deer hunting licenses.",2,2025-01-30,https://legiscan.com/ND/bill/SB2199/2025
ND,1917725,,AN ACT to provide an appropriation to the department of health and human services for the 988 crisis hotline program.,AN ACT to provide an appropriation to the department of health and human services for the 988 crisis hotline program.,4,2025-05-01,https://legiscan.com/ND/bill/SB2200/2025
ND,1918249,,The primary residence credit; to provide for application; to provide a retroactive effective date; to provide an expiration date; and to declare an emergency.,"AN ACT to amend and reenact section 57-02-08.9 of the North Dakota Century Code, relating to the primary residence credit; to provide for application; to provide a retroactive effective date; to provide an expiration date; and to declare an emergency.",4,2025-02-18,https://legiscan.com/ND/bill/SB2201/2025
ND,1918008,,"The definition of a cattle industry representative, the election and terms of members to the North Dakota beef commission, commission vacancies, and requiring livestock auction markets and livestock dealers to forward names of cattle sellers; to provide a penalty; and to provide an effective date.","A BILL for an Act to create and enact three new sections to chapter 4.1-03 of the North Dakota Century Code, relating to the creation of districts, district commission member nomination and election procedures, and the costs of elections of district representative commission members; to amend and reenact sections 4.1-03-01, 4.1-03-02, 4.1-03-03, and 4.1-03-04 of the North Dakota Century Code, relating to the definition of a cattle industry representative, the election and terms of members to the North Dakota beef commission, commission vacancies, and requiring livestock auction markets and livestock dealers to forward names of cattle sellers; to provide a penalty; and to provide an effective date.",1,2025-01-14,https://legiscan.com/ND/bill/SB2202/2025
ND,1917849,,The consolidation of the board of hearing aid specialists and the board of examiners on audiology and speech-language pathology; and to repeal sections 43-33-15 and 43-33-17 related to the board of hearing aid specialists.,"A BILL for an Act to amend and reenact subsection 1 of section 43-33-01, subsection 1 of section 43-33-06, subsection 3 of section 43-37-02, and section 43-37-05 of the North Dakota Century Code, relating to the consolidation of the board of hearing aid specialists and the board of examiners on audiology and speech-language pathology; and to repeal sections 43-33-15 and 43-33-17 related to the board of hearing aid specialists.",1,2025-01-14,https://legiscan.com/ND/bill/SB2203/2025
ND,1917652,,The required disclosure of radon hazards by a seller.,"AN ACT to create and enact a new section to chapter 47-10 of the North Dakota Century Code, relating to the required disclosure of radon hazards by a seller.",4,2025-04-17,https://legiscan.com/ND/bill/SB2204/2025
ND,1917768,,The charitable gaming operating fund.,"AN ACT to amend and reenact section 53-06.1-11.2 of the North Dakota Century Code, relating to the charitable gaming operating fund.",4,2025-03-24,https://legiscan.com/ND/bill/SB2205/2025
ND,1917888,,Civil actions having three-year limitations.,"A BILL for an Act to amend and reenact section 28-01-17, of the North Dakota Century Code, relating to civil actions having three-year limitations.",1,2025-01-14,https://legiscan.com/ND/bill/SB2206/2025
ND,1920545,,A motor vehicle excise tax exemption for tribal governments; and to provide an effective date.,"AN ACT to amend and reenact subsection 2 of section 57-40.3-04 of the North Dakota Century Code, relating to a motor vehicle excise tax exemption for tribal governments; and to provide an effective date.",4,2025-03-26,https://legiscan.com/ND/bill/SB2207/2025
ND,1920090,,"The state share of oil and gas tax revenue allocations, the municipal infrastructure fund, and the county and township infrastructure fund.","A BILL for an Act to amend and reenact subsection 9 of section 57-51.1-07.5 and sections 57-51.1-07.7 and 57-51.1-07.8 of the North Dakota Century Code, relating to the state share of oil and gas tax revenue allocations, the municipal infrastructure fund, and the county and township infrastructure fund.",1,2025-01-15,https://legiscan.com/ND/bill/SB2208/2025
ND,1920776,,The expansion of medical examinations of victims of criminal conduct; and to provide an appropriation.,"AN ACT to amend and reenact section 12.1-34-07 of the North Dakota Century Code, relating to the expansion of medical examinations of victims of criminal conduct; and to provide an appropriation.",4,2025-03-31,https://legiscan.com/ND/bill/SB2209/2025
ND,1920203,,AN ACT to provide for a legislative management study relating to the management of water based on watershed boundaries.,AN ACT to provide for a legislative management study relating to the management of water based on watershed boundaries.,4,2025-04-18,https://legiscan.com/ND/bill/SB2210/2025
ND,1920430,,The attorney recruitment and retention program.,"AN ACT to amend and reenact sections 27-02.2-01, 27-02.2-02, 27-02.2-03, 27-02.2-04, 27-02.2-05, 27-02.2-06, 27-02.2-09, 27-02.2-10, and 27-02.2-11 of the North Dakota Century Code, relating to the attorney recruitment and retention program.",4,2025-03-18,https://legiscan.com/ND/bill/SB2211/2025
ND,1920662,,The university system capital building fund pool; to provide for a transfer; and to provide legislative intent.,"A BILL for an Act to amend and reenact sections 15-54.1-01, 15-54.1-02, 15-54.1-03, and 15-54.1-04 of the North Dakota Century Code, relating to the university system capital building fund; to repeal section 15-54.1-05 of the North Dakota Century Code, relating to the university system capital building fund pool; to provide for a transfer; and to provide legislative intent.",1,2025-01-15,https://legiscan.com/ND/bill/SB2212/2025
ND,1920319,,"Mathematics curriculum, professional development, screening and intervention, related administrative rules and reporting requirements, and mathematics instructor competency; to provide for a legislative management report; to provide for a department of public instruction mathematics screening pilot program; to provide an appropriation; and to provide an effective date.","AN ACT to create and enact a new section to chapter 15.1-13 and two new sections to chapter 15.1-21 of the North Dakota Century Code, relating to mathematics curriculum, professional development, screening and intervention, related administrative rules and reporting requirements, and mathematics instructor competency; to provide for a legislative management report; to provide for a department of public instruction mathematics screening pilot program; to provide an appropriation; and to provide an effective date.",4,2025-05-02,https://legiscan.com/ND/bill/SB2213/2025
ND,1923408,,The insurance commissioner assuming the duties of the securities commissioner; to provide for a transfer; to provide an effective date; and to declare an emergency.,"AN ACT to amend and reenact subsection 4 of section 6-01-07.1, subsections 4 and 5 of section 10-04-02, sections 10-04-03 and 10-04-16, paragraph 2 of subdivision a of subsection 1 of section 10-04-16.1, section 26.1-06-12, subsection 3 of section 43-10.1-01, subsection 2 of section 43-23.1-05, subsection 4 of section 51-19-02, subsection 3 of section 51-23-02, subsection 1 of section 51-23-15, subsection 1 of section 54-12-08, subsection 1 of section 54-59-22.1, subsection 4 of section 57-38.5-01, and subsection 5 of section 57-38.6-01 of the North Dakota Century Code, relating to the insurance commissioner assuming the duties of the securities commissioner; to provide for a transfer; to provide an effective date; and to declare an emergency.",4,2025-04-18,https://legiscan.com/ND/bill/SB2214/2025
ND,1924152,,Limitations on the introduction of legislative bills prepared by executive branch agencies and the judicial branch.,"A BILL for an Act to create and enact a new section to chapter 54-03 of the North Dakota Century Code, relating to limitations on the introduction of legislative bills prepared by executive branch agencies and the judicial branch.",1,2025-01-16,https://legiscan.com/ND/bill/SB2215/2025
ND,1924337,,Waterfowl habitat restoration stamp fees and the waterfowl habitat improvement fund.,"AN ACT to create and enact a new section to chapter 20.1-02 and a new section to chapter 20.1-03 of the North Dakota Century Code, relating to waterfowl habitat restoration stamp fees and the waterfowl habitat improvement fund.",4,2025-04-17,https://legiscan.com/ND/bill/SB2216/2025
ND,1923967,,"The licensing and practice of dental hygienists and dentists, and the board of dental examiners.","AN ACT to create and enact a new section to chapter 43-20 and a new section to chapter 43-28 of the North Dakota Century Code, relating to volunteer licenses; and to amend and reenact sections 43-20-01.1, 43-20-01.2, 43-20-01.3, 43-20-01.4, 43-20-03, 43-20-05, 43-20-12, 43-20-12.3, 43-20-13, 43-20-13.1, and 43-20-13.2, subsection 6 of section 43-28-02, section 43-28-03, subsection 5 of section 43-28-04, sections 43-28-05, 43-28-06, 43-28-08, 43-28-11, 43-28-13, 43-28-15, 43-28-16.2, and 43-28-18, subsection 1 of section 43-28-18.1, and sections 43-28-18.2 and 43-28-18.3 of the North Dakota Century Code, relating to the licensing and practice of dental hygienists and dentists, and the board of dental examiners.",4,2025-03-26,https://legiscan.com/ND/bill/SB2217/2025
ND,1923782,,AN ACT to provide an appropriation to the insurance commissioner for a North Dakota firefighter's association grant; and to declare an emergency.,AN ACT to provide an appropriation to the insurance commissioner for a North Dakota firefighter's association grant; and to declare an emergency.,4,2025-04-17,https://legiscan.com/ND/bill/SB2218/2025
ND,1923595,,Disbursement of surplus library materials and the eligibility of public libraries to receive financial aid.,"AN ACT to create and enact a new subsection to section 54-24-03 and a new subsection to section 54-24.2-01 of the North Dakota Century Code, relating to disbursement of surplus library materials and the eligibility of public libraries to receive financial aid.",4,2025-03-18,https://legiscan.com/ND/bill/SB2219/2025
ND,1925101,,"The implementation of operational guidelines and training for law enforcement officers and state's attorneys addressing the crimes of human trafficking, prostitution, and the commercial exploitation of children.","A BILL for an Act to create and enact a new section to chapter 12.1-41 of the North Dakota Century Code, relating to the implementation of operational guidelines and training for law enforcement officers and state's attorneys addressing the crimes of human trafficking, prostitution, and the commercial exploitation of children.",1,2025-01-16,https://legiscan.com/ND/bill/SB2220/2025
ND,1927313,,Eligibility for the skilled workforce scholarship program.,"AN ACT to create and enact a new subsection to section 15-10-38.1 of the North Dakota Century Code, relating to eligibility for the skilled workforce student loan repayment program; and to amend and reenact subsection 4 of section 15-10-38.2 of the North Dakota Century Code, relating to eligibility for the skilled workforce scholarship program.",4,2025-04-18,https://legiscan.com/ND/bill/SB2221/2025
ND,1928201,,Definitions associated with assistance animals and disability documentation for a service or assistance animal in a rental dwelling; and to provide a penalty.,"A BILL for an Act to create and enact two new sections to chapter 25-13 of the North Dakota Century Code, relating to the certification and sale of assistance animals; to amend and reenact sections 25-13-01.1 and 47-16-07.5 of the North Dakota Century Code, relating to definitions associated with assistance animals and disability documentation for a service or assistance animal in a rental dwelling; and to provide a penalty.",1,2025-01-17,https://legiscan.com/ND/bill/SB2222/2025
ND,1927491,,Adoption of the dietitian licensure compact.,"AN ACT to create and enact chapter 43-44.1 of the North Dakota Century Code, relating to adoption of the dietitian licensure compact.",4,2025-03-21,https://legiscan.com/ND/bill/SB2223/2025
ND,1927187,,"The gaming commission, gaming stamp requirements, and the attorney general's regulation of gaming; to provide a penalty; and to provide an appropriation.","A BILL for an Act to amend and reenact section 53-06.1-01.1, subsection 3 of section 53-06.1-14, and section 53-06.1-15.1 of the North Dakota Century Code, relating to the gaming commission, gaming stamp requirements, and the attorney general's regulation of gaming; to provide a penalty; and to provide an appropriation.",2,2025-01-30,https://legiscan.com/ND/bill/SB2224/2025
ND,1927754,,"A BILL for an Act to provide an appropriation to the department of commerce for a housing for opportunity, mobility, and empowerment program; to provide for a legislative management report; and to declare an emergency.","A BILL for an Act to provide an appropriation to the department of commerce for a housing for opportunity, mobility, and empowerment program; to provide for a legislative management report; and to declare an emergency.",2,2025-02-05,https://legiscan.com/ND/bill/SB2225/2025
ND,1927668,,The commission on legal counsel for indigents; to provide an appropriation; and to provide an effective date.,"AN ACT to amend and reenact subsection 1 of section 54-61-01 of the North Dakota Century Code, relating to the commission on legal counsel for indigents; to provide an appropriation; and to provide an effective date.",4,2025-04-23,https://legiscan.com/ND/bill/SB2226/2025
ND,1928023,,Employee participation in the public employees retirement system; to provide for retroactive application; and to declare an emergency.,"AN ACT to amend and reenact subsection 1 of section 54-52-05 of the North Dakota Century Code, relating to employee participation in the public employees retirement system; to provide for retroactive application; and to declare an emergency.",4,2025-03-18,https://legiscan.com/ND/bill/SB2227/2025
ND,1927270,,AN ACT to provide an appropriation to the department of commerce for a rural grocery store sustainability grant program.,AN ACT to provide an appropriation to the department of commerce for a rural grocery store sustainability grant program.,4,2025-04-23,https://legiscan.com/ND/bill/SB2228/2025
ND,1928156,,Required disclosures before the sale of a condominium unit or a property subject to a homeowners' association or a condominium project.,"AN ACT to create and enact a new section to chapter 47-10 of the North Dakota Century Code, relating to required disclosures before the sale of a condominium unit or a property subject to a homeowners' association or a condominium project.",4,2025-03-18,https://legiscan.com/ND/bill/SB2229/2025
ND,1928245,,The secretary of state's duty to distribute educational and informational materials before an election; to provide an appropriation; and to provide an expiration date.,"AN ACT to create and enact a new section to chapter 16.1-01 of the North Dakota Century Code, relating to the secretary of state's duty to distribute educational and informational materials before an election; to provide an appropriation; and to provide an expiration date.",4,2025-04-23,https://legiscan.com/ND/bill/SB2230/2025
ND,1927802,,Covered services for medical assistance.,"A BILL for an Act to amend and reenact section 50-24.1-45 of the North Dakota Century Code, relating to covered services for medical assistance.",2,2025-02-20,https://legiscan.com/ND/bill/SB2231/2025
ND,1927713,,Reporting requirements for prenatal exposure to alcohol misuse.,"AN ACT to create and enact a new section to chapter 50-25.1 of the North Dakota Century Code, relating to an exemption for postpartum exposure to controlled substances and alcohol; to amend and reenact sections 50-25.1-16 and 50-25.1-17 of the North Dakota Century Code, relating to reporting requirements for prenatal exposure to controlled substances and alcohol abuse and toxicology test requirements; and to repeal section 50-25.1-18 of the North Dakota Century Code, relating to reporting requirements for prenatal exposure to alcohol misuse.",4,2025-04-23,https://legiscan.com/ND/bill/SB2232/2025
ND,1927624,,Notice requirements for claims against the state.,"AN ACT to amend and reenact section 32-12.2-04 of the North Dakota Century Code, relating to notice requirements for claims against the state.",4,2025-04-03,https://legiscan.com/ND/bill/SB2233/2025
ND,1927891,,A BILL for an Act to provide a statement of legislative intent regarding choice ready grants to school districts.,A BILL for an Act to provide a statement of legislative intent regarding choice ready grants to school districts.,2,2025-02-10,https://legiscan.com/ND/bill/SB2234/2025
ND,1927580,,Rents and the priority of payments under a rental agreement.,"A BILL for an Act to amend and reenact section 47-16-20 of the North Dakota Century Code, relating to rents and the priority of payments under a rental agreement.",1,2025-01-17,https://legiscan.com/ND/bill/SB2235/2025
ND,1927536,,Late fees on rents under a rental agreement.,"A BILL for an Act to amend and reenact section 47-16-20 of the North Dakota Century Code, relating to late fees on rents under a rental agreement.",1,2025-01-17,https://legiscan.com/ND/bill/SB2236/2025
ND,1928069,,The labor commissioner's oversight of certain landlord-tenant disputes.,"A BILL for an Act to create and enact a new section to chapter 34-05 and a new subsection to section 34-05-01.3 of the North Dakota Century Code, relating to the labor commissioner's oversight of certain landlord-tenant disputes.",1,2025-01-17,https://legiscan.com/ND/bill/SB2237/2025
ND,1927445,,Sealing of eviction records.,"AN ACT to create and enact a new section to chapter 47-32 of the North Dakota Century Code, relating to sealing of eviction records.",4,2025-03-26,https://legiscan.com/ND/bill/SB2238/2025
ND,1927979,,An apprenticeship grant program; and to provide an appropriation.,"A BILL for an Act to create and enact a new section to chapter 54-60 of the North Dakota Century Code, relating to an apprenticeship grant program; and to provide an appropriation.",2,2025-02-24,https://legiscan.com/ND/bill/SB2239/2025
ND,1927401,,Theft of property; and to provide a penalty.,"A BILL for an Act to create and enact a new section to chapter 12.1-23 of the North Dakota Century Code, relating to prohibiting a political subdivision from seizing personal property without notice; to amend and reenact section 12.1-23-02 of the North Dakota Century Code, relating to theft of property; and to provide a penalty.",1,2025-01-17,https://legiscan.com/ND/bill/SB2240/2025
ND,1928289,,The authorization and administration of public charter schools; and to provide for a legislative management report.,"AN ACT to create and enact a new chapter to title 15.1 of the North Dakota Century Code, relating to the authorization and administration of public charter schools; and to provide for a legislative management report.",4,2025-04-23,https://legiscan.com/ND/bill/SB2241/2025
ND,1927358,,AN ACT to provide for a legislative management study relating to institutions of higher education.,AN ACT to provide for a legislative management study relating to institutions of higher education.,4,2025-03-21,https://legiscan.com/ND/bill/SB2242/2025
ND,1928113,,"The amount of statutory fees, entries against a driving record, points assigned to driving records, limitations on city fines and penalties, and commitment of a guilty person for nonpayment of fines or costs.","A BILL for an Act to amend and reenact section 39-06.1-06, subsections 1 and 3 of section 39-06.1-10, and sections 40-05-06, and 40-11-12 of the North Dakota Century Code, relating to the amount of statutory fees, entries against a driving record, points assigned to driving records, limitations on city fines and penalties, and commitment of a guilty person for nonpayment of fines or costs.",2,2025-02-24,https://legiscan.com/ND/bill/SB2243/2025
ND,1927847,,A parent's interest in a child's upbringing.,"A BILL for an Act to create and enact a new section to chapter 15.1-06 of the North Dakota Century Code, relating to parental involvement in a child's education; and to amend and reenact section 14-09-32.1 of the North Dakota Century Code, relating to a parent's interest in a child's upbringing.",2,2025-02-06,https://legiscan.com/ND/bill/SB2244/2025
ND,1927226,,"The use of blinds, boats, and decoys in taking ducks and geese.","AN ACT to amend and reenact section 20.1-04-11 of the North Dakota Century Code, relating to the use of blinds, boats, and decoys in taking ducks and geese.",4,2025-04-17,https://legiscan.com/ND/bill/SB2245/2025
ND,1927935,,A BILL for an Act to provide an appropriation to the legislative council for the purpose of contracting with a consultant to study the feasibility and desirability of creating a regenerative grazing ranch in the state; and to provide for a legislative management study.,A BILL for an Act to provide an appropriation to the legislative council for the purpose of contracting with a consultant to study the feasibility and desirability of creating a regenerative grazing ranch in the state; and to provide for a legislative management study.,1,2025-01-17,https://legiscan.com/ND/bill/SB2246/2025
ND,1930223,,"Obtaining a new vehicle certificate of title, an application for a certificate of title, and the removal of number plates on a vehicle.","AN ACT to amend and reenact subsection 1 of section 39-05-05 and section 39-05-20 of the North Dakota Century Code, relating to obtaining a new vehicle certificate of title, an application for a certificate of title, and the removal of number plates on a vehicle.",4,2025-04-03,https://legiscan.com/ND/bill/SB2247/2025
ND,1930130,,Step therapy protocols; to provide for a report to the legislative assembly; to provide for application; and to provide an expiration date.,"A BILL for an Act to amend and reenact section 19-02.1-16.3 of the North Dakota Century Code, relating to step therapy protocols; to provide for a report to the legislative assembly; to provide for application; and to provide an expiration date.",1,2025-01-20,https://legiscan.com/ND/bill/SB2248/2025
ND,1930158,,AN ACT to provide for a legislative management study relating to health care mandates.,AN ACT to provide for a legislative management study relating to health care mandates.,4,2025-03-31,https://legiscan.com/ND/bill/SB2249/2025
ND,1930088,,Damages for injuries to timber.,"AN ACT to amend and reenact section 32-03-30 of the North Dakota Century Code, relating to damages for injuries to timber.",4,2025-03-24,https://legiscan.com/ND/bill/SB2250/2025
ND,1930152,,Audits conducted by the state auditor and charges for audits.,"AN ACT to amend and reenact section 54-10-01, subsection 5 of section 54-10-14, and sections 54-10-22 and 54-10-27 of the North Dakota Century Code, relating to audits conducted by the state auditor and charges for audits.",4,2025-04-23,https://legiscan.com/ND/bill/SB2251/2025
ND,1930227,,State party conventions and endorsing caucuses or conventions for primary and general elections.,"A BILL for an Act to create and enact a new section to chapter 16.1-03 of the North Dakota Century Code, relating to a district endorsing caucus or convention; and to amend and reenact sections 16.1-03-11, 16.1-03-14, 16.1-11-01, 16.1-12-10, and 16.1-13-04 of the North Dakota Century Code, relating to state party conventions and endorsing caucuses or conventions for primary and general elections.",1,2025-01-20,https://legiscan.com/ND/bill/SB2252/2025
ND,1938320,,The definition of a moving violation; and to provide a penalty.,"AN ACT to create and enact a new subdivision to subsection 2 of section 39-06.1-06 and a new section to chapter 39-21 of the North Dakota Century Code, relating to the use of an engine compression brake device and cities and counties posting a zone prohibiting the use of an engine compression brake device; to amend and reenact section 39-06.1-09 of the North Dakota Century Code, relating to the definition of a moving violation; and to provide a penalty.",4,2025-04-03,https://legiscan.com/ND/bill/SB2253/2025
ND,1930111,,AN ACT to provide an appropriation to the department of transportation for fixed route city paratransit transportation services grants; and to provide for a legislative management study.,AN ACT to provide an appropriation to the department of transportation for fixed route city paratransit transportation services grants; and to provide for a legislative management study.,4,2025-04-03,https://legiscan.com/ND/bill/SB2254/2025
ND,1930186,,"The qualifications, term, and duties of the state health officer.","AN ACT to amend and reenact section 23-01-05 of the North Dakota Century Code, relating to the qualifications, term, and duties of the state health officer.",4,2025-04-03,https://legiscan.com/ND/bill/SB2255/2025
ND,1930219,,A research technology park grant program; to provide an appropriation; and to provide for a report.,"AN ACT to create and enact a new section to chapter 54-17 of the North Dakota Century Code, relating to a research technology park grant program; to provide an appropriation; and to provide for a report.",4,2025-05-17,https://legiscan.com/ND/bill/SB2256/2025
ND,1930192,,Grading of theft offenses of values not exceeding five hundred dollars; and to provide a penalty.,"AN ACT to amend and reenact subsection 5 of section 12.1-23-05 of the North Dakota Century Code, relating to grading of theft offenses of values not exceeding five hundred dollars; and to provide a penalty.",4,2025-03-21,https://legiscan.com/ND/bill/SB2257/2025
ND,1930206,,The enforcement of agency rules.,"AN ACT to create and enact a new section to chapter 28-32 of the North Dakota Century Code, relating to the enforcement of agency rules.",4,2025-03-24,https://legiscan.com/ND/bill/SB2258/2025
ND,1930127,,The provision of blanks and records.,"AN ACT to repeal section 44-04-16 of the North Dakota Century Code, relating to the provision of blanks and records.",4,2025-03-31,https://legiscan.com/ND/bill/SB2259/2025
ND,1938543,,The North Dakota coordinate system zones.,"AN ACT to amend and reenact sections 47-20.2-01, 47-20.2-02, 47-20.2-03, 47-20.2-05, and 47-20.2-06 of the North Dakota Century Code, relating to the North Dakota coordinate system zones.",4,2025-03-24,https://legiscan.com/ND/bill/SB2260/2025
ND,1930156,,A prison industries workforce development income tax credit; to provide for a legislative management study; and to provide an effective date.,"AN ACT to create and enact a new section to chapter 57-38 and a new subdivision to subsection 7 of section 57-38-30.3 of the North Dakota Century Code, relating to a prison industries workforce development income tax credit; to provide for a legislative management study; and to provide an effective date.",5,2025-03-24,https://legiscan.com/ND/bill/SB2261/2025
ND,1930132,,The authority for the kindergarten through grade twelve education coordination council to enter contracts; and to provide an appropriation.,"AN ACT to create and enact a new subsection to section 15.1-01-04 of the North Dakota Century Code, relating to the authority for the kindergarten through grade twelve education coordination council to enter contracts; and to provide an appropriation.",4,2025-05-01,https://legiscan.com/ND/bill/SB2262/2025
ND,1930217,,A BILL for an Act to provide an appropriation for mastery framework training grants.,A BILL for an Act to provide an appropriation for mastery framework training grants.,1,2025-01-20,https://legiscan.com/ND/bill/SB2263/2025
ND,1930106,,The definition of marriage and the recognition of marital relationships.,"A BILL for an Act to amend and reenact subsection 1 of section 12.1-23-09, sections 14-02-07, 14-03-01, 14-03-08, 14-05-06, 14-05-18, 14-07-01, 14-07-03, 14-07-04, 14-07-06, 14-07-07, 14-07-08, 14-07-12, 14-07-13, and 14-07-14, subsection 9 of section 14-12.2-28, subsection 4 of section 14-14.1-30, sections 14-15-03, 14-15-20, 14-18-05, 14-18-08, and 20.1-03-06, subsections 8, 28, and 31 of section 20.1-03-12, section 30.1-10-02, subdivision b of subsection 1 of section 30.1-10-04, sections 35-01-04, 47-18-04, 47-18-05, 47-18-14, and 50-25.1-10, subsection 4 of section 54-52.4-02, subsection 2 of section 57-38-31, subsection 5 of section 57-40.3-04, section 57-40.3-07, and subsection 3 of section 57-40.5-03 of the North Dakota Century Code, relating to the definition of marriage and the recognition of marital relationships.",1,2025-01-20,https://legiscan.com/ND/bill/SB2264/2025
ND,1930226,,AN ACT to provide an appropriation to the department of veterans' affairs for a veterans' national cemetery grant; to authorize a line of credit; and to provide for a report.,AN ACT to provide an appropriation to the department of veterans' affairs for a veterans' national cemetery grant; to authorize a line of credit; and to provide for a report.,4,2025-05-02,https://legiscan.com/ND/bill/SB2265/2025
ND,1930109,,A BILL for an Act to provide an appropriation to the office of management and budget for a grant; and to declare an emergency.,A BILL for an Act to provide an appropriation to the office of management and budget for a grant; and to declare an emergency.,1,2025-01-20,https://legiscan.com/ND/bill/SB2266/2025
ND,1930165,,The onsite wastewater recycling technical committee; to provide for a legislative management report; to provide a penalty; and to provide an appropriation.,"AN ACT to create and enact a new chapter to title 23.1 of the North Dakota Century Code, relating to onsite wastewater treatment systems; to amend and reenact sections 23-35-02 and 23-35-08 of the North Dakota Century Code, relating to the powers and duties of the boards of health and public health units; to repeal sections 23-35-02.2 and 23-35-02.3 of the North Dakota Century Code, relating to the onsite wastewater recycling technical committee; to provide for a legislative management report; to provide a penalty; and to provide an appropriation.",4,2025-04-23,https://legiscan.com/ND/bill/SB2267/2025
ND,1930215,,The definition of alcoholic beverage establishment.,"A BILL for an Act to amend and reenact section 53-06.1-01 of the North Dakota Century Code, relating to the definition of alcoholic beverage establishment.",1,2025-01-20,https://legiscan.com/ND/bill/SB2268/2025
ND,1930201,,Recall petitions and recall elections for political subdivision officials.,"AN ACT to create and enact a new section to chapter 44-08 of the North Dakota Century Code, relating to recall elections for members of a governing body of a city; and to amend and reenact section 16.1-01-09.1 and subsection 1 of section 44-08-21 of the North Dakota Century Code, relating to recall petitions and recall elections for political subdivision officials.",4,2025-04-17,https://legiscan.com/ND/bill/SB2269/2025
ND,1930160,,The licensure of international physicians.,"A BILL for an Act to create and enact chapter 43-17.6 of the North Dakota Century Code, relating to the licensure of international physicians.",1,2025-01-20,https://legiscan.com/ND/bill/SB2270/2025
ND,1930123,,The definition of adult residential facility; to provide for a legislative management report; and to provide an appropriation.,"AN ACT to create and enact a new section to chapter 50-24.5 of the North Dakota Century Code, relating to adult residential facility payment rates; to amend and reenact section 50-24.5-01 of the North Dakota Century Code, relating to the definition of adult residential facility; to provide for a legislative management report; and to provide an appropriation.",4,2025-05-01,https://legiscan.com/ND/bill/SB2271/2025
ND,1930397,,The insurance incentive fund; to provide a continuing appropriation; and to provide an exemption.,"A BILL for an Act to create and enact a new chapter to title 26.1 of the North Dakota Century Code, relating to the North Dakota insurance incentive program; to amend and reenact subsection 1 of section 21-10-06 and subsection 3 of section 26.1-01-07.1 of the North Dakota Century Code, relating to the insurance incentive fund; to provide a continuing appropriation; and to provide an exemption.",1,2025-01-20,https://legiscan.com/ND/bill/SB2272/2025
ND,1930714,,Diagnostic imaging by physical therapists.,"AN ACT to amend and reenact subsection 14 of section 43-26.1-01 and section 43-26.1-11.1 of the North Dakota Century Code, relating to diagnostic imaging by physical therapists.",4,2025-04-11,https://legiscan.com/ND/bill/SB2273/2025
ND,1930336,,The powers and duties of the state board of career at technical education; and to provide an appropriation.,"AN ACT to create and enact a new section to chapter 4.1-01 of the North Dakota Century Code, relating to creating a farm management program within the department of agriculture; to amend and reenact section 15-20.1-03 of the North Dakota Century Code, relating to the powers and duties of the state board of career at technical education; and to provide an appropriation.",4,2025-04-03,https://legiscan.com/ND/bill/SB2274/2025
ND,1930587,,A pilot program to provide grants to schools that provide instruction in a foreign language to students in kindergarten through grade three; and to provide an appropriation.,"AN ACT to create and enact a new section to chapter 15.1-21 of the North Dakota Century Code, relating to a pilot program to provide grants to schools that provide instruction in a foreign language to students in kindergarten through grade three; and to provide an appropriation.",4,2025-03-18,https://legiscan.com/ND/bill/SB2275/2025
ND,1930292,,"The joint exercise of powers of joint water resource boards, mandating the formation of joint water resource boards for projects affecting two or more counties, and proceedings to confirm special actions.","AN ACT to amend and reenact sections 61-16.1-11, 61-16.1-15.1, and 61-16.1-59 of the North Dakota Century Code, relating to the joint exercise of powers of joint water resource boards, mandating the formation of joint water resource boards for projects affecting two or more counties, and proceedings to confirm special actions.",4,2025-04-24,https://legiscan.com/ND/bill/SB2276/2025
ND,1930458,,Designating state highway 200 as the North Dakota fallen peace officers memorial highway; and to provide a continuing appropriation.,"AN ACT to create and enact a new section to chapter 24-01 of the North Dakota Century Code, relating to designating state highway 200 as the North Dakota fallen peace officers memorial highway; and to provide a continuing appropriation.",4,2025-03-18,https://legiscan.com/ND/bill/SB2277/2025
ND,1930471,,AN ACT to provide a legislative management study relating to the retention of library materials.,AN ACT to provide a legislative management study relating to the retention of library materials.,4,2025-03-31,https://legiscan.com/ND/bill/SB2278/2025
ND,1930400,,"Adjustments to state aid payments, isolated school district transition payments, and taxable valuation impact on state aid; and to provide an effective date.","A BILL for an Act to amend and reenact sections 15.1-27-04.1, 15.1-27-04.2, and 57-15-01.1, subsection 1 of section 57-15-14, section 57-15-14.2, and subdivision c of subsection 1 of section 57-20-07.1 of the North Dakota Century Code, relating to the determination of state aid payments, state aid minimum local effort, the protection of taxpayers and taxing districts, voter approval of excess levies in school districts, school district levies, and information displayed on property tax statements; to repeal sections 15.1-27-04.3, 15.1-27-15.1, and 15.1-27-20.2 of the North Dakota Century Code, relating to adjustments to state aid payments, isolated school district transition payments, and taxable valuation impact on state aid; and to provide an effective date.",1,2025-01-20,https://legiscan.com/ND/bill/SB2279/2025
ND,1930269,,Prior authorization for health insurance; to provide for a legislative management study; to provide for a legislative management report; and to provide an effective date.,"AN ACT to create and enact chapter 26.1-36.12 of the North Dakota Century Code, relating to prior authorization for health insurance; to provide for a legislative management study; to provide for a legislative management report; and to provide an effective date.",4,2025-04-23,https://legiscan.com/ND/bill/SB2280/2025
ND,1930647,,"The definition of alternative tobacco products, transfer and allocation of tobacco products tax revenue and tax on cigarettes; to provide a penalty; to provide a continuing appropriation; and to provide an effective date.","A BILL for an Act to create and enact five new sections to chapter 57-36 of the North Dakota Century Code, relating to a tax on cigars, other tobacco products, alternative tobacco products, electronic smoking devices, and electronic smoking device substances and a tobacco tax distribution fund; to amend and reenact section 57-36-01, subsection 1 of section 57-36-31, and section 57-36-32 of the North Dakota Century Code, relating to the definition of alternative tobacco products, transfer and allocation of tobacco products tax revenue and tax on cigarettes; to provide a penalty; to provide a continuing appropriation; and to provide an effective date.",2,2025-02-25,https://legiscan.com/ND/bill/SB2281/2025
ND,1930284,,An income tax credit for child care contributions provided by qualified employers; and to provide an effective date.,"AN ACT to create and enact a new section to chapter 57-38 and new subdivision to subsection 7 of section 57-38-30.3 of the North Dakota Century Code, relating to an income tax credit for child care contributions provided by qualified employers; and to provide an effective date.",4,2025-05-01,https://legiscan.com/ND/bill/SB2282/2025
ND,1930498,,Smaller subsurface water management systems; and to provide a penalty.,"A BILL for an Act to amend and reenact section 61-32-03.3 of the North Dakota Century Code, relating to smaller subsurface water management systems; and to provide a penalty.",1,2025-01-20,https://legiscan.com/ND/bill/SB2283/2025
ND,1930339,,Disclosure of information in adoption proceedings and access to birth records.,"A BILL for an Act to amend and reenact sections 14-15-16 and 23-02.1-18 of the North Dakota Century Code, relating to disclosure of information in adoption proceedings and access to birth records.",1,2025-01-20,https://legiscan.com/ND/bill/SB2284/2025
ND,1930485,,Judicial deference.,"A BILL for an Act to create and enact a new section to chapter 28-32 of the North Dakota Century Code, relating to judicial deference.",2,2025-02-06,https://legiscan.com/ND/bill/SB2285/2025
ND,1930718,,A BILL for an Act to provide an appropriation to the university of North Dakota; and to authorize a line of credit.,A BILL for an Act to provide an appropriation to the university of North Dakota; and to authorize a line of credit.,2,2025-02-24,https://legiscan.com/ND/bill/SB2286/2025
ND,1930289,,Licensing and fees for video livestock auction market representatives.,"AN ACT to amend and reenact section 4.1-28-02 of the North Dakota Century Code, relating to the authority to transact business associated with video livestock auction markets; and to repeal sections 4.1-28-03 and 4.1-28-04 of the North Dakota Century Code, relating to licensing and fees for video livestock auction market representatives.",4,2025-03-18,https://legiscan.com/ND/bill/SB2287/2025
ND,1930489,,The payment of a veterans organization's club expenses with net proceeds from charitable gaming.,"AN ACT to create and enact a new subsection to section 53-06.1-11.1 of the North Dakota Century Code, relating to the payment of a veterans organization's club expenses with net proceeds from charitable gaming.",4,2025-03-24,https://legiscan.com/ND/bill/SB2288/2025
ND,1930431,,The disclosure of domestic violence protection orders to law enforcement.,"A BILL for an Act to create and enact a new section to chapter 14-07 of the North Dakota Century Code, relating to the disclosure of domestic violence protection orders to law enforcement.",2,2025-02-14,https://legiscan.com/ND/bill/SB2289/2025
ND,1930276,,When a court or jury may give exemplary damages.,"AN ACT to amend and reenact sections 32-03.2-01 and 32-03.2-11 of the North Dakota Century Code, relating to when a court or jury may give exemplary damages.",4,2025-03-26,https://legiscan.com/ND/bill/SB2290/2025
ND,1930555,,Visitors in a guardianship proceeding and appointment of successor guardians.,"AN ACT to create and enact two new sections to chapter 30.1-28 and two new sections to chapter 30.1-29 of the North Dakota Century Code, relating to removal, resignation and death of a guardian, notices in a guardianship, notices in a conservatorship, and confidentiality of reports; to amend and reenact subsection 1 of section 23-12-13, subsection 1 of section 25-03.1-18.1, subsection 1 of section 27-20.1-17, sections 30.1-01-06 and 30.1-28-03.1, subsection 3 of section 30.1-28-03.2, section 30.1-28-04, subsection 1 of section 30.1-28-05, section 30.1-28-07, subsection 1 of section 30.1-28-09, sections 30.1-28-10.1, 30.1-28-12, 30.1-28-12.1, 30.1-28-12.2, and 30.1-29-05, subsection 6 of section 30.1-29-07, subsection 2 of section 30.1-29-08, sections 30.1-29-13 and 30.1-29-18, subsection 3 of section 30.1-29-19, subsection 1 of section 30.1-29-20.1, subsection 2 of section 30.1-29-22, and subsection 5 of section 30.1-29-25 of the North Dakota Century Code, relating to incapacitated persons, court-authorized involuntary treatment, guardianship of a child, guardianship of an incapacitated person, and protection of property of persons under disability and minors; and to repeal sections 30.1-26-01, 30.1-28-08, and 30.1-28-15 of the North Dakota Century Code, relating to visitors in a guardianship proceeding and appointment of successor guardians.",4,2025-05-01,https://legiscan.com/ND/bill/SB2291/2025
ND,1930617,,The reimbursement of medical screening and examination for sexual assault victims.,"AN ACT to amend and reenact subsection 3 of section 12.1-34-07 of the North Dakota Century Code, relating to the reimbursement of medical screening and examination for sexual assault victims.",4,2025-04-03,https://legiscan.com/ND/bill/SB2292/2025
ND,1930272,,"Medical marijuana container sizes, caregivers, and documentation.","AN ACT to amend and reenact subsections 7 and 18 of section 19-24.1-01, and subdivision c of subsection 2 of section 19-24.1-03 of the North Dakota Century Code, relating to medical marijuana container sizes, caregivers, and documentation.",4,2025-03-31,https://legiscan.com/ND/bill/SB2293/2025
ND,1930464,,"Allowable amounts of usable medical marijuana, medical marijuana recordkeeping, cannabinoid edible products, patient qualifications, and disclosure of information.","AN ACT to create and enact a new section to chapter 19-24.1 of the North Dakota Century Code, relating to qualifying nonresident medical marijuana patients; to amend and reenact subsection 3 of section 19-24.1-01, subsection 4 of section 19-24.1-01, subsection 8 of section 19-24.1-01, subsection 26 of section 19-24.1-01, subsection 47 of section 19-24.1-01, and sections 19-24.1-03, 19-24.1-11, and 19-24.1-37 of the North Dakota Century Code, relating to allowable amounts of usable medical marijuana, medical marijuana recordkeeping, cannabinoid edible products, patient qualifications, and disclosure of information.",4,2025-05-01,https://legiscan.com/ND/bill/SB2294/2025
ND,1930492,,Adjustments to state aid payments and a property tax levy for tuition payments; and to provide an effective date.,"A BILL for an Act to create and enact a new section to chapter 15.1-27 of the North Dakota Century Code, relating to state education funding for all students in the state; to amend and reenact sections 15.1-27-02 and 57-15-01.1, subsection 1 of section 57-15-14, section 57-15-14.2, and subdivision c of subsection 1 of section 57-20-07.1 of the North Dakota Century Code, relating to required reports, school district levy authority, and information displayed on property tax statements; to repeal sections 15.1-27-04.1, 15.1-27-04.2, 15.1-27-04.3, 15.1-27-15.1, 15.1-27-20.2, and 15.1-29-15 of the North Dakota Century Code, relating to adjustments to state aid payments and a property tax levy for tuition payments; and to provide an effective date.",1,2025-01-20,https://legiscan.com/ND/bill/SB2295/2025
ND,1930691,,Emergency services communications systems.,"AN ACT to amend and reenact section 57-40.6-01 of the North Dakota Century Code, relating to emergency services communications systems.",4,2025-04-08,https://legiscan.com/ND/bill/SB2296/2025
ND,1930379,,The determination of incapacity and informed consent of incapacitated patients and minors.,"AN ACT to amend and reenact subsection 3 of section 23-06.5-03 and section 23-12-13 of the North Dakota Century Code, relating to the determination of incapacity and informed consent of incapacitated patients and minors.",4,2025-05-01,https://legiscan.com/ND/bill/SB2297/2025
ND,1930562,,The homestead credit certification and disabled veterans' credit; to provide for retroactive application; to provide an effective date; and to provide an expiration date.,"A BILL for an Act to create and enact a new section to chapter 57-02 of the North Dakota Century Code, relating to a valuation reduction for property used as a primary residence; to amend and reenact subdivision b of subsection 4 of section 15.1-27-04.1, subsection 26 of section 57-02-08, sections 57-02-08.1, 57-02-08.3, 57-02-08.9, 57-02-08.10, and 57-02-11.1, subsection 1 of section 57-23-06, and section 57-55-10 of the North Dakota Century Code, relating to the determination of state school aid, removal of the homestead credit, homestead renter refund, and the primary residence credit; to repeal sections 57-02-08.2 and 57-02-08.8 of the North Dakota Century Code, relating to the homestead credit certification and disabled veterans' credit; to provide for retroactive application; to provide an effective date; and to provide an expiration date.",1,2025-01-20,https://legiscan.com/ND/bill/SB2298/2025
ND,1930372,,Oversight of water districts.,"AN ACT to amend and reenact subsection 1 of section 54-10-14, subsection 1 of section 54-10-15, and sections 61-35-09 and 61-35-10 of the North Dakota Century Code, relating to oversight of water districts.",4,2025-04-03,https://legiscan.com/ND/bill/SB2299/2025
ND,1930426,,The mandatory secure storage of a student's personal electronic device during the schoolday; and to provide an appropriation.,"A BILL for an Act to create and enact a new section to chapter 15.1-06 of the North Dakota Century Code, relating to the mandatory secure storage of a student's personal electronic device during the schoolday; and to provide an appropriation.",1,2025-01-20,https://legiscan.com/ND/bill/SB2300/2025
ND,1930320,,The homestead tax credit; and to provide an effective date.,"A BILL for an Act to amend and reenact subsection 1 of section 57-02-08.1 of the North Dakota Century Code, relating to the homestead tax credit; and to provide an effective date.",1,2025-01-20,https://legiscan.com/ND/bill/SB2301/2025
ND,1930265,,The powers of the board of university and school lands and leases on state lands.,"AN ACT to amend and reenact sections 15-01-02 and 15-05-09 of the North Dakota Century Code, relating to the powers of the board of university and school lands and leases on state lands.",4,2025-03-31,https://legiscan.com/ND/bill/SB2302/2025
ND,1930548,,An education savings account program.,"A BILL for an Act to create and enact a new chapter to title 15.1 of the North Dakota Century Code, relating to an education savings account program.",1,2025-01-20,https://legiscan.com/ND/bill/SB2303/2025
ND,1930404,,Tribal oil and gas tax revenue allocation withholding.,"A BILL for an Act to create and enact a new section to chapter 57-51.2 of the North Dakota Century Code, relating to tribal oil and gas tax revenue allocation withholding.",1,2025-01-20,https://legiscan.com/ND/bill/SB2304/2025
ND,1930672,,The family paid caregiver service pilot project and the cross-disability advisory council; and to provide an appropriation.,"AN ACT to amend and reenact section 50-24.1-47 of the North Dakota Century Code, relating to the family paid caregiver service pilot project and the cross-disability advisory council; and to provide an appropriation.",4,2025-04-17,https://legiscan.com/ND/bill/SB2305/2025
ND,1930537,,The establishment of a child care workforce recruitment and retention program.,"A BILL for an Act to create and enact a new section to chapter 50-11.1 of the North Dakota Century Code, relating to the establishment of a child care workforce recruitment and retention program.",1,2025-01-20,https://legiscan.com/ND/bill/SB2306/2025
ND,1930522,,Obscenity control; to provide for a report to the legislative management; and to provide a penalty.,"AN ACT to create and enact a new subsection to section 12.1-27.1-01 and two new sections to chapter 12.1-27.1 of the North Dakota Century Code, relating to the definition of a public library, required safety policies and technology protection measures, and the state's attorney's review of public libraries, school districts, and state agencies for compliance with statutes protecting minors from explicit sexual material; to amend and reenact subsection 5 of section 12.1-27.1-01, subsection 2 of section 12.1-27.1-03.1, and sections 12.1-27.1-03.5 and 12.1-27.1-11 of the North Dakota Century Code, relating to obscenity control; to provide for a report to the legislative management; and to provide a penalty.",5,2025-04-24,https://legiscan.com/ND/bill/SB2307/2025
ND,1930449,,"Occupational and professional boards, the midwest interstate passenger rail compact, prison industry advisory committee, energy policy commission, medical marijuana advisory committee, onsite wastewater recycling technical committee, state board of water well contractors, committee on aging, brain injury advisory council, early childhood council, unemployment insurance advisory council, commission on the status of women, health information technology advisory committee, poet laureate nominating board, rural development council, America 250 commission, atmospheric resource board, and Devils Lake outlet management advisory committee; to provide for a legislative management report; to provide an effective date; and to provide an expiration date.","AN ACT to create and enact a new section to chapter 23.1-01, a new section to chapter 54-07, and two new sections to chapter 61-03 of the North Dakota Century Code, relating to standards for well drilling and installation of water well pumps, pitless units, and monitoring wells, a boards review task force, a water well contractors advisory board, and requirements for firms engaged in water well work, installation of water well pump and pitless units, monitoring well work, and drilling of geothermal systems; to amend and reenact section 6-09-43, subdivision j of subsection 2 of section 15.1-01-04, sections 15.1-07-33 and 23-35-02.2, subsection 1 of section 50-06-01.4, sections 52-02-02 and 52-02-08, subsection 1 of section 54-07-01.2, sections 54-54-05, 54-59-26, 54-59-27, 54-59-34, 54-59-36, 54-59-37, 54-59-39, 61-03-01.3, 61-04.1-03, 61-04.1-08, 61-04.1-09, 61-04.1-12, 61-04.1-14, 61-04.1-15, 61-04.1-16, 61-04.1-17, 61-04.1-18, 61-04.1-19, 61-04.1-20, 61-04.1-21, 61-04.1-33, 61-04.1-34, 61-04.1-37, 61-04.1-38, and 61-04.1-39, and subdivision a of subsection 2 of section 65-02-03.1 of the North Dakota Century Code, relating to the wastewater recycling treatment guide, boards and commissions, the unemployment insurance advisory council, gubernatorial appointments, the committee on aging, health information technology advisory committee, statewide longitudinal data system committee, atmospheric resource board, the department of health and human services, the council on the arts, the state engineer, the superintendent of public instruction, job service North Dakota, and workforce safety and insurance coordinating committee; to repeal chapter 8-11.1, sections 12-48-06.1, 15.1-37-05, 15.1-37-06, and 15.1-37-08, chapter 17-07, sections 19-24.1-38, 19-24.1-39, and 23-35-02.3, chapters 34-16 and 43-35, sections 50-06-05.6, 50-06.4-10, 50-11.1-25, 50-11.1-26, 50-11.1-27, 52-02-07, 54-34.3-10, 54-54-10, 54-59-25, 54-59-33, 54-59-35, 54-59-38, 54-60-25, 55-01-13, 55-01-14, 61-04.1-04, 61-04.1-05, 61-04.1-06, 61-04.1-07, and 61-04.1-10, and chapter 61-36 of the North Dakota Century Code, relating to occupational and professional boards, the midwest interstate passenger rail compact, prison industry advisory committee, energy policy commission, medical marijuana advisory committee, onsite wastewater recycling technical committee, state board of water well contractors, committee on aging, brain injury advisory council, early childhood council, unemployment insurance advisory council, commission on the status of women, health information technology advisory committee, poet laureate nominating board, rural development council, America 250 commission, atmospheric resource board, and Devils Lake outlet management advisory committee; to provide for a legislative management report; to provide an effective date; and to provide an expiration date.",4,2025-05-02,https://legiscan.com/ND/bill/SB2308/2025
ND,1930525,,Youth deer hunting permits.,"AN ACT to amend and reenact subsection 1 of section 20.1-03-11 of the North Dakota Century Code, relating to youth deer hunting permits.",4,2025-03-18,https://legiscan.com/ND/bill/SB2309/2025
ND,1930573,,Garnishments.,"AN ACT to amend and reenact sections 32-09.1-05, 32-09.1-10, and 32-09.1-16 of the North Dakota Century Code, relating to garnishments.",4,2025-03-21,https://legiscan.com/ND/bill/SB2310/2025
ND,1930601,,The bioscience innovation grant program.,"A BILL for an Act to amend and reenact section 4.1-01-20.1 of the North Dakota Century Code, relating to the bioscience innovation grant program.",1,2025-01-20,https://legiscan.com/ND/bill/SB2311/2025
ND,1930358,,A property tax exemption for property owned by a charitable organization and used for equine events; and to provide an effective date.,"A BILL for an Act to create and enact a new subsection to section 57-02-08 of the North Dakota Century Code, relating to a property tax exemption for property owned by a charitable organization and used for equine events; and to provide an effective date.",1,2025-01-20,https://legiscan.com/ND/bill/SB2312/2025
ND,1930643,,Reclamation of land disturbed by oil and gas activity.,"A BILL for an Act to amend and reenact section 38-08-04.12 of the North Dakota Century Code, relating to reclamation of land disturbed by oil and gas activity.",1,2025-01-20,https://legiscan.com/ND/bill/SB2313/2025
ND,1930328,,The investigation of and penalty for approving a development agreement in the state for a foreign adversary; and to provide a penalty.,"A BILL for an Act to create and enact a new section to chapter 54-06 of the North Dakota Century Code, relating to the prohibition of, investigation of, and penalty for approving a development agreement in the state for a foreign adversary; to amend and reenact sections 11-11-70 and 40-05-26 of the North Dakota Century Code, relating to the investigation of and penalty for approving a development agreement in the state for a foreign adversary; and to provide a penalty.",1,2025-01-20,https://legiscan.com/ND/bill/SB2314/2025
ND,1937159,,Penalties for legislative lobbyists; and to provide a penalty.,"A BILL for an Act to create and enact a new section to chapter 54-05.1 of the North Dakota Century Code, relating to restrictions on legislative lobbyists; to amend and reenact section 54-05.1-07 of the North Dakota Century Code, relating to penalties for legislative lobbyists; and to provide a penalty.",1,2025-01-23,https://legiscan.com/ND/bill/SB2315/2025
ND,1930236,,Long-term care services for patients with ventilator or psychiatric needs.,"A BILL for an Act to create and enact a new section to chapter 50-06 of the North Dakota Century Code, relating to long-term care services for patients with ventilator or psychiatric needs.",1,2025-01-20,https://legiscan.com/ND/bill/SB2316/2025
ND,1930559,,The revocation of a transfer of township zoning authority.,"A BILL for an Act to amend and reenact section 54-40.5-04 of the North Dakota Century Code, relating to the revocation of a transfer of township zoning authority.",2,2025-02-21,https://legiscan.com/ND/bill/SB2317/2025
ND,1930552,,Paid family caregiver services.,"A BILL for an Act to create and enact a new section to chapter 50-24.1 of the North Dakota Century Code, relating to paid family caregiver services.",1,2025-01-20,https://legiscan.com/ND/bill/SB2318/2025
ND,1930324,,A BILL for an Act to provide for a legislative management study relating to periodically reconvened sessions of the legislative assembly.,A BILL for an Act to provide for a legislative management study relating to periodically reconvened sessions of the legislative assembly.,1,2025-01-20,https://legiscan.com/ND/bill/SB2319/2025
ND,1930312,,The carbon dioxide pipeline tax exemption; and to provide an effective date.,"A BILL for an Act to amend and reenact section 57-06-17.1 of the North Dakota Century Code, relating to the carbon dioxide pipeline tax exemption; and to provide an effective date.",1,2025-01-20,https://legiscan.com/ND/bill/SB2320/2025
ND,1930700,,Awarding costs and fees in eminent domain proceedings.,"A BILL for an Act to amend and reenact sections 32-15-28, 32-15-32, and 32-15-35 of the North Dakota Century Code, relating to awarding costs and fees in eminent domain proceedings.",2,2025-02-25,https://legiscan.com/ND/bill/SB2321/2025
ND,1930351,,The exercise of public domain in geological storage of carbon dioxide.,"A BILL for an Act to amend and reenact sections 32-15-02, 49-19-01, 49-19-11, and 49-19-19 of the North Dakota Century Code, relating to the revocation of common carrier status of carbon dioxide transporters; and to repeal section 38-22-10 of the North Dakota Century Code, relating to the exercise of public domain in geological storage of carbon dioxide.",1,2025-01-20,https://legiscan.com/ND/bill/SB2322/2025
ND,1930263,,Oil and gas gross production tax allocations and the state share of oil and gas tax allocations; to provide for a legislative management report; to provide an exemption; and to provide an effective date.,"AN ACT to amend and reenact sections 57-51-15 and 57-51.1-07.5 of the North Dakota Century Code, relating to oil and gas gross production tax allocations and the state share of oil and gas tax allocations; to provide for a legislative management report; to provide an exemption; and to provide an effective date.",4,2025-05-17,https://legiscan.com/ND/bill/SB2323/2025
ND,1930445,,The amendment or repeal of a county and city home rule charter.,"AN ACT to create and enact a new section to chapter 11-09.1 and a new section to chapter 40-05.1 of the North Dakota Century Code, relating to a county home rule charter and city home rule charter conforming with statute or court order; and to amend and reenact sections 11-09.1-06 and 40-05.1-07 of the North Dakota Century Code, relating to the amendment or repeal of a county and city home rule charter.",4,2025-03-24,https://legiscan.com/ND/bill/SB2324/2025
ND,1930693,,Nonfederal easements granted on wetland areas.,"A BILL for an Act to create and enact a new section to chapter 47-05 of the North Dakota Century Code, relating to nonfederal easements granted on wetland areas.",2,2025-02-18,https://legiscan.com/ND/bill/SB2325/2025
ND,1930658,,Sexual assault restraining orders and domestic violence protection orders; and to provide for application.,"A BILL for an Act to amend and reenact sections 12.1-31-01.2 and 14-07.1-02 of the North Dakota Century Code, relating to sexual assault restraining orders and domestic violence protection orders; and to provide for application.",2,2025-02-25,https://legiscan.com/ND/bill/SB2326/2025
ND,1930302,,Uses of the agriculture diversification and development fund and committee; to provide an appropriation; and to provide for a transfer.,"AN ACT to amend and reenact sections 4.1-01.1-07 and 4.1-01.1-08 of the North Dakota Century Code, relating to uses of the agriculture diversification and development fund and committee; to provide an appropriation; and to provide for a transfer.",4,2025-04-23,https://legiscan.com/ND/bill/SB2327/2025
ND,1930704,,The bioscience innovation grant program; to provide a report; to provide a continuing appropriation; to provide an appropriation; to provide for a transfer; and to declare an emergency.,"A BILL for an Act to create and enact a new chapter to title 54 of the North Dakota Century Code, relating to a life science research council; to repeal section 4.1-01-20.1 of the North Dakota Century Code, relating to the bioscience innovation grant program; to provide a report; to provide a continuing appropriation; to provide an appropriation; to provide for a transfer; and to declare an emergency.",1,2025-01-20,https://legiscan.com/ND/bill/SB2328/2025
ND,1930298,,"Dissolution, care of property, management, and disposition of funds in a dissolved city.","AN ACT to create and enact a new section to chapter 11-10 and a new section to chapter 58-03 of the North Dakota Century Code, relating to the maintenance or vacating of streets and alleys in a dissolved city and the care of property in a dissolved city; and to amend and reenact section 40-53.1-07 of the North Dakota Century Code, relating to dissolution, care of property, management, and disposition of funds in a dissolved city.",4,2025-03-18,https://legiscan.com/ND/bill/SB2329/2025
ND,1930393,,Human trafficking and exploitation prevention and awareness education for students at public schools and tribal schools.,"AN ACT to create and enact a new section to chapter 15.1-09 of the North Dakota Century Code, relating to human trafficking and exploitation prevention and awareness education for students at public schools and tribal schools.",4,2025-05-02,https://legiscan.com/ND/bill/SB2330/2025
ND,1930416,,The Theodore Roosevelt national park working group; to provide a report; and to provide an appropriation.,"A BILL for an Act to create and enact a new section to chapter 54-60 of the North Dakota Century Code, relating to the Theodore Roosevelt national park working group; to provide a report; and to provide an appropriation.",1,2025-01-20,https://legiscan.com/ND/bill/SB2331/2025
ND,1930511,,Grant funding for emergency services and public safety.,"AN ACT to provide for a legislative management study, relating to grant funding for emergency services and public safety.",4,2025-03-18,https://legiscan.com/ND/bill/SB2332/2025
ND,1930636,,Ethanol production incentives; to provide a continuing appropriation; to provide for a transfer; and to provide for a report.,"AN ACT to create and enact a new section to chapter 4.1-01 of the North Dakota Century Code, relating to a low-carbon fuels fund; to amend and reenact sections 39-04-39 and 54-44.5-09 of the North Dakota Century Code, relating to the distribution of certain vehicle registration fees and ethanol production incentives; to repeal chapter 17-02 of the North Dakota Century Code, relating to ethanol production incentives; to provide a continuing appropriation; to provide for a transfer; and to provide for a report.",4,2025-04-17,https://legiscan.com/ND/bill/SB2333/2025
ND,1930569,,The definition of alcoholic beverage establishment for purposes of conducting gaming; and to provide for a legislative management study.,"AN ACT to amend and reenact subsection 2 of section 53-06.1-01 of the North Dakota Century Code, relating to the definition of alcoholic beverage establishment for purposes of conducting gaming; and to provide for a legislative management study.",4,2025-04-17,https://legiscan.com/ND/bill/SB2334/2025
ND,1930256,,The recovery of attorney's fees in an action relating to oil and gas production.,"AN ACT to create and enact a new section to chapter 38-11.1 of the North Dakota Century Code, relating to pretrial appraisals; and to amend and reenact section 38-11.1-09 of the North Dakota Century Code, relating to the recovery of attorney's fees in an action relating to oil and gas production.",4,2025-04-08,https://legiscan.com/ND/bill/SB2335/2025
ND,1930280,,Definitions applicable to conveyance regulation and the membership of the state electrical board; to provide a penalty; and to provide for application.,"AN ACT to create and enact eight new sections to chapter 43-09 of the North Dakota Century Code, relating to the regulation of conveyances and elevator contractors, mechanics, and inspectors; to amend and reenact sections 43-09-01 and 43-09-02 of the North Dakota Century Code, relating to definitions applicable to conveyance regulation and the membership of the state electrical board; to provide a penalty; and to provide for application.",4,2025-04-03,https://legiscan.com/ND/bill/SB2336/2025
ND,1931601,,Required filings for foreign persons investing in agricultural lands; to provide for a legislative management report; to provide a penalty; to provide a contingent effective date; and to provide an expiration date.,"A BILL for an Act to amend and reenact sections 11-11-70, 40-05-26, 47-01-09, and 47-10.1-05 of the North Dakota Century Code, relating to the powers of a board of county commissioners, a board of city commissioners, and a city council regarding development by a foreign country of concern or foreign organization of concern, prohibiting ownership of real property by a foreign country of concern or a foreign organization of concern, and required filings for foreign persons investing in agricultural lands; to repeal section 47-10.1-05 of the North Dakota Century Code, relating to required filings for foreign persons investing in agricultural lands; to provide for a legislative management report; to provide a penalty; to provide a contingent effective date; and to provide an expiration date.",1,2025-01-21,https://legiscan.com/ND/bill/SB2337/2025
ND,1931266,,Legislative districts; and to provide for application.,"A BILL for an Act to amend and reenact section 54-03-01.14 of the North Dakota Century Code, relating to legislative districts; and to provide for application.",2,2025-02-25,https://legiscan.com/ND/bill/SB2338/2025
ND,1931655,,Strict liability and a wildfire mitigation plan of a qualified utility; and to provide for a report.,"AN ACT to create and enact a new chapter to title 49 of the North Dakota Century Code, relating to strict liability and a wildfire mitigation plan of a qualified utility; and to provide for a report.",4,2025-04-24,https://legiscan.com/ND/bill/SB2339/2025
ND,1931321,,AN ACT to provide for a legislative management study to evaluate the evolving fire service operational and response needs of the state.,AN ACT to provide for a legislative management study to evaluate the evolving fire service operational and response needs of the state.,4,2025-04-23,https://legiscan.com/ND/bill/SB2340/2025
ND,1931708,,The adoption of the interstate compact for school psychologists.,"A BILL for an Act to create and enact a new chapter to title 15.1 of the North Dakota Century Code, relating to the adoption of the interstate compact for school psychologists.",2,2025-02-25,https://legiscan.com/ND/bill/SB2341/2025
ND,1931377,,A value-added milk processing facility incentive program; and to authorize a Bank of North Dakota line of credit.,"AN ACT to amend and reenact section 4.1-01.1-07 of the North Dakota Century Code, relating to a value-added milk processing facility incentive program; and to authorize a Bank of North Dakota line of credit.",4,2025-05-01,https://legiscan.com/ND/bill/SB2342/2025
ND,1931489,,The placement or location of a beehive; and to provide a penalty.,"A BILL for an Act to create and enact section 4.1-16-08.1 of the North Dakota Century Code, relating to the placement or location of a beehive; and to provide a penalty.",1,2025-01-21,https://legiscan.com/ND/bill/SB2343/2025
ND,1931544,,Veterans' number plates.,"A BILL for an Act to amend and reenact section 39-04-10.10 of the North Dakota Century Code, relating to veterans' number plates.",1,2025-01-21,https://legiscan.com/ND/bill/SB2344/2025
ND,1931210,,A BILL for an Act to provide for state employee compensation adjustments.,A BILL for an Act to provide for state employee compensation adjustments.,1,2025-01-21,https://legiscan.com/ND/bill/SB2345/2025
ND,1931433,,Applicants for membership on the beef commission.,"A BILL for an Act to create and enact a new section to chapter 4.1-03 of the North Dakota Century Code, relating to beef commission member appointments; and to amend and reenact section 4.1-03-02 of the North Dakota Century Code, relating to applicants for membership on the beef commission.",1,2025-01-21,https://legiscan.com/ND/bill/SB2346/2025
ND,1934531,,The authorization of historic horse race wagering and the elimination of simulcast dog racing under the certificate system; and to provide an effective date.,"A BILL for an Act to create and enact three new sections to chapter 53-06.2 of the North Dakota Century Code, relating to historic horse race wagering, pari-mutuel horse racing, and the establishment of the racing commission fund; to amend and reenact sections 53-06.2-01, 53-06.2-04, 53-06.2-05, 53-06.2-06, 53-06.2-07, 53-06.2-08, 53-06.2-10, 53-06.2-10.1, and 53-06.2-11 of the North Dakota Century Code, relating to the authorization of historic horse race wagering and the elimination of simulcast dog racing under the certificate system; and to provide an effective date.",1,2025-01-22,https://legiscan.com/ND/bill/SB2347/2025
ND,1934931,,The acceptance of health care sharing ministries by an institution of higher education and health care sharing ministries' exemptions from insurance laws and regulations.,"AN ACT to create and enact a new section to chapter 15-10 and a new chapter to title 50 of the North Dakota Century Code, relating to the acceptance of health care sharing ministries by an institution of higher education and health care sharing ministries' exemptions from insurance laws and regulations.",4,2025-04-03,https://legiscan.com/ND/bill/SB2348/2025
ND,1938762,,Limitations on the introduction of legislative bills prepared by executive branch agencies and the judicial branch.,"A BILL for an Act to create and enact a new section to chapter 54-03 of the North Dakota Century Code, relating to limitations on the introduction of legislative bills prepared by executive branch agencies and the judicial branch.",1,2025-01-23,https://legiscan.com/ND/bill/SB2349/2025
ND,1938982,,An exemption from open records for employee performance and discipline records contained in personnel records.,"A BILL for an Act to amend and reenact section 44-04-18.1 of the North Dakota Century Code, relating to an exemption from open records for employee performance and discipline records contained in personnel records.",1,2025-01-23,https://legiscan.com/ND/bill/SB2350/2025
ND,1940722,,Annexation of property to a school district; and to declare an emergency.,"AN ACT to amend and reenact sections 15.1-12-02 and 15.1-12-05 of the North Dakota Century Code, relating to annexation of property to a school district; and to declare an emergency.",4,2025-04-17,https://legiscan.com/ND/bill/SB2351/2025
ND,1940317,,Authorization for children of inmates to reside at the Heart River correctional center.,"AN ACT to create and enact a new subsection to section 54-23.3-04 of the North Dakota Century Code, relating to authorization for children of inmates to reside at the Heart River correctional center.",4,2025-04-03,https://legiscan.com/ND/bill/SB2352/2025
ND,1940922,,Regional education associations.,"AN ACT to amend and reenact sections 15.1-09.1-02.1 and 54-44.4-02 of the North Dakota Century Code, relating to regional education associations.",4,2025-03-31,https://legiscan.com/ND/bill/SB2353/2025
ND,1941124,,"The use of personal electronic devices in schools providing prekindergarten, elementary, or secondary education.","AN ACT to amend and reenact the new section to chapter 15.1-07 of the North Dakota Century Code, as created by House Bill No. 1160, as approved by the sixty-ninth legislative assembly, relating to the use of personal electronic devices in schools providing prekindergarten, elementary, or secondary education.",4,2025-05-02,https://legiscan.com/ND/bill/SB2354/2025
ND,1940519,,Intelligent design in science content standards for elementary and secondary students.,"A BILL for an Act to create and enact a new section to chapter 15.1-21 of the North Dakota Century Code, relating to intelligent design in science content standards for elementary and secondary students.",1,2025-01-24,https://legiscan.com/ND/bill/SB2355/2025
ND,1940116,,The contents of a legal description for a deed and a contract for deed.,"AN ACT to amend and reenact section 47-19-03.1 of the North Dakota Century Code, relating to the contents of a legal description for a deed and a contract for deed.",4,2025-03-21,https://legiscan.com/ND/bill/SB2356/2025
ND,1941323,,"A BILL for an Act to provide for a legislative management study regarding the feasibility, benefits, and challenges of creating a composite mental health licensing board.","A BILL for an Act to provide for a legislative management study regarding the feasibility, benefits, and challenges of creating a composite mental health licensing board.",2,2025-02-24,https://legiscan.com/ND/bill/SB2357/2025
ND,1942607,,Rural ambulance board compensation.,"AN ACT to amend and reenact section 11-28.3-06 of the North Dakota Century Code, relating to rural ambulance board compensation.",4,2025-03-18,https://legiscan.com/ND/bill/SB2358/2025
ND,1942493,,"The state renewable and recycled energy objectives, public reporting, qualifications and applications to the statewide objectives, the purchase and retirement of renewable energy certificates to meet the objectives, verification of generation and the purchase of certificates, and economic evaluations on the use of renewable and recycled energy.","AN ACT to amend and reenact section 49-02-26 of the North Dakota Century Code, relating to qualifications for renewable electricity and recycled energy credits; and to repeal sections 49-02-28, 49-02-29, 49-02-30, 49-02-31, 49-02-32, 49-02-33, and 49-02-34 of the North Dakota Century Code, relating to the state renewable and recycled energy objectives, public reporting, qualifications and applications to the statewide objectives, the purchase and retirement of renewable energy certificates to meet the objectives, verification of generation and the purchase of certificates, and economic evaluations on the use of renewable and recycled energy.",4,2025-04-03,https://legiscan.com/ND/bill/SB2359/2025
ND,1942465,,AN ACT to provide for a legislative management study regarding geothermal energy.,AN ACT to provide for a legislative management study regarding geothermal energy.,4,2025-04-03,https://legiscan.com/ND/bill/SB2360/2025
ND,1942378,,Ownership of land and development projects by a foreign adversary; and to provide for a legislative management report.,"A BILL for an Act to amend and reenact sections 11-11-70, 40-05-26, and 47-01-09 of the North Dakota Century Code, relating to ownership of land and development projects by a foreign adversary; and to provide for a legislative management report.",1,2025-01-27,https://legiscan.com/ND/bill/SB2361/2025
ND,1942749,,The accreditation of schools.,"AN ACT to amend and reenact section 15.1-02-11 of the North Dakota Century Code, relating to the accreditation of schools.",4,2025-03-26,https://legiscan.com/ND/bill/SB2362/2025
ND,1942438,,"The determination of state aid payments, state aid minimum local effort, the protection of taxpayers and taxing districts, voter approval of excess levies in school districts, school district levies, and contents of the property tax statement; and to provide an effective date.","A BILL for an Act to amend and reenact subsection 3 of section 15.1-27-02, sections 15.1-27-04.1, 15.1-27-04.2, and 57-15-01.1, paragraph 3 of subdivision e of subsection 1 of section 57-15-14, section 57-15-14.2, and subdivision c of subsection 1 of section 57-20-07.1 of the North Dakota Century Code, relating to the determination of state aid payments, state aid minimum local effort, the protection of taxpayers and taxing districts, voter approval of excess levies in school districts, school district levies, and contents of the property tax statement; and to provide an effective date.",1,2025-01-27,https://legiscan.com/ND/bill/SB2363/2025
ND,1942721,,A BILL for an Act to provide for a legislative management study relating to the property rights of entitlement holders in Uniform Commercial Code transactions.,A BILL for an Act to provide for a legislative management study relating to the property rights of entitlement holders in Uniform Commercial Code transactions.,1,2025-01-27,https://legiscan.com/ND/bill/SB2364/2025
ND,1942521,,Twenty-four seven sobriety program fees.,"A BILL for an Act to amend and reenact section 54-12-30 of the North Dakota Century Code, relating to twenty-four seven sobriety program fees.",2,2025-02-17,https://legiscan.com/ND/bill/SB2365/2025
ND,1946805,,The contents of a notice of intention to evict.,"A BILL for an Act to amend and reenact section 47-32-02 of the North Dakota Century Code, relating to the contents of a notice of intention to evict.",1,2025-01-29,https://legiscan.com/ND/bill/SB2366/2025
ND,1942353,,Assessment of agricultural property; and to provide an effective date.,"AN ACT to amend and reenact subsections 8 and 9 of section 57-02-27.2 of the North Dakota Century Code, relating to assessment of agricultural property; and to provide an effective date.",4,2025-03-18,https://legiscan.com/ND/bill/SB2367/2025
ND,1942808,,A grasslands grazing grant program.,"AN ACT to create and enact a new section to chapter 4.1-01 of the North Dakota Century Code, relating to a grasslands grazing grant program.",4,2025-03-24,https://legiscan.com/ND/bill/SB2368/2025
ND,1942549,,"Exempt sales from educational, religious, or charitable activities conducted by a nonprofit organization in a publicly or privately owned facility; and to provide an effective date.","AN ACT to amend and reenact subsection 4 of section 57-39.2-04 of the North Dakota Century Code, relating to exempt sales from educational, religious, or charitable activities conducted by a nonprofit organization in a publicly or privately owned facility; and to provide an effective date.",4,2025-03-26,https://legiscan.com/ND/bill/SB2369/2025
ND,1942778,,AN ACT to provide for a legislative management study regarding prescription drug transparency reporting under the federal drug discount program.,AN ACT to provide for a legislative management study regarding prescription drug transparency reporting under the federal drug discount program.,4,2025-05-02,https://legiscan.com/ND/bill/SB2370/2025
ND,1942855,,Rotary traffic islands.,"AN ACT to amend and reenact section 39-10-16 of the North Dakota Century Code, relating to rotary traffic islands.",4,2025-03-18,https://legiscan.com/ND/bill/SB2371/2025
ND,1942408,,Legacy fund definitions and a legacy earnings fund; to provide an effective date; and to declare an emergency.,"A BILL for an Act to create and enact a new section to chapter 54-27 of the North Dakota Century Code, relating to a legacy earnings fund; to amend and reenact section 6-09.4-10.1, subsection 1 of section 21-10-06, and section 54-27-19.3 of the North Dakota Century Code, relating to funds invested by the state investment board; to repeal sections 21-10-12 and 21-10-13 of the North Dakota Century Code, relating to legacy fund definitions and a legacy earnings fund; to provide an effective date; and to declare an emergency.",1,2025-01-27,https://legiscan.com/ND/bill/SB2372/2025
ND,1942834,,The definition of an alcoholic beverage establishment and the permissible locations for gaming.,"A BILL for an Act to amend and reenact subsection 2 of section 53-06.1-01 and subsection 3 of section 53-06.1-03 of the North Dakota Century Code, relating to the definition of an alcoholic beverage establishment and the permissible locations for gaming.",2,2025-02-20,https://legiscan.com/ND/bill/SB2373/2025
ND,1942577,,An exemption from search requirements for licensed surplus line producers; to provide for a legislative management report; and to provide a penalty.,"AN ACT to create and enact two new sections to chapter 26.1-30, two new sections to chapter 26.1-39, a new section to chapter 26.1-44, and a new subsection to section 26.1-46-03 of the North Dakota Century Code, relating to mandatory arbitration endorsements for property insurance, managed repair programs, civil remedy actions against property insurers, notice of property insurance claims, and surplus lines insurance policies; to amend and reenact sections 26.1-02-05, 26.1-25-02.1, 26.1-25-16, 26.1-26-04.1, 26.1-44-03, 26.1-46-01, 26.1-46-08, and 26.1-46-08.1 of the North Dakota Century Code, relating to exceptions to unauthorized insurance transactions, exceptions for large commercial risks in fire, property, and casualty insurance rates, surplus lines insurance, risk retention groups and purchasing groups, restrictions on insurance purchased by purchasing groups, and purchasing group taxation and fees; to repeal section 26.1-44-03.3 of the North Dakota Century Code, relating to an exemption from search requirements for licensed surplus line producers; to provide for a legislative management report; and to provide a penalty.",4,2025-05-01,https://legiscan.com/ND/bill/SB2374/2025
ND,1943131,,Joint negotiations by dental providers with dental insurers.,"AN ACT to create and enact a new section to chapter 43-28 of the North Dakota Century Code, relating to joint negotiations by dental providers with dental insurers.",4,2025-04-23,https://legiscan.com/ND/bill/SB2375/2025
ND,1943114,,A tribal-state gaming compact that permits gaming in Grand Forks County.,"A BILL for an Act to amend and reenact subsection 5 of section 54-58-03 of the North Dakota Century Code, relating to a tribal-state gaming compact that permits gaming in Grand Forks County.",1,2025-01-27,https://legiscan.com/ND/bill/SB2376/2025
ND,1943150,,Preferred provider arrangements and restrictions on dental care services.,"AN ACT to amend and reenact section 26.1-47-02.1 of the North Dakota Century Code, relating to preferred provider arrangements and restrictions on dental care services.",4,2025-03-31,https://legiscan.com/ND/bill/SB2377/2025
ND,1942917,,Limitations on taxing district budgets without voter approval; and to provide an effective date.,"A BILL for an Act to create and enact a new section to chapter 57-15 of the North Dakota Century Code, relating to limitations on taxing district budgets without voter approval; and to provide an effective date.",1,2025-01-27,https://legiscan.com/ND/bill/SB2378/2025
ND,1942905,,The surveying process during eminent domain proceedings.,"AN ACT to amend and reenact section 32-15-06 of the North Dakota Century Code, relating to the surveying process during eminent domain proceedings.",4,2025-04-08,https://legiscan.com/ND/bill/SB2379/2025
ND,1943036,,A commercial entity's liability for publishing or distributing sexual material harmful to a minor; to provide a penalty; and to provide for application.,"AN ACT to create and enact a new section to chapter 51-07 of the North Dakota Century Code, relating to a commercial entity's liability for publishing or distributing sexual material harmful to a minor; to provide a penalty; and to provide for application.",4,2025-04-24,https://legiscan.com/ND/bill/SB2380/2025
ND,1942980,,Driver's license fees.,"A BILL for an Act to amend and reenact section 39-06-49, subsection 1 of section 39-06.2-07, subsection 2 of section 39-06.2-08, subdivision c of subsection 3 of section 39-06.2-09, sections 39-06.2-09.1, 39-06.2-13.1, and 39-06.2-19, and subsection 3 of section 39-16-03 of the North Dakota Century Code, relating to driver's license fees.",2,2025-02-13,https://legiscan.com/ND/bill/SB2381/2025
ND,1943018,,Vexatious litigation; and to declare an emergency.,"AN ACT to create and enact a new chapter to title 28 of the North Dakota Century Code, relating to vexatious litigation; and to declare an emergency.",4,2025-03-31,https://legiscan.com/ND/bill/SB2382/2025
ND,1943028,,"The definition of equal decisionmaking responsibility and equal parenting time, the best interests of the child factors, and the residence of a child; and to provide for application.","A BILL for an Act to create and enact four new sections to chapter 14-09 of the North Dakota Century Code, relating to parental rights and responsibilities, equal residential responsibility, and the presumption of fitness; to amend and reenact sections 14-09-00.1, 14-09-06.2, and 14-09-07 of the North Dakota Century Code, relating to the definition of equal decisionmaking responsibility and equal parenting time, the best interests of the child factors, and the residence of a child; and to provide for application.",1,2025-01-27,https://legiscan.com/ND/bill/SB2383/2025
ND,1943148,,The maintenance of electronic pull tab devices and the elimination of dog racing; and to provide an effective date.,"A BILL for an Act to amend and reenact section 53-06.1-14, subsection 11 of section 53-06.2-01, and sections 53-06.2-07 and 53-06.2-10 of the North Dakota Century Code, relating to the maintenance of electronic pull tab devices and the elimination of dog racing; and to provide an effective date.",2,2025-02-21,https://legiscan.com/ND/bill/SB2384/2025
ND,1942939,,Licensure and regulation of mobile home parks; and to provide a penalty.,"AN ACT to create and enact a new chapter to title 23 and a new section to chapter 47-32 of the North Dakota Century Code, relating to receivers for mobile home parks and a defense to an eviction from a mobile home; to amend and reenact sections 23-10-03, 23-10-04, 23-10-06, 23-10-06.2, 23-10-12, and 47-10-28 of the North Dakota Century Code, relating to licensure and regulation of mobile home parks; and to provide a penalty.",4,2025-04-23,https://legiscan.com/ND/bill/SB2385/2025
ND,1943074,,Cottage food transactions; and to declare an emergency.,"AN ACT to amend and reenact subsection 3 of section 23-09.5-02 of the North Dakota Century Code, relating to cottage food transactions; and to declare an emergency.",4,2025-03-21,https://legiscan.com/ND/bill/SB2386/2025
ND,1942952,,The rights of sexual violence survivors.,"AN ACT to create and enact a new section to chapter 12.1-34 of the North Dakota Century Code, relating to the rights of sexual violence survivors.",4,2025-05-17,https://legiscan.com/ND/bill/SB2387/2025
ND,1943108,,The over-the-counter availability of ivermectin.,"A BILL for an Act to create and enact a new section to chapter 19-02.1 of the North Dakota Century Code, relating to the over-the-counter availability of ivermectin.",1,2025-01-27,https://legiscan.com/ND/bill/SB2388/2025
ND,1943053,,A BILL for an Act to provide for a legislative management study regarding child care infrastructure.,A BILL for an Act to provide for a legislative management study regarding child care infrastructure.,1,2025-01-27,https://legiscan.com/ND/bill/SB2389/2025
ND,1946485,,Definitions for regional planning councils; to provide an appropriation; and to provide for a transfer.,"AN ACT to create and enact three new sections to chapter 54-40.1 of the North Dakota Century Code, relating to a rural catalyst committee, grant program, and fund; to amend and reenact section 54-40.1-02 of the North Dakota Century Code, relating to definitions for regional planning councils; to provide an appropriation; and to provide for a transfer.",4,2025-05-02,https://legiscan.com/ND/bill/SB2390/2025
ND,1942894,,Designating Stutsman county road 62 as part of the state highway system.,"A BILL for an Act to create and enact a new section to chapter 24-01 of the North Dakota Century Code, relating to designating Stutsman county road 62 as part of the state highway system.",1,2025-01-27,https://legiscan.com/ND/bill/SB2391/2025
ND,1942884,,The regulation of prohibited discriminatory practices; and to provide for a legislative management report.,"A BILL for an Act to create and enact a new chapter to title 15, a new chapter to title 15.1, a new section to chapter 54-10, and a new chapter to title 54 of the North Dakota Century Code, relating to the regulation of prohibited discriminatory practices; and to provide for a legislative management report.",1,2025-01-27,https://legiscan.com/ND/bill/SB2392/2025
ND,1943091,,Transfers from the charitable gaming operating fund to the gambling disorder prevention and treatment fund; and to authorize a full-time equivalent position for the department of health and human services.,"A BILL for an Act to amend and reenact section 53-06.1-11.2 of the North Dakota Century Code, relating to transfers from the charitable gaming operating fund to the gambling disorder prevention and treatment fund; and to authorize a full-time equivalent position for the department of health and human services.",1,2025-01-27,https://legiscan.com/ND/bill/SB2393/2025
ND,1942995,,Association community bylaws and board of directors.,"A BILL for an Act to create and enact a new chapter to title 47 of the North Dakota Century Code, relating to association community bylaws and board of directors.",1,2025-01-27,https://legiscan.com/ND/bill/SB2394/2025
ND,1943006,,Universal licensure and board operations.,"AN ACT to create and enact a new chapter to title 43 of the North Dakota Century Code, relating to universal licensure and board operations.",4,2025-04-03,https://legiscan.com/ND/bill/SB2395/2025
ND,1943061,,Annual audits of the North Dakota development fund; to provide for a performance audit of the North Dakota development fund; to provide for a legislative management report; and to provide an appropriation.,"AN ACT to amend and reenact section 10-30.5-08 of the North Dakota Century Code, relating to annual audits of the North Dakota development fund; to provide for a performance audit of the North Dakota development fund; to provide for a legislative management report; and to provide an appropriation.",4,2025-05-01,https://legiscan.com/ND/bill/SB2396/2025
ND,1942973,,"The temporary exemption for oil and gas wells employing a system to avoid flaring, an exemption from gross production tax for gas produced from certain enhanced oil recovery projects, and the definition of development incentive well; to provide an effective date; and to provide an expiration date.","AN ACT to create and enact a new subsection to section 57-51.1-03 of the North Dakota Century Code, relating to a limited exemption for development incentive wells; to amend and reenact sections 57-51-02.6, 57-51-05, and 57-51.1-01 of the North Dakota Century Code, relating to the temporary exemption for oil and gas wells employing a system to avoid flaring, an exemption from gross production tax for gas produced from certain enhanced oil recovery projects, and the definition of development incentive well; to provide an effective date; and to provide an expiration date.",4,2025-05-17,https://legiscan.com/ND/bill/SB2397/2025
ND,1943135,,The establishment of military impact zones and military compatibility committees.,"AN ACT to create and enact a new chapter to title 37 of the North Dakota Century Code, relating to the establishment of military impact zones and military compatibility committees.",4,2025-04-08,https://legiscan.com/ND/bill/SB2398/2025
ND,1946646,,Medical assistance reimbursement of psychiatric residential treatment facilities; to provide for a legislative management report; and to provide an appropriation.,"AN ACT to create and enact a new section to chapter 50-24.1 of the North Dakota Century Code, relating to medical assistance reimbursement of psychiatric residential treatment facilities; to provide for a legislative management report; and to provide an appropriation.",4,2025-05-01,https://legiscan.com/ND/bill/SB2399/2025
ND,1947116,,Exceptions to compulsory school attendance; to provide a penalty; to provide an appropriation; and to provide a continuing appropriation.,"A BILL for an Act to create and enact a new section to chapter 12.1-23 and chapter 15.1-27.1 of the North Dakota Century Code, relating to the creation of a criminal offense for the misuse of education savings account funds and the establishment of the education savings account program; to amend and reenact section 15.1-20-02 of the North Dakota Century Code, relating to exceptions to compulsory school attendance; to provide a penalty; to provide an appropriation; and to provide a continuing appropriation.",2,2025-02-24,https://legiscan.com/ND/bill/SB2400/2025
ND,1899336,,A concurrent resolution authorizing the Budget Section of the Legislative Management to hold the required legislative hearings on state plans for the receipt and expenditure of new or revised block grants passed by Congress.,A concurrent resolution authorizing the Budget Section of the Legislative Management to hold the required legislative hearings on state plans for the receipt and expenditure of new or revised block grants passed by Congress.,4,2025-03-31,https://legiscan.com/ND/bill/SCR4001/2025
ND,1918288,,A concurrent resolution urging Congress to enact legislation allowing a landowner to terminate a perpetual easement owned by the United States Fish and Wildlife Service within the state.,A concurrent resolution urging Congress to enact legislation allowing a landowner to terminate a perpetual easement owned by the United States Fish and Wildlife Service within the state.,4,2025-04-02,https://legiscan.com/ND/bill/SCR4002/2025
ND,1910909,,A concurrent resolution to rescind all extant applications by the North Dakota Legislative Assembly to call a convention to propose amendments to the United States Constitution under Article V of the United States Constitution.,A concurrent resolution to rescind all extant applications by the North Dakota Legislative Assembly to call a convention to propose amendments to the United States Constitution under Article V of the United States Constitution.,1,2025-01-10,https://legiscan.com/ND/bill/SCR4003/2025
ND,1917967,,"A concurrent resolution declaring April 21, 2025, through April 28, 2025, as ""North Dakota Dark Sky Week,"" and urging the residents of North Dakota to partake in this event to observe, ponder, and support the natural dark sky resources of this state.","A concurrent resolution declaring April 21, 2025, through April 28, 2025, as ""North Dakota Dark Sky Week,"" and urging the residents of North Dakota to partake in this event to observe, ponder, and support the natural dark sky resources of this state.",1,2025-01-14,https://legiscan.com/ND/bill/SCR4004/2025
ND,1922507,,A concurrent resolution designating House and Senate employment positions and fixing compensation.,A concurrent resolution designating House and Senate employment positions and fixing compensation.,4,2025-01-21,https://legiscan.com/ND/bill/SCR4005/2025
ND,1942636,,A concurrent resolution urging Congress to establish federal protections for the wild horse herd at Theodore Roosevelt National Park.,A concurrent resolution urging Congress to establish federal protections for the wild horse herd at Theodore Roosevelt National Park.,4,2025-03-31,https://legiscan.com/ND/bill/SCR4006/2025
ND,1943082,,Requiring each resolution adopted by the legislative assembly proposing a constitutional amendment and each initiative petition and measure proposing a constitutional amendment to be comprised of a single subject.,"A concurrent resolution to amend and reenact section 9 of article III and section 16 of article IV of the Constitution of North Dakota, relating to requiring each resolution adopted by the legislative assembly proposing a constitutional amendment and each initiative petition and measure proposing a constitutional amendment to be comprised of a single subject.",4,2025-04-29,https://legiscan.com/ND/bill/SCR4007/2025
ND,1942961,,"Prohibiting the legislative assembly from proposing certain amendments to article XV of the Constitution of North Dakota, and to provide for an application.","A concurrent resolution to amend and reenact section 1 of article XV of the Constitution of North Dakota, relating to term limits for members of the legislative assembly; to repeal section 4 of article XV of the Constitution of North Dakota, relating to prohibiting the legislative assembly from proposing certain amendments to article XV of the Constitution of North Dakota, and to provide for an application.",4,2025-04-08,https://legiscan.com/ND/bill/SCR4008/2025
ND,1942923,,"A concurrent resolution urging Congress to support admitting Washington, D.C. into the Union as a state of the United States.","A concurrent resolution urging Congress to support admitting Washington, D.C. into the Union as a state of the United States.",1,2025-01-27,https://legiscan.com/ND/bill/SCR4009/2025
ND,1947275,,"A concurrent resolution urging the the National Collegiate Athletic Association to revoke its transgender student-athlete eligibility policy, which directly discriminates against female student athletes in collegiate women's sports.","A concurrent resolution urging the the National Collegiate Athletic Association to revoke its transgender student-athlete eligibility policy, which directly discriminates against female student athletes in collegiate women's sports.",1,2025-01-29,https://legiscan.com/ND/bill/SCR4010/2025
ND,1949221,,A concurrent resolution calling for a convention to amend the United States Constitution to impose term limits on members of Congress.,A concurrent resolution calling for a convention to amend the United States Constitution to impose term limits on members of Congress.,1,2025-01-30,https://legiscan.com/ND/bill/SCR4011/2025
ND,1949369,,A concurrent resolution urging Congress to permit the use of M-44 sodium cyanide devices on any land.,A concurrent resolution urging Congress to permit the use of M-44 sodium cyanide devices on any land.,4,2025-04-02,https://legiscan.com/ND/bill/SCR4012/2025
ND,1949154,,"A concurrent resolution to support the electoral college, denounce the National Popular Vote Interstate Compact, and invite interested states to form the Electoral College Interstate Compact.","A concurrent resolution to support the electoral college, denounce the National Popular Vote Interstate Compact, and invite interested states to form the Electoral College Interstate Compact.",4,2025-03-24,https://legiscan.com/ND/bill/SCR4013/2025
ND,1949347,,A concurrent resolution directing the Legislative Management to consider studying election and political party activities in a legislative district containing tribal lands.,A concurrent resolution directing the Legislative Management to consider studying election and political party activities in a legislative district containing tribal lands.,1,2025-01-30,https://legiscan.com/ND/bill/SCR4014/2025
ND,1949468,,The election of public service commissioners; to provide for application; and to provide an effective date.,"A concurrent resolution to amend and reenact section 2 of article V of the Constitution of North Dakota, relating to the election of public service commissioners; to provide for application; and to provide an effective date.",1,2025-01-30,https://legiscan.com/ND/bill/SCR4015/2025
ND,1949421,,A concurrent resolution directing the Legislative Management to consider studying primary election procedures applying to partisan races and whether the use of a separate ballot based on political party would enrich the primary election held in the state.,A concurrent resolution directing the Legislative Management to consider studying primary election procedures applying to partisan races and whether the use of a separate ballot based on political party would enrich the primary election held in the state.,1,2025-01-30,https://legiscan.com/ND/bill/SCR4016/2025
ND,1949197,,A concurrent resolution directing the Legislative Management to consider studying the detrimental impacts of pornography.,A concurrent resolution directing the Legislative Management to consider studying the detrimental impacts of pornography.,4,2025-04-28,https://legiscan.com/ND/bill/SCR4017/2025
ND,1949444,,A concurrent resolution urging the Capitol Grounds Planning Commission to initiate the planning and development of a line of duty death memorial dedicated to honoring both volunteer and career Emergency Medical Services personnel who have lost their lives in service to the state.,A concurrent resolution urging the Capitol Grounds Planning Commission to initiate the planning and development of a line of duty death memorial dedicated to honoring both volunteer and career Emergency Medical Services personnel who have lost their lives in service to the state.,4,2025-03-18,https://legiscan.com/ND/bill/SCR4018/2025
ND,1949396,,"A concurrent resolution directing the Legislative Management to consider studying reading and mathematics proficiency rates among students in the state with disabilities and the effectiveness of current educational policies, programs, and resource allocations in addressing any disparities.","A concurrent resolution directing the Legislative Management to consider studying reading and mathematics proficiency rates among students in the state with disabilities and the effectiveness of current educational policies, programs, and resource allocations in addressing any disparities.",4,2025-03-26,https://legiscan.com/ND/bill/SCR4019/2025
ND,1949322,,A concurrent resolution recognizing and commending the National Conference of State Legislatures on its 50th anniversary in 2025.,A concurrent resolution recognizing and commending the National Conference of State Legislatures on its 50th anniversary in 2025.,4,2025-03-24,https://legiscan.com/ND/bill/SCR4020/2025
ND,1949173,,"A concurrent resolution urging the United States Federal Government, Congress, and the Governor of North Dakota to end the disadvantaged business enterprise program.","A concurrent resolution urging the United States Federal Government, Congress, and the Governor of North Dakota to end the disadvantaged business enterprise program.",4,2025-03-12,https://legiscan.com/ND/bill/SCR4021/2025
ND,1953977,,Elective franchise for an election on a question related to property tax or bonding; and to provide an effective date.,"A concurrent resolution to amend and reenact sections 1 and 3 of article II of the Constitution of North Dakota, relating to elective franchise for an election on a question related to property tax or bonding; and to provide an effective date.",1,2025-02-04,https://legiscan.com/ND/bill/SCR4022/2025
ND,1954501,,The statewide property tax levy of one mill for support of the state medical center at the University of North Dakota; and to provide an effective date.,"A concurrent resolution to repeal section 10 of article X of the Constitution of North Dakota, relating to the statewide property tax levy of one mill for support of the state medical center at the University of North Dakota; and to provide an effective date.",1,2025-02-04,https://legiscan.com/ND/bill/SCR4023/2025
ND,1958633,,A concurrent resolution directing the Legislative Management to consider studying using dedicated funds in the Capitol building fund to build a legislative office building.,A concurrent resolution directing the Legislative Management to consider studying using dedicated funds in the Capitol building fund to build a legislative office building.,4,2025-03-21,https://legiscan.com/ND/bill/SCR4024/2025
ND,1979829,,"A concurrent resolution directing the Legislative Management to consider studying all state laws to identify laws that are outdated, unnecessary, or cause undue burden on this state and its citizens.","A concurrent resolution directing the Legislative Management to consider studying all state laws to identify laws that are outdated, unnecessary, or cause undue burden on this state and its citizens.",1,2025-02-21,https://legiscan.com/ND/bill/SCR4025/2025
ND,1979875,,A concurrent resolution directing the Legislative Management to consider studying the feasibility and desirability of establishing a state-owned association for the development and production of oil and gas.,A concurrent resolution directing the Legislative Management to consider studying the feasibility and desirability of establishing a state-owned association for the development and production of oil and gas.,1,2025-02-21,https://legiscan.com/ND/bill/SCR4026/2025
ND,1979921,,Charitable gaming and limitations on the use of gaming proceeds.,"A concurrent resolution to amend and reenact section 25 of article XI of the Constitution of North Dakota, relating to charitable gaming and limitations on the use of gaming proceeds.",2,2025-03-18,https://legiscan.com/ND/bill/SCR4027/2025
ND,1982014,,"Cumulative term limits for members of the legislative assembly and the office of governor, and legislative authority, and initiative petition processes; and to provide an effective date.","A concurrent resolution to create and enact a new article to the Constitution of North Dakota, relating to term limits for the governor, lieutenant governor, statewide elected officials, and members of the legislative assembly and prior years of service for members of the legislative assembly and statewide elected officers; to repeal sections 2, 3, 4, 5, and 6 of article XV of the Constitution of North Dakota, relating to cumulative term limits for members of the legislative assembly and the office of governor, and legislative authority, and initiative petition processes; and to provide an effective date.",1,2025-02-24,https://legiscan.com/ND/bill/SCR4028/2025
ND,1993495,,A concurrent resolution directing the Legislative Management to consider studying the costs and effects of planting and tending to sterile monoculture invasive plants and native plants within the state.,A concurrent resolution directing the Legislative Management to consider studying the costs and effects of planting and tending to sterile monoculture invasive plants and native plants within the state.,1,2025-03-07,https://legiscan.com/ND/bill/SCR4029/2025
ND,2005973,,A memorial resolution for deceased members of the Senate of North Dakota.,A memorial resolution for deceased members of the Senate of North Dakota.,4,2025-03-13,https://legiscan.com/ND/bill/SM8001/2025
