state,bill_id,bill_number,title,description,status,status_date,url
OH,1939605,,Enact Ohio Property Protection Act,"To amend sections 319.202, 5301.256, and 5323.02 of the Revised Code to modify the law that prohibits certain governments, businesses, and individuals from acquiring certain real property and to name this act the Ohio Property Protection Act.",1,2025-01-23,https://legiscan.com/OH/bill/HB1/2025
OH,1939815,,Establish the Child Care Cred Program,To enact section 5104.54 of the Revised Code to establish the Child Care Cred Program and to make an appropriation.,1,2025-01-23,https://legiscan.com/OH/bill/HB2/2025
OH,1939681,,Enact the School Bus Safety Act,"To amend sections 4503.03, 4510.036, 4511.75, 4511.751, and 4511.76 and to enact sections 5.501, 3327.18, and 3327.19 of the Revised Code to address school bus safety, to designate this act as the School Bus Safety Act, and to make an appropriation.",2,2025-06-11,https://legiscan.com/OH/bill/HB3/2025
OH,1939777,,Designate Ohio Stillbirth Prevention Day,"To enact section 5.2471 of the Revised Code to designate September 19 as ""Ohio Stillbirth Prevention Day.""",4,2025-08-27,https://legiscan.com/OH/bill/HB4/2025
OH,1939833,,Enact the Repeat Offender Act,"To amend sections 109.11, 109.57, 109.572, 109.578, 109.579, 2151.357, 2746.02, 2901.08, 2923.125, 2923.13, 2923.14, 2929.01, 2929.13, 2929.14, 2929.34, 2930.171, 2941.141, 2941.144, 2941.145, 2941.146, 2951.041, 2953.25, 2953.26, 2953.31, 2953.32, 2953.34, 2953.39, 2953.61, 4723.28, 4729.16, 4729.56, 4729.57, 4729.96, 4752.09, and 5120.035 and to enact sections 2941.1427, 2941.1428, 2941.1429, 2953.311, 2953.321, 2953.322, and 2953.323 of the Revised Code to enact the Repeat Offender Act to create a repeat offender classification, to create and modify certain firearm specifications, to increase the penalties for certain firearm offenses and specifications, to broaden the scope of relief from firearms disability, and to modify the Sealing and Expungement Law.",2,2025-05-21,https://legiscan.com/OH/bill/HB5/2025
OH,1939587,,Enact Advance Ohio Higher Education Act,"To amend sections 3335.02, 3335.09, 3337.01, 3339.01, 3341.02, 3343.02, 3344.01, 3345.45, 3350.10, 3352.01, 3356.01, 3359.01, 3361.01, 3362.01, 3364.01, 4117.14, and 4117.15; to enact new section 3333.045 and sections 3345.029, 3345.0216, 3345.0217, 3345.0218, 3345.0219, 3345.382, 3345.451, 3345.452, 3345.453, 3345.454, 3345.455, 3345.456, 3345.591, 3345.80, and 3345.88; and to repeal section 3333.045 of the Revised Code to enact the Advance Ohio Higher Education Act regarding the operation of state institutions of higher education.",1,2025-01-23,https://legiscan.com/OH/bill/HB6/2025
OH,1939661,,Make certain caregivers eligible for publicly funded child care,To amend section 5104.30 and to enact section 5104.302 of the Revised Code to make foster caregivers and kinship caregivers eligible for publicly funded child care.,1,2025-01-23,https://legiscan.com/OH/bill/HB7/2025
OH,1939697,,Require health plan and Medicaid coverage of biomarker testing,To enact sections 3902.65 and 5164.13 of the Revised Code to require health benefit plan and Medicaid program coverage of biomarker testing.,1,2025-01-23,https://legiscan.com/OH/bill/HB8/2025
OH,1939795,,Replace interstate construction requirement with a traffic study,To repeal section 5501.60 of the Revised Code to replace the requirement that the Department of Transportation construct certain interstate interchanges with a traffic congestion study.,1,2025-01-23,https://legiscan.com/OH/bill/HB9/2025
OH,1939871,,Regulate imitation meat and egg products,"To amend sections 909.07, 921.01, 921.06, 921.11, 921.16, 921.24, 943.26, 3314.03, 3326.11, 3328.24, 3701.132, and 3715.60 and to enact sections 3313.8110, 3345.88, 3715.601, 3715.602, 3715.603, 3715.604, 3715.605, and 5101.5410 of the Revised Code to regulate imitation meat and egg products and to revise various agriculture laws.",4,2026-03-20,https://legiscan.com/OH/bill/HB10/2025
OH,1939735,,Regards legislative rule approval and fiscal analyses of rules,"To amend sections 106.02, 106.023, 106.024, 111.15, 119.03, and 119.04 and to enact sections 106.025, 106.026, 106.033, 106.10, 121.96, and 126.04 of the Revised Code to require legislative approval of administrative rules and other regulatory actions under specified conditions, to allow a JCARR chairperson to request a third-party fiscal analysis of a rule, and to require state agencies to publicly post policy documents.",1,2025-01-23,https://legiscan.com/OH/bill/HB11/2025
OH,1939756,,"Enact the Jeff, Dave, and Angie Patient Right to Try Act","To enact section 3792.08 of the Revised Code regarding prescribing, dispensing, and administering drugs and to name this act the Jeff, Dave, and Angie Patient Right to Try Act.",1,2025-01-23,https://legiscan.com/OH/bill/HB12/2025
OH,1939853,,Designate Roy Rogers Day,"To enact section 5.267 of the Revised Code to designate November 5th as ""Roy Rogers Day.""",2,2025-03-05,https://legiscan.com/OH/bill/HB13/2025
OH,1939887,,Incorporate Internal Revenue Code changes into Ohio law,"To amend section 5701.11 of the Revised Code to expressly incorporate changes in the Internal Revenue Code since March 15, 2023, into Ohio law and to declare an emergency.",4,2025-03-07,https://legiscan.com/OH/bill/HB14/2025
OH,1939624,,Amend competitive retail electric service law,"To amend sections 122.6511, 3313.372, 3313.373, 4905.03, 4906.01, 4906.03, 4906.06, 4906.07, 4906.10, 4909.04, 4909.05, 4909.052, 4909.06, 4909.07, 4909.08, 4909.15, 4909.156, 4909.173, 4909.174, 4909.18, 4909.19, 4909.191, 4909.42, 4928.01, 4928.05, 4928.08, 4928.14, 4928.141, 4928.142, 4928.144, 4928.17, 4928.20, 4928.23, 4928.231, 4928.232, 4928.34, 4928.542, 4928.64, 4928.645, 4929.20, 4933.81, 4935.04, 5727.01, 5727.111, and 5727.75; to enact sections 122.161, 3313.377, 3313.378, 4903.27, 4905.23, 4905.311, 4905.321, 4905.331, 4909.041, 4909.042, 4909.159, 4909.181, 4909.192, 4909.193, 4909.421, 4928.041, 4928.101, 4928.102, 4928.103, 4928.104, 4928.105, 4928.149, 4928.1410, 4928.73, 4928.83, 4928.86, 4929.221, 4929.222, and 5727.76; and to repeal sections 3706.40, 3706.41, 3706.43, 3706.431, 3706.45, 3706.46, 3706.49, 3706.491, 3706.55, 3706.551, 3706.59, 3706.63, 3706.65, 4906.105, 4928.143, 4928.148, 4928.47, and 4928.642 of the Revised Code to amend the competitive retail electric service law, modify taxation of certain public utility property, and repeal parts of H.B. 6 of the 133rd General Assembly.",4,2025-08-14,https://legiscan.com/OH/bill/HB15/2025
OH,1939574,,Prohibit certain restrictions on display of political yard signs,To amend section 5301.072 of the Revised Code to prohibit certain restrictions on the display of political yard signs.,1,2025-01-23,https://legiscan.com/OH/bill/HB16/2025
OH,1939644,,Regards tax classification of certain storage condominiums,To amend section 5713.041 of the Revised Code to classify certain storage condominiums as residential property for tax purposes.,1,2025-01-23,https://legiscan.com/OH/bill/HB17/2025
OH,1939718,,Enact the Ohio Strategic Cryptocurrency Reserve Act,"To amend sections 145.11, 742.11, 3307.15, 3309.15, 3770.06, and 5505.06 and to enact section 135.146 of the Revised Code to address investments in exchange-traded products by the state retirement systems, to permit the Treasurer of State to invest certain interim funds in digital assets, and to name this act the Ohio Strategic Cryptocurrency Reserve Act.",1,2025-01-23,https://legiscan.com/OH/bill/HB18/2025
OH,1942477,,Regards underage possession or consumption of alcohol,"To amend section 4301.69 of the Revised Code to reduce the mental state, from knowingly to recklessly, that applies to the prohibition against allowing an underage person to possess or consume alcohol in a private or public place.",1,2025-01-27,https://legiscan.com/OH/bill/HB19/2025
OH,1942789,,Prohibit harassing or impeding an emergency service responder,To amend sections 2903.22 and 2921.31 of the Revised Code to increase the penalty for obstructing official business when the victim is an emergency service responder who is engaged in the lawful performance of a legal duty and to clarify that heightened penalties apply for menacing a probation officer.,2,2025-06-18,https://legiscan.com/OH/bill/HB20/2025
OH,1942857,,Enact the Health Care Sharing Ministries Freedom to Share Act,To amend sections 1716.01 and 5747.01 and to enact sections 1716.22 and 3333.96 of the Revised Code to enact the Health Care Sharing Ministries Freedom to Share Act.,2,2025-11-12,https://legiscan.com/OH/bill/HB21/2025
OH,1942400,,Authorize homestead exemption for surviving military spouses,"To amend sections 323.151, 323.152, 323.153, 4503.064, 4503.065, and 4503.066 of the Revised Code to authorize a full homestead exemption for surviving spouses of members of the uniformed services killed in the line of duty.",1,2025-01-27,https://legiscan.com/OH/bill/HB22/2025
OH,1942711,,Create the escaped convict alert program,To amend section 4973.17 and to enact section 5502.54 of the Revised Code to create the escaped convict alert program and to allow a prior parent company of a bank to apply to the Secretary of State for the appointment and commission of banking police officers.,4,2026-03-02,https://legiscan.com/OH/bill/HB23/2025
OH,1942631,,Provide Medigap policies for certain Medicare-eligible persons,"To amend sections 3923.33, 3923.331, 3923.332, 3923.337, 3923.338, 3923.339, and 3923.42 and to enact section 3923.3310 of the Revised Code to provide Medigap policies for Medicare-eligible individuals under the age of 65.",1,2025-01-27,https://legiscan.com/OH/bill/HB24/2025
OH,1942556,,Establish the Foster-to-College Scholarship Program,"To amend sections 3314.03 and 3326.11 and to enact sections 3301.96, 3313.475, and 5103.62 of the Revised Code to enact the Fostering School Success Act.",2,2026-03-04,https://legiscan.com/OH/bill/HB25/2025
OH,1943844,,Enact Protecting Ohio Communities Act,"To amend sections 9.63, 4501.06, 5747.50, 5747.502, 5747.51, and 5747.53 and to enact sections 9.631, 9.632, 9.633, and 5747.504 of the Revised Code to require state and local authorities to cooperate with the federal government in the enforcement of immigration laws, to prescribe funding reductions for noncompliance, to name this act the Protecting Ohio Communities Act, and to declare an emergency.",1,2025-01-28,https://legiscan.com/OH/bill/HB26/2025
OH,1943986,,Designate Specialist Jacob A. Ashton Memorial Bridge,"To amend sections 4501.21 and 4503.733 and to enact section 5534.90 of the Revised Code to designate the bridge spanning the Grand River in Lake County as the ""Specialist Jacob A. Ashton Memorial Bridge"" and to make changes to the ""Juvenile Diabetes Research Foundation"" license plate.",4,2026-03-02,https://legiscan.com/OH/bill/HB27/2025
OH,1944027,,Eliminate the authority to levy replacement property tax levies,"To amend sections 319.301, 319.302, 523.06, 1545.21, 3316.041, 3316.06, 3358.11, 3505.06, 5705.03, 5705.218, 5705.2111, 5705.221, 5705.233, 5705.261, and 5705.412 and to repeal section 5705.192 of the Revised Code to eliminate the authority to levy replacement property tax levies.",2,2025-03-19,https://legiscan.com/OH/bill/HB28/2025
OH,1944160,,Regards inmates' access to feminine hygiene products and showers,"To enact sections 341.261, 753.321, and 5120.631 of the Revised Code regarding inmates' access to feminine hygiene products and showers by municipal and county correctional facilities and state correctional institutions.",4,2026-03-20,https://legiscan.com/OH/bill/HB29/2025
OH,1954982,,Phase-down the state income tax to a flat rate of 2.75%,To amend section 5747.02 of the Revised Code to phase-down the state income tax to a flat rate of 2.75% over two years.,1,2025-02-03,https://legiscan.com/OH/bill/HB30/2025
OH,1954047,,Require electronic recordings of all parole board hearings,"To amend sections 149.43, 2929.20, 5120.115, 5120.21, 5149.10, and 5149.101 and to enact section 5149.102 of the Revised Code to require electronic recordings to be made of certain parole board hearings, to make electronic recordings of full parole board hearings public records, and to provide the prosecuting attorney access to Department of Rehabilitation and Correction health care records for certain parole and judicial release cases.",2,2025-06-11,https://legiscan.com/OH/bill/HB31/2025
OH,1954549,,Designate Celebrating Disabilities Month,To enact section 5.2322 of the Revised Code to designate the month of July as Celebrating Disabilities Month.,1,2025-02-03,https://legiscan.com/OH/bill/HB32/2025
OH,1954111,,Require insurance coverage for certain prostate cancer screening,To enact section 3902.66 of the Revised Code to require health insurers to cover preventive screenings for certain men at high-risk for developing prostate cancer.,1,2025-02-03,https://legiscan.com/OH/bill/HB33/2025
OH,1954431,,Increase the state minimum wage,"To amend sections 4111.02, 4111.05, 4111.09, and 4111.14 and to repeal section 4111.07 of the Revised Code to increase the state minimum wage.",1,2025-02-03,https://legiscan.com/OH/bill/HB34/2025
OH,1954270,,Designate the Al Oliver Highway,"To enact section 5534.964 of the Revised Code to designate a portion of State Route 125 in Scioto County as the ""Al Oliver Highway.""",1,2025-02-03,https://legiscan.com/OH/bill/HB35/2025
OH,1954663,,Add nitrogen hypoxia as a method of execution,"To amend sections 2921.24, 2949.22, 2949.221, and 2949.25 of the Revised Code to add nitrogen hypoxia as a method of execution and to prohibit the disclosure of execution identifying information.",1,2025-02-03,https://legiscan.com/OH/bill/HB36/2025
OH,1954363,,Designate Detective Rex Emrick Memorial Highway,"To enact section 5534.443 of the Revised Code to designate a portion of State Route 56 in Pickaway County as the ""Detective Rex Emrick Memorial Highway.""",2,2026-03-04,https://legiscan.com/OH/bill/HB37/2025
OH,1954134,,Designate Dr. Steven Takacs Veteran Memorial Highway,"To enact section 5534.924 of the Revised Code to designate a portion of State Route 87 in Geauga County as the ""Dr. Steven Takacs Veteran Memorial Highway.""",4,2026-03-02,https://legiscan.com/OH/bill/HB38/2025
OH,1954619,,Allow state income tax deduction for overtime wages,To amend section 5747.01 of the Revised Code to allow a state income tax deduction for overtime wages.,1,2025-02-03,https://legiscan.com/OH/bill/HB39/2025
OH,1954572,,Increase disabled veteran enhanced homestead exemption,To amend sections 323.152 and 4503.065 of the Revised Code to increase the enhanced homestead exemption for certain disabled veterans.,1,2025-02-03,https://legiscan.com/OH/bill/HB40/2025
OH,1954293,,Establish certain child care grant programs,"To establish certain child care grant programs, including those related to child care capacity and learning labs, and to make an appropriation.",1,2025-02-03,https://legiscan.com/OH/bill/HB41/2025
OH,1954202,,Require certain agencies to collect and report citizenship data,"To amend section 3301.0714 and to enact sections 107.26, 2965.01, 2965.02, 3301.0717, 5101.546, 5107.101, and 5162.138 of the Revised Code to require certain agencies to collect and report data concerning the citizenship or immigration status of persons with whom they come into contact.",1,2025-02-03,https://legiscan.com/OH/bill/HB42/2025
OH,1954526,,Waive minimum instructional hours for specified high school,To waive the required minimum instructional hours for Ashtabula Lakeside High School due to the school building being unusable and to declare an emergency.,4,2025-04-21,https://legiscan.com/OH/bill/HB43/2025
OH,1953986,,Regards law enforcement training and competitive examinations,"To amend sections 109.804, 124.11, and 124.30 and to enact sections 109.791 and 737.061 of the Revised Code regarding training schools for prospective law enforcement officers, filling a vacant police department position without a competitive examination, requirements for chief of police training, and advanced training for officers at or above the rank of sergeant.",4,2026-02-04,https://legiscan.com/OH/bill/HB44/2025
OH,1955003,,Prohibit certain firearm transfers without a background check,To amend section 2923.11 and to enact section 2923.26 of the Revised Code to prohibit a federally licensed firearms dealer from transferring a firearm unless the transferee passes a background check.,1,2025-02-03,https://legiscan.com/OH/bill/HB45/2025
OH,1954476,,Enact the Extreme Risk Protection Order Act,"To amend sections 109.57, 2923.125, 2923.128, 2923.1213, and 2923.13 and to enact sections 2923.26, 2923.27, 2923.28, 2923.29, 2923.30, and 2923.99 of the Revised Code to enact the Extreme Risk Protection Order Act to allow certain persons to obtain a court order that temporarily restricts a person's access to firearms under specified circumstances.",1,2025-02-03,https://legiscan.com/OH/bill/HB46/2025
OH,1956512,,Enact the Human Trafficking Prevention Act,"To amend sections 2903.41, 2905.01, 2905.02, 2905.32, and 2971.03 of the Revised Code to enact the Human Trafficking Prevention Act to increase the penalty for human trafficking of a minor or person with a developmental disability, kidnapping, and abduction.",2,2025-06-04,https://legiscan.com/OH/bill/HB47/2025
OH,1956126,,Modify tax deductions for 529 plan and ABLE account contributions,To amend sections 5747.70 and 5747.78 of the Revised Code to modify the income tax deductions for contributions to 529 plans and ABLE accounts.,2,2025-06-04,https://legiscan.com/OH/bill/HB48/2025
OH,1956246,,Allow for creation of water improvement districts,"To enact sections 6120.01, 6120.02, 6120.03, 6120.031, 6120.032, 6120.033, 6120.04, 6120.05, 6120.06, 6120.07, 6120.08, 6120.09, 6120.10, 6120.11, 6120.12, 6120.13, 6120.14, 6120.15, 6120.16, 6120.17, 6120.18, and 6120.19 of the Revised Code to allow for the creation of water improvement districts.",1,2025-02-04,https://legiscan.com/OH/bill/HB49/2025
OH,1956171,,Designate PFC John Wayne Richard Memorial Highway,"To enact section 5533.106 of the Revised Code to designate a portion of State Route 47 in Darke County as the ""PFC John Wayne Richard Memorial Highway.""",4,2025-09-30,https://legiscan.com/OH/bill/HB50/2025
OH,1956381,,Designate Lt. James A. Kirkendall Memorial Highway,"To enact section 5534.427 of the Revised Code to designate a portion of U.S. Route 33 in Auglaize County as the ""Lt. James A. Kirkendall Memorial Highway.""",4,2025-09-30,https://legiscan.com/OH/bill/HB51/2025
OH,1956135,,Revise the practice of certified registered nurse anesthetists,"To amend sections 4723.01, 4723.43, 4723.432, 4729.01, 4731.27, 4731.35, and 4761.17; to enact new sections 4723.433 and 4723.434 and section 4731.513; and to repeal sections 4723.433, 4723.434, and 4723.435 of the Revised Code to revise the law governing the practice of certified registered nurse anesthetists.",4,2026-06-09,https://legiscan.com/OH/bill/HB52/2025
OH,1956394,,Designate John Rankin Day,"To enact section 5.295 of the Revised Code to designate February 4th as John Rankin Day, and to require a statue of John Rankin to be erected on the statehouse grounds.",1,2025-02-04,https://legiscan.com/OH/bill/HB53/2025
OH,1956551,,Make appropriations for transportation for FY 2026-27 biennium,"To amend sections 101.27, 117.12, 154.01, 306.30, 306.35, 306.43, 717.02, 1548.061, 2935.03, 3503.11, 3704.14, 4501.01, 4503.10, 4503.102, 4503.103, 4503.21, 4505.08, 4506.01, 4506.09, 4506.11, 4507.01, 4507.061, 4507.13, 4507.21, 4507.52, 4508.02, 4511.01, 4511.031, 4511.09, 4511.091, 4511.092, 4511.093, 4511.094, 4511.11, 4511.13, 4511.131, 4511.132, 4511.18, 4511.204, 4511.21, 4511.211, 4511.214, 4511.432, 4511.46, 4511.48, 4511.512, 4511.61, 4511.62, 4511.64, 4511.65, 4511.68, 4511.701, 4511.712, 4511.76, 4513.071, 4513.38, 4513.41, 4517.02, 4517.24, 4519.401, 4955.50, 4955.51, 5501.20, 5501.41, 5501.441, 5512.07, 5513.01, 5515.01, 5515.02, 5515.99, 5517.02, 5517.021, 5521.01, 5525.03, 5525.04, 5525.08, 5525.14, 5525.16, 5537.02, 5571.01, and 5747.502; to enact sections 117.56, 1548.062, 4503.183, 4503.211, 4505.072, 4511.15, 4511.765, 4923.12, 4955.52, 4955.53, 4955.55, 4955.57, 5501.041, 5501.421, 5515.10, 5517.012, and 5517.08; and to repeal sections 4506.072, 4507.021, 4507.063, 4507.511, 4511.351, 4511.491, and 5501.60 of the Revised Code and to amend Sections 200.20, 200.30 as subsequently amended, 243.10, and 243.20 of H.B. 2 of the 135th General Assembly and Section 755.20 of H.B. 23 of the 135th General Assembly to make appropriations for programs related to transportation for the biennium beginning July 1, 2025, and ending June 30, 2027, and to provide authorization and conditions for the operation of those programs.",4,2025-06-30,https://legiscan.com/OH/bill/HB54/2025
OH,1956357,,Revise fees for the administration of a probate estate,To amend sections 2127.38 and 5721.10 of the Revised Code to amend the law related to fees for the administration of a probate estate.,4,2026-05-27,https://legiscan.com/OH/bill/HB55/2025
OH,1956280,,Designate CPL David James Amheiser Memorial Highway,"To enact section 5534.013 of the Revised Code to designate a portion of State Route 421 in Medina County as the ""CPL David James Amheiser Memorial Highway.""",4,2026-03-02,https://legiscan.com/OH/bill/HB56/2025
OH,1956149,,Regards school policies on administering overdose reversal drugs,"To amend section 3313.6022 and to enact sections 3313.7119, 3313.7120, 3314.148, 3326.62, and 3328.40 of the Revised Code regarding school policies on the administration of overdose reversal drugs and limits on student attendance in released time courses in religious instruction.",4,2026-01-19,https://legiscan.com/OH/bill/HB57/2025
OH,1956455,,Create recovery housing residences certificate of need program,"To amend sections 340.034, 2925.01, 5119.01, 5119.36, 5119.365, 5119.39, 5119.392, 5119.393, 5119.394, 5119.396, 5119.94, and 5119.99; to enact new section 5119.391 and sections 5119.02, 5119.369, 5119.398, and 5119.399; and to repeal sections 5119.391, 5119.395, and 5119.397 of the Revised Code to require state certification of recovery housing residences, to establish additional duties regarding services offered by community addiction services providers, and to create the Ohio Recovery Housing Task Force.",2,2026-02-25,https://legiscan.com/OH/bill/HB58/2025
OH,1956501,,Revise and streamline the state's occupational regulations,"To amend sections 101.63, 103.27, 1531.40, 1533.631, 1533.72, 1561.11, 1561.13, 1561.15, 1561.23, 1561.26, 1563.24, 1565.04, 1565.05, 1565.06, 3319.2213, 3319.51, 3701.83, 3704.14, 3748.01, 3748.04, 3748.11, 3748.13, 3748.16, 3773.31, 3773.33, 3773.34, 3773.35, 3773.36, 3773.37, 3773.38, 3773.39, 3773.40, 3773.41, 3773.42, 3773.421, 3773.43, 3773.45, 3773.51, 3773.52, 3773.53, 3773.54, 3773.55, 3773.56, 3773.57, 3773.59, 3776.05, 4730.10, 4730.14, 4731.294, 4759.08, 4764.05, 4764.08, 4771.02, 4771.05, 4771.07, 4771.08, 4771.09, 4771.10, 4771.11, 4771.12, 4771.13, 4771.14, 4771.16, 4771.18, 4771.21, 4771.22, 4771.23, 4774.03, 4774.06, and 4774.11; to enact sections 3748.131 and 3773.341; and to repeal sections 1561.17, 3748.12, and 3748.121 of the Revised Code to revise and streamline the state's occupational regulations.",2,2025-11-19,https://legiscan.com/OH/bill/HB59/2025
OH,1956324,,Allow use of campaign funds to pay certain child care costs,To amend section 3517.13 of the Revised Code to allow a candidate to use campaign funds to pay certain child care costs.,1,2025-02-04,https://legiscan.com/OH/bill/HB60/2025
OH,1961770,,"Modify homestead exemption, owner-occupancy tax credit amount","To amend sections 319.302, 323.152, 323.156, 4503.065, and 4503.068 of the Revised Code to modify the amount of the homestead exemptions and owner-occupancy property tax credit.",1,2025-02-05,https://legiscan.com/OH/bill/HB61/2025
OH,1961523,,Regards the College Credit Plus Program,To amend sections 3365.05 and 3365.07 and to enact section 3365.072 of the Revised Code regarding the College Credit Plus Program.,1,2025-02-05,https://legiscan.com/OH/bill/HB62/2025
OH,1961647,,Require ODOT to install and maintain rest stop security cameras,To amend section 5501.03 of the Revised Code to require ODOT to install and maintain security camera systems at rest stops.,1,2025-02-05,https://legiscan.com/OH/bill/HB63/2025
OH,1963901,,"Revise age for discounted hunting, fishing licenses and permits","To amend sections 1533.10, 1533.11, 1533.111, 1533.32, and 1533.321 of the Revised Code to allow Ohio residents who are 65 and up, instead of 66 and up, to qualify for discounted hunting and fishing licenses and permits.",4,2025-09-30,https://legiscan.com/OH/bill/HB64/2025
OH,1964028,,Enact the Agriculture Appreciation Act,"To enact sections 5.2322, 5.2411, 5.2412, 5.2413, 5.2414, 5.2415, and 5.268 of the Revised Code to make specified day and week designations relating to agriculture and to name this act the Agriculture Appreciation Act.",4,2025-09-30,https://legiscan.com/OH/bill/HB65/2025
OH,1963753,,Repeal H.B. 6 - 133rd GA legacy generation resource provisions,To amend section 4928.01 and to repeal section 4928.148 of the Revised Code to repeal the legacy generation resource provisions of H.B. 6 of the 133rd General Assembly and provide customers refunds.,1,2025-02-10,https://legiscan.com/OH/bill/HB66/2025
OH,1963802,,Establish appointment procedures for a convention of states,"To enact sections 3523.13, 3523.14, 3523.15, 3523.16, 3523.17, 3523.18, and 3523.99 of the Revised Code to establish procedures for appointing delegates to a convention of the states under Article V of the United States Constitution.",1,2025-02-10,https://legiscan.com/OH/bill/HB67/2025
OH,1963828,,"Regards conceal carry locations, nonresident firearms disability","To amend sections 2923.123 and 2923.14 of the Revised Code to allow a concealed handgun licensee to carry a handgun in a building or structure that is not a courthouse but in which a courtroom is located in specified circumstances and to permit a nonresident of Ohio to obtain statutory relief from firearms disability based on an Ohio conviction, guilty plea, or delinquent child adjudication.",1,2025-02-10,https://legiscan.com/OH/bill/HB68/2025
OH,1963778,,"Regards taxpayer deduction for depreciation, enhanced expensing","To amend sections 5733.40, 5747.01, and 5747.05 of the Revised Code to allow taxpayers to deduct in a single year the full bonus depreciation and enhanced expensing allowances the taxpayer deducts for federal income tax purposes.",1,2025-02-10,https://legiscan.com/OH/bill/HB69/2025
OH,1963700,,"Regards registration, titling, and use of replica motor vehicles","To amend sections 4501.01, 4505.08, 4513.071, 4513.38, and 4513.41 and to enact sections 4503.183 and 4505.072 of the Revised Code to establish requirements relative to the registration, titling, and use of replica motor vehicles.",1,2025-02-10,https://legiscan.com/OH/bill/HB70/2025
OH,1963953,,Require certain info disclosure for wells drilled in state parks,To enact section 1509.101 of the Revised Code to require horizontal oil and gas well owners that drill in state parks to disclose the chemical components of the materials used in the drilling operation.,1,2025-02-10,https://legiscan.com/OH/bill/HB71/2025
OH,1963675,,Prohibit public funding for lethal injection drugs; death penalty,"To amend sections 9.04, 9.07, 120.03, 120.041, 120.06, 120.14, 120.16, 120.18, 120.24, 120.26, 120.28, 120.33, 120.34, 149.43, 149.436, 1901.183, 2152.13, 2152.67, 2301.20, 2307.60, 2317.02, 2701.07, 2743.51, 2901.02, 2909.24, 2929.02, 2929.13, 2929.14, 2929.61, 2930.19, 2937.222, 2941.021, 2941.14, 2941.148, 2941.401, 2941.43, 2941.51, 2945.06, 2945.10, 2945.13, 2945.21, 2945.25, 2945.33, 2945.38, 2949.02, 2949.03, 2953.02, 2953.07, 2953.08, 2953.09, 2953.10, 2953.21, 2953.23, 2953.71, 2953.72, 2953.73, 2953.81, 2967.05, 2967.12, 2967.13, 2967.193, 2967.194, 2971.03, 2971.07, 3901.87, 5101.56, 5120.113, 5120.53, 5120.61, 5139.04, and 5919.16 and to repeal sections 109.97, 120.35, 2725.19, 2929.021, 2929.022, 2929.023, 2929.024, 2929.025, 2929.03, 2929.04, 2929.05, 2929.06, 2945.20, 2947.08, 2949.21, 2949.22, 2949.221, 2949.222, 2949.24, 2949.25, 2949.26, 2949.27, 2949.28, 2949.29, 2949.31, and 2967.08 of the Revised Code to prohibit public funding for and insurance coverage of the use of lethal injection drugs in nontherapeutic abortions and assisting suicide, to abolish the death penalty, and to modify the number of jurors that may be challenged in cases where a defendant may be sentenced to life imprisonment.",1,2025-02-10,https://legiscan.com/OH/bill/HB72/2025
OH,1964003,,Establish deferred retirement option for OPERS law enforcement,"To amend sections 145.22, 145.23, 145.35, 145.46, 145.561, and 742.63 and to enact sections 145.71, 145.72, 145.721, 145.722, 145.73, 145.74, 145.75, 145.751, 145.76, and 145.77 of the Revised Code to establish a deferred retirement option plan for law enforcement officers in the Public Employees Retirement System.",1,2025-02-10,https://legiscan.com/OH/bill/HB73/2025
OH,1963852,,Authorize private vendor contract for specialty license plates,"To amend sections 4503.038, 4503.19, and 5502.68 and to enact sections 4503.261 and 4503.262 of the Revised Code to authorize a contract with a private vendor for the issuance of specialty license plates.",1,2025-02-10,https://legiscan.com/OH/bill/HB74/2025
OH,1963649,,Enact the Chief Steven DiSario Act,"To amend sections 4781.40, 5301.072, 5311.191, and 5321.131 of the Revised Code to prohibit manufactured home park operators, condominium associations, neighborhood associations, and landlords from restricting the display of the thin blue line flag and to name this act the Chief Steven DiSario Act.",1,2025-02-10,https://legiscan.com/OH/bill/HB75/2025
OH,1964053,,Allow increase in membership of boards of township trustees,To amend sections 505.01 and 505.82 and to enact section 505.013 of the Revised Code to allow the electors of certain townships to increase the membership of their boards of township trustees.,1,2025-02-10,https://legiscan.com/OH/bill/HB76/2025
OH,1963725,,Require DOH develop type 1 diabetes information for parents,To amend sections 3314.03 and 3326.11 and to enact sections 3313.7118 and 3707.61 of the Revised Code to require the Department of Health to develop type 1 diabetes informational materials for parents and guardians of elementary school students.,1,2025-02-10,https://legiscan.com/OH/bill/HB77/2025
OH,1963878,,Authorize use of a digital driver's license or state ID card,"To amend section 3501.01 and to enact sections 4507.60, 4507.61, and 4507.62 of the Revised Code to authorize the use of a digital driver's license or state identification card.",1,2025-02-10,https://legiscan.com/OH/bill/HB78/2025
OH,1964077,,Increase penalty for assault if the victim is a sports official,To amend sections 2903.13 and 2929.13 of the Revised Code to increase the penalties for assault if the victim is acting as a sports official or the assault is committed in retaliation for the victim's actions as a sports official.,1,2025-02-10,https://legiscan.com/OH/bill/HB79/2025
OH,1963599,,Make appropriations for the Industrial Commission for FY 2026-27,"To make appropriations for the Industrial Commission for the biennium beginning July 1, 2025, and ending June 30, 2027, and to provide authorization and conditions for the operation of Commission programs.",4,2025-06-27,https://legiscan.com/OH/bill/HB80/2025
OH,1964095,,Make appropriations for Bureau of Workers' Comp for FY 2026-27,"To amend sections 4121.12, 4121.121, 4121.13, 4123.44, 4123.52, 4123.54, 4123.57, 4123.66, 4125.07, 4133.10, 4167.01, 4167.10, and 5145.163 and to repeal sections 4167.25, 4167.27, and 4167.28 of the Revised Code to make appropriations for the Bureau of Workers' Compensation for the biennium beginning July 1, 2025, and ending June 30, 2027, to provide authorization and conditions for the operation of the Bureau's programs, and to make changes to the Workers' Compensation Law.",4,2025-06-27,https://legiscan.com/OH/bill/HB81/2025
OH,1966630,,Regards traffic offenses in construction zones,"To amend sections 4508.02, 4511.03, 4511.12, 4511.132, 4511.17, 4511.20, 4511.202, 4511.204, 4511.205, 4511.21, 4511.211, 4511.213, 4511.22, 4511.23, 4511.25, 4511.251, 4511.26, 4511.27, 4511.28, 4511.29, 4511.30, 4511.31, 4511.32, 4511.33, 4511.34, 4511.35, 4511.36, 4511.37, 4511.38, 4511.39, 4511.41, 4511.42, 4511.43, 4511.431, 4511.44, 4511.441, 4511.451, 4511.46, 4511.47, 4511.54, 4511.57, 4511.58, 4511.59, 4511.60, 4511.61, 4511.64, 4511.71, 4511.711, 4511.712, 4511.72, 4511.73, 4511.991, and 5517.07 and to enact section 4511.993 of the Revised Code regarding traffic offenses in construction zones.",1,2025-02-11,https://legiscan.com/OH/bill/HB82/2025
OH,1966094,,Regards state highways located in villages and cities,"To amend sections 5501.31, 5521.01, and 5521.011; to amend, for the purpose of adopting a new section number as indicated in parentheses, section 5521.011 (5521.012); and to enact new section 5521.011 of the Revised Code to clarify and amend the laws related to the Director of Transportation's responsibilities for state highways located in villages and cities.",1,2025-02-11,https://legiscan.com/OH/bill/HB83/2025
OH,1966462,,Enact the Innocence Act,"To amend sections 1349.10 and 1349.101 and to enact section 109.1111 of the Revised Code to establish the Innocence Act Enforcement Fund, designate specified provisions of law as the Innocence Act, and clarify the Attorney General's enforcement authority.",2,2026-03-18,https://legiscan.com/OH/bill/HB84/2025
OH,1966125,,Require DAS conduct a study of the state's real property holdings,To enact section 123.14 of the Revised Code to require the Department of Administrative Services to conduct a biennial comprehensive study of the state's real property holdings.,1,2025-02-11,https://legiscan.com/OH/bill/HB85/2025
OH,1966203,,Enact the Gus Frangos Act,"To amend sections 319.48, 319.54, 321.261, 321.263, 321.343, 323.25, 323.26, 323.28, 323.31, 323.33, 323.47, 323.65, 323.66, 323.67, 323.68, 323.69, 323.691, 323.70, 323.71, 323.72, 323.73, 323.75, 323.76, 323.77, 323.78, 323.79, 505.86, 715.261, 721.28, 1721.10, 1724.02, 2329.153, 3737.87, 3745.11, 3767.41, 5709.12, 5709.91, 5709.911, 5713.083, 5715.02, 5721.01, 5721.02, 5721.03, 5721.04, 5721.06, 5721.13, 5721.17, 5721.18, 5721.19, 5721.192, 5721.20, 5721.25, 5721.26, 5721.30, 5721.32, 5721.33, 5721.37, 5722.01, 5722.02, 5722.03, 5722.031, 5722.04, 5722.05, 5722.06, 5722.07, 5722.08, 5722.10, 5722.11, 5722.14, 5722.15, 5722.21, 5722.22, 5723.01, 5723.03, 5723.04, 5723.05, 5723.06, 5723.10, 5723.12, 5723.13, 5723.18, and 5739.02; to enact sections 5709.58, 5721.183, 5721.193, and 5723.20; and to repeal sections 323.74, 5721.14, 5721.15, 5721.16, 5722.09, and 5722.13 of the Revised Code to make changes to the law relating to tax foreclosures and county land reutilization corporations, and to name this act the Gus Frangos Act.",2,2025-05-28,https://legiscan.com/OH/bill/HB86/2025
OH,1966350,,Enact Strategic Tax Opportunities for Raising Kids (STORK) Act,"To amend sections 5739.02, 5747.01, and 5747.025 of the Revised Code to authorize tax incentives for conceived children and certain child care items and to name this act the Strategic Tax Opportunities for Raising Kids (STORK) Act.",1,2025-02-11,https://legiscan.com/OH/bill/HB87/2025
OH,1971055,,"Regards drug trafficking, human trafficking, and fentanyl","To amend sections 2923.31, 2925.01, 2925.03, 2925.11, 2929.14, 3313.60, 3314.03, 3326.11, 3328.24, and 3705.08 and to enact sections 5.57, 2941.1427, 3313.6031, 3313.6032, and 3345.372 of the Revised Code to modify penalties for drug trafficking and possession, to require schools and institutions of higher education to incorporate instruction and policies on fentanyl awareness and abuse prevention, and to designate the month of August as ""Fentanyl Poisoning Awareness Month.""",2,2025-11-19,https://legiscan.com/OH/bill/HB88/2025
OH,1971201,,Authorize temporary property tax reduction,To authorize a temporary property tax reduction.,1,2025-02-11,https://legiscan.com/OH/bill/HB89/2025
OH,1971356,,Define antisemitism for certain purposes,"To amend section 4112.01 and to enact sections 124.92, 2701.21, and 4112.20 of the Revised Code to define antisemitism for the purpose of investigations and proceedings in courts and state agencies and for state employee anti-bias training.",1,2025-02-11,https://legiscan.com/OH/bill/HB90/2025
OH,1971467,,Establish Traumatic Brain Injury Treatment Accelerator Program,To enact section 3333.802 of the Revised Code to establish the Traumatic Brain Injury Treatment Accelerator Program and to make an appropriation.,1,2025-02-11,https://legiscan.com/OH/bill/HB91/2025
OH,1971504,,"Regards unpaid water, sewer, and trash charges at rented property","To amend sections 729.49, 735.29, and 743.04 and to enact sections 743.51, 743.52, 743.53, and 743.54 of the Revised Code regarding unpaid municipal utility services.",2,2026-03-18,https://legiscan.com/OH/bill/HB92/2025
OH,1971428,,Restore Clean Ohio Fund and Clean Ohio Council,"To amend section 151.40 and to enact sections 122.65, 122.651, 122.652, 122.653, 122.654, 122.655, 122.657, 122.658, and 122.659 of the Revised Code to restore the Clean Ohio Fund to be administered by the Department of Development and the Clean Ohio Council.",1,2025-02-11,https://legiscan.com/OH/bill/HB93/2025
OH,1971239,,Allow employers to post certain labor law notices on the internet,"To amend sections 4109.08, 4111.09, 4112.07, 4115.07, 4123.54, 4123.83, and 4167.11 of the Revised Code to allow employers to post certain labor law notices on the internet.",2,2025-03-26,https://legiscan.com/OH/bill/HB94/2025
OH,1971538,,Support members of Ohio Veterans Education Council,To make an appropriation to support higher education institutions that are members of the Ohio Veterans Education Council.,1,2025-02-11,https://legiscan.com/OH/bill/HB95/2025
OH,1966320,,Make state operating appropriations for FY 2026-27,"To amend sections 3.15, 9.03, 9.07, 9.239, 9.24, 9.27, 9.28, 9.312, 9.331, 9.334, 9.35, 9.67, 9.681, 9.821, 101.30, 101.352, 101.53, 101.63, 101.65, 101.82, 101.83, 101.84, 102.02, 103.05, 103.051, 103.13, 103.65, 106.02, 106.021, 106.023, 106.024, 106.031, 107.03, 107.032, 107.033, 107.12, 109.02, 109.71, 109.73, 109.77, 109.803, 111.15, 111.27, 113.05, 113.13, 113.40, 113.51, 113.53, 113.78, 117.11, 117.38, 117.44, 117.56, 119.03, 119.04, 120.06, 120.08, 121.02, 121.03, 121.085, 121.22, 121.35, 121.36, 121.37, 121.93, 121.931, 121.95, 121.951, 121.953, 122.09, 122.14, 122.175, 122.1710, 122.41, 122.42, 122.47, 122.49, 122.53, 122.571, 122.59, 122.631, 122.632, 122.633, 122.6510, 122.6511, 122.6512, 122.66, 122.67, 122.68, 122.681, 122.69, 122.70, 122.701, 122.702, 122.84, 122.85, 122.86, 123.10, 123.28, 123.281, 124.02, 124.07, 124.135, 124.1310, 124.1312, 124.152, 124.385, 125.01, 125.041, 125.071, 125.11, 125.111, 125.13, 125.183, 125.31, 125.42, 125.58, 125.95, 126.24, 126.42, 126.60, 126.62, 127.12, 127.13, 127.16, 128.021, 128.41, 128.46, 128.54, 131.01, 131.02, 131.35, 131.43, 131.50, 131.51, 133.18, 135.01, 135.03, 135.143, 135.18, 135.35, 135.70, 135.71, 141.04, 145.012, 145.054, 145.055, 145.09, 145.091, 145.99, 148.01, 148.02, 148.04, 148.041, 148.042, 148.05, 148.10, 149.011, 149.10, 149.30, 149.3010, 149.311, 149.38, 149.43, 153.01, 153.07, 153.08, 153.09, 153.12, 153.13, 153.14, 153.501, 153.502, 153.54, 153.59, 153.63, 153.693, 155.33, 155.34, 163.01, 164.01, 164.05, 164.06, 164.08, 164.14, 165.04, 166.01, 166.02, 166.03, 166.08, 166.12, 166.17, 169.01, 169.05, 169.08, 169.13, 173.38, 173.381, 173.391, 173.50, 173.525, 175.16, 175.17, 303.12, 305.021, 305.03, 306.32, 306.322, 306.43, 307.05, 307.673, 307.696, 307.697, 307.86, 307.985, 308.13, 311.14, 317.20, 319.04, 319.202, 319.301, 319.302, 321.03, 323.131, 323.152, 323.153, 323.155, 323.156, 323.158, 323.611, 325.18, 325.25, 340.01, 340.011, 340.02, 340.021, 340.022, 340.03, 340.032, 340.034, 340.036, 340.037, 340.04, 340.041, 340.05, 340.07, 340.08, 340.09, 340.12, 340.13, 340.16, 345.01, 345.03, 345.04, 349.01, 355.04, 501.09, 501.11, 504.14, 505.24, 505.37, 505.48, 505.481, 507.09, 507.12, 511.28, 511.34, 513.18, 519.12, 523.06, 703.331, 703.34, 717.051, 718.01, 718.031, 718.05, 718.12, 718.13, 718.19, 718.85, 718.88, 718.90, 718.91, 731.14, 731.141, 731.29, 733.81, 735.05, 742.043, 742.044, 742.99, 749.31, 755.181, 901.43, 904.02, 904.04, 905.32, 905.57, 907.13, 907.14, 909.01, 909.02, 909.07, 909.08, 909.09, 909.13, 911.02, 913.23, 915.16, 915.24, 921.01, 921.02, 921.06, 921.09, 921.11, 921.12, 921.13, 921.14, 921.16, 921.23, 921.24, 923.42, 923.44, 923.51, 924.01, 924.30, 924.51, 927.53, 928.02, 928.03, 928.04, 935.06, 935.07, 935.09, 935.10, 935.16, 935.17, 935.20, 935.24, 943.04, 943.16, 943.26, 943.99, 956.07, 956.10, 956.13, 956.16, 956.18, 956.21, 956.22, 956.23, 1311.04, 1311.252, 1317.05, 1317.06, 1321.21, 1347.08, 1509.02, 1509.07, 1509.071, 1509.13, 1509.36, 1509.38, 1517.11, 1531.01, 1533.10, 1533.11, 1533.111, 1533.13, 1533.131, 1533.32, 1545.041, 1545.21, 1546.04, 1547.54, 1548.06, 1561.13, 1561.16, 1561.23, 1561.46, 1561.48, 1701.04, 1701.07, 1703.041, 1707.01, 1707.14, 1707.47, 1711.30, 1713.03, 1901.123, 1901.26, 1907.143, 1907.24, 2101.11, 2101.16, 2108.34, 2151.27, 2151.311, 2151.316, 2151.356, 2151.3527, 2151.416, 2151.4115, 2151.421, 2151.423, 2151.424, 2151.45, 2151.451, 2151.452, 2151.453, 2152.26, 2303.12, 2303.201, 2303.26, 2307.66, 2329.66, 2501.16, 2743.03, 2907.15, 2913.401, 2915.01, 2917.211, 2919.171, 2919.19, 2921.13, 2921.36, 2921.41, 2925.14, 2933.32, 2949.12, 2951.041, 2953.32, 2967.14, 2967.18, 2967.26, 2967.271, 2967.28, 2969.13, 2981.02, 3101.08, 3105.171, 3105.63, 3107.01, 3107.012, 3107.031, 3107.033, 3107.034, 3107.062, 3107.063, 3107.064, 3107.065, 3107.38, 3107.391, 3109.14, 3109.171, 3109.172, 3109.173, 3109.178, 3115.201, 3119.01, 3121.441, 3123.89, 3123.90, 3301.01, 3301.02, 3301.03, 3301.06, 3301.071, 3301.074, 3301.079, 3301.0711, 3301.0712, 3301.0714, 3301.0715, 3301.0723, 3301.0727, 3301.136, 3301.17, 3301.541, 3301.57, 3302.03, 3302.034, 3302.20, 3302.42, 3305.05, 3305.053, 3307.044, 3307.05, 3307.06, 3307.07, 3307.073, 3307.074, 3307.10, 3307.11, 3307.27, 3307.99, 3309.073, 3309.074, 3309.47, 3309.99, 3310.033, 3310.41, 3310.51, 3310.52, 3310.58, 3310.64, 3311.053, 3311.50, 3313.27, 3313.413, 3313.46, 3313.489, 3313.5313, 3313.603, 3313.608, 3313.609, 3313.6013, 3313.6022, 3313.6028, 3313.618, 3313.6113, 3313.6114, 3313.64, 3313.753, 3313.90, 3313.975, 3313.98, 3314.011, 3314.013, 3314.015, 3314.016, 3314.017, 3314.02, 3314.021, 3314.03, 3314.034, 3314.038, 3314.05, 3314.07, 3314.08, 3314.19, 3314.191, 3314.261, 3314.29, 3314.35, 3314.351, 3314.36, 3314.361, 3314.381, 3314.382, 3315.18, 3315.181, 3316.031, 3316.041, 3316.043, 3316.06, 3316.08, 3316.16, 3317.01, 3317.011, 3317.012, 3317.014, 3317.016, 3317.017, 3317.018, 3317.019, 3317.0110, 3317.02, 3317.021, 3317.022, 3317.024, 3317.026, 3317.0212, 3317.0213, 3317.0215, 3317.0217, 3317.03, 3317.035, 3317.051, 3317.06, 3317.11, 3317.16, 3317.161, 3317.162, 3317.163, 3317.20, 3317.201, 3317.22, 3317.25, 3318.01, 3318.032, 3318.051, 3318.06, 3318.061, 3318.062, 3318.063, 3318.12, 3318.361, 3318.40, 3318.45, 3318.48, 3319.073, 3319.088, 3319.111, 3319.223, 3319.236, 3319.263, 3319.29, 3319.301, 3319.311, 3319.51, 3320.04, 3321.16, 3321.19, 3321.22, 3323.32, 3325.08, 3325.16, 3325.17, 3326.11, 3326.44, 3326.51, 3327.017, 3327.08, 3327.10, 3328.16, 3328.24, 3332.081, 3333.04, 3333.041, 3333.129, 3333.13, 3333.131, 3333.132, 3333.133, 3333.134, 3333.135, 3333.164, 3333.24, 3333.374, 3334.11, 3335.39, 3339.06, 3344.07, 3345.06, 3345.382, 3345.48, 3345.591, 3345.71, 3345.74, 3345.75, 3352.16, 3354.19, 3358.08, 3358.11, 3364.07, 3365.15, 3375.15, 3375.22, 3375.30, 3375.39, 3375.92, 3379.03, 3379.12, 3381.03, 3381.11, 3381.17, 3501.01, 3501.02, 3501.05, 3501.12, 3501.17, 3501.28, 3505.03, 3505.04, 3505.06, 3505.33, 3505.38, 3513.04, 3513.05, 3513.052, 3513.10, 3513.19, 3517.01, 3517.08, 3517.081, 3517.092, 3517.10, 3517.102, 3517.103, 3517.104, 3517.108, 3517.109, 3517.1012, 3517.11, 3517.121, 3517.13, 3517.152, 3517.153, 3517.154, 3517.155, 3517.157, 3517.20, 3517.21, 3517.22, 3517.23, 3517.992, 3517.993, 3701.021, 3701.033, 3701.045, 3701.511, 3701.65, 3701.79, 3701.841, 3704.01, 3704.03, 3704.031, 3704.09, 3704.111, 3704.14, 3705.126, 3705.16, 3705.17, 3706.01, 3709.15, 3715.021, 3717.071, 3718.02, 3718.04, 3719.04, 3721.32, 3728.01, 3734.021, 3734.05, 3734.57, 3734.79, 3734.901, 3734.904, 3734.907, 3735.67, 3735.671, 3737.83, 3738.01, 3738.03, 3738.04, 3738.06, 3738.08, 3738.09, 3742.32, 3742.50, 3743.04, 3743.06, 3743.17, 3743.19, 3743.25, 3743.60, 3743.61, 3743.63, 3743.65, 3745.11, 3745.21, 3748.13, 3750.02, 3769.088, 3770.071, 3770.072, 3770.073, 3770.10, 3770.12, 3770.121, 3770.13, 3770.25, 3772.02, 3775.16, 3780.02, 3780.03, 3780.06, 3780.10, 3780.24, 3780.26, 3780.30, 3781.10, 3781.102, 3781.1011, 3901.90, 3902.70, 3905.426, 3905.72, 3923.443, 3951.03, 3959.01, 3959.111, 4112.055, 4117.08, 4117.10, 4141.01, 4141.02, 4141.162, 4141.23, 4141.281, 4141.29, 4141.33, 4141.56, 4141.60, 4301.12, 4301.19, 4301.30, 4301.421, 4303.181, 4303.183, 4303.204, 4303.2011, 4303.233, 4305.131, 4501.027, 4501.21, 4501.29, 4501.30, 4501.302, 4503.038, 4503.06, 4503.0610, 4503.0611, 4503.10, 4503.102, 4503.29, 4503.41, 4503.579, 4503.91, 4505.07, 4505.09, 4506.01, 4506.05, 4506.07, 4506.13, 4506.131, 4506.14, 4507.061, 4507.08, 4507.09, 4507.21, 4507.40, 4507.53, 4508.02, 4509.06, 4509.07, 4509.101, 4509.70, 4511.01, 4511.75, 4511.76, 4511.77, 4511.771, 4511.78, 4517.01, 4517.52, 4517.60, 4519.59, 4582.024, 4582.26, 4701.01, 4701.04, 4701.16, 4707.024, 4723.28, 4723.483, 4723.4811, 4725.48, 4729.01, 4729.49, 4729.52, 4729.53, 4729.54, 4729.541, 4729.56, 4729.561, 4729.60, 4729.80, 4729.901, 4729.902, 4729.921, 4730.25, 4730.433, 4730.437, 4730.99, 4731.22, 4731.2210, 4731.92, 4731.96, 4731.99, 4735.01, 4735.06, 4735.09, 4735.55, 4735.56, 4735.80, 4740.06, 4741.04, 4743.05, 4743.10, 4749.01, 4751.20, 4751.24, 4751.25, 4758.01, 4758.02, 4758.03, 4758.10, 4758.13, 4758.20, 4758.22, 4758.221, 4758.23, 4758.24, 4758.27, 4758.30, 4758.31, 4758.35, 4758.36, 4758.39, 4758.40, 4758.41, 4758.42, 4758.43, 4758.44, 4758.45, 4758.52, 4758.54, 4758.55, 4758.56, 4758.57, 4758.59, 4758.99, 4759.07, 4759.99, 4760.13, 4760.99, 4761.09, 4761.99, 4762.13, 4762.99, 4765.11, 4765.55, 4767.10, 4772.20, 4772.21, 4772.23, 4772.99, 4774.13, 4774.99, 4778.14, 4778.99, 4785.041, 4903.10, 4905.311, 4906.07, 4911.18, 4921.01, 4923.01, 4927.01, 4928.05, 4928.06, 4928.102, 4928.34, 4928.43, 4928.51, 4928.52, 4928.53, 4928.54, 4928.542, 4928.543, 4928.544, 4928.55, 4928.56, 4928.58, 4928.61, 4928.62, 4928.63, 4928.66, 4928.75, 4928.86, 4981.02, 5101.101, 5101.13, 5101.131, 5101.132, 5101.133, 5101.134, 5101.135, 5101.136, 5101.137, 5101.14, 5101.141, 5101.142, 5101.145, 5101.146, 5101.1410, 5101.1411, 5101.1412, 5101.1413, 5101.1414, 5101.1415, 5101.1416, 5101.1417, 5101.1418, 5101.19, 5101.191, 5101.192, 5101.193, 5101.194, 5101.211, 5101.212, 5101.215, 5101.222, 5101.242, 5101.26, 5101.272, 5101.273, 5101.28, 5101.30, 5101.33, 5101.342, 5101.35, 5101.351, 5101.38, 5101.461, 5101.542, 5101.80, 5101.801, 5101.802, 5101.805, 5101.85, 5101.853, 5101.854, 5101.856, 5101.88, 5101.885, 5101.886, 5101.887, 5101.8812, 5101.89, 5101.891, 5101.892, 5101.893, 5101.894, 5101.895, 5101.897, 5101.899, 5101.98, 5101.99, 5103.02, 5103.021, 5103.0329, 5103.15, 5103.155, 5103.18, 5103.30, 5103.32, 5103.41, 5104.01, 5104.12, 5104.29, 5104.30, 5104.32, 5104.34, 5104.36, 5104.37, 5104.38, 5104.41, 5104.50, 5104.99, 5117.07, 5117.12, 5119.01, 5119.011, 5119.04, 5119.05, 5119.051, 5119.06, 5119.07, 5119.08, 5119.091, 5119.10, 5119.11, 5119.14, 5119.141, 5119.15, 5119.161, 5119.17, 5119.18, 5119.181, 5119.182, 5119.184, 5119.185, 5119.186, 5119.187, 5119.188, 5119.19, 5119.20, 5119.201, 5119.21, 5119.22, 5119.221, 5119.23, 5119.24, 5119.25, 5119.27, 5119.28, 5119.29, 5119.30, 5119.31, 5119.311, 5119.32, 5119.33, 5119.331, 5119.332, 5119.333, 5119.334, 5119.34, 5119.342, 5119.343, 5119.35, 5119.36, 5119.362, 5119.363, 5119.364, 5119.365, 5119.366, 5119.367, 5119.368, 5119.37, 5119.371, 5119.38, 5119.39, 5119.391, 5119.392, 5119.393, 5119.394, 5119.395, 5119.397, 5119.40, 5119.41, 5119.42, 5119.421, 5119.43, 5119.431, 5119.44, 5119.45, 5119.46, 5119.47, 5119.48, 5119.49, 5119.50, 5119.51, 5119.52, 5119.54, 5119.55, 5119.56, 5119.60, 5119.61, 5119.71, 5119.82, 5119.85, 5119.89, 5119.90, 5119.99, 5120.034, 5120.035, 5120.16, 5120.173, 5120.21, 5120.51, 5121.30, 5121.32, 5121.33, 5121.34, 5121.41, 5121.43, 5122.01, 5122.03, 5122.10, 5122.15, 5122.20, 5122.21, 5122.23, 5122.26, 5122.27, 5122.31, 5122.32, 5122.33, 5122.341, 5122.36, 5122.44, 5122.45, 5122.46, 5122.47, 5123.081, 5123.16, 5123.168, 5123.169, 5123.191, 5123.41, 5123.42, 5123.47, 5124.15, 5139.05, 5139.08, 5139.12, 5139.14, 5139.34, 5145.162, 5153.10, 5153.122, 5153.16, 5153.163, 5160.37, 5162.13, 5162.132, 5162.133, 5162.134, 5162.136, 5162.1310, 5162.70, 5162.82, 5163.03, 5163.091, 5163.093, 5163.094, 5163.098, 5163.30, 5163.33, 5165.19, 5165.192, 5165.26, 5166.03, 5167.01, 5167.03, 5167.123, 5167.24, 5168.08, 5168.11, 5168.22, 5168.25, 5168.90, 5180.14, 5180.17, 5180.20, 5180.21, 5180.22, 5310.06, 5310.47, 5323.02, 5501.91, 5502.262, 5502.29, 5502.30, 5502.41, 5503.02, 5505.045, 5505.046, 5505.99, 5525.03, 5537.01, 5537.02, 5537.03, 5537.27, 5540.02, 5595.02, 5701.11, 5703.052, 5703.19, 5703.21, 5703.37, 5703.70, 5705.01, 5705.03, 5705.12, 5705.121, 5705.13, 5705.131, 5705.132, 5705.14, 5705.194, 5705.199, 5705.21, 5705.212, 5705.213, 5705.215, 5705.217, 5705.218, 5705.219, 5705.2111, 5705.2114, 5705.221, 5705.222, 5705.233, 5705.25, 5705.251, 5705.261, 5705.27, 5705.28, 5705.29, 5705.30, 5705.31, 5705.314, 5705.32, 5705.321, 5705.35, 5705.36, 5705.37, 5705.38, 5705.391, 5705.40, 5705.412, 5705.55, 5709.081, 5709.212, 5709.92, 5709.93, 5715.19, 5717.01, 5725.01, 5725.23, 5725.35, 5725.38, 5726.03, 5726.20, 5726.61, 5726.98, 5727.111, 5727.26, 5727.38, 5727.42, 5727.47, 5727.48, 5727.89, 5728.10, 5729.10, 5729.18, 5729.21, 5735.12, 5736.09, 5739.01, 5739.011, 5739.02, 5739.03, 5739.07, 5739.09, 5739.092, 5739.101, 5739.12, 5739.13, 5739.132, 5739.31, 5743.021, 5743.024, 5743.081, 5743.323, 5743.52, 5743.54, 5743.55, 5743.56, 5743.57, 5743.59, 5743.60, 5743.62, 5743.63, 5743.64, 5745.03, 5745.04, 5745.09, 5745.12, 5747.01, 5747.02, 5747.021, 5747.025, 5747.05, 5747.062, 5747.063, 5747.064, 5747.07, 5747.071, 5747.08, 5747.09, 5747.10, 5747.13, 5747.38, 5747.39, 5747.40, 5747.43, 5747.502, 5747.51, 5747.72, 5747.85, 5747.86, 5747.98, 5748.01, 5748.02, 5748.021, 5748.03, 5748.04, 5748.08, 5748.081, 5748.09, 5749.02, 5749.07, 5751.02, 5751.09, 5751.53, 5751.98, 5753.031, 5753.07, 5907.11, 5907.17, 5923.30, 6101.53, 6101.54, 6101.55, 6111.01, and 6111.04; to amend, for the purpose of adopting new section numbers as indicated in parentheses, sections 103.412 (103.411), 103.414 (103.412), 103.73 (109.39), 122.66 (5101.311), 122.67 (5101.312), 122.68 (5101.313), 122.681 (5101.314), 122.69 (5101.315), 122.70 (5101.316), 122.701 (5101.317), 122.702 (5101.318), 3517.152 (3517.14), 3517.153 (3517.15), 3517.154 (3517.16), 3517.155 (3517.17), 3517.157 (3517.18), 3517.992 (3517.99), 3517.993 (3517.171), 3701.65 (5180.72), 3738.01 (5180.27), 3738.02 (5180.271), 3738.03 (5180.272), 3738.04 (5180.273), 3738.05 (5180.274), 3738.06 (5180.275), 3738.07 (5180.276), 3738.08 (5180.277), 3738.09 (5180.278), 5101.13 (5180.40), 5101.131 (5180.401), 5101.132 (5180.402), 5101.133 (5180.403), 5101.134 (5180.404), 5101.135 (5180.405), 5101.136 (5180.406), 5101.137 (5180.407), 5101.14 (5180.41), 5101.141 (5180.42), 5101.142 (5180.421), 5101.144 (5180.411), 5101.145 (5180.422), 5101.146 (5180.423), 5101.147 (5180.424), 5101.148 (5180.425), 5101.149 (5180.426), 5101.1410 (5180.427), 5101.1411 (5180.428), 5101.1412 (5180.429), 5101.1413 (5180.4210), 5101.1414 (5180.4211), 5101.1415 (5180.4212), 5101.1416 (5180.4213), 5101.1417 (5180.4214), 5101.1418 (5180.43), 5101.15 (5180.44), 5101.19 (5180.45), 5101.191 (5180.451), 5101.192 (5180.452), 5101.193 (5180.453), 5101.194 (5180.454), 5101.34 (5180.70), 5101.341 (5180.701), 5101.342 (5180.702), 5101.343 (5180.703), 5101.76 (5180.26), 5101.77 (5180.261), 5101.78 (5180.262), 5101.802 (5180.52), 5101.804 (5180.71), 5101.805 (5180.704), 5101.85 (5180.50), 5101.851 (5180.51), 5101.853 (5180.511), 5101.854 (5180.512), 5101.855 (5180.513), 5101.856 (5180.514), 5101.88 (5180.53), 5101.881 (5180.531), 5101.884 (5180.532), 5101.885 (5180.533), 5101.886 (5180.534), 5101.887 (5180.535), 5101.889 (5180.57), 5101.8811 (5180.536), 5101.8812 (5180.56), 5104.50 (5180.04), and 5180.40 (5180.73); to enact new sections 103.41, 107.034, 3313.902, 3313.905, 3314.38, 3321.191, 3333.0415, 3345.86, 3517.991, and 3780.22 and sections 5.62, 9.05, 9.561, 9.64, 9.691, 106.025, 106.026, 106.033, 111.29, 118.29, 121.16, 122.1712, 122.1713, 122.636, 122.97, 122.98, 122.981, 123.14, 123.282, 123.283, 123.30, 124.184, 125.052, 126.024, 126.10, 126.17, 126.67, 131.026, 135.1411, 148.021, 173.503, 319.304, 731.291, 924.212, 943.27, 1310.251, 1349.10, 1349.101, 1501.022, 1501.023, 1501.46, 1501.47, 1509.075, 1513.371, 1546.25, 1546.26, 1713.032, 1713.033, 1713.041, 3301.24, 3301.82, 3310.037, 3310.21, 3310.22, 3310.23, 3310.24, 3310.25, 3310.26, 3310.412, 3310.413, 3310.523, 3311.242, 3313.536, 3313.6031, 3313.6032, 3313.7118, 3314.093, 3314.362, 3315.063, 3317.165, 3317.27, 3317.28, 3317.29, 3317.31, 3319.173, 3319.2310, 3321.043, 3332.17, 3332.21, 3332.22, 3333.0420, 3333.053, 3333.074, 3333.1210, 3333.952, 3333.96, 3333.97, 3345.457, 3345.58, 3345.601, 3345.721, 3345.83, 3345.89, 3375.47, 3501.055, 3701.88, 3704.0310, 3707.61, 3721.074, 3722.15, 3727.46, 3743.48, 3770.074, 3770.075, 3780.37, 3901.047, 3901.3815, 3902.631, 3959.121, 4113.31, 4141.011, 4141.08, 4517.521, 4561.03, 4582.72, 4582.73, 4729.261, 4731.256, 4741.041, 4927.22, 4928.545, 5101.042, 5101.543, 5101.548, 5101.549, 5101.612, 5101.95, 5103.039, 5103.0520, 5103.09, 5104.302, 5104.53, 5104.54, 5104.60, 5119.211, 5119.344, 5119.345, 5123.1613, 5123.423, 5126.222, 5145.32, 5162.08, 5162.14, 5162.25, 5162.251, 5163.04, 5163.104, 5163.11, 5163.50, 5164.093, 5166.50, 5167.09, 5180.705, 5180.706, 5180.707, 5180.99, 5303.34, 5703.83, 5705.17, 5705.316, 5705.60, 5709.89, 5726.62, 5743.511, 5743.521, 5743.621, 5743.631, 5747.073, 5747.124, and 5747.87; and to repeal sections 9.47, 101.38, 103.053, 103.054, 103.24, 103.41, 103.411, 103.413, 103.415, 103.60, 103.71, 103.72, 103.74, 103.75, 103.76, 103.77, 103.78, 103.79, 107.034, 113.06, 113.78, 117.113, 117.251, 117.441, 117.51, 122.451, 122.55, 122.56, 122.561, 122.57, 122.852, 125.181, 125.36, 125.38, 125.43, 125.49, 125.51, 125.56, 125.65, 125.76, 125.95, 128.412, 135.144, 501.03, 904.06, 905.56, 935.25, 956.181, 1561.18, 1561.21, 1561.22, 2919.1910, 3313.902, 3313.905, 3314.38, 3314.50, 3317.0218, 3317.036, 3317.071, 3317.23, 3317.231, 3317.24, 3321.191, 3333.0415, 3333.303, 3333.373, 3333.801, 3345.86, 3354.24, 3379.10, 3513.254, 3513.255, 3513.256, 3513.259, 3517.14, 3517.151, 3517.156, 3517.99, 3517.991, 3701.0212, 3701.051, 3780.18, 3780.19, 3780.22, 3780.23, 4115.31, 4115.32, 4115.33, 4115.34, 4115.35, 4115.36, 4729.551, 4758.18, 4758.241, 4758.50, 4928.57, 4928.581, 4928.582, 4928.583, 5104.08, 5123.352, 5160.23, 5163.05, 5165.261, 5166.45, 5180.23, 5180.24, 5180.34, 5310.05, 5310.06, 5310.07, 5310.08, 5310.09, 5310.10, 5310.11, 5310.12, 5310.13, 5310.14, 5537.24, 5705.192, 5705.195, 5705.196, 5705.197, 5726.59, 5739.071, 5747.29, 5747.67, 5747.75, 5751.55, 5902.06, and 5902.20 of the Revised Code and to amend Section 755.60 of H.B. 54 of the 136th General Assembly, Sections 200.30 as subsequently amended, 207.37, 221.15 as subsequently amended, 243.10 as subsequently amended, 363.10, 371.20 as subsequently amended, and 373.15 as subsequently amended of H.B. 2 of the 135th General Assembly, Section 265.550 of H.B. 33 of the 135th General Assembly as subsequently amended, Section 14 of H.B. 238 of the 135th General Assembly, Section 270.14 of H.B. 45 of the 134th General Assembly as subsequently amended, and Section 5 of H.B. 554 of the 134th General Assembly as subsequently amended; to amend Section 733.61 of H.B. 166 of the 133rd General Assembly as subsequently amended to codify it as section 3313.6033 of the Revised Code; and to repeal Sections 335.20 and 757.60 of H.B. 33 of the 135th General Assembly, Section 6 of H.B. 150 of the 134th General Assembly, Section 5 of S.B. 202 of the 134th General Assembly, and Sections 125.10 as subsequently amended and 125.11 as subsequently amended of H.B. 59 of the 130th General Assembly to make operating appropriations for the biennium beginning July 1, 2025, and ending June 30, 2027, to levy taxes, and to provide authorization and conditions for the operation of state programs.",4,2025-06-30,https://legiscan.com/OH/bill/HB96/2025
OH,1969902,,Require public schools to provide meals and related services,"To amend sections 3314.03, 3326.11, and 3328.24 and to enact section 3313.8110 of the Revised Code to require public schools to provide meals and related services to students.",1,2025-02-12,https://legiscan.com/OH/bill/HB97/2025
OH,1970219,,Establish the Community Connectors Workforce Program,To enact section 3301.25 of the Revised Code to establish the Community Connectors Workforce Program and to make an appropriation.,1,2025-02-12,https://legiscan.com/OH/bill/HB98/2025
OH,1970045,,Exclude certain agricultural entities from insurance regulations,To enact section 3901.96 of the Revised Code to exclude nonprofit agricultural membership organizations from insurance regulations.,1,2025-02-12,https://legiscan.com/OH/bill/HB99/2025
OH,1970024,,Authorize grant program for retailers that sell donated goods,To authorize a temporary grant program for certain retailers that sell donated goods and to make an appropriation.,1,2025-02-12,https://legiscan.com/OH/bill/HB100/2025
OH,1970153,,Establish Law Student Encouragement Scholarship Pilot Program,To establish the Law Student Encouragement Scholarship Pilot Program and to make an appropriation.,1,2025-02-12,https://legiscan.com/OH/bill/HB101/2025
OH,1973596,,"Restrict sex offender from residing, loitering near victim's home","To amend sections 1923.02, 2950.99, 5321.03, and 5321.051; to amend, for the purpose of adopting a new section number as indicated in parentheses, section 2950.035 (2950.036); and to enact section 2950.035 of the Revised Code to prohibit a sex offender or a child-victim offender from residing within 2,000 feet of the residence of the victim and from loitering within 1,000 feet of the residence of the victim.",2,2025-11-19,https://legiscan.com/OH/bill/HB102/2025
OH,1973613,,Increase the homestead exemption amount and income limit,To amend sections 323.152 and 4503.065 of the Revised Code to increase the homestead exemption amount and income limit.,1,2025-02-18,https://legiscan.com/OH/bill/HB103/2025
OH,1973876,,Designate Cardiovascular Health Awareness Day,"To enact section 5.2540 of the Revised Code to designate February 14 as ""Cardiovascular Health Awareness Day.""",2,2025-05-21,https://legiscan.com/OH/bill/HB104/2025
OH,1973481,,Revise non-recourse litigation funding agreement regulations,"To enact sections 1357.01, 1357.011, 1357.02, 1357.03, 1357.04, 1357.05, 1357.06, 1357.07, 1357.08, 1357.09, and 1357.10 and to repeal section 1349.55 of the Revised Code to revise and supplement state regulations concerning non-recourse litigation funding agreements.",2,2025-11-19,https://legiscan.com/OH/bill/HB105/2025
OH,1973495,,Enact Alyssa's Law,To enact Alyssa's Law to establish a pilot grant program for public and chartered nonpublic schools to purchase panic alert systems or contract for artificial intelligence firearm detection software and to make an appropriation.,1,2025-02-18,https://legiscan.com/OH/bill/HB106/2025
OH,1973464,,Enact the Platinum Providers Act,"To amend section 122.1710 and to enact sections 122.1712 and 122.1713 of the Revised Code to modify the Individual Microcredential Assistance Program(IMAP), to create platinum provider programs for certain IMAP participants, and to name this act the Platinum Providers Act.",1,2025-02-18,https://legiscan.com/OH/bill/HB107/2025
OH,1973794,,Enact the Self-Defense Protection Act,"To amend section 2901.05 of the Revised Code to enact the Self-Defense Protection Act to create a pretrial procedure for a person asserting self-defense, defense of another, or defense of that person's property.",1,2025-02-18,https://legiscan.com/OH/bill/HB108/2025
OH,1973514,,"Regards local regulation, taxing of short-term rental properties","To amend sections 351.01, 351.021, 353.06, 4735.11, 5739.01, 5739.08, 5739.09, 5739.091, and 5741.01 and to enact section 5325.01 of the Revised Code to limit the authority of local governments to regulate short-term rental properties, to extend local lodging taxes to short-term rentals, to require collection of those taxes by short-term rental platforms, and to require real estate licenses to be issued electronically.",1,2025-02-18,https://legiscan.com/OH/bill/HB109/2025
OH,1973668,,Increase the penalty for repeat voyeurism,To amend section 2907.08 of the Revised Code to increase the penalty for repeat voyeurism.,1,2025-02-18,https://legiscan.com/OH/bill/HB110/2025
OH,1973852,,Impose additional fine for high-speed drivers,To amend section 4511.21 of the Revised Code to impose an additional fine on drivers who exceed the speed limit by 30 miles per hour.,1,2025-02-18,https://legiscan.com/OH/bill/HB111/2025
OH,1973757,,Enact the Conscientious Right to Refuse Act,"To enact section 3792.09 of the Revised Code to prohibit discrimination against an individual for the refusal of certain medical interventions for reasons of conscience, including religious convictions, and to name this act the Conscientious Right to Refuse Act.",1,2025-02-18,https://legiscan.com/OH/bill/HB112/2025
OH,1973709,,"Regards annexation and financial disclosure forms, tax exemptions","To amend sections 102.02, 709.022, 709.023, 709.024, 709.16, and 3735.67 and to enact section 3311.222 of the Revised Code to modify the law regarding annexation and financial disclosure forms, and to require school district approval of residential community reinvestment area property tax exemptions.",1,2025-02-18,https://legiscan.com/OH/bill/HB113/2025
OH,1973645,,Regards age requirements for kindergarten admission,To amend section 3321.01 of the Revised Code regarding age requirements for kindergarten admission and to correct a scoring error on the 2024-2025 science end-of-course exam.,4,2026-03-20,https://legiscan.com/OH/bill/HB114/2025
OH,1981350,,Enact the E-Check Ease Act,"To amend sections 3704.14, 4503.10, 4503.102, and 4503.103 of the Revised Code to create an alternative method to certify compliance with the E-Check program and to name this act the E-Check Ease Act.",1,2025-02-24,https://legiscan.com/OH/bill/HB115/2025
OH,1981394,,Enact the Ohio Blockchain Basics Act,"To amend sections 301.30, 504.04, 715.013, 718.01, 1315.01, and 5747.01 and to enact sections 1352.01, 1352.02, 1352.03, and 1352.04 of the Revised Code to enact the Ohio Blockchain Basics Act to address mining, taxation, and regulation of digital assets.",2,2025-06-18,https://legiscan.com/OH/bill/HB116/2025
OH,1981578,,Enact The Pledge of Allegiance Act,"To amend sections 3313.602, 3314.03, 3326.11, and 3328.24 and to enact section 3313.6031 of the Revised Code to enact The Pledge of Allegiance Act to require the Pledge of Allegiance in schools.",1,2025-02-24,https://legiscan.com/OH/bill/HB117/2025
OH,1981531,,"Revise the lead testing, certification, and tax credit law","To amend sections 3742.01, 3742.03, 3742.39, 3742.50, 5747.08, 5747.26, 5747.50, 5747.502, 5747.51, 5747.53, and 5747.98 and to enact sections 3742.47 and 5747.504 of the Revised Code to revise the law governing lead testing, certification, and tax credits.",1,2025-02-24,https://legiscan.com/OH/bill/HB118/2025
OH,1981506,,Enact the Graduation Readiness and Development (GRAD) Act,"To amend sections 3314.03, 3326.11, and 3328.24 and to enact sections 5.2322 and 3313.475 of the Revised Code to enact the Graduation Readiness and Development (GRAD) Act regarding exit orientation programs at public high schools and to designate September as ""Workforce Development Month.""",1,2025-02-24,https://legiscan.com/OH/bill/HB119/2025
OH,1981601,,Exempt from sales and use tax sales of firearm safety devices,"To amend sections 5739.01, 5739.02, 5739.03, and 5739.17 of the Revised Code to exempt from sales and use tax sales of firearm safety devices.",1,2025-02-24,https://legiscan.com/OH/bill/HB120/2025
OH,1981218,,Declare certain natural gas producers are not public utilities,To enact section 4929.181 of the Revised Code to declare certain renewable natural gas producers are not public utilities.,1,2025-02-24,https://legiscan.com/OH/bill/HB121/2025
OH,1981241,,Create tax credit for employers providing organ donors paid leave,To amend section 5747.98 and to enact section 5747.74 of the Revised Code to create an income tax credit for employers that provide paid leave to organ donors.,2,2025-06-18,https://legiscan.com/OH/bill/HB122/2025
OH,1981415,,Modify procedures for filling vacancies in local elected offices,"To amend sections 3.02, 302.09, 305.02, 503.24, and 733.31 of the Revised Code to modify the procedures for filling vacancies in certain local elected offices.",1,2025-02-24,https://legiscan.com/OH/bill/HB123/2025
OH,1981486,,Modify process for property tax sales-assessment ratio studies,"To amend sections 5715.012, 5715.16, 5715.251, and 5715.26 of the Revised Code to modify the process for making property tax sales-assessment ratio studies.",4,2026-03-20,https://legiscan.com/OH/bill/HB124/2025
OH,1981442,,Regards excused school absences for 4-H and FFA programs,To enact section 3321.044 of the Revised Code regarding attendance at school during participation in district-approved activities.,2,2026-03-18,https://legiscan.com/OH/bill/HB125/2025
OH,1981305,,Prohibit certain public nuisance actions,"To amend sections 715.44, 2307.71, and 2307.72 and to enact section 2307.801 of the Revised Code to prohibit public nuisance actions concerning product liability.",2,2025-05-07,https://legiscan.com/OH/bill/HB126/2025
OH,1981175,,Permit schools to withhold directory information,"To amend sections 149.381, 149.43, and 3319.321 of the Revised Code to permit schools to withhold directory information and to remove directory information from the public record definition.",2,2025-05-28,https://legiscan.com/OH/bill/HB127/2025
OH,1981464,,Enact the Reproductive Care Act,"To amend sections 109.572, 2305.11, 2317.02, 2919.10, 2919.12, 2953.25, 3701.341, 3701.792, 3702.30, 4112.01, 4112.02, 4729.291, 4731.22, 4731.223, 4731.281, 4731.293, and 4743.09; to enact sections 2305.2312, 3732.01, 3732.02, 3732.03, 3732.04, 3732.05, 3732.06, 3732.07, 3732.08, 3732.09, and 3732.11; and to repeal sections 2307.54, 2317.56, 2317.561, 2919.101, 2919.124, 2919.171, 2919.19, 2919.191, 2919.192, 2919.193, 2919.194, 2919.195, 2919.196, 2919.197, 2919.198, 2919.199, 2919.1910, 2919.1912, 2919.1913, 2919.20, 2919.201, 2919.202, 2919.203, 2919.204, 2919.205, 3701.79, 3701.791, 3702.302, 3702.303, 3702.304, 3702.305, 3702.306, 3702.307, 3702.308, 3702.309, 3702.3010, 3702.3011, 3726.01, 3726.02, 3726.03, 3726.04, 3726.041, 3726.042, 3726.05, 3726.09, 3726.10, 3726.11, 3726.12, 3726.13, 3726.14, 3726.15, 3726.16, 3726.95, 3726.99, 3727.60, 4717.271, 5101.57, and 5103.11 of the Revised Code to enact the Reproductive Care Act regarding abortion, abortion-related laws, and reproductive health protections.",1,2025-02-24,https://legiscan.com/OH/bill/HB128/2025
OH,1981553,,Limit ability to reallocate certain school property tax millage,"To amend sections 319.301, 323.32, 5705.01, 5705.03, 5705.194, and 5709.92 and to enact sections 5705.195, 5705.196, and 5705.197 of the Revised Code to generally include fixed-sum levies in the calculation of a school district's millage floor and to authorize, with limitations, school district fixed-sum levies.",4,2026-03-20,https://legiscan.com/OH/bill/HB129/2025
OH,1981138,,Regards Medicaid Estate Recovery Program notification requirement,To enact section 5162.213 of the Revised Code regarding notification requirements for the Medicaid Estate Recovery Program.,2,2025-05-07,https://legiscan.com/OH/bill/HB130/2025
OH,1981373,,"Prohibit law enforcement from using quotas for arrests, citations",To enact section 109.70 of the Revised Code to prohibit law enforcement agencies from using quotas for arrests and citations.,2,2025-05-28,https://legiscan.com/OH/bill/HB131/2025
OH,1981154,,Enact Philip Wigal's Law,"To amend sections 2903.06, 2903.08, 4508.02, and 4511.213 and to enact section 5501.28 of the Revised Code to increase penalties for failing to slow down or change lanes when approaching specified stationary vehicles, to increase penalties for vehicular homicide and vehicular assault resulting from that offense, and to name this act Philip Wigal's Law.",2,2025-10-29,https://legiscan.com/OH/bill/HB132/2025
OH,1981666,,Authorize tax credit - small employers with health reimbursement,"To amend sections 3901.21, 3901.22, 3937.19, and 5747.98 and to enact section 5747.87 of the Revised Code to authorize a nonrefundable income tax credit for small employers that cover their employees with an individual coverage health reimbursement arrangement and to prohibit certain acts or practices intended to steer an individual away from employer-provided insurance.",2,2025-06-04,https://legiscan.com/OH/bill/HB133/2025
OH,1984408,,Authorize home kitchen registration for sale of certain foods,"To amend sections 3715.01, 3715.021, 3715.022, 3715.023, and 3717.22 and to enact sections 3715.026 and 3715.21 of the Revised Code to authorize the sale of certain homemade foods under a microenterprise home kitchen operation registration.",2,2025-11-19,https://legiscan.com/OH/bill/HB134/2025
OH,1984377,,Prohibit source of income discrimination in rental housing,To amend sections 4112.01 and 4112.02 of the Revised Code to prohibit discrimination in rental housing based on lawful source of income.,1,2025-02-25,https://legiscan.com/OH/bill/HB135/2025
OH,1984361,,Prohibit sexual orientation or gender identity discrimination,"To amend sections 4112.01 and 4112.05 of the Revised Code to prohibit discrimination on the basis of sexual orientation or gender identity or expression, to add mediation as an informal method that the Ohio Civil Rights Commission may use, and to uphold existing religious exemptions under Ohio's Civil Rights Law.",1,2025-02-25,https://legiscan.com/OH/bill/HB136/2025
OH,1984250,,Permit tax authority to decline submitting certain levy to voters,To amend sections 3709.29 and 5705.23 of the Revised Code to authorize a taxing authority to decline to submit a requested library levy or general health district levy to voters.,1,2025-02-25,https://legiscan.com/OH/bill/HB137/2025
OH,1984952,,Authorize the creation of tourism promotion districts,"To enact sections 1787.01, 1787.02, 1787.03, 1787.04, 1787.05, 1787.06, 1787.07, 1787.08, 1787.09, 1787.10, 1787.11, 1787.12, and 1787.13 of the Revised Code to authorize the creation of tourism promotion districts and the levying of assessments therein.",1,2025-02-26,https://legiscan.com/OH/bill/HB138/2025
OH,1985439,,Require specified testing of fire hydrant systems,To enact section 3737.834 of the Revised Code to require specified testing of fire hydrant systems.,1,2025-02-26,https://legiscan.com/OH/bill/HB139/2025
OH,1985016,,Authorize the refundable thriving families tax credit,"To amend sections 5747.01, 5747.08, and 5747.98 and to enact section 5747.36 of the Revised Code to authorize the refundable thriving families tax credit for certain income taxpayers with dependents who are minor children.",1,2025-02-26,https://legiscan.com/OH/bill/HB140/2025
OH,1990654,,Regards prescribed pediatric extended care centers,"To enact sections 3724.01, 3724.02, 3724.03, 3724.04, 3724.05, 3724.06, 3724.07, 3724.08, 3724.09, 3724.10, 3724.99, 5164.27, and 5166.111 of the Revised Code regarding prescribed pediatric extended care centers.",2,2025-06-18,https://legiscan.com/OH/bill/HB141/2025
OH,1990590,,"Regards natural gas company rate plans, property valuation","To amend sections 4909.05, 4909.06, 4909.07, 4909.08, 4909.15, 4909.155, 4909.156, 4909.18, 4909.191, 4909.42, 4928.18, and 4929.041 and to enact sections 4903.30, 4929.052, 4929.053, 4929.054, 4929.055, 4929.056, 4929.057, 4929.058, 4929.059, and 4929.0510 of the Revised Code to allow for alternative rate plans for natural gas companies to serve large load customers and to make changes to the process of valuating natural gas company property.",1,2025-03-03,https://legiscan.com/OH/bill/HB142/2025
OH,1990531,,Authorize property tax exemption for certain long-term homeowners,"To amend sections 323.152, 323.153, 4503.065, and 4503.066 of the Revised Code to authorize an enhanced property tax homestead exemption for certain long-term homeowners.",1,2025-03-03,https://legiscan.com/OH/bill/HB143/2025
OH,1990771,,Enact Keith's Law regarding the communication disability database,"To amend sections 3304.23 and 5502.08 of the Revised Code to expand the communication disability database to include any person with a disability, to expand access to that database through countywide 9-1-1 systems, and to name this act ""Keith's Law"".",4,2026-01-19,https://legiscan.com/OH/bill/HB144/2025
OH,1990805,,Regards the minimum number of hours in a school year,To amend sections 3301.0732 and 3313.48 of the Revised Code regarding the minimum number of hours in a school year.,1,2025-03-03,https://legiscan.com/OH/bill/HB145/2025
OH,1990865,,Revise civil service status of certain county probation positions,To amend section 2301.27 of the Revised Code to change the civil service status of certain positions in a county probation department from classified to unclassified.,1,2025-03-03,https://legiscan.com/OH/bill/HB146/2025
OH,1990836,,Exempt from sales and use tax certain port authority materials,To amend sections 5739.02 and 5739.03 of the Revised Code to exempt from sales and use tax building materials sold to a contractor under a contract valued at $25 million or more for projects in areas with a port authority.,1,2025-03-03,https://legiscan.com/OH/bill/HB147/2025
OH,1990684,,"Establish tax refund designation for spaying, neutering pets",To amend sections 955.201 and 5747.113 and to enact section 955.202 of the Revised Code to establish an income tax refund designation to assist low-income individuals in spaying and neutering their pets.,2,2025-10-29,https://legiscan.com/OH/bill/HB148/2025
OH,1991483,,Enact Withholding Illegal Revenue Entering Drug Markets WIRED Act,"To amend section 5747.98 and to enact sections 1315.131, 5502.80, and 5747.87 of the Revised Code to levy a transfer fee on money transmissions, to authorize an income tax credit based on the amount of the transfer fees paid, and to name this act Ohio's Withholding Illegal Revenue Entering Drug Markets (WIRED) Act.",1,2025-03-04,https://legiscan.com/OH/bill/HB149/2025
OH,1991491,,Enact the Clock Out Kids Act,"To amend sections 4109.08, 4109.13, and 4109.99 of the Revised Code to enact the Clock Out Kids Act to require school employees to report certain minor labor law violations, to increase penalties for certain minor labor law violations, and to create the Minor Labor Law Enforcement Fund; and to make an appropriation.",1,2025-03-04,https://legiscan.com/OH/bill/HB150/2025
OH,1992163,,Allocate state revenue surplus to fund road and bridge projects,To amend section 131.44 and to enact section 5501.62 of the Revised Code and to amend Section 755.30 of H.B. 33 of the 135th General Assembly to codify it as section 5501.61 of the Revised Code to allocate a portion of any state revenue surplus to a program that funds certain road and bridge projects.,1,2025-03-05,https://legiscan.com/OH/bill/HB151/2025
OH,1992333,,Regulate the provision of earned wage access services,"To amend section 1321.21 and to enact sections 1320.01, 1320.02, 1320.03, 1320.04, 1320.05, 1320.06, 1320.07, 1320.08, 1320.09, and 1320.10 of the Revised Code to regulate the provision of earned wage access services.",1,2025-03-05,https://legiscan.com/OH/bill/HB152/2025
OH,1993625,,"Include state, district school board members on partisan ballot","To amend sections 3311.053, 3501.01, 3505.03, 3505.04, 3513.04, 3513.05, 3513.052, and 3513.19 and to repeal sections 3513.254, 3513.255, 3513.256, and 3513.259 of the Revised Code to require state and school district board members to be nominated by primary election and to appear on the ballot with a party designation.",1,2025-03-06,https://legiscan.com/OH/bill/HB153/2025
OH,1993693,,Require school district approval-certain property tax exemptions,To amend section 3735.67 of the Revised Code to require school district approval of residential community reinvestment area property tax exemptions.,1,2025-03-06,https://legiscan.com/OH/bill/HB154/2025
OH,1994000,,"Prohibit diversity, equity, and inclusion in public schools","To amend sections 3314.03, 3326.11, and 3328.24 and to enact section 3313.475 of the Revised Code to prohibit diversity, equity, and inclusion in public schools.",1,2025-03-06,https://legiscan.com/OH/bill/HB155/2025
OH,1993729,,Authorize a property tax freeze for certain owner-occupied homes,"To amend sections 323.152, 323.153, 323.158, 4503.06, 4503.066, 4503.067, 4503.068, 4503.069, and 4503.0610 and to enact section 4503.0612 of the Revised Code to authorize a property tax freeze for certain owner-occupied homes.",1,2025-03-06,https://legiscan.com/OH/bill/HB156/2025
OH,1993797,,Enact the Hunger-Free Campus Act,To enact section 3333.47 of the Revised Code to enact the Hunger-Free Campus Act to establish the Hunger-Free Campus Grant Program and designation and to make an appropriation.,1,2025-03-06,https://legiscan.com/OH/bill/HB157/2025
OH,1993965,,Enact the Consumer Utility Billing Transparency Act,"To enact section 4933.30 of the Revised Code to enact ""The Consumer Utility Billing Transparency Act"" requiring the itemization of all riders, taxes, and other costs on certain utility bills.",1,2025-03-06,https://legiscan.com/OH/bill/HB158/2025
OH,1993756,,Create the manufacturing technologies assistance grant program,To enact section 122.162 of the Revised Code to create the manufacturing technologies assistance grant program and to make an appropriation.,1,2025-03-06,https://legiscan.com/OH/bill/HB159/2025
OH,1993833,,"Revise liquor control, hemp, and adult-use marijuana laws","To amend sections 9.79, 519.21, 928.01, 928.03, 3376.07, 3796.01, 3796.02, 3796.03, 3796.05, 3796.06, 3796.07, 3796.09, 3796.10, 3796.12, 3796.13, 3796.14, 3796.15, 3796.17, 3796.18, 3796.19, 3796.20, 3796.21, 3796.22, 3796.23, 3796.24, 3796.27, 3796.28, 3796.29, 3796.30, 3796.31, 4735.18, 4796.25, 5502.01, 5502.13, 5502.14, 5713.30, 5739.21, and 5739.99; to enact sections 2953.321, 3796.04, 3796.062, 3796.221, 3796.32, 3796.33, 3796.99, and 5739.27; and to repeal sections 3780.01, 3780.02, 3780.03, 3780.04, 3780.05, 3780.06, 3780.07, 3780.08, 3780.09, 3780.10, 3780.11, 3780.12, 3780.13, 3780.14, 3780.15, 3780.16, 3780.17, 3780.18, 3780.19, 3780.20, 3780.21, 3780.22, 3780.23, 3780.24, 3780.25, 3780.26, 3780.27, 3780.28, 3780.29, 3780.30, 3780.31, 3780.32, 3780.33, 3780.34, 3780.35, 3780.36, 3780.90, 3780.99, and 3796.021 of the Revised Code to revise specified provisions of the liquor control, hemp, and adult-use marijuana laws and to levy taxes on marijuana.",1,2025-03-06,https://legiscan.com/OH/bill/HB160/2025
OH,2006376,,"Extend sales, use and local lodging taxes to short-term rentals","To amend sections 351.01, 351.021, 353.06, 5739.01, 5739.08, 5739.09, 5739.091, and 5741.01 of the Revised Code to extend sales and use taxes and local lodging taxes to short-term rentals and to require collection of those taxes by short-term rental platforms.",1,2025-03-12,https://legiscan.com/OH/bill/HB161/2025
OH,2006284,,Enact the My Child-My Chart Act,To enact section 3798.05 of the Revised Code related to medical records of minors and to name the act the My Child-My Chart Act.,2,2025-10-15,https://legiscan.com/OH/bill/HB162/2025
OH,2006114,,Enact the Enhanced Cybersecurity for SNAP Act of 2025,"To amend sections 5101.54 and 5101.542 and to enact section 5101.543 of the Revised Code to require Ohio's SNAP program to begin using chip-enabled EBT cards, to name this act the Enhanced Cybersecurity for SNAP Act of 2025, and to make an appropriation.",1,2025-03-12,https://legiscan.com/OH/bill/HB163/2025
OH,2006157,,Reinstate the Joint Education Oversight Committee,"To enact sections 103.44, 103.45, 103.46, 103.47, 103.48, 103.49, and 103.50 of the Revised Code and to repeal Section 733.40 of H.B. 166 of the 133rd General Assembly to reinstate the Joint Education Oversight Committee and to make an appropriation.",1,2025-03-12,https://legiscan.com/OH/bill/HB164/2025
OH,2006244,,Regards implicit bias training for licensed educators,"To amend sections 3314.03, 3326.11, and 3328.24 and to enact section 3319.2214 of the Revised Code regarding implicit bias training for licensed educators and to make an appropriation.",1,2025-03-12,https://legiscan.com/OH/bill/HB165/2025
OH,2006509,,Designate Harriet Tubman Day,"To enact section 5.2324 of the Revised Code to designate March 10 as ""Harriet Tubman Day.""",2,2025-04-30,https://legiscan.com/OH/bill/HB166/2025
OH,2006592,,Authorize tax credits for certain child care expenditures,"To amend sections 5725.98, 5726.98, 5729.98, 5747.98, and 5751.98 and to enact sections 5725.39, 5726.62, 5727.242, 5727.301, 5729.22, 5736.51, 5747.87, and 5751.56 of the Revised Code to authorize nonrefundable tax credits for certain employer-provided child care expenditures.",1,2025-03-12,https://legiscan.com/OH/bill/HB167/2025
OH,2006332,,Regards motivation or purpose to commit criminal child enticement,To amend sections 2905.05 and 2950.01 of the Revised Code to require that a person act with a sexual motivation or an unlawful purpose to commit the offense of criminal child enticement.,2,2025-06-18,https://legiscan.com/OH/bill/HB168/2025
OH,2006422,,Designate International Women's Day in Ohio,To enact section 5.42 of the Revised Code to designate March 8 as International Women's Day in Ohio.,1,2025-03-12,https://legiscan.com/OH/bill/HB169/2025
OH,2006069,,"Establish process to regulate carbon capture, storage technology","To amend sections 1509.33 and 1509.99 and to enact sections 1509.71, 1509.72, 1509.73, 1509.75, 1509.76, 1509.77, 1509.79, 5301.57, 5301.58, 5301.59, and 5301.60 of the Revised Code to establish a process to regulate carbon capture and storage technologies and the geologic sequestration of carbon dioxide for long-term storage.",2,2025-10-08,https://legiscan.com/OH/bill/HB170/2025
OH,2004898,,Designate CPT Louis John Speidel Memorial Highway,"To enact section 5534.673 of the Revised Code to designate a portion of State Route 28 in Clermont County as the ""CPT Louis John Speidel Memorial Highway.""",4,2026-02-04,https://legiscan.com/OH/bill/HB171/2025
OH,2004665,,Prohibit mental health service to minors without parental consent,"To amend sections 2151.461, 3129.03, 3313.473, 3798.07, and 3798.12 and to repeal section 5122.04 of the Revised Code to prohibit the provision of mental health services to minors without parental consent.",1,2025-03-12,https://legiscan.com/OH/bill/HB172/2025
OH,2005394,,Regards entities providing behind-the-meter utility services,"To amend sections 4905.02 and 5321.04 and to enact sections 4911.22, 4933.51, 4933.52, 4933.53, 4933.54, 4933.55, 4933.56, 4933.57, 4933.58, 4933.59, 4933.60, 4933.61, 4933.62, 4933.63, 4933.64, 4933.65, 4933.66, and 4933.68 of the Revised Code regarding submetered utility services.",2,2026-03-18,https://legiscan.com/OH/bill/HB173/2025
OH,2005226,,Enact the No Hungry Families Act,"To enact section 5101.548 of the Revised Code to establish a program to refund SNAP recipients who have been victims of electronic theft or fraud, to name this act the No Hungry Families Act, and to make an appropriation.",1,2025-03-12,https://legiscan.com/OH/bill/HB174/2025
OH,2004731,,Designate the Heartland Highway,"To enact section 5534.853 of the Revised Code to designate the portion of U.S. Route 24 in Ohio as the ""Heartland Highway.""",1,2025-03-12,https://legiscan.com/OH/bill/HB175/2025
OH,2005260,,Establish a universal regulatory sandbox program,"To enact sections 1357.01, 1357.02, 1357.03, 1357.04, 1357.05, 1357.06, 1357.07, 1357.08, 1357.09, 1357.10, 1357.11, and 1357.12 of the Revised Code to create a regulatory relief division within the common sense initiative office and to establish a universal regulatory sandbox program.",2,2026-03-25,https://legiscan.com/OH/bill/HB176/2025
OH,2009817,,"Allow motion for new trial, other relief based on new evidence","To amend sections 181.25, 2929.06, 2945.79, 2945.80, 2945.81, 2953.21, and 2953.23 and to enact section 2945.811 of the Revised Code to allow a person to file a motion for a new trial or a petition for postconviction relief if the person produces new evidence that would establish a strong probability of a different result at trial.",1,2025-03-17,https://legiscan.com/OH/bill/HB177/2025
OH,2009774,,Establish a supplemental benefit allotment for SNAP recipients,To enact section 5101.546 of the Revised Code to establish a supplemental benefit allotment for certain recipients of supplemental nutrition assistance program benefits and to make an appropriation.,1,2025-03-17,https://legiscan.com/OH/bill/HB178/2025
OH,2009737,,Create property tax reduction statewide screening system,To amend section 5703.21 and to enact section 5703.83 of the Revised Code to create a statewide screening system for certain property tax reductions and to make an appropriation.,1,2025-03-17,https://legiscan.com/OH/bill/HB179/2025
OH,2010890,,Bar adverse employment action against precinct election officials,"To enact section 3501.281 of the Revised Code to prohibit adverse employment actions against employees who are absent from work while serving as, or training to be, precinct election officials.",1,2025-03-18,https://legiscan.com/OH/bill/HB180/2025
OH,2010756,,Provide counsel to destitute defendants facing eviction,"To amend sections 120.521, 120.53, 1923.06, 1923.08, 3735.41, and 5321.17 and to enact sections 120.531 and 120.532 of the Revised Code to provide counsel to destitute defendants facing eviction and to make an appropriation.",1,2025-03-18,https://legiscan.com/OH/bill/HB181/2025
OH,2010767,,Prohibit public water system from adding fluoride to its water,To enact new section 6109.20 and to repeal section 6109.20 of the Revised Code to prohibit a public water system from adding fluoride to its water.,1,2025-03-18,https://legiscan.com/OH/bill/HB182/2025
OH,2010884,,Allow rearview mirror use instead of observer for water skiers,"To amend section 1547.15 of the Revised Code to allow an operator of a vessel to use a rearview mirror to observe water skiers, barefoot skiers, and others who are being towed by the vessel as an alternative to having an additional person in the vessel for observation purposes.",1,2025-03-18,https://legiscan.com/OH/bill/HB183/2025
OH,2010834,,Prescribe limitations on intercollegiate athlete contracts,"To amend sections 9.66, 126.65, 149.311, 718.13, 718.84, 3313.6028, 3315.063, 3327.017, 3333.133, 3333.97, 3345.89, 3376.01, 3379.10, 4503.44, 4506.11, 4507.05, 4507.21, 4507.23, 4771.12, 5104.32, 5104.53, 5165.26, 5502.262, 5525.17, 5709.40, 5709.41, 5709.73, and 5709.78; to amend, for the purpose of adopting a new section number as indicated in parentheses, section 126.65 (5502.75); and to enact sections 169.081, 3345.111, 3376.14, 4771.021, and 5709.511 of the Revised Code and to amend Sections 207.10, 207.20, 221.20, 243.20, and 343.10 of H.B. 96 of the 136th General Assembly, Sections 200.30 as subsequently amended, 221.10 as subsequently amended, 221.15 as subsequently amended, 229.10, and 373.15 as subsequently amended of H.B. 2 of the 135th General Assembly, and Section 265.550 of H.B. 33 of the 135th General Assembly as subsequently amended and to repeal Section 751.80 of H.B. 96 of the 136th General Assembly to make appropriations and to provide authorization and conditions for the operation of state programs.",4,2026-03-20,https://legiscan.com/OH/bill/HB184/2025
OH,2011530,,Regards an individual's persona usage; prohibit certain deepfakes,"To amend sections 2741.01, 2741.02, 2741.05, 2741.06, 2741.09, and 2905.11 and to enact sections 2742.01, 2742.02, 2742.03, and 2742.04 of the Revised Code to make changes to the law relating to the unauthorized use of an individual's persona and to prohibit certain unauthorized deepfake recordings.",1,2025-03-19,https://legiscan.com/OH/bill/HB185/2025
OH,2011498,,"Regards school district property taxes, school funding formula","To amend sections 319.301, 319.302, 323.08, 323.152, 323.155, 323.158, 4503.06, 4503.065, 4503.0610, 5715.16, and 5715.19 and to enact section 319.303 of the Revised Code to authorize a reduction in school district property taxes affected by a millage floor that would limit increases in such taxes according to inflation, to modify property tax reductions for residential property, to modify the process for certifying property tax abstracts, and to make an appropriation.",4,2026-03-20,https://legiscan.com/OH/bill/HB186/2025
OH,2011639,,Require school districts to provide a moment of silence each day,To amend section 3313.601 of the Revised Code to require rather than permit school districts to provide a moment of silence each school day.,1,2025-03-19,https://legiscan.com/OH/bill/HB187/2025
OH,2011482,,Create the Ohio Israel Trade and Innovation Partnership,To enact section 122.1712 of the Revised Code to create the Ohio Israel Trade and Innovation Partnership.,2,2025-11-05,https://legiscan.com/OH/bill/HB188/2025
OH,2011611,,Regards statewide school behavioral threat management process,"To amend sections 3313.669, 3314.03, 3326.11, 3328.24, and 5502.99 and to enact section 5502.264 of the Revised Code regarding a statewide behavioral threat management operational process for public and chartered nonpublic schools.",1,2025-03-19,https://legiscan.com/OH/bill/HB189/2025
OH,2013767,,Enact the Given Name Act,"To amend sections 3313.473, 3314.03, 3326.11, and 3328.24 and to enact section 3313.475 of the Revised Code to enact the Given Name Act regarding the use of gender pronouns in public schools.",1,2025-03-24,https://legiscan.com/OH/bill/HB190/2025
OH,2013766,,"Require school district, ESC teachers be paid at least $50,000","To amend sections 3317.14, 4117.10, 5126.24, and 5705.412; to enact new section 3317.13; and to repeal section 3317.13 of the Revised Code to require that all school district and educational service center teachers be paid a salary of at least $50,000.",1,2025-03-24,https://legiscan.com/OH/bill/HB191/2025
OH,2013772,,Enact the Community Pharmacy Protection Act,"To amend section 3902.50 and to enact sections 3902.75, 3902.76, and 3959.151 of the Revised Code to limit insurer accreditation requirements for pharmacies, to implement drug cost reporting requirements for pharmacy benefit managers, and to name this act the Community Pharmacy Protection Act.",1,2025-03-24,https://legiscan.com/OH/bill/HB192/2025
OH,2013770,,Regards Ohio ABLE accounts,"To amend sections 113.51, 113.53, and 113.56 of the Revised Code regarding Ohio ABLE accounts and to make an appropriation.",1,2025-03-24,https://legiscan.com/OH/bill/HB193/2025
OH,2013769,,Revise the Alcohol Franchise Law,To amend section 1333.82 of the Revised Code to revise the Alcohol Franchise Law.,1,2025-03-24,https://legiscan.com/OH/bill/HB194/2025
OH,2013768,,Revise the Ohio Uniform Commercial Code,"To amend sections 1301.101, 1301.102, 1301.103, 1301.104, 1301.105, 1301.106, 1301.201, 1301.204, 1301.205, 1301.206, 1301.301, 1301.302, 1301.304, 1301.305, 1301.306, 1302.01, 1302.02, 1302.04, 1302.05, 1302.06, 1302.08, 1302.12, 1303.01, 1303.03, 1303.41, 1303.69, 1304.51, 1304.56, 1304.57, 1304.58, 1304.62, 1304.63, 1304.65, 1304.66, 1304.72, 1305.03, 1305.15, 1307.102, 1307.106, 1308.01, 1308.02, 1308.05, 1308.17, 1308.24, 1309.102, 1309.104, 1309.105, 1309.203, 1309.204, 1309.207, 1309.208, 1309.209, 1309.210, 1309.301, 1309.304, 1309.305, 1309.310, 1309.312, 1309.313, 1309.314, 1309.316, 1309.317, 1309.323, 1309.324, 1309.330, 1309.331, 1309.332, 1309.334, 1309.341, 1309.404, 1309.406, 1309.408, 1309.509, 1309.513, 1309.601, 1309.605, 1309.608, 1309.611, 1309.613, 1309.614, 1309.615, 1309.616, 1309.619, 1309.620, 1309.621, 1309.624, 1309.628, 1310.01, 1310.02, 1310.05, 1310.08, 1310.09, 1310.10, 1310.12, 1310.15, and 1311.55 and to enact sections 1309.111, 1309.112, 1309.113, 1309.343, 1309.344, 1309.345, 1309.346, 1314.101, 1314.102, 1314.103, 1314.104, 1314.105, 1314.106, 1314.107, 1316.101, 1316.102, 1316.201, 1316.301, 1316.302, 1316.303, 1316.304, 1316.305, and 1316.306 of the Revised Code to make changes to the Ohio Uniform Commercial Code.",2,2025-11-05,https://legiscan.com/OH/bill/HB195/2025
OH,2013771,,"Regards candidate nomination protests, names on candidacy forms","To amend sections 3513.041, 3513.05, 3513.06, 3513.07, 3513.261, and 3513.271 and to enact section 3513.053 of the Revised Code to allow an elector who is not a member of a political party to protest a person's candidacy for that party's nomination on certain grounds and to provide space on candidacy forms for former names.",1,2025-03-24,https://legiscan.com/OH/bill/HB196/2025
OH,2013773,,Specify day of the presidential primary election,To amend section 3501.01 of the Revised Code to require a presidential primary election to be held on the first Tuesday after the first Monday in May.,1,2025-03-24,https://legiscan.com/OH/bill/HB197/2025
OH,2014768,,"Regulate manufacture, sale of inhalable, ingestible hemp products","To amend sections 928.01, 928.06, and 3719.01 and to enact sections 930.01, 930.02, 930.03, 930.04, 930.05, 930.06, 930.07, 930.08, 930.09, 930.10, 930.11, 930.12, 930.13, 930.14, 930.15, 930.16, 930.17, and 930.99 of the Revised Code to regulate the manufacture, distribution, and sale of inhalable and ingestible hemp products.",1,2025-03-25,https://legiscan.com/OH/bill/HB198/2025
OH,2014769,,"Revise law governing all-purpose vehicles, other utility vehicles","To amend sections 1531.01, 1533.01, 1533.103, 1533.18, 2131.12, 2131.13, 2744.01, 2911.21, 2921.331, 2923.16, 4501.01, 4501.13, 4503.01, 4503.038, 4503.04, 4503.10, 4503.191, 4503.312, 4504.01, 4505.01, 4505.06, 4505.09, 4505.11, 4510.036, 4511.01, 4511.214, 4511.713, 4513.02, 4513.221, 4513.263, 4517.01, 4519.01, 4519.02, 4519.03, 4519.031, 4519.04, 4519.05, 4519.08, 4519.09, 4519.10, 4519.11, 4519.20, 4519.21, 4519.22, 4519.401, 4519.41, 4519.42, 4519.43, 4519.44, 4519.45, 4519.46, 4519.47, 4519.48, 4519.511, 4519.512, 4519.52, 4519.521, 4519.53, 4519.54, 4519.55, 4519.551, 4519.56, 4519.57, 4519.58, 4519.59, 4519.60, 4519.61, 4519.62, 4519.63, 4519.631, 4519.64, 4519.65, 4519.66, 4519.67, 4519.68, 4519.69, 4519.70, 5553.044, 5739.02, and 5815.36; to enact new section 4519.40 and sections 4519.041, 4519.23, 4519.402, 4519.403, and 4519.99; and to repeal sections 4511.215, 4511.216, and 4519.40 of the Revised Code to make changes to the laws governing all-purpose vehicles, off-highway motorcycles, snowmobiles, utility vehicles, and mini-trucks.",1,2025-03-25,https://legiscan.com/OH/bill/HB199/2025
OH,2014763,,Enact the America First Act,"To amend sections 2909.30, 2929.15, 2929.16, 2929.17, 2929.25, 5747.50, 5747.502, 5747.51, and 5747.53; to amend, for the purpose of adopting a new section number as indicated in parentheses, section 2909.30 (2965.03); and to enact sections 2965.01, 2965.02, 2965.04, 2965.05, 2965.06, 5747.504, and 5747.505 of the Revised Code to enact the America First Act to prohibit a person who is unlawfully present in the United States from entering or being present in Ohio, to require law enforcement agencies and detention facilities to cooperate in the enforcement of federal immigration laws, and to withhold state local government funds from a subdivision that does not abide by the act.",1,2025-03-25,https://legiscan.com/OH/bill/HB200/2025
OH,2015532,,Allow specified hunting on landowner's property without a permit,"To amend sections 1533.10, 1533.11, and 1533.111 of the Revised Code to allow a resident landowner's parents and grandchildren to hunt on the landowner's property without obtaining a hunting license, deer permit, wild turkey permit, or fur taker permit.",1,2025-03-26,https://legiscan.com/OH/bill/HB201/2025
OH,2015530,,Establish Joint Legislative Information Technology Oversight Comm,"To amend section 9.27 and to enact sections 101.37, 125.074, and 126.024 of the Revised Code to establish the Joint Legislative Information Technology Oversight Committee and to expressly authorize state procurement of services and supplies through online marketplaces.",1,2025-03-26,https://legiscan.com/OH/bill/HB202/2025
OH,2015533,,Enact Aspen Runnels' Law,"To amend sections 2903.06, 2903.08, 2903.081, 4511.01, 4511.132, 4511.20, 4511.202, 4511.204, 4511.205, 4511.21, 4511.25, 4511.251, 4511.26, 4511.27, 4511.28, 4511.29, 4511.30, 4511.31, 4511.32, 4511.33, 4511.34, 4511.35, 4511.36, 4511.37, 4511.38, 4511.39, 4511.41, 4511.42, 4511.43, 4511.431, 4511.44, 4511.441, 4511.46, 4511.54, 4511.60, 4511.711, 4511.712, and 5501.27 and to enact section 4510.039 of the Revised Code to increase penalties for vehicular assault and vehicular homicide within an active school zone, to allow a court to impose doubled fines for specified traffic violations in portions of an active school zone, and to name this act Aspen Runnels' Law.",2,2026-03-25,https://legiscan.com/OH/bill/HB203/2025
OH,2015531,,Designate 6888th Central Postal Directory Battalion Day,"To enact section 5.212 of the Revised Code to designate March 9th as ""6888th Central Postal Directory Battalion Day.""",2,2025-05-28,https://legiscan.com/OH/bill/HB204/2025
OH,2018033,,Enact the Future Educators Support Act,"To enact sections 3301.24, 3301.82, 3319.70, 3345.83, and 6301.113 of the Revised Code to enact the Future Educators Support Act regarding financial support for student teachers, teaching as an in-demand job, and school district staffing surveys.",1,2025-03-31,https://legiscan.com/OH/bill/HB205/2025
OH,2017985,,Establish a transactional currency based on gold and silver,"To enact sections 113.81, 113.82, 113.83, 113.84, 113.85, 113.86, 113.87, 113.88, 113.89, and 113.90 of the Revised Code to establish a transactional currency based on gold and silver held in a bullion depository approved by the treasurer of state.",1,2025-03-31,https://legiscan.com/OH/bill/HB206/2025
OH,2018293,,Designate Male Wellness Month and Take Your Dad to the Doctor Day,"To enact sections 5.2322 and 5.2323 of the Revised Code to designate June as ""Male Wellness Month"" and the third Monday in June as ""Take Your Dad to the Doctor and Dentist Day"" (DAD) Day) and to name this act the Male Wellness Month Act.",2,2025-06-18,https://legiscan.com/OH/bill/HB207/2025
OH,2018132,,Enact the Courtroom Employee Protection Act,"To amend section 2903.13 of the Revised Code to enact the Courtroom Employee Protection Act to increase the penalty for assault when the victim is a judge, magistrate, prosecutor, or court official or employee.",1,2025-03-31,https://legiscan.com/OH/bill/HB208/2025
OH,2018259,,"Exempt tips from state, municipal, school district income taxes","To amend sections 718.01, 5747.01, and 5748.01 of the Revised Code to exempt tips from state, municipal, and school district income taxes.",1,2025-03-31,https://legiscan.com/OH/bill/HB209/2025
OH,2018059,,Regards the sale of used catalytic converters,"To amend sections 2913.02, 2913.51, 4737.012, 4737.04, 4737.041, 4737.043, 4737.045, 4737.99, 4738.03, 4738.07, 4738.12, and 4775.09 and to enact sections 4737.046 and 4737.98 of the Revised Code regarding the sale of used catalytic converters.",2,2025-06-04,https://legiscan.com/OH/bill/HB210/2025
OH,2018272,,Require consideration of caretaker status in criminal cases,"To amend sections 2929.19, 2951.03, and 2951.041 of the Revised Code to require a court to consider an offender's status as a primary caretaker of a child in determining whether the offender is amenable to a community control sanction or to intervention in lieu of conviction.",1,2025-03-31,https://legiscan.com/OH/bill/HB211/2025
OH,2018081,,Allow eligible homeowners to defer property tax payment,"To amend sections 319.202, 319.302, 323.155, 323.158, 4503.0610, and 5323.02 and to enact sections 323.21 and 323.22 of the Revised Code to allow eligible homeowners to defer the payment of a portion of their property taxes.",1,2025-03-31,https://legiscan.com/OH/bill/HB212/2025
OH,2017975,,Designate Tuscarawas Valley Memorial Highway,"To enact section 5534.926 of the Revised Code to designate a portion of Interstate 70 in Licking County as the ""Tuscarawas Valley Memorial Highway.""",2,2025-11-12,https://legiscan.com/OH/bill/HB213/2025
OH,2019199,,"Require Medicaid, health insurers report on prior authorization","To amend sections 1751.72, 3923.041, and 5160.34 and to enact section 5160.341 of the Revised Code to require the Medicaid program and certain health insurers to report data about prior authorization requirements and to require an exemption to such requirements for certain providers.",1,2025-04-01,https://legiscan.com/OH/bill/HB214/2025
OH,2018955,,Prohibit property tax levies from taking effect in current year,To amend section 323.131 and to enact section 5705.17 of the Revised Code to prohibit most property tax levies submitted at a general election from taking effect in the current tax year.,1,2025-04-01,https://legiscan.com/OH/bill/HB215/2025
OH,2018983,,Enact A HAND UP Act,"To establish the 'A HAND UP' pilot program, to designate this act as the Actionable Help And New Dignity for Upward Progression (A HAND UP) Act, and to make an appropriation.",1,2025-04-01,https://legiscan.com/OH/bill/HB216/2025
OH,2019092,,Enact the Finding and Identifying with NamUs Data (FIND) Act,"To amend sections 2901.30, 2901.41, and 2901.42 and to enact section 109.5731 of the Revised Code to enact Andy Chapman's Act to require law enforcement agencies to enter information relating to a report of a missing person in the national missing and unidentified persons system (NamUs).",2,2026-03-25,https://legiscan.com/OH/bill/HB217/2025
OH,2018891,,Allow liquor permit holders to discount dealcoholized wine,To amend section 4301.13 of the Revised Code to allow retail liquor permit holders to offer a discount on dealcoholized wine under specified circumstances.,1,2025-04-01,https://legiscan.com/OH/bill/HB218/2025
OH,2019181,,Establish network adequacy standards for health insurers,To enact section 3901.93 of the Revised Code to establish network adequacy standards for health insurers.,1,2025-04-01,https://legiscan.com/OH/bill/HB219/2025
OH,2018948,,"Regards health insurance, Medicaid prior authorization","To amend sections 1751.72, 3923.041, and 5160.34 of the Revised Code regarding health insurance and Medicaid program prior authorization requirements.",2,2026-03-25,https://legiscan.com/OH/bill/HB220/2025
OH,2019119,,Designate Arab American Heritage Month,"To enact section 5.266 of the Revised Code to designate April as ""Arab American Heritage Month.""",1,2025-04-01,https://legiscan.com/OH/bill/HB221/2025
OH,2021161,,Revise solid waste and construction and demolition debris laws,"To amend sections 343.01, 343.011, 343.012, 343.022, 343.08, 3714.07, 3714.073, 3734.521, 3734.53, 3734.56, 3734.57, and 3734.574 and to enact section 3734.522 of the Revised Code to make changes to the laws governing the transfer and disposal of solid waste and construction and demolition debris and to provide for new procedures governing a county's withdrawal from a joint solid waste management district.",1,2025-04-07,https://legiscan.com/OH/bill/HB222/2025
OH,2021061,,Prohibit government purchase of foreign-made US flag,To enact section 125.03 of the Revised Code to prohibit the state or a political subdivision from purchasing a United States or Ohio flag that was not made in the United States.,1,2025-04-07,https://legiscan.com/OH/bill/HB223/2025
OH,2021229,,Regulate the practice of certified and licensed midwives,"To amend sections 3701.351, 3702.30, 4723.01, 4723.02, 4723.03, 4723.06, 4723.07, 4723.08, 4723.271, 4723.28, 4723.282, 4723.33, 4723.34, 4723.341, 4723.35, 4723.41, 4723.43, 4723.431, 4723.432, 4723.481, 4723.483, 4723.487, 4723.488, 4723.4810, 4723.4811, 4723.50, 4723.91, 4723.99, 4731.22, and 4731.27 and to enact sections 5.2322, 4723.53, 4723.54, 4723.55, 4723.551, 4723.56, 4723.57, 4723.58, 4723.581, 4723.582, 4723.583, 4723.584, 4723.59, 4723.60, 4724.01, 4724.02, 4724.03, 4724.04, 4724.05, 4724.06, 4724.07, 4724.08, 4724.09, 4724.10, 4724.11, 4724.12, 4724.13, 4724.14, and 4724.99 of the Revised Code to regulate the practice of certified nurse-midwives, certified midwives, and licensed midwives and to designate May 5th as the ""Day of the Midwife.""",1,2025-04-07,https://legiscan.com/OH/bill/HB224/2025
OH,2021211,,Phase out subminimum wage for individuals with disabilities,"To amend sections 4111.06, 4111.14, 5122.28, 5123.022, 5123.023, 5123.87, 5747.98, and 5751.98 and to enact sections 3304.45, 4111.061, 5747.87, and 5751.56 of the Revised Code to phase out the subminimum wage for individuals with physical or mental disabilities, to authorize a tax credit for purchases made from nonprofit corporations that hire such individuals, and to name this act the Ohio Employment First and Greater Opportunities for Persons with Disabilities Act.",1,2025-04-07,https://legiscan.com/OH/bill/HB225/2025
OH,2021183,,Require application stores to offer parental control options,To enact section 1349.07 of the Revised Code to require application stores to offer parental control options and to obtain parental consent before permitting individuals under 16 years of age to download certain applications.,1,2025-04-07,https://legiscan.com/OH/bill/HB226/2025
OH,2021088,,Modify excavation requirements,"To amend sections 153.64, 3781.25, 3781.26, 3781.261, 3781.27, 3781.271, 3781.28, 3781.29, 3781.30, and 4913.01 of the Revised Code to modify excavation requirements.",4,2026-06-09,https://legiscan.com/OH/bill/HB227/2025
OH,2021109,,Designate SSG Jack W. Coy Veterans Memorial Highway,"To enact section 5534.617 of the Revised Code to designate a portion of I-280 in Lucas County as the ""SSG Jack W. Coy Veterans Memorial Highway.""",2,2025-05-14,https://legiscan.com/OH/bill/HB228/2025
OH,2022225,,"Establish licensing process, contract requirements for PBMs","To amend sections 1751.92, 3905.24, 3923.87, 3959.01, 3959.111, 3959.12, and 3959.20; to amend, for the purpose of adopting new section numbers as indicated in parentheses, sections 3959.111 (3957.25), 3959.20 (3957.26), and 3959.22 (3957.27); and to enact sections 3957.01, 3957.02, 3957.03, 3957.04, 3957.05, 3957.06, 3957.07, 3957.08, 3957.09, 3957.10, 3957.11, 3957.12, 3957.13, 3957.14, 3957.15, 3957.16, and 3957.99 of the Revised Code to establish a stand-alone licensing process and new contractual requirements for pharmacy benefit managers.",3,2026-03-04,https://legiscan.com/OH/bill/HB229/2025
OH,2022125,,Revise the joint venture title insurance company law,"To amend sections 3953.01, 3953.21, 3953.26, and 3953.331; to enact new section 3953.36; and to repeal section 3953.36 of the Revised Code to amend the law related to joint venture title insurance companies.",1,2025-04-09,https://legiscan.com/OH/bill/HB230/2025
OH,2024078,,Enact the Paid Parental Leave Act,To amend section 5747.98 and to enact section 5747.74 of the Revised Code to create an income tax credit for employers that provide paid parental leave and to name this act the Paid Parental Leave Act.,1,2025-04-15,https://legiscan.com/OH/bill/HB231/2025
OH,2024059,,Modify the law governing certain property tax complaints,To amend sections 5715.19 and 5717.01 of the Revised Code to modify the law governing certain property tax complaints.,1,2025-04-15,https://legiscan.com/OH/bill/HB232/2025
OH,2024044,,Require elector citizenship verification; revise election law,"To amend sections 303.12, 303.59, 307.94, 3501.01, 3501.38, 3501.381, 3501.39, 3503.13, 3503.14, 3503.15, 3503.151, 3503.152, 3503.153, 3503.16, 3503.19, 3503.20, 3503.21, 3503.33, 3505.181, 3505.182, 3505.183, 3505.20, 3509.02, 3509.03, 3509.04, 3509.05, 3509.051, 3509.06, 3509.07, 3509.08, 3509.09, 3511.02, 3511.04, 3511.05, 3511.09, 3511.11, 3511.14, 3513.07, 3513.261, 3517.01, 3517.12, 3519.02, 3519.05, 3519.16, 3599.12, and 3599.21 and to enact sections 3503.201, 3503.202, and 3511.052 of the Revised Code to require verification of an elector's citizenship before the elector may vote and to modify procedures regarding voter registration, voter roll maintenance, absent voting, and election petitions.",1,2025-04-15,https://legiscan.com/OH/bill/HB233/2025
OH,2024026,,Designate Cpl. Robert Dockstader Memorial Highway,"To enact section 5534.607 of the Revised Code to designate a portion of State Route 2 in Ottawa County as the ""Cpl. Robert Dockstader Memorial Highway.""",1,2025-04-15,https://legiscan.com/OH/bill/HB234/2025
OH,2023977,,Authorize tax credit for handgun training and firearms storage,To amend sections 5747.08 and 5747.98 and to enact sections 5747.87 and 5747.88 of the Revised Code to authorize a nonrefundable income tax credit for the cost of handgun training and firearms storage and locking devices.,1,2025-04-15,https://legiscan.com/OH/bill/HB235/2025
OH,2024119,,Regards crimes committed while masked or disguised,"To amend sections 2152.17, 2911.21, 2917.02, and 2929.14 and to enact sections 2917.10 and 2941.1427 of the Revised Code to prohibit masked harassment and masked trespassing, to modify the offense of aggravated riot when the offender is wearing a mask or disguise or is otherwise concealing or attempting to conceal the offender's face, and to require an additional prison term of one year for an offender who is convicted of or pleads guilty to a felony if the offender is convicted of or pleads guilty to a specification that the offender wore a mask or disguise or otherwise concealed or attempted to conceal the offender's face in commission of the offense.",1,2025-04-15,https://legiscan.com/OH/bill/HB236/2025
OH,2024786,,Protect assisted reproduction care,"To enact sections 2305.2312, 3732.01, 3732.02, 3732.03, 3732.04, 3732.05, 3732.06, 3732.08, 3732.09, 3732.11, 3732.13, and 3732.14 of the Revised Code to protect assisted reproduction care.",1,2025-04-17,https://legiscan.com/OH/bill/HB237/2025
OH,2024752,,Establish specified parking requirements,To amend sections 4521.01 and 4521.08 and to enact section 4521.20 of the Revised Code to establish specified parking requirements.,1,2025-04-17,https://legiscan.com/OH/bill/HB238/2025
OH,2024770,,Designate National Library Week,To enact section 5.266 of the Revised Code to designate the second week of April as National Library Week.,1,2025-04-17,https://legiscan.com/OH/bill/HB239/2025
OH,2024777,,Enact Avery's Law,"To amend sections 955.11, 955.22, 955.222, 955.54, 955.99, and 956.99 and to enact sections 955.13, 955.60, and 956.25 of the Revised Code to make changes to the laws governing dogs and other companion animals and to name this act Avery's Law.",1,2025-04-17,https://legiscan.com/OH/bill/HB240/2025
OH,2024745,,"Regards dog quarantine, disposition hearing, after a dog attack","To amend section 955.222 and to enact section 955.13 of the Revised Code to require a 10-day quarantine period for a dog following an attack and to require a court, under certain circumstances, to hold a hearing to determine the dog's disposition.",1,2025-04-17,https://legiscan.com/OH/bill/HB241/2025
OH,2026102,,"Authorize tax credit for dog spaying, neutering, or training",To amend sections 5747.08 and 5747.98 and to enact section 5747.87 of the Revised Code to authorize a nonrefundable income tax credit for having a dog spayed or neutered or for completing a dog training course.,1,2025-04-23,https://legiscan.com/OH/bill/HB242/2025
OH,2026075,,"Designate Dolores Huerta, Cesar Chavez Ohio Community Service Day","To enact section 5.212 of the Revised Code to designate April 5th as ""Dolores Huerta and Cesar Chavez Ohio Community Service Day.""",1,2025-04-23,https://legiscan.com/OH/bill/HB243/2025
OH,2026013,,Designate Women's History Month,To enact section 5.56 of the Revised Code to designate March as Women's History Month.,2,2025-06-11,https://legiscan.com/OH/bill/HB244/2025
OH,2026044,,Regards Ohio parenting and pregnancy program services,"To amend sections 3125.18, 5101.35, 5101.80, 5101.801, 5101.804, 5101.805, and 5153.16 and to amend, for the purpose of adopting a new section number as indicated in parentheses, section 5101.804 (5101.91) of the Revised Code regarding services provided through the Ohio parenting and pregnancy program.",1,2025-04-23,https://legiscan.com/OH/bill/HB245/2025
OH,2027155,,Require certain construction industry employers to use E-verify,"To enact sections 4151.01, 4151.02, 4151.03, 4151.04, 4151.05, 4151.06, and 4151.07 of the Revised Code to enact the E-Verify Workforce Integrity Act requiring certain construction industry employers to use E-verify and to sanction specified hiring practices in the industry.",4,2026-03-20,https://legiscan.com/OH/bill/HB246/2025
OH,2027088,,"Revise dog law, including dangerous and vicious dogs","To amend sections 304.02, 304.03, 715.23, 901.80, 935.03, 955.01, 955.011, 955.012, 955.02, 955.03, 955.04, 955.05, 955.06, 955.07, 955.10, 955.11, 955.12, 955.121, 955.14, 955.16, 955.20, 955.22, 955.221, 955.222, 955.26, 955.261, 955.40, 955.43, 955.44, 955.50, 955.54, 959.132, 1533.12, 1901.18, 1907.031, 2913.01, and 2921.321; to amend, for the purpose of adopting new section numbers as indicated in parentheses, sections 955.01 (955.02), 955.011 (955.021), 955.012 (955.022), 955.013 (955.023), 955.02 (955.01), 955.09 (955.08), 955.10 (955.09), 955.22 (955.24), 955.221 (955.10), 955.222 (955.23), and 955.40 (955.262); to enact new sections 955.21 and 955.22 and sections 955.024, 955.60, and 955.61; and to repeal sections 955.08, 955.21, 955.23, 955.24, 955.25, 955.39, 955.51, 955.52, 955.53, and 955.99 of the Revised Code to make changes to the laws governing dogs, including dangerous and vicious dogs, and to name this act Avery's Law.",4,2026-03-20,https://legiscan.com/OH/bill/HB247/2025
OH,2027110,,Revise the Auditor of State law,"To amend sections 9.35, 117.11, 117.38, 117.44, 127.16, 149.10, 149.30, 169.13, 306.43, 307.86, 308.13, 317.06, 317.20, 319.04, 321.03, 501.09, 501.11, 507.12, 703.34, 731.14, 731.141, 733.81, 735.05, 749.31, 1533.13, 3313.27, 3314.011, 3315.18, 3315.181, 3317.035, 3318.48, 3328.16, 3375.39, 3375.92, 3381.11, 3709.15, 3717.071, 5117.12, 5310.06, 5705.12, 5705.121, 5923.30, and 6101.55 and to repeal sections 117.113, 117.251, 117.441, 117.51, 501.03, 3314.50, 4115.31, 4115.32, 4115.33, 4115.34, 4115.35, and 4115.36 of the Revised Code to make various changes regarding the Auditor of State.",1,2025-04-29,https://legiscan.com/OH/bill/HB248/2025
OH,2027174,,Enact the Indecent Exposure Modernization Act,"To amend sections 2907.09, 2907.39, and 4301.25 of the Revised Code to enact the Indecent Exposure Modernization Act.",2,2026-03-25,https://legiscan.com/OH/bill/HB249/2025
OH,2027173,,Enact the Ohio Anti-Corruption Act,"To amend sections 3517.01, 3517.08, 3517.10, 3517.102, 3517.105, 3517.106, 3517.107, 3517.13, 3599.03, 3921.22, and 4503.03 of the Revised Code to modify the campaign finance law and to name this act the Ohio Anti-Corruption Act.",1,2025-04-29,https://legiscan.com/OH/bill/HB250/2025
OH,2027568,,Regards drone use by law enforcement; aviation facilities,"To amend sections 4561.01 and 4561.11 and to enact sections 4561.60, 4561.61, 4561.62, 4561.63, and 4561.64 of the Revised Code to establish requirements related to the use of an unmanned aerial vehicle by law enforcement and to expressly incorporate additional aviation facilities into the Aeronautics Law.",2,2025-11-12,https://legiscan.com/OH/bill/HB251/2025
OH,2027548,,"Modify offenses of burglary, breaking and entering, and trespass","To amend sections 2901.01, 2911.11, 2911.12, and 2923.132 of the Revised Code to modify the offenses of burglary, aggravated burglary, and trespass in a habitation when a person is present or likely to be present.",2,2026-03-25,https://legiscan.com/OH/bill/HB252/2025
OH,2027498,,License advanced practice respiratory therapists,"To amend sections 2305.234, 2925.01, 2925.23, 2925.55, 2925.56, 3701.048, 3701.74, 3715.872, 3719.121, 3719.13, 3719.81, 4729.01, 4729.51, 4731.22, 4731.2210, 4731.25, 4743.09, 4755.48, 4761.01, 4761.03, 4761.032, 4761.06, 4761.061, 4761.07, 4761.09, 4761.13, 4761.14, 4761.17, 4761.30, 4761.99, 4765.51, 4769.01, 5123.47, 5164.95, and 5903.12 and to enact sections 4761.033, 4761.20, 4761.21, 4761.31, 4761.311, 4761.32, 4761.33, 4761.34, 4761.35, 4761.36, 4761.37, 4761.38, 4761.39, 4761.391, 4761.40, 4761.41, 4761.42, 4761.44, 4761.45, 4761.46, and 4761.49 of the Revised Code to license advanced practice respiratory therapists.",2,2025-11-12,https://legiscan.com/OH/bill/HB253/2025
OH,2029316,,"Increase education, awareness of Alzheimer's disease and dementia","To enact section 3701.147 of the Revised Code to increase education, awareness, and understanding of cognitive impairment, Alzheimer's disease, and other types of dementia.",1,2025-05-06,https://legiscan.com/OH/bill/HB254/2025
OH,2029300,,Create the Ohio Sports Commission,"To enact sections 122.97, 122.971, and 122.972 of the Revised Code to create the Ohio Sports Commission.",1,2025-05-06,https://legiscan.com/OH/bill/HB255/2025
OH,2029208,,Revise the law regarding child custody for unwed parents,To amend section 3109.042 of the Revised Code to make changes to the law regarding child custody for unwed parents.,1,2025-05-06,https://legiscan.com/OH/bill/HB256/2025
OH,2029199,,Enact the Ohio Medical Debt Fairness Act,"To amend sections 1343.01, 1343.03, 1349.01, 2716.02, 2716.03, and 4712.01 and to enact section 1349.54 of the Revised Code to limit the rate of interest on medical debt, to prohibit reporting medical debt to a consumer reporting agency, and to name this act the Ohio Medical Debt Fairness Act.",1,2025-05-06,https://legiscan.com/OH/bill/HB257/2025
OH,2029414,,"Require notice before driver's license expires, instead of after",To amend sections 4503.10 and 4507.09 of the Revised Code to modify the law governing motor vehicle driver's license expiration notifications.,2,2025-10-29,https://legiscan.com/OH/bill/HB258/2025
OH,2030604,,Designate Captain Joshua Michael McClimans Memorial Highway,"To enact section 5534.609 of the Revised Code to designate a portion of State Route 241 in Summit County as the ""Captain Joshua Michael McClimans Memorial Highway.""",2,2025-10-01,https://legiscan.com/OH/bill/HB259/2025
OH,2030647,,Regards courts and court procedures,"To amend sections 1901.021, 1901.14, 1901.22, 1907.20, 2111.011, 2307.23, 2317.02, 2317.021, 2939.03, 2939.06, 2943.02, 2945.51, 2945.52, 2945.53, and 2945.54 and to repeal sections 1901.16, 1901.41, 1907.21, 1907.231, 2101.12, 2101.121, 2101.14, 2101.141, 2301.141, 2317.03, 2317.42, 2939.02, 2939.20, 2941.021, 2943.04, 2945.30, 2945.31, 2945.33, 2945.34, 2945.41, and 2945.50 of the Revised Code relative to courts and court procedures.",2,2025-10-08,https://legiscan.com/OH/bill/HB260/2025
OH,2030642,,Increase the amount of the standard homestead exemption,To amend sections 323.152 and 4503.065 of the Revised Code to increase the amount of the standard homestead exemption.,1,2025-05-13,https://legiscan.com/OH/bill/HB261/2025
OH,2030656,,Designate Natural Family Month,"To enact section 5.2541 of the Revised Code to designate the weeks between Mother's Day and Father's Day as ""Natural Family Month.""",1,2025-05-13,https://legiscan.com/OH/bill/HB262/2025
OH,2030637,,"Cap cost sharing for prescription insulin drugs, diabetes devices","To enact section 3902.65 of the Revised Code to cap cost sharing for prescription insulin drugs, diabetes devices, and diabetic ketoacidosis devices.",1,2025-05-13,https://legiscan.com/OH/bill/HB263/2025
OH,2030631,,Prohibit certain publications during 30 days before an election,To amend section 9.03 of the Revised Code to prohibit certain government publications concerning candidates or ballot issues during the 30 days before an election.,1,2025-05-13,https://legiscan.com/OH/bill/HB264/2025
OH,2030579,,Regulate resellers of public utility services as public utilities,To amend sections 4905.02 and 4905.03 of the Revised Code to regulate resellers of public utility services as public utilities.,1,2025-05-13,https://legiscan.com/OH/bill/HB265/2025
OH,2030625,,Authorize temporary property tax credit for certain homesteads,"To amend sections 323.152, 323.153, and 323.156 of the Revised Code to authorize a temporary property tax credit for certain continuously owned homesteads.",1,2025-05-13,https://legiscan.com/OH/bill/HB266/2025
OH,2030659,,"Regards creation, display of veterans benefit and services poster",To enact section 4113.13 of the Revised Code regarding the creation and display of a poster containing information on benefits and services for veterans.,1,2025-05-13,https://legiscan.com/OH/bill/HB267/2025
OH,2030595,,Regards filing for certificate of qualification for employment,To amend section 2953.25 of the Revised Code to modify when a person may file a petition for a certificate of qualification for employment.,2,2025-10-29,https://legiscan.com/OH/bill/HB268/2025
OH,2030589,,Regards success sequence and character education curriculum,"To amend sections 3313.60, 3314.03, 3326.11, and 3328.24 and to enact sections 3301.0717 and 3313.6031 of the Revised Code regarding success sequence and character education curriculum.",1,2025-05-13,https://legiscan.com/OH/bill/HB269/2025
OH,2030661,,Adopt Superman as the official superhero of the state,To enact section 5.079 of the Revised Code to adopt Superman as the official superhero of the state.,1,2025-05-13,https://legiscan.com/OH/bill/HB270/2025
OH,2030650,,Enact Breast Examination and Screening Transformation (BEST) Act,"To amend sections 1751.62, 3923.52, 3923.53, 5162.20, and 5164.08 of the Revised Code to revise the law governing insurance and Medicaid coverage of breast cancer screenings and examinations and to name this act the Breast Examination and Screening Transformation Act, or BEST Act.",1,2025-05-13,https://legiscan.com/OH/bill/HB271/2025
OH,2030613,,"Regards food dyes, PFAS, fluoride, and certain substance releases","To amend sections 3704.99 and 6109.20 and to enact sections 3704.21, 3715.591, 3745.61, 3745.62, 3745.63, 3745.64, 3745.65, 3745.66, and 3745.67 of the Revised Code to prohibit the use of certain food dyes and additives, the release of substances into the atmosphere for certain purposes, and intentionally added PFAS in various products, to revise the law governing fluoride, and to name this act the Protecting Utility and Resources for Enhanced Living, Improved Food, and Environment Act.",1,2025-05-13,https://legiscan.com/OH/bill/HB272/2025
OH,2030611,,Modify certain property tax rollbacks,"To amend sections 319.302, 323.152, and 4503.06 of the Revised Code to modify the computation of the owner-occupancy property tax rollback and the applicability of the nonbusiness property tax rollback.",1,2025-05-13,https://legiscan.com/OH/bill/HB273/2025
OH,2031445,,Require local government firefighting and EMS; create grants,To enact sections 9.51 and 9.511 of the Revised Code to require townships and municipal corporations to provide firefighting services and emergency medical services and to establish the Fire and EMS Shared Services Reimbursement Grant Program.,1,2025-05-14,https://legiscan.com/OH/bill/HB274/2025
OH,2031530,,Designate Deputy Sheriff Daniel Kin Memorial Highway,"To enact section 5534.444 of the Revised Code to designate a portion of State Route 53 in Wyandot County as the ""Deputy Sheriff Daniel Kin Memorial Highway.""",2,2025-10-15,https://legiscan.com/OH/bill/HB275/2025
OH,2031459,,Prohibit certain actions re: reimbursing 340B covered entities,"To amend sections 3902.50 and 3902.70; to amend, for the purpose of adopting a new section number as indicated in parentheses, section 3902.72 (3902.75); and to enact new section 3902.72 of the Revised Code to prohibit drug manufacturers from taking certain actions regarding reimbursements made to 340B covered entities.",1,2025-05-14,https://legiscan.com/OH/bill/HB276/2025
OH,2031508,,Regards employment status of health care workers,"To amend sections 4111.03, 4111.14, 4113.15, 4121.01, 4123.01, 4141.01, and 5747.01 and to enact section 4113.87 of the Revised Code to specify that a health care worker is not the employee of a health care worker platform or health care facility for purposes of specified laws under certain circumstances.",1,2025-05-14,https://legiscan.com/OH/bill/HB277/2025
OH,2031451,,Regards the Treasurer of State,"To amend sections 113.05, 113.051, 113.09, 113.13, 113.16, 113.40, 113.78, 118.05, 120.52, 131.01, 131.50, 135.01, 135.03, 135.032, 135.14, 135.143, 135.18, 135.22, 135.35, 135.45, 135.451, 135.71, 151.01, 164.09, 183.51, 317.36, 319.63, 321.46, 321.47, 1557.03, 2969.13, 3109.14, 3307.12, 3334.08, 3334.11, 3705.242, 3737.945, 3953.231, 4511.19, 4705.09, 4705.10, 5528.54, 5725.22, 5725.23, 5729.05, 5729.10, 5739.17, 5747.51, and 6101.51; to amend, for the purpose of adopting a new section number as indicated in parentheses, section 135.45 (113.07); and to repeal sections 113.06, 113.10, 113.43, and 135.144 of the Revised Code relating to the Treasurer of State.",1,2025-05-14,https://legiscan.com/OH/bill/HB278/2025
OH,2032586,,Authorize an income tax credit for family caregiving expenses,To amend sections 5747.08 and 5747.98 and to enact section 5747.053 of the Revised Code to authorize a nonrefundable income tax credit for family caregiving expenses.,1,2025-05-20,https://legiscan.com/OH/bill/HB279/2025
OH,2032641,,Regards Ohio Police and Fire Pension Fund contributions,"To amend sections 742.16, 742.33, 742.34, 5705.06, and 5705.31 and to repeal section 742.311 of the Revised Code regarding contributions to the Ohio Police and Fire Pension Fund.",1,2025-05-20,https://legiscan.com/OH/bill/HB280/2025
OH,2032565,,Regards hospitals and enforcement of federal immigration law,To enact sections 3722.15 and 5119.335 of the Revised Code regarding hospitals and the enforcement of federal immigration law.,1,2025-05-20,https://legiscan.com/OH/bill/HB281/2025
OH,2032626,,"Add immigration status as a required factor for sentencing, bail","To amend sections 2929.12, 2929.15, 2929.22, 2929.25, and 2937.011 of the Revised Code to add a person's immigration status as a factor a court must consider when sentencing or ordering bail.",1,2025-05-20,https://legiscan.com/OH/bill/HB282/2025
OH,2032553,,Require political subdivisions to adopt a cybersecurity program,To enact section 9.64 of the Revised Code to require political subdivisions to adopt a cybersecurity program.,1,2025-05-20,https://legiscan.com/OH/bill/HB283/2025
OH,2032583,,"Require US-produced iron, steel be used on state-funded projects","To amend sections 153.011, 153.99, 3333.071, and 5525.21 of the Revised Code to require iron or steel that is produced in the United States be used on projects supported by state funds.",1,2025-05-20,https://legiscan.com/OH/bill/HB284/2025
OH,2032574,,Regards the start times of college football games,To enact section 3345.89 of the Revised Code with respect to the start times of college football games.,1,2025-05-20,https://legiscan.com/OH/bill/HB285/2025
OH,2032594,,Limit purposes for which internet gaming tax revenue may be used,To restrict the purposes for which the tax revenue from any legal internet gaming in this state may be used.,1,2025-05-20,https://legiscan.com/OH/bill/HB286/2025
OH,2032549,,Revise law related to real estate wholesalers,To amend sections 4735.18 and 4735.24 and to enact section 5301.95 of the Revised Code to amend the law related to real estate wholesalers.,1,2025-05-20,https://legiscan.com/OH/bill/HB287/2025
OH,2032570,,Require construction project owners to timely pay contractors,To amend section 4113.61 of the Revised Code to require owners of private construction projects to timely pay contractors.,1,2025-05-20,https://legiscan.com/OH/bill/HB288/2025
OH,2032617,,Establish Ohio Health Care Plan for universal health coverage,"To amend section 109.02 and to enact sections 3920.01, 3920.02, 3920.03, 3920.04, 3920.05, 3920.06, 3920.07, 3920.08, 3920.09, 3920.10, 3920.11, 3920.12, 3920.13, 3920.14, 3920.15, 3920.21, 3920.22, 3920.23, 3920.24, 3920.25, 3920.26, 3920.27, 3920.28, 3920.31, 3920.32, and 3920.33 of the Revised Code to establish and operate the Ohio Health Care Plan to provide universal health care coverage to all Ohio residents.",1,2025-05-20,https://legiscan.com/OH/bill/HB289/2025
OH,2032602,,Enact the Atmosphere Protection Act,"To enact section 2917.43 of the Revised Code to prohibit a person from engaging in solar radiation modification, cloud seeding, or sunlight reflection methods, and to name the act the Atmosphere Protection Act.",1,2025-05-20,https://legiscan.com/OH/bill/HB290/2025
OH,2032638,,Create the Ohio International Trade Commission,To enact section 122.97 of the Revised Code to create the Ohio International Trade Commission.,1,2025-05-20,https://legiscan.com/OH/bill/HB291/2025
OH,2032630,,Establish the Ohio Defense Commission,"To amend section 121.22 and to enact sections 113.052, 122.952, 122.953, and 122.954 of the Revised Code to establish the Ohio Defense and Space Commission.",2,2026-03-04,https://legiscan.com/OH/bill/HB292/2025
OH,2032580,,Designate NASA Day of Remembrance,"To enact section 5.282 of the Revised Code to designate the fourth Thursday of January as ""NASA Day of Remembrance.""",2,2025-10-01,https://legiscan.com/OH/bill/HB293/2025
OH,2032636,,Regards school district intradistrict open enrollment policies,To amend section 3313.97 of the Revised Code regarding school district intradistrict open enrollment policies.,1,2025-05-20,https://legiscan.com/OH/bill/HB294/2025
OH,2032622,,Expedite unauthorized occupant removal; prohibit fraudulent deeds,"To amend section 2909.07 and to enact sections 1923.16 and 2913.53 of the Revised Code to provide for the expedited removal of unauthorized occupants of residential property, to prohibit the use and sale of fraudulent deeds, and to declare an emergency.",1,2025-05-20,https://legiscan.com/OH/bill/HB295/2025
OH,2032557,,Delay offender financial sanctions until 180 days after release,To amend section 2929.18 of the Revised Code to delay financial sanctions for one hundred eighty days after an offender's release from prison or completion of transitional control.,2,2026-02-18,https://legiscan.com/OH/bill/HB296/2025
OH,2032596,,Regards funds provided by county for Memorial Day expenses,"To amend section 307.66 of the Revised Code to increase the amount a county may provide to military and veterans organizations, and civic organizations, for Memorial Day expenses.",2,2025-11-19,https://legiscan.com/OH/bill/HB297/2025
OH,2032607,,"Legalize, tax internet gambling; make other Gambling Law changes","To amend sections 109.572, 2915.01, 2915.02, 3123.90, 3769.08, 3772.01, 3772.02, 3772.03, 3772.031, 3772.04, 3772.062, 5747.02, 5747.063, 5747.20, 5751.01, 5753.01, 5753.031, 5753.04, 5753.05, 5753.07, 5753.08, and 5753.12 and to enact sections 3771.01, 3771.02, 3771.03, 3771.04, 3771.05, 3771.06, 3771.07, 3771.08, 3771.09, 3771.10, 3771.11, 3771.12, 3771.13, 3771.14, 3771.99, 5753.022, and 5753.032 of the Revised Code to legalize and regulate internet gambling in this state, to levy a tax on businesses that provide internet gambling, and to prohibit online sweepstakes games.",1,2025-05-20,https://legiscan.com/OH/bill/HB298/2025
OH,2032613,,Require licensure of statewide initiative petition circulators,"To amend sections 3501.01, 3501.38, 3503.06, 3519.05, and 3519.06 and to enact section 3519.11 of the Revised Code to require statewide initiative petition circulators to be licensed by the Secretary of State.",1,2025-05-20,https://legiscan.com/OH/bill/HB299/2025
OH,2033120,,Prohibit conversion therapy for minors by certain professionals,"To enact sections 4723.95, 4731.45, 4732.34, 4743.12, 4757.46, and 4758.73 of the Revised Code to prohibit certain licensed health care professionals from engaging in conversion therapy for minor patients.",1,2025-05-21,https://legiscan.com/OH/bill/HB300/2025
OH,2033136,,Enact the Digital Fair Repair Act,"To enact sections 1350.01, 1350.011, 1350.02, 1350.03, 1350.04, and 1350.05 of the Revised Code to enact the Digital Fair Repair Act.",1,2025-05-21,https://legiscan.com/OH/bill/HB301/2025
OH,2033903,,"Establish age verification, parental consent for apps, developers","To enact sections 1349.07, 1349.071, 1349.072, 1349.073, 1349.074, 1349.075, and 1349.076 of the Revised Code to establish age verification and parental consent requirements for certain developers and application stores.",1,2025-05-27,https://legiscan.com/OH/bill/HB302/2025
OH,2033936,,Establish community energy program and pilot program,"To amend section 4928.02 and to enact sections 1.66, 4934.01, 4934.011, 4934.04, 4934.05, 4934.06, 4934.07, 4934.071, 4934.072, 4934.08, 4934.10, 4934.11, 4934.12, 4934.13, 4934.14, 4934.17, 4934.19, 4934.20, 4934.21, 4934.22, 4934.25, 4934.26, 4934.27, 4934.28, 4934.35, 4934.36, 4934.37, and 4934.38 of the Revised Code to establish the community energy program and pilot program and to define electricity measurement in alternating current.",2,2025-11-19,https://legiscan.com/OH/bill/HB303/2025
OH,2033958,,Permit certain activities fulfill PE requirement; require recess,"To amend sections 3313.48, 3313.603, 3314.03, 3326.11, and 3328.24 and to enact section 3313.6025 of the Revised Code to permit students to use club sports or other athletic activity to fulfill the high school physical education requirement and to require recess time for K-8 students.",1,2025-05-27,https://legiscan.com/OH/bill/HB304/2025
OH,2033888,,Enact Logan's Law,"To amend sections 2925.03, 2929.14, and 3705.08 and to enact section 2941.1427 of the Revised Code to establish penalties for trafficking in pressed pill fentanyl, to require a death certificate to indicate if a death is caused by fentanyl poisoning, and to name this act Logan's Law.",1,2025-05-27,https://legiscan.com/OH/bill/HB305/2025
OH,2033910,,Enact the Hate Crime Act,"To amend section 2927.12 and to enact sections 2749.01, 2749.02, 2749.03, 2749.04, and 2927.121 of the Revised Code to enact the Hate Crime Act to prohibit hate crimes and to create a civil remedy for a person who is terrorized by another because of specific characteristics or beliefs.",1,2025-05-27,https://legiscan.com/OH/bill/HB306/2025
OH,2033952,,Enact the Lead Line Replacement Act,"To amend sections 6109.01 and 6109.22 and to enact sections 504.201, 735.291, 743.041, 6101.531, 6103.021, 6109.41, 6109.42, 6109.43, 6109.44, 6109.45, 6109.46, 6109.47, 6109.48, 6109.49, 6109.50, 6109.51, 6115.531, and 6119.062 of the Revised Code to establish a program regarding lead service line replacement and to name this act the Lead Line Replacement Act.",1,2025-05-27,https://legiscan.com/OH/bill/HB307/2025
OH,2033975,,Regards multiple claims as the rightful county central committee,"To amend section 3517.05 of the Revised Code to clarify that any time more than one organized group claims to be the rightful county central committee, the group must file a list of its officers and members.",1,2025-05-27,https://legiscan.com/OH/bill/HB308/2025
OH,2033926,,"Regards budget commissions, property tax, and certain funds","To amend sections 3317.01, 5705.31, 5705.32, and 5705.321 and to enact section 5705.60 of the Revised Code to modify the law governing county budget commissions and property taxation.",4,2026-03-20,https://legiscan.com/OH/bill/HB309/2025
OH,2033919,,Create the Ironton Fighting Tigers license plate,"To amend section 4501.21 and to enact section 4503.889 of the Revised Code to create the ""Ironton Fighting Tigers"" license plate.",1,2025-05-27,https://legiscan.com/OH/bill/HB310/2025
OH,2033943,,Designate EMS week in Ohio,"To enact section 5.2322 of the Revised Code to designate the third full week of May as ""EMS week in Ohio.""",2,2025-11-12,https://legiscan.com/OH/bill/HB311/2025
OH,2034207,,Designate the walleye as the official fish of the state,To enact section 5.037 of the Revised Code to designate the walleye as the official fish of the state.,1,2025-05-28,https://legiscan.com/OH/bill/HB312/2025
OH,2034236,,Create a grant program for pro-housing political subdivisions,To enact section 122.635 of the Revised Code to create a grant program for townships and municipalities that adopt pro-housing policies and to make an appropriation.,1,2025-05-28,https://legiscan.com/OH/bill/HB313/2025
OH,2035426,,Limit certain public record requests; allow contractor response,To amend section 149.43 of the Revised Code to restrict harassing or disruptive public records requests and permit private contractors to respond to voluminous public records requests.,1,2025-06-03,https://legiscan.com/OH/bill/HB314/2025
OH,2035412,,Designate Sojourner Truth Day,"To enact section 5.282 of the Revised Code to designate May 29 as ""Sojourner Truth Day.""",1,2025-06-03,https://legiscan.com/OH/bill/HB315/2025
OH,2035404,,Designate MSGT Norman Michael Kilbarger Memorial Highway,"To enact section 5534.927 of the Revised Code to designate a portion of Chillicothe Lancaster Road in Fairfield County as the ""MSGT Norman Michael Kilbarger Memorial Highway.""",2,2025-10-08,https://legiscan.com/OH/bill/HB316/2025
OH,2035375,,Prohibit purchase of drones made by a covered foreign entity,To enact section 5501.84 of the Revised Code to prohibit the purchase of small unmanned aircraft systems manufactured or assembled by a covered foreign entity.,1,2025-06-03,https://legiscan.com/OH/bill/HB317/2025
OH,2035428,,Revise the Medicaid Estate Recovery Program Law,To amend sections 5162.21 and 5162.211 of the Revised Code to make changes to the law governing the Medicaid Estate Recovery Program.,1,2025-06-03,https://legiscan.com/OH/bill/HB318/2025
OH,2035378,,Enact the Clinical Teaching Subsidy Reform Act,To enact section 3333.89 of the Revised Code to enact the Clinical Teaching Subsidy Reform Act regarding the state university clinical teaching subsidy.,1,2025-06-03,https://legiscan.com/OH/bill/HB319/2025
OH,2035394,,Require registration as a member of a political party for primary,"To amend sections 3501.01, 3503.09, 3503.10, 3503.11, 3503.14, 3503.15, 3503.151, 3503.152, 3503.153, 3503.16, 3503.19, 3503.20, 3503.23, 3503.28, 3505.181, 3509.02, 3509.04, 3509.07, 3509.08, 3513.041, 3513.05, 3513.07, 3513.18, 3513.19, 3513.191, 3513.257, 3517.012, 3517.013, and 3599.12; to enact section 3503.071; and to repeal sections 3513.192 and 3513.20 of the Revised Code to require an elector to register as a member of a political party in order to participate in that party's primary election.",1,2025-06-03,https://legiscan.com/OH/bill/HB320/2025
OH,2035323,,Revise Unemployment Compensation Law,"To amend sections 4141.01, 4141.09, 4141.13, 4141.23, 4141.231, 4141.24, 4141.25, 4141.26, 4141.27, 4141.36, 4141.39, 5726.31, 5733.121, 5736.081, 5747.12, and 5751.081 and to enact section 4141.252 of the Revised Code to increase the taxable wage base under the Unemployment Compensation Law and require a contributory employer's employees to pay a contribution when the employer has a negative account balance in the Unemployment Compensation Fund.",1,2025-06-03,https://legiscan.com/OH/bill/HB321/2025
OH,2035407,,Enact the Ohio Fitness Test Act,"To amend sections 3314.03, 3326.11, and 3328.24 and to enact section 3313.6031 of the Revised Code to require schools to administer the Presidential Fitness Test and to name this act the Ohio Fitness Test Act.",1,2025-06-03,https://legiscan.com/OH/bill/HB322/2025
OH,2035351,,Require employers to report sexual assault re: minor employees,To amend sections 2151.421 and 4113.99 and to enact section 4113.90 of the Revised Code to require employers report suspected sexual assault involving minor employees.,1,2025-06-03,https://legiscan.com/OH/bill/HB323/2025
OH,2035353,,Enact the Patient Protection Act,To enact section 3715.39 of the Revised Code to establish conditions on the prescribing of prescription drugs causing severe adverse effects and to name this act the Patient Protection Act.,2,2025-11-19,https://legiscan.com/OH/bill/HB324/2025
OH,2035364,,Designate Marshal Teddy Ray Holcomb Memorial Highway,"To enact section 5534.429 of the Revised Code to designate a portion of State Route 13 in Athens County as the ""Marshal Teddy Ray Holcomb Memorial Highway.""",2,2025-10-15,https://legiscan.com/OH/bill/HB325/2025
OH,2035419,,Regards the Classic Learning Test entrance exam,To amend section 3301.0712 and to enact section 3345.065 of the Revised Code regarding the use of nationally standardized assessments in public and chartered nonpublic schools and state institutions of higher education.,2,2026-02-18,https://legiscan.com/OH/bill/HB326/2025
OH,2035386,,"Enact Parents' Rights to Inclusion, Diversity, Equity (PRIDE) Act","To amend sections 3314.03 and 3326.11; to enact section 3131.01; and to repeal sections 3109.054, 3129.01, 3129.02, 3129.03, 3129.04, 3129.05, 3129.06, 3313.473, 3313.5320, 3319.90, 3345.562, and 3345.90 of the Revised Code to protect parents' rights to equitable access to medical care, behavioral health care, hygiene care, and educational opportunities for their children and to name this act the Parents' Rights to Inclusion, Diversity, and Equity (P.R.I.D.E.) Act.",1,2025-06-03,https://legiscan.com/OH/bill/HB327/2025
OH,2035368,,"Enact the Fit, Safe, and Strong Communities Act","To establish a grant program to reimburse local government entities for the acquisition, development, and rehabilitation of community recreation spaces, to name this act the Fit, Safe, and Strong Communities Act, and to make an appropriation.",1,2025-06-03,https://legiscan.com/OH/bill/HB328/2025
OH,2035362,,Designate Ohio World Hijab Day,To enact section 5.2323 of the Revised Code to designate February 1st as Ohio World Hijab Day.,1,2025-06-03,https://legiscan.com/OH/bill/HB329/2025
OH,2035399,,"Authorize sales tax holiday for firearm safety, storage devices","To amend sections 5739.02, 5739.03, and 5739.05 of the Revised Code to authorize a sales tax holiday for four months each year for the sale of firearm safety and storage devices.",1,2025-06-03,https://legiscan.com/OH/bill/HB330/2025
OH,2035348,,"Remove firearm mufflers, suppressors as dangerous ordnance","To amend sections 1533.04, 2923.11, and 2923.17 of the Revised Code to remove firearm mufflers and suppressors from the classification of dangerous ordnance.",1,2025-06-03,https://legiscan.com/OH/bill/HB331/2025
OH,2035381,,Create the small defense business linked deposit program,"To amend sections 135.61, 135.62, 135.621, 135.623, 1733.04, and 1733.24 and to enact section 135.67 of the Revised Code to create the small defense business linked deposit program.",2,2026-02-25,https://legiscan.com/OH/bill/HB332/2025
OH,2035391,,Enact the Airspace Protection Act,"To amend sections 4561.01, 4561.021, 4561.05, 4561.06, 4561.08, 4561.09, 4561.11, 4561.12, 4561.14, 4561.15, 4561.31, 4561.32, 4561.33, 4561.34, 4561.341, 4561.35, 4561.36, 4561.37, 4561.38, 4561.39, 4561.99, 4563.01, 4563.03, 4563.031, 4563.032, 4563.04, 4563.05, 4563.06, 4563.07, 4563.08, 4563.09, 4563.10, 4563.11, 4563.12, 4563.13, 4563.16, 4563.18, 4563.20, 4563.21, and 4906.10; to enact section 4561.40; and to repeal section 4561.30 of the Revised Code to make changes to the laws regarding navigable airspace and to name this act the Airspace Protection Act.",1,2025-06-03,https://legiscan.com/OH/bill/HB333/2025
OH,2035628,,Designate Keith G. Earley Memorial Interchange,"To enact section 5534.502 of the Revised Code to designate the interchange of I-475 and Dorr Street in Lucas County as the ""Keith G. Earley Memorial Interchange.""",1,2025-06-04,https://legiscan.com/OH/bill/HB334/2025
OH,2035653,,"Regards county budget commissions, property and sales tax, funds",To amend section 5705.31 and to enact section 5705.316 of the Revised Code to limit revenue increases from inside millage levies occurring due to a reappraisal or update.,4,2026-03-20,https://legiscan.com/OH/bill/HB335/2025
OH,2036530,,Enact the Sam Knisley Family Support Act,"To amend section 2929.18 and to enact section 2125.05 of the Revised Code to require a felony offender of an OVI-caused aggravated vehicular homicide to pay child maintenance when the victim is a parent, legal guardian, or custodian of a minor child, to allow child maintenance to be awarded in a wrongful death action when the offender is deceased, and to name this act the Sam Knisley Family Support Act.",1,2025-06-10,https://legiscan.com/OH/bill/HB336/2025
OH,2036608,,Require firearm sale by federal dealer to include trigger lock,To amend section 2923.25 of the Revised Code to require that gun trigger locks be attached and provided with firearms sales by federally licensed firearms dealers.,1,2025-06-10,https://legiscan.com/OH/bill/HB337/2025
OH,2036627,,Enact Andy's Law,"To amend sections 121.03, 2903.01, 2903.11, 2903.13, 2921.36, 2921.38, 2929.03, 2929.14, and 5120.01 and to enact sections 2941.1427, 5120.012, 5120.361, 5120.491, and 5120.85 of the Revised Code to enact Andy's Law to increase the penalty for assaulting or causing the death of specified victims at state or local correctional institutions and to make changes to department of rehabilitation and correction policies and procedures.",2,2025-11-19,https://legiscan.com/OH/bill/HB338/2025
OH,2036613,,Allow surviving spouse to retain Purple Heart license plate,"To amend section 4503.571 of the Revised Code to allow the surviving spouse of a Purple Heart recipient to retain or obtain the ""Purple Heart"" specialty license plate.",1,2025-06-10,https://legiscan.com/OH/bill/HB339/2025
OH,2036518,,Enact the Baby Bonus Act,To amend section 5747.98 and to enact section 5747.74 of the Revised Code to create an income tax credit for employers that provide a childbirth bonus and to name this act the Baby Bonus Act.,1,2025-06-10,https://legiscan.com/OH/bill/HB340/2025
OH,2036526,,Authorize tax credit for assisted reproduction insurance coverage,To amend section 5747.98 and to enact section 5747.87 of the Revised Code to authorize an income tax credit for employers that subsidize employee insurance coverage for assisted reproduction.,1,2025-06-10,https://legiscan.com/OH/bill/HB341/2025
OH,2036562,,Enact the Invest in Marriage Act,To amend section 5747.98 and to enact section 5747.74 of the Revised Code to create an income tax credit for employers that provide a marriage bonus and to name this act the Invest in Marriage Act.,1,2025-06-10,https://legiscan.com/OH/bill/HB342/2025
OH,2036602,,Regards delinquent adjudications for felony theft or vandalism,"To amend sections 2152.16, 2152.17, 2152.19, 2152.22, 5139.01, 5139.05, 5139.06, 5139.20, 5139.35, and 5139.51 of the Revised Code to require mandatory dispositions for youths adjudicated delinquent for committing acts that would be felony theft or vandalism if committed by an adult.",1,2025-06-10,https://legiscan.com/OH/bill/HB343/2025
OH,2036637,,"Regards electronic instant bingo, lottery terminals; levy a tax","To amend sections 718.031, 2915.01, 2915.02, 2915.07, 2915.09, 2915.091, 2915.093, 2915.094, 2915.10, 2915.101, 2915.13, 2915.14, 3770.06, 3770.99, 5739.02, 5747.064, 5753.01, 5753.04, 5753.05, 5753.07, 5753.08, and 5753.12 and to enact sections 3770.31, 3770.32, 3770.33, 3770.34, 3770.35, 3770.36, 3770.37, 3770.38, 3770.39, 3770.40, 3770.41, 5753.022, and 5753.032 of the Revised Code to expand the locations and manner in which electronic instant bingo may be conducted, to authorize and establish regulations for retailer video lottery terminals, and to levy a tax on electronic instant bingo.",1,2025-06-10,https://legiscan.com/OH/bill/HB344/2025
OH,2036675,,Increase the penalties for voyeurism,To amend section 2907.08 of the Revised Code to increase the penalties for voyeurism.,1,2025-06-10,https://legiscan.com/OH/bill/HB345/2025
OH,2036648,,Enact V.J.'s Law,To amend sections 2151.421 and 2151.99 of the Revised Code to enact V.J.'s Law to require mandatory reporters of child abuse or neglect to report to both a peace officer and the public children services agency.,1,2025-06-10,https://legiscan.com/OH/bill/HB346/2025
OH,2036652,,Enact SHE WINS Act,To amend sections 2305.11 and 2307.46 and to enact section 2317.58 of the Revised Code to enact the Share the Health and Empower With Informed Notices (SHE WINS) Act regarding abortion informed consent.,2,2026-03-25,https://legiscan.com/OH/bill/HB347/2025
OH,2036667,,"Regards duty to carry a concealed handgun license, notify police","To amend sections 109.69, 109.731, 311.41, 311.42, 311.43, 1547.69, 2921.13, 2923.11, 2923.12, 2923.121, 2923.122, 2923.123, 2923.124, 2923.125, 2923.126, 2923.127, 2923.128, 2923.129, 2923.1210, 2923.1211, 2923.1213, 2923.16, 2953.35, and 5502.411 and to repeal section 2923.111 of the Revised Code to repeal the changes made by S.B. 215 of the 134th General Assembly to the laws regarding a concealed handgun licensee's duty to carry the license and notify law enforcement if the licensee is carrying a concealed handgun and to rename concealed handgun licenses as basic competency licenses.",1,2025-06-10,https://legiscan.com/OH/bill/HB348/2025
OH,2036939,,Enact the Consumer Protection Call Center Act,"To enact sections 4113.87, 4113.88, 4113.89, 4113.90, 4113.91, and 4113.92 of the Revised Code to enact the Consumer Protection Call Center Act regarding the eligibility of employers that relocate a call center to a foreign country to receive state grants, loans, and other benefits.",1,2025-06-11,https://legiscan.com/OH/bill/HB349/2025
OH,2037005,,Prohibit certain conduct that accelerates firearm's rate of fire,"To amend sections 2923.13 and 2923.14 and to enact section 2923.133 of the Revised Code to prohibit certain conduct regarding trigger cranks, bumpfire devices, and other items that accelerate a semi-automatic firearm's rate of fire but do not convert it into an automatic firearm.",1,2025-06-11,https://legiscan.com/OH/bill/HB350/2025
OH,2036992,,Establish the Ohio Task Force on Gun Violence,To establish the Ohio Task Force on Gun Violence.,1,2025-06-11,https://legiscan.com/OH/bill/HB351/2025
OH,2036922,,"Expand offense of domestic violence, weapons under disability","To amend sections 2919.25, 2923.13, and 2923.14 of the Revised Code to expand the offense of domestic violence to include a person with whom the offender is in a dating relationship and to expand the offense of weapons under disability to include a person subject to a domestic violence protection order and a person convicted of misdemeanor domestic violence.",1,2025-06-11,https://legiscan.com/OH/bill/HB352/2025
OH,2036998,,Change title used by physician assistants to physician associate,"To amend sections 1.64, 124.32, 124.41, 124.42, 124.50, 503.45, 503.47, 505.38, 709.012, 737.15, 737.16, 737.22, 742.38, 911.11, 1337.11, 1349.05, 1561.26, 1751.01, 1785.01, 2108.61, 2133.01, 2133.211, 2135.01, 2151.3515, 2151.53, 2305.113, 2305.234, 2305.2311, 2305.41, 2305.51, 2711.22, 2743.62, 2907.01, 2907.13, 2907.29, 2909.04, 2921.22, 2925.01, 3107.12, 3111.91, 3301.531, 3313.5310, 3313.7112, 3313.7117, 3319.13, 3327.10, 3331.02, 3331.07, 3701.046, 3701.23, 3701.25, 3701.36, 3701.59, 3701.615, 3701.74, 3701.90, 3701.92, 3701.928, 3701.941, 3709.161, 3715.50, 3715.501, 3715.502, 3715.503, 3715.872, 3719.06, 3719.064, 3719.12, 3719.121, 3719.81, 3721.21, 3727.06, 3728.01, 3792.05, 3795.01, 3919.29, 3963.01, 4503.44, 4507.20, 4715.30, 4723.01, 4723.18, 4723.181, 4723.72, 4723.73, 4729.01, 4729.39, 4730.02, 4730.03, 4730.04, 4730.05, 4730.06, 4730.07, 4730.08, 4730.10, 4730.101, 4730.11, 4730.111, 4730.12, 4730.13, 4730.14, 4730.141, 4730.15, 4730.19, 4730.20, 4730.201, 4730.202, 4730.203, 4730.204, 4730.21, 4730.22, 4730.25, 4730.251, 4730.252, 4730.26, 4730.27, 4730.28, 4730.31, 4730.32, 4730.33, 4730.34, 4730.38, 4730.39, 4730.41, 4730.411, 4730.42, 4730.43, 4730.432, 4730.433, 4730.437, 4730.44, 4730.49, 4730.53, 4730.55, 4730.56, 4730.57, 4730.60, 4731.053, 4731.054, 4731.22, 4731.2210, 4731.25, 4731.297, 4731.33, 4731.37, 4743.09, 4755.48, 4755.623, 4761.01, 4761.11, 4761.17, 4765.01, 4765.35, 4765.36, 4765.37, 4765.38, 4765.39, 4765.49, 4765.51, 4769.01, 4933.122, 5101.19, 5103.0327, 5104.0110, 5104.037, 5119.185, 5119.363, 5123.47, 5164.072, 5164.301, 5164.95, and 5503.08 and to enact section 4730.011 of the Revised Code to change the professional title used by physician assistants to ""physician associate.""",1,2025-06-11,https://legiscan.com/OH/bill/HB353/2025
OH,2036971,,Enact the Keeping Our Survivors Safe Act,To amend sections 2923.13 and 2923.14 of the Revised Code to enact the Keeping Our Survivors Safe Act to prohibit a person who has been convicted of first degree misdemeanor domestic violence from possessing a firearm or dangerous ordnance.,1,2025-06-11,https://legiscan.com/OH/bill/HB354/2025
OH,2036927,,Increase vote threshold for local taxes subject to voter approval,"To amend sections 128.35, 128.37, 128.38, 306.70, 307.697, 322.02, 345.02, 353.06, 511.07, 715.691, 715.70, 715.71, 715.72, 718.04, 718.09, 718.10, 757.02, 3318.06, 4301.421, 4504.02, 4504.15, 4504.21, 5739.021, 5739.026, 5739.09, 5743.021, 5743.024, 5743.026, 5748.021, 5748.03, 5748.08, and 5748.09 and to enact section 5705.17 of the Revised Code to increase the approval threshold required for passage of local taxes subject to voter approval.",1,2025-06-11,https://legiscan.com/OH/bill/HB355/2025
OH,2036977,,"Require audit, action plan-Aged, Blind, Disabled Medicaid group","To require an audit and corrective action plan for the Aged, Blind, and Disabled Medicaid eligibility group and to make an appropriation.",1,2025-06-11,https://legiscan.com/OH/bill/HB356/2025
OH,2036915,,"Revise law governing vehicular manslaughter, vehicular assault",To amend sections 2903.06 and 2903.08 of the Revised Code to alter the law governing vehicular manslaughter and vehicular assault.,1,2025-06-11,https://legiscan.com/OH/bill/HB357/2025
OH,2037012,,Require distribution of information on firearm storage,To enact section 2923.251 of the Revised Code to require distribution of information on firearm storage.,1,2025-06-12,https://legiscan.com/OH/bill/HB358/2025
OH,2036957,,Regards emergency Joshua Alert system for certain missing kids,To amend section 5502.522 of the Revised Code to clarify the statewide emergency alert system in cases of missing autistic or developmentally disabled children and to name the alert the Joshua Alert.,2,2025-11-12,https://legiscan.com/OH/bill/HB359/2025
OH,2036966,,Designate SPC Louis P. Shuster Memorial Interchange,"To enact section 5534.966 of the Revised Code to designate the interchange of I-480 and West 150th Street in Cleveland as the ""SPC Louis P. Shuster Memorial Interchange.""",1,2025-06-12,https://legiscan.com/OH/bill/HB360/2025
OH,2036987,,"Regards building inspections, local regulations, and zoning","To amend sections 303.15, 519.15, 711.09, 3781.10, and 5552.02 and to enact sections 303.123, 519.123, 713.35, 3781.181, and 5552.12 of the Revised Code regarding building inspections, local regulations, and zoning.",1,2025-06-12,https://legiscan.com/OH/bill/HB361/2025
OH,2036911,,Regulate fraudulent synthetic media for influencing elections,"To amend sections 3517.153, 3517.154, 3517.155, 3517.993, and 3599.40 and to enact section 3517.24 of the Revised Code to regulate the dissemination of deceptive and fraudulent synthetic media for the purpose of influencing the results of an election.",1,2025-06-12,https://legiscan.com/OH/bill/HB362/2025
OH,2036948,,Designate Eating Disorders Awareness Week,"To enact section 5.2322 of the Revised Code to designate ""Eating Disorders Awareness Week"" in Ohio.",1,2025-06-12,https://legiscan.com/OH/bill/HB363/2025
OH,2037548,,Require food service operation note certain allergens on the menu,To enact section 3717.54 of the Revised Code to require food service operations to denote certain allergens on their menu.,1,2025-06-17,https://legiscan.com/OH/bill/HB364/2025
OH,2037560,,Enact the Property Tax Refund Act,To amend sections 5747.08 and 5747.98 and to enact section 5747.87 of the Revised Code to authorize a refundable income tax credit or rebate for homeowners and renters whose property taxes or a portion of their rent exceed five per cent of their income and to name this act the Property Tax Refund Act.,1,2025-06-17,https://legiscan.com/OH/bill/HB365/2025
OH,2037541,,Regards disposal of self-service storage property and liability,To amend sections 5322.03 and 5322.06 of the Revised Code to authorize self-service storage facility owners to dispose of property in expired storage spaces and to modify the threshold of liability relating to said spaces.,1,2025-06-17,https://legiscan.com/OH/bill/HB366/2025
OH,2037545,,Revise the law governing dedicated organ recovery vehicles,"To amend sections 4511.01, 4511.042, 4511.213, 4511.45, 4513.17, and 4513.21 of the Revised Code to make changes to the law governing dedicated organ recovery vehicles.",1,2025-06-17,https://legiscan.com/OH/bill/HB367/2025
OH,2037685,,Require eviction records to be sealed after three years,To enact section 1923.111 of the Revised Code to require eviction records to be sealed after three years.,1,2025-06-18,https://legiscan.com/OH/bill/HB368/2025
OH,2037637,,Change diagnostic assessments for grades kindergarten through 3,To amend sections 3301.079 and 3301.0715 of the Revised Code to change diagnostic assessments for grades kindergarten through two to end-of-year nationally norm-referenced diagnostic assessments and for the third grade to beginning-of-year nationally norm-referenced diagnostic assessments.,1,2025-06-18,https://legiscan.com/OH/bill/HB369/2025
OH,2037670,,Enact the Ohio Prenatal Equal Protection Act,To enact sections 2903.24 and 2903.241 of the Revised Code to enact the Ohio Prenatal Equal Protection Act.,1,2025-06-18,https://legiscan.com/OH/bill/HB370/2025
OH,2037653,,"Make elected officials mandatory child abuse, neglect reporters",To amend section 2151.421 of the Revised Code to make elected officials mandatory reporters of child abuse and neglect.,1,2025-06-18,https://legiscan.com/OH/bill/HB371/2025
OH,2038080,,Enact the Larry Henderson Act,"To amend sections 2903.01, 2929.03, 2929.04, and 2941.14 of the Revised Code to enact the Larry Henderson Act to specify that the penalty for aggravated murder for an adult offender is death or life without the possibility of parole if the victim is a peace officer, corrections officer, prosecutor, first responder, or military member.",2,2026-03-25,https://legiscan.com/OH/bill/HB372/2025
OH,2038065,,Enact the Universal Background Checks Act,"To amend sections 2929.28 and 5122.311 and to enact section 2923.26 of the Revised Code to enact the Universal Background Checks Act to require a firearm transfer to be made through a dealer, through a law enforcement agency, or pursuant to a specified exception, and to require a background check when a firearm is transferred.",1,2025-06-23,https://legiscan.com/OH/bill/HB373/2025
OH,2038114,,Regards prescription drug readers for visually impaired patients,"To amend section 5167.12 and to enact sections 3902.65, 4729.362, and 5164.093 of the Revised Code regarding prescription drug readers for visually impaired patients.",1,2025-06-23,https://legiscan.com/OH/bill/HB374/2025
OH,2038075,,Establish a small district magnet community school pilot program,"To amend sections 5705.03, 5705.215, and 5705.31 and to enact sections 3314.31, 5705.316, and 5748.11 of the Revised Code to establish a small district magnet community school pilot program.",1,2025-06-23,https://legiscan.com/OH/bill/HB375/2025
OH,2038057,,Reduce the maximum weeks an individual may receive unemployment,"To amend sections 4141.30, 4141.33, and 4141.53 of the Revised Code to reduce the maximum weeks an individual may receive unemployment benefits from 26 to 20 weeks.",1,2025-06-23,https://legiscan.com/OH/bill/HB376/2025
OH,2038053,,Regards use of light-based medical devices for hair removal,To amend section 4731.33 and to enact section 4731.331 of the Revised Code to revise the law governing the application of light-based medical devices for the purpose of hair removal.,2,2025-11-12,https://legiscan.com/OH/bill/HB377/2025
OH,2038098,,Create the Blue Knights L.E.M.C. license plate,"To amend section 4501.21 and to enact section 4503.717 of the Revised Code to create the ""Blue Knights L.E.M.C."" license plate.",1,2025-06-24,https://legiscan.com/OH/bill/HB378/2025
OH,2038110,,Authorize the conveyance of state-owned land,To authorize the conveyance of state-owned land.,1,2025-06-24,https://legiscan.com/OH/bill/HB379/2025
OH,2038258,,Designate Migraine and Headache Awareness Month,"To enact section 5.2322 of the Revised Code to designate June as ""Migraine and Headache Awareness Month.""",1,2025-06-25,https://legiscan.com/OH/bill/HB380/2025
OH,2038268,,Create the DoItForJack license plate,"To amend section 4501.21 and to enact section 4503.937 of the Revised Code to create the ""DoItForJack"" license plate.",2,2025-11-12,https://legiscan.com/OH/bill/HB381/2025
OH,2038219,,Enact the Second Amendment Protection Act,"To amend sections 2923.11, 2923.111, 2923.122, and 2923.17 and to enact section 2923.50 of the Revised Code to enact the Second Amendment Protection Act to safeguard the right to keep and bear arms.",1,2025-06-25,https://legiscan.com/OH/bill/HB382/2025
OH,2038829,,Designate Litten Brothers Memorial Highway,"To enact section 5534.015 of the Revised Code to designate a portion of State Route 149 in Belmont County as the ""Litten Brothers Memorial Highway.""",1,2025-07-01,https://legiscan.com/OH/bill/HB383/2025
OH,2038812,,"Designate Staff Sergeant Melvin Trushel, Sr. Memorial Highway","To enact section 5534.102 of the Revised Code to designate a portion of U.S. Route 22 in Harrison County as the ""Staff Sergeant Melvin Trushel, Sr. Memorial Highway.""",2,2025-10-29,https://legiscan.com/OH/bill/HB384/2025
OH,2038825,,"Designate PFC Thomas ""Tommy"" Pizzino Memorial Highway","To enact section 5534.668 of the Revised Code to designate a portion of U.S. Route 22 in Harrison County as the ""PFC Thomas ""Tommy"" Pizzino Memorial Highway.""",2,2026-02-18,https://legiscan.com/OH/bill/HB385/2025
OH,2038788,,Require photo identification when applying for a marriage license,To amend section 3101.05 of the Revised Code to require identity verification with photo identification when applying for a marriage license.,2,2025-11-05,https://legiscan.com/OH/bill/HB386/2025
OH,2038786,,Authorize Sunday sales without local option election approval,To amend section 4303.182 and to enact section 4301.392 of the Revised Code to authorize a municipal corporation or township to allow Sunday sales of intoxicating liquor without local option election approval.,1,2025-07-01,https://legiscan.com/OH/bill/HB387/2025
OH,2038803,,Regards state employee reimbursement for GLP-1 drug costs,To enact section 124.826 of the Revised Code regarding reimbursements to state employees and elected state officials for GLP-1 drug costs.,1,2025-07-01,https://legiscan.com/OH/bill/HB388/2025
OH,2038831,,Eliminate additional registration fee for hybrid motor vehicles,To amend sections 4501.01 and 4503.10 of the Revised Code to eliminate the additional registration fee applicable to hybrid motor vehicles.,1,2025-07-01,https://legiscan.com/OH/bill/HB389/2025
OH,2038807,,Prohibit health plans from requiring providers to collect copays,To enact section 3902.55 of the Revised Code to prohibit health plan issuers from requiring or inducing providers to collect copayments and other cost sharing amounts.,1,2025-07-01,https://legiscan.com/OH/bill/HB390/2025
OH,2038806,,"Require tax rate as a true value percentage on tax bills, ballots",To amend sections 323.131 and 4503.06 and to enact section 5705.171 of the Revised Code to require tax rates to be expressed as a percentage of true value on tax bills and ballot language.,1,2025-07-01,https://legiscan.com/OH/bill/HB391/2025
OH,2038933,,Enact the Ohio Right to Compute Act,"To enact section 9.89 of the Revised Code to limit further regulation of certain computational systems, require risk management policies for AI-controlled critical infrastructure, and to name this act the Ohio Right to Compute Act.",1,2025-07-07,https://legiscan.com/OH/bill/HB392/2025
OH,2039072,,Require certain facilities assist inmates in obtaining ID cards,"To amend sections 4507.01, 4507.50, 4507.51, 4507.52, and 5120.102 and to enact sections 2301.551 and 5120.106 of the Revised Code to require that community-based correctional facilities and programs and halfway house organizations assist inmates in obtaining state identification cards prior to release.",2,2025-11-19,https://legiscan.com/OH/bill/HB393/2025
OH,2040159,,Enact the Student Choice Grant Program,To enact section 3333.27 of the Revised Code to enact the Student Choice Grant Program and to make an appropriation.,1,2025-07-21,https://legiscan.com/OH/bill/HB394/2025
OH,2040154,,Require ODJFS online process to report job interview no-shows,To amend section 4141.34 of the Revised Code to require the Director of Job and Family Services to establish an online process for employers to report individuals who fail to appear for a scheduled job interview.,1,2025-07-21,https://legiscan.com/OH/bill/HB395/2025
OH,2040125,,Expand the Address Confidentiality Program,"To amend sections 111.41, 111.42, and 111.99 of the Revised Code to expand the Address Confidentiality Program.",1,2025-07-21,https://legiscan.com/OH/bill/HB396/2025
OH,2040146,,Expand allowable uses of profits from jail commissary funds,To amend section 341.25 of the Revised Code to expand the allowable uses of profits from jail commissary funds.,2,2025-11-19,https://legiscan.com/OH/bill/HB397/2025
OH,2040541,,Revise the law governing emergency medical technicians,To amend sections 4765.36 and 4765.361 of the Revised Code to revise the law governing emergency medical technicians and the performance of certain medical services in hospitals.,1,2025-07-24,https://legiscan.com/OH/bill/HB398/2025
OH,2040539,,Prohibit oil and gas removal from under Lake Erie or a state park,To amend section 1505.07 and to enact section 1509.023 of the Revised Code to prohibit the removal of oil or gas from under Lake Erie or a state park.,1,2025-07-24,https://legiscan.com/OH/bill/HB399/2025
OH,2040545,,Create a permanent absent voter list,"To amend sections 3501.11, 3503.14, 3503.20, 3503.28, and 3509.03 and to enact section 3509.11 of the Revised Code to create a permanent absent voter list.",1,2025-07-24,https://legiscan.com/OH/bill/HB400/2025
OH,2040536,,Designate Myositis Awareness Month,"To enact section 5.2323 of the Revised Code to designate May as ""Myositis Awareness Month.""",1,2025-07-24,https://legiscan.com/OH/bill/HB401/2025
OH,2040840,,Declare Cleveland Metroparks as Ohio's Emerald Necklace,"To enact section 5.092 of the Revised Code to declare the Cleveland Metroparks system as ""Ohio's Emerald Necklace.""",1,2025-07-30,https://legiscan.com/OH/bill/HB402/2025
OH,2040819,,Establish the Toledo Mud Hens license plate,"To amend section 4501.21 and to enact section 4503.599 of the Revised Code to establish the ""Toledo Mud Hens"" license plate.",1,2025-07-30,https://legiscan.com/OH/bill/HB403/2025
OH,2041511,,Authorize sales tax credit for trade-in value of certain goods,To amend section 5739.01 of the Revised Code to authorize a sales tax credit for the trade-in value of portable electronics or home appliances for another similar item.,1,2025-08-05,https://legiscan.com/OH/bill/HB404/2025
OH,2041505,,Regards regulation of consumer goods service contracts,To amend section 1345.21 of the Revised Code to exclude consumer goods service contracts from home solicitation sales regulations.,1,2025-08-05,https://legiscan.com/OH/bill/HB405/2025
OH,2041517,,Enact the Farm-to-Consumer Access to Raw Milk Act,"To amend sections 917.01, 917.02, 917.04, 917.07, 917.09, and 917.99 and to enact sections 917.041 and 917.042 of the Revised Code to regulate the sale of raw milk and to name this act the Farm-to-Consumer Access to Raw Milk Act.",1,2025-08-05,https://legiscan.com/OH/bill/HB406/2025
OH,2041551,,Designate Daniel Smith Memorial Highway,"To enact section 5534.928 of the Revised Code to designate a portion of U.S. Route 68 in Clinton County as the ""Daniel Smith Memorial Highway.""",1,2025-08-07,https://legiscan.com/OH/bill/HB407/2025
OH,2041545,,Limit the locations at which a person has no duty to retreat,"To amend sections 2307.601, 2901.05, and 2901.09 of the Revised Code to limit the locations at which a person has no duty to retreat.",1,2025-08-07,https://legiscan.com/OH/bill/HB408/2025
OH,2041549,,Prohibit legislators receiving free or discounted sports tickets,To amend section 102.031 of the Revised Code to prohibit members of the General Assembly from receiving free or discounted tickets to sporting events.,1,2025-08-07,https://legiscan.com/OH/bill/HB409/2025
OH,2041554,,Prohibit Medicaid funds for certain abortion providers,To enact section 5162.09 of the Revised Code to prohibit the payment of Medicaid funds to certain abortion providers.,1,2025-08-07,https://legiscan.com/OH/bill/HB410/2025
OH,2041553,,Revise the law governing juvenile drivers,"To amend sections 2152.20, 2152.21, 4507.05, 4507.071, 4508.02, and 4510.311 of the Revised Code to make changes to the laws governing juvenile drivers.",1,2025-08-07,https://legiscan.com/OH/bill/HB411/2025
OH,2041547,,Allow village to contract with county prosecutor,To amend sections 309.09 and 733.48 of the Revised Code to allow a village to contract with the county prosecutor for legal services.,1,2025-08-07,https://legiscan.com/OH/bill/HB412/2025
OH,2041779,,"Regards Ohio State, Local Government Expenditure Databases","To amend sections 113.70, 113.71, 113.72, 113.73, 113.74, 113.75, 113.76, and 5501.521; to enact new section 113.77 and sections 113.80, 113.81, 113.82, 113.83, and 113.84; and to repeal section 113.77 of the Revised Code to create the Ohio Local Government Expenditure Database and require political subdivision participation, to require the state retirement systems to participate in the Ohio State Government Expenditure Database, and to make an appropriation.",1,2025-08-13,https://legiscan.com/OH/bill/HB413/2025
OH,2041794,,Designate Navy Seaman Jadwisiak Memorial Highway,"To enact section 5534.645 of the Revised Code to designate a portion of State Route 163 in Ottawa County as the ""Navy Seaman Jadwisiak Memorial Highway.""",1,2025-08-13,https://legiscan.com/OH/bill/HB414/2025
OH,2041773,,Enact CROWN Act regarding discrimination based on hair,"To amend sections 3314.03, 3326.11, and 3328.24 and to enact section 3319.48 of the Revised Code to enact the Creating a Respectful and Open World for Natural Hair (CROWN) Act to prohibit discrimination by a public school against an individual based on hair texture and protective hair styles.",1,2025-08-13,https://legiscan.com/OH/bill/HB415/2025
OH,2042327,,Designate Police Officer Phillip Wagner Memorial Highway,"To enact section 5534.448 of the Revised Code to designate a portion of United States Route 6 in Lorain County as the ""Police Officer Phillip Wagner Memorial Highway.""",1,2025-08-19,https://legiscan.com/OH/bill/HB416/2025
OH,2042307,,Regards animal abuse offenses and penalties,"To amend sections 109.803, 955.54, 955.99, 959.131, 959.99, 2921.321, and 2929.18 and to enact sections 955.55, 955.56, and 955.57 of the Revised Code to prohibit the abuse of a companion animal corpse, to prohibit an animal abuse offender from owning a dog in certain circumstances, and to establish mandatory fines for violations of an animal abuse offense.",1,2025-08-19,https://legiscan.com/OH/bill/HB417/2025
OH,2042299,,"Correct the Latin name of the Buckeye, the state tree","To amend section 5.05 of the Revised Code to correct the latin name of the Buckeye, the state tree.",1,2025-08-19,https://legiscan.com/OH/bill/HB418/2025
OH,2042651,,Create the Save22 license plate,"To amend section 4501.21 and to enact section 4503.727 of the Revised Code to create the ""Save22"" license plate.",1,2025-08-25,https://legiscan.com/OH/bill/HB419/2025
OH,2042644,,Enact Taxpayers Freedom Trilogy-Act I:Discontinuing the Continuum,"To amend sections 505.37, 505.48, 505.481, 3311.21, 3311.50, 3318.05, 3318.052, 3318.08, 3318.18, 3318.44, 3354.12, 3358.11, 5705.03, 5705.19, 5705.191, 5705.192, 5705.198, 5705.199, 5705.21, 5705.212, 5705.213, 5705.215, 5705.217, 5705.218, 5705.219, 5705.2111, 5705.2114, 5705.222, 5705.23, 5705.233, 5705.25, 5705.251, 5748.02, 5748.03, 5748.04, and 5748.09; to enact section 5705.171; and to repeal section 5705.261 of the Revised Code to disallow and, by 2030, eliminate property taxes levied for a continuing period of time and to name this act The Taxpayers Freedom Trilogy - Act One: Discontinuing the Continuum.",1,2025-08-25,https://legiscan.com/OH/bill/HB420/2025
OH,2042633,,Enact Taxpayers Freedom Trilogy-Act II: Arresting Inside Millage,To enact sections 5705.262 and 5705.263 of the Revised Code to allow electors to reduce unvoted property taxes by initiative and to name this act the Taxpayers Freedom Trilogy - Act Two: Arresting Inside Millage.,1,2025-08-25,https://legiscan.com/OH/bill/HB421/2025
OH,2042646,,Enact Taxpayers Freedom Trilogy-Act III: Triumph of the Taxpayer,"To amend sections 345.02, 511.07, 757.02, and 3318.06 and to enact section 5705.171 of the Revised Code to increase the approval threshold required for passage of certain property taxes and to name this act the Taxpayers Freedom Trilogy - Act Three: The Triumph of the Taxpayer.",1,2025-08-25,https://legiscan.com/OH/bill/HB422/2025
OH,2042637,,"Regulate practice of surgical assistants, surgical technologists","To amend sections 109.572, 4731.051, 4731.07, 4731.071, 4731.224, 4731.2210, 4731.24, 4731.25, 4731.251, 4776.01, and 4776.20 and to enact sections 3702.3013, 3727.26, 4787.01, 4787.02, 4787.03, 4787.04, 4787.05, 4787.06, 4787.07, 4787.08, 4787.09, 4787.10, 4787.11, 4787.12, 4787.13, 4787.14, 4787.15, 4787.16, 4787.17, 4787.18, 4787.19, 4787.20, 4787.21, 4787.22, and 4787.99 of the Revised Code to regulate the practice of surgical assistants and surgical technologists.",1,2025-08-25,https://legiscan.com/OH/bill/HB423/2025
OH,2042649,,"Regards transfers, purchases of certain retirement service credit",To amend section 145.295 of the Revised Code regarding transfers or purchases of certain retirement service credit.,1,2025-08-25,https://legiscan.com/OH/bill/HB424/2025
OH,2042845,,Prohibit trespass and unauthorized recording by drones,To amend section 4561.50 and to enact section 4561.54 of the Revised Code to prohibit trespass and types of unauthorized recording with an unmanned aerial vehicle system.,1,2025-08-28,https://legiscan.com/OH/bill/HB425/2025
OH,2042847,,Regards safekeeping and management of unclaimed digital assets,"To amend section 169.01 and to enact sections 169.20, 169.21, 169.22, 169.23, 169.24, 169.25, and 169.26 of the Revised Code to provide for the safekeeping and management of unclaimed digital assets.",1,2025-08-28,https://legiscan.com/OH/bill/HB426/2025
OH,2042854,,Authorize voluntary demand response program for certain customers,To amend section 4909.192 and to enact section 4928.106 of the Revised Code to authorize voluntary demand response programs for residential and small commercial customers.,1,2025-08-28,https://legiscan.com/OH/bill/HB427/2025
OH,2042844,,Remove residency requirements for certain city director positions,"To amend sections 9.481, 735.01, and 737.01 of the Revised Code regarding residency requirements for the city director of public service and the city director of public safety.",2,2026-02-25,https://legiscan.com/OH/bill/HB428/2025
OH,2042850,,Ban health care reimbursement reduction based on certain factors,To amend section 3901.385 of the Revised Code to prohibit third-party payers from reducing reimbursement to health care providers based on certain factors.,1,2025-08-28,https://legiscan.com/OH/bill/HB429/2025
OH,2042864,,Designate Ohio State Highway Patrol Lt. Vance M. Andrews Mem Hwy,"To enact section 5534.451 of the Revised Code to designate a portion of State Route 13 in Knox County as the ""Ohio State Highway Patrol Lt. Vance M. Andrews Memorial Highway.""",2,2025-11-05,https://legiscan.com/OH/bill/HB430/2025
OH,2042879,,Regards human trafficking screening in public schools,"To amend sections 3314.03, 3326.11, and 3328.24 and to enact section 3313.675 of the Revised Code regarding human trafficking screening in public schools and to make an appropriation.",1,2025-08-28,https://legiscan.com/OH/bill/HB431/2025
OH,2042876,,Designate Patrolman Earl W. Casterline Memorial Highway,"To enact section 5534.482 of the Revised Code to designate a portion of East Kemper Road in Hamilton County as the ""Patrolman Earl W. Casterline Memorial Highway.""",2,2026-03-18,https://legiscan.com/OH/bill/HB432/2025
OH,2043067,,Alter amusement ride classification for inspection fee purposes,To amend sections 993.01 and 993.04 of the Revised Code to alter the current amusement ride classification structure for purposes of the annual inspection and reinspection fees.,2,2025-11-05,https://legiscan.com/OH/bill/HB433/2025
OH,2043073,,Exempt military driver's license applicants from driver's ed,"To amend sections 122.09, 122.636, 123.282, 123.283, 126.67, 319.304, 1901.26, 1907.24, 2303.201, 2501.16, 4507.21, 4513.60, 4513.61, 4513.66, 5101.98, 5119.89, and 5747.01 and to enact section 5101.546 of the Revised Code and to amend Sections 209.30, 221.10, 221.30, 221.40, 229.40, 237.10, 265.10, 265.110, 265.215, 291.20, 307.10, 307.70, 317.10, 317.20, 381.410, 423.10, 423.220, and 755.20 of H.B. 96 of the 136th General Assembly and Sections 221.15 as subsequently amended, 357.10, 363.10 as subsequently amended, 387.10 as subsequently amended, and 387.13 as subsequently amended of H.B. 2 of the 135th General Assembly to make corrections related to the transportation and main operating budgets, to make appropriations, and to declare an emergency.",4,2025-11-25,https://legiscan.com/OH/bill/HB434/2025
OH,2043540,,Enact the Right to Know Act,To amend sections 3705.01 and 3705.09 of the Revised Code to require an institution to offer genetic testing to confirm paternity when a child is born to unwed parents and to name this act the Right to Know Act.,1,2025-09-09,https://legiscan.com/OH/bill/HB435/2025
OH,2043505,,Designate the Auxiliary Patrolman Earl Ulmer Memorial Highway,"To enact section 5534.968 of the Revised Code to designate a portion of Interstate Route 77 in Washington County as the ""Auxiliary Patrolman Earl Ulmer Memorial Highway.""",1,2025-09-09,https://legiscan.com/OH/bill/HB436/2025
OH,2043500,,Enact the Healthy Cardiac Monitoring Act,"To amend sections 3313.5310, 3707.58, 3707.59, 4723.24, 4723.28, 4730.14, 4730.25, 4731.22, and 4731.281 and to enact sections 3707.591, 3707.592, 4723.484, 4730.46, 4731.89, and 5164.21 of the Revised Code regarding cardiac monitoring for youth and to name the amendments and enactments by this act the Healthy Cardiac Monitoring Act.",2,2026-03-04,https://legiscan.com/OH/bill/HB437/2025
OH,2043561,,Enact the FAMILY Act,"To amend sections 1731.04, 1751.01, 1751.06, 1751.12, 1751.18, 1751.58, 1751.69, 3902.50, 3922.01, 3923.57, 3923.571, 3923.85, 3924.01, 3924.02, 3924.03, 3924.033, 3924.51, and 4125.041 and to enact sections 3902.55, 3902.56, 3902.57, and 3902.58 of the Revised Code regarding health insurance premiums and benefits and to name this act the Fair Access to Medical Insurance for Local Youth and Families (FAMILY) Act.",1,2025-09-09,https://legiscan.com/OH/bill/HB438/2025
OH,2043520,,Prohibit the surface application of brine from oil and gas wells,"To amend sections 1509.03, 1509.22, 1509.222, 1509.223, 1509.224, 1509.33, and 1509.99 and to repeal section 1509.226 of the Revised Code to expressly prohibit the surface application of brine from oil and gas wells on roads.",1,2025-09-09,https://legiscan.com/OH/bill/HB439/2025
OH,2043566,,Regards the Board of Nursing and criminal records check results,"To amend sections 4723.091, 4723.092, and 4723.28 of the Revised Code to revise the law governing the Board of Nursing and criminal records check results and to declare an emergency.",4,2025-12-18,https://legiscan.com/OH/bill/HB440/2025
OH,2043556,,Regards the one-year limitations period for libel or slander,"To amend section 2305.11 of the Revised Code to provide that for purposes of the one-year limitations period for libel or slander, the cause of action starts from publication of the libelous matter or when the slanderous words were spoken, regardless of when the aggrieved party discovered the libelous matter or slanderous words.",1,2025-09-09,https://legiscan.com/OH/bill/HB441/2025
OH,2043547,,Designate new congressional district boundaries,"To amend section 3521.01; to enact new sections 3521.011, 3521.012, 3521.013, 3521.014, 3521.015, 3521.016, 3521.017, 3521.018, 3521.019, 3521.0110, 3521.0111, 3521.0112, 3521.0113, 3521.0114, and 3521.0115; and to repeal sections 3521.011, 3521.012, 3521.013, 3521.014, 3521.015, 3521.016, 3521.017, 3521.018, 3521.019, 3521.0110, 3521.0111, 3521.0112, 3521.0113, 3521.0114, and 3521.0115 of the Revised Code to designate new congressional district boundaries pursuant to Article XIX of the Ohio Constitution.",1,2025-09-09,https://legiscan.com/OH/bill/HB442/2025
OH,2044186,,Prohibit enforcing property tax liens against certain homesteads,"To amend sections 323.25, 4503.06, 5721.01, 5721.18, and 5721.31 of the Revised Code to prohibit enforcement of delinquent property tax liens against certain owner-occupied homesteads.",1,2025-09-15,https://legiscan.com/OH/bill/HB443/2025
OH,2044170,,Enact the Tithing Protection Act,To amend section 5747.01 of the Revised Code to allow a personal income tax deduction for certain donations to churches and to name this act the Tithing Protection Act.,1,2025-09-15,https://legiscan.com/OH/bill/HB444/2025
OH,2044183,,Regards regional councils of govt and metropolitan planning orgs,"To amend sections 167.02 and 167.04 and to enact sections 713.41, 713.42, and 713.43 of the Revised Code regarding regional councils of government and metropolitan planning organizations.",1,2025-09-15,https://legiscan.com/OH/bill/HB445/2025
OH,2044167,,Modify trust and probate laws,"To amend sections 1336.04, 1336.05, 1336.09, 1337.34, 1337.36, 1337.42, 1337.52, 2117.02, 5701.11, 5801.04, 5801.07, 5806.02, 5806.03, 5808.19, 5810.08, 5812.43, 5815.25, and 5816.11; to enact sections 5808.161, 5818.01, 5818.011, 5818.02, 5818.03, 5818.04, 5818.05, 5818.06, 5818.07, 5818.08, 5818.09, 5818.10, 5818.11, 5818.12, 5818.13, 5818.14, 5818.15, 5818.16, 5818.17, 5818.18, 5818.19, 5818.20, 5818.21, 5818.22, 5818.23, 5818.24, 5818.25, 5818.26, 5818.27, 5818.28, 5818.29, 5818.30, 5818.31, 5818.32, and 5818.33; and to repeal section 5808.08 of the Revised Code to modify trust and probate laws.",1,2025-09-15,https://legiscan.com/OH/bill/HB446/2025
OH,2044154,,Regards the dollar caps on certain damages in civil actions,"To amend sections 2305.01, 2307.80, 2315.18, 2315.21, 2323.43, 2744.05, and 3345.40 of the Revised Code to increase the dollar caps on noneconomic damages and punitive or exemplary damages in civil actions and to provide a procedure for the Department of Taxation to make annual adjustments of those caps based on the consumer price index.",1,2025-09-15,https://legiscan.com/OH/bill/HB447/2025
OH,2044198,,Apply prescription drug rebates to cost-sharing requirements,To enact section 3902.65 of the Revised Code to apply prescription drug rebates to cost-sharing requirements.,1,2025-09-15,https://legiscan.com/OH/bill/HB448/2025
OH,2044192,,Enact the Better Access to Health Care Act,"To amend sections 1751.67, 2133.211, 3313.539, 3707.511, 3727.06, 3923.233, 3923.301, 3923.63, 3923.64, 4723.01, 4723.02, 4723.06, 4723.07, 4723.24, 4723.28, 4723.36, 4723.41, 4723.42, 4723.43, 4723.431, 4723.44, 4723.46, 4723.481, 4723.482, 4723.483, 4723.493, 4723.50, 4731.27, 4761.17, and 5164.07; to enact section 4723.439; and to repeal sections 4723.45 and 5164.73 of the Revised Code to modify the laws governing the practice of advanced practice registered nurses and to name this act the Better Access to Health Care Act.",1,2025-09-15,https://legiscan.com/OH/bill/HB449/2025
OH,2044201,,Grant accessible parking privileges to pregnant women,To amend sections 4503.44 and 4511.69 of the Revised Code to create a removable windshield placard that grants accessible parking privileges to pregnant women.,1,2025-09-15,https://legiscan.com/OH/bill/HB450/2025
OH,2044134,,Designate CPL Lindsey William Mitchell Memorial Highway,"To enact section 5534.931 of the Revised Code to designate a portion of Interstate 70 in Franklin and Fairfield counties as the ""CPL Lindsey William Mitchell Memorial Highway.""",1,2025-09-15,https://legiscan.com/OH/bill/HB451/2025
OH,2044131,,Designate 761st Tank Battalion Day,"To enact section 5.2322 of the Revised Code to designate October 1st as ""761st Tank Battalion Day.""",1,2025-09-15,https://legiscan.com/OH/bill/HB452/2025
OH,2044160,,"Regards insurance, Medicaid coverage of certain autism therapy","To amend sections 1751.84, 3923.84, 4783.01, and 4783.02 and to enact sections 3901.92 and 4783.40 of the Revised Code regarding insurance and Medicaid coverage of applied behavior analysis therapy for autism treatment and to permit exam-eligible technicians to engage in the practice of applied behavior analysis.",1,2025-09-15,https://legiscan.com/OH/bill/HB453/2025
OH,2044157,,Create the State Government Efficiency Commission,To amend section 121.17 and to enact section 121.171 of the Revised Code to create the State Government Efficiency Commission.,1,2025-09-15,https://legiscan.com/OH/bill/HB454/2025
OH,2044413,,Regards the operation of public schools and the DEW,"To amend sections 109.57, 109.803, 124.011, 133.06, 135.142, 135.143, 149.41, 2915.092, 2921.44, 3301.07, 3301.079, 3301.0710, 3301.0711, 3301.0712, 3301.0714, 3301.0715, 3301.0716, 3301.0730, 3301.111, 3301.12, 3301.45, 3301.52, 3302.01, 3302.02, 3302.021, 3302.03, 3302.034, 3302.035, 3302.04, 3302.05, 3302.07, 3302.10, 3302.12, 3302.13, 3302.151, 3302.17, 3302.21, 3302.41, 3307.01, 3309.01, 3309.011, 3310.03, 3310.14, 3310.522, 3311.741, 3311.80, 3313.11, 3313.411, 3313.413, 3313.483, 3313.603, 3313.6026, 3313.6028, 3313.61, 3313.611, 3313.612, 3313.614, 3313.618, 3313.6110, 3313.6111, 3313.6112, 3313.6113, 3313.6114, 3313.64, 3313.661, 3313.663, 3313.664, 3313.6611, 3313.7112, 3313.7118, 3313.753, 3313.814, 3313.902, 3314.016, 3314.017, 3314.02, 3314.031, 3314.034, 3314.35, 3314.351, 3314.353, 3315.063, 3315.42, 3316.03, 3316.04, 3316.06, 3316.14, 3317.02, 3317.023, 3317.03, 3317.18, 3317.25, 3319.31, 3319.311, 3319.319, 3319.393, 3320.02, 3320.03, 3325.08, 3326.11, 3327.014, 3333.041, 3333.048, 3333.301, 3345.061, 3365.01, 3365.032, 3365.07, 3728.01, 3737.07, 3781.106, 3792.04, 4117.01, 4723.483, 4723.4811, 4729.01, 4729.513, 4729.541, 4730.433, 4730.437, 4731.92, 4731.96, 5104.53, 5502.262, 5705.212, 5705.213, 5753.11, and 6109.121 and to repeal sections 3301.28, 3301.68, 3302.032, 3302.036, 3302.042, 3302.06, 3302.061, 3302.062, 3302.063, 3302.064, 3302.065, 3302.066, 3302.067, 3302.068, 3313.484, 3313.487, 3313.488, 3313.489, 3313.4810, 3313.615, 3314.354, 3316.041, 3318.60, 3318.61, 3318.62, 3328.01, 3328.02, 3328.03, 3328.04, 3328.11, 3328.12, 3328.13, 3328.14, 3328.15, 3328.16, 3328.17, 3328.18, 3328.19, 3328.191, 3328.192, 3328.193, 3328.20, 3328.21, 3328.22, 3328.23, 3328.24, 3328.241, 3328.25, 3328.26, 3328.27, 3328.29, 3328.30, 3328.31, 3328.32, 3328.34, 3328.35, 3328.36, 3328.37, 3328.38, 3328.41, 3328.45, 3328.50, 3328.52, and 3328.99 of the Revised Code and to amend Section 265.550 of H.B. 33 of the 135th General Assembly as subsequently amended regarding the operation of public schools and the Department of Education and Workforce and to eliminate obsolete provisions of education law and to amend the version of section 3313.902 of the Revised Code that is scheduled to take effect on July 1, 2026, to continue the change on and after that date.",2,2025-11-19,https://legiscan.com/OH/bill/HB455/2025
OH,2044419,,Regards amending a pre-1994 community reinvestment area,To amend section 3735.661 of the Revised Code to expand the ability of certain municipalities to amend a pre-1994 community reinvestment area.,1,2025-09-17,https://legiscan.com/OH/bill/HB456/2025
OH,2044432,,Regards penalties for politically motivated criminal offenses,"To amend sections 2903.01, 2929.01, 2929.12, 2929.14, and 2929.22 and to enact section 2941.1428 of the Revised Code to create new aggravated murder offenses for political motivation and political victims, to create a mandatory prison term for politically motivated offenses of violence, and to add political motivation to sentencing factors for felonies and misdemeanors.",1,2025-09-17,https://legiscan.com/OH/bill/HB457/2025
OH,2044399,,Regards real property foreclosures,"To amend sections 2329.01, 2329.151, 2329.152, 2329.153, 2329.17, 2329.18, 2329.19, 2329.20, 2329.211, 2329.26, 2329.27, 2329.312, and 2329.52 of the Revised Code relating to real property foreclosures.",1,2025-09-17,https://legiscan.com/OH/bill/HB458/2025
OH,2044395,,Enact Katelyn's Law,"To amend sections 2152.17, 2901.13, and 2929.14 and to enact sections 2921.322 and 2941.1427 of the Revised Code to enact Katelyn's Law to create an offense and specification related to moving or removing human remains and to provide that the offense has no statute of limitations.",1,2025-09-17,https://legiscan.com/OH/bill/HB459/2025
OH,2044406,,Allow specified officials to carry a handgun in a govt facility,"To amend section 2923.126 of the Revised Code to allow members of the General Assembly, statewide elected officials, judges, and magistrates to carry a concealed handgun in a government facility of the state or a political subdivision.",1,2025-09-17,https://legiscan.com/OH/bill/HB460/2025
OH,2044403,,"Require jails, prisons provide teletypewriters to certain inmates","To enact sections 341.193, 753.022, and 5120.052 of the Revised Code to require municipal and county correctional facilities and state correctional institutions to provide inmates who are deaf, hard of hearing, or severely speech impaired with access to teletypewriters.",1,2025-09-17,https://legiscan.com/OH/bill/HB461/2025
OH,2044911,,Regards student use of a nasal epinephrine delivery device,"To amend sections 3301.135, 3313.718, 3313.719, 3313.7110, 3313.7111, 3314.141, 3314.143, 3326.28, 3328.24, 3328.29, 3728.01, 4723.483, 4729.01, 4729.51, 4729.513, 4729.541, 4729.88, 4730.433, 4731.96, 4731.961, and 5180.26 and to enact section 4729.262 of the Revised Code to authorize the procurement and emergency use of additional types of epinephrine delivery systems by schools, school districts, and camps.",2,2025-11-12,https://legiscan.com/OH/bill/HB462/2025
OH,2044905,,Revise driver education requirements,"To amend sections 4507.05, 4507.071, 4507.21, and 4508.02 and to enact section 4508.041 of the Revised Code to make changes to driver education requirements.",1,2025-09-23,https://legiscan.com/OH/bill/HB463/2025
OH,2044916,,Exempt military-certified child care providers from licensure,To amend section 5104.02 of the Revised Code to exempt from licensure family child care providers certified by a branch of the United States armed forces.,2,2026-03-18,https://legiscan.com/OH/bill/HB464/2025
OH,2044906,,"Require 48-hour renewal of liquor, tobacco, vapor product permit","To amend sections 4303.271, 5743.15, and 5743.61 of the Revised Code to require the renewal of various licenses or permits related to liquor, tobacco, and vapor products within forty-eight hours of filing.",1,2025-09-23,https://legiscan.com/OH/bill/HB465/2025
OH,2044902,,Require certain approval before subdivision levies a property tax,"To amend sections 511.27, 511.28, 1545.041, 1545.21, 3709.29, 5705.23, and 5705.34 and to enact sections 511.271, 1545.212, and 5705.171 of the Revised Code to require certain subdivisions to obtain the approval of the body that created the subdivision before levying a property tax.",1,2025-09-23,https://legiscan.com/OH/bill/HB466/2025
OH,2044914,,Prohibit public utilities from recovering political expenditures,"To enact sections 4933.51, 4933.52, 4933.53, 4933.55, 4933.57, 4933.58, 4933.59, and 4933.60 of the Revised Code to prohibit certain public utilities from recovering political expenditure costs from their customers.",1,2025-09-23,https://legiscan.com/OH/bill/HB467/2025
OH,2044909,,"Exempt specified OEPA, PUCO vehicles from certain traffic laws",To amend section 4511.01 of the Revised Code to designate certain OEPA and PUCO vehicles as public safety vehicles that are exempt from certain traffic laws and to make an appropriation.,1,2025-09-23,https://legiscan.com/OH/bill/HB468/2025
OH,2044900,,Declare A.I. systems nonsentient; prohibit legal personhood,"To enact sections 1357.01, 1357.02, 1357.03, 1357.04, 1357.05, 1357.06, 1357.07, 1357.08, 1357.09, 1357.10, 1357.11, and 1357.12 of the Revised Code to declare artificial intelligence systems nonsentient and to prohibit them from obtaining legal personhood.",1,2025-09-23,https://legiscan.com/OH/bill/HB469/2025
OH,2044912,,Create an automatic voter registration system,"To amend sections 3501.05, 3503.09, 3503.12, 3503.13, 3503.16, 3503.19, 3503.21, 3503.28, 3503.30, 3503.33, 3505.181, 3505.183, 3599.11, 3599.18, 4506.07, 4507.06, and 4507.51; to enact new section 3503.11; and to repeal section 3503.11 of the Revised Code to create an automatic voter registration system.",1,2025-09-23,https://legiscan.com/OH/bill/HB470/2025
OH,2044904,,Designate Deputy Larry Henderson Memorial Highway,"To enact section 5534.971 of the Revised Code to designate a portion of Interstate 275 in Hamilton County as the ""Deputy Larry Henderson Memorial Highway.""",2,2025-11-05,https://legiscan.com/OH/bill/HB471/2025
OH,2045363,,"Waive ID, birth certificate fees for homeless individuals","To amend sections 2101.16, 2303.20, 3109.14, 3705.24, 3705.242, 4507.01, 4507.50, 4507.51, and 4507.52 and to enact sections 9.011, 2101.166, 2303.202, 3705.243, and 3705.50 of the Revised Code to waive fees for an identification card or vital statistics record and permit the storage of documents for individuals experiencing homelessness.",2,2026-02-18,https://legiscan.com/OH/bill/HB472/2025
OH,2045350,,Bar public employer from paying employee retirement contributions,"To amend sections 145.47, 742.31, 3307.27, 3309.47, 4117.08, and 5505.15 of the Revised Code to prohibit a public employer from paying employee contributions to a state retirement system.",1,2025-09-29,https://legiscan.com/OH/bill/HB473/2025
OH,2045332,,Enact the Ohio Dementia Care Training Act for Nurse Aides,"To amend sections 3721.28, 3721.29, and 3721.30 of the Revised Code to enact the Ohio Dementia Care Training Act for Nurse Aides.",1,2025-09-29,https://legiscan.com/OH/bill/HB474/2025
OH,2045344,,"Regards municipal cybersecurity, private cybersecurity contracts","To amend sections 125.18 and 5922.08 and to enact sections 5502.282, 5502.283, and 5922.09 of the Revised Code to require the assessment of municipal corporation cybersecurity infrastructure, to allow the cybersecurity strategic advisor to certify and contract with private cybersecurity firms, and to establish a toll-free secure line to the Ohio Cyber Reserve.",1,2025-09-29,https://legiscan.com/OH/bill/HB475/2025
OH,2045333,,Authorize online raffles under the Charitable Gaming Law,"To amend sections 109.32, 2915.01, 2915.07, 2915.08, 2915.081, 2915.082, 2915.092, 2915.093, 2915.10, 2915.101, and 2915.14; to amend, for the purpose of adopting a new section number as indicated in parentheses, section 2915.092 (2915.16); and to enact sections 2915.17, 2915.18, 2915.19, and 2915.20 of the Revised Code to authorize online raffles and make related changes to the Charitable Gaming Law and to declare an emergency.",2,2025-11-19,https://legiscan.com/OH/bill/HB476/2025
OH,2045354,,Require state agencies compensate AG for legal representation,To amend section 109.02 and to enact section 9.243 of the Revised Code to require state agencies to compensate the Attorney General for legal representation.,1,2025-09-29,https://legiscan.com/OH/bill/HB477/2025
OH,2045359,,Create jury tampering offense; revise court intimidation offenses,"To amend section 2921.04 and to enact section 2921.06 of the Revised Code to create the offense of jury tampering and to include a public servant in the offense of intimidation of an attorney, victim, witness, or public servant in a criminal case.",1,2025-09-29,https://legiscan.com/OH/bill/HB478/2025
OH,2045345,,Regards physician supervision of imaging contrast administration,"To amend sections 4773.10, 4774.08, and 4774.10 and to enact sections 4723.37, 4723.371, 4773.062, and 4774.101 of the Revised Code regarding physician supervision of contrast administration for imaging.",2,2026-02-25,https://legiscan.com/OH/bill/HB479/2025
OH,2045342,,Revise the Unclaimed Funds Law,"To amend sections 122.58, 169.01, 169.02, 169.03, 169.05, 169.06, 169.07, 169.08, 169.09, 169.12, 169.16, 169.99, and 5703.21; to enact sections 169.091, 169.18, 169.19, and 169.20; and to repeal section 169.10 of the Revised Code to make changes to the Unclaimed Funds Law.",1,2025-09-29,https://legiscan.com/OH/bill/HB480/2025
OH,2045326,,Allow public body executive session for employee performance,To amend section 121.22 of the Revised Code to allow a public body to meet in an executive session to discuss the performance of a public employee or official.,1,2025-09-29,https://legiscan.com/OH/bill/HB481/2025
OH,2045337,,Designate Bill Powell Memorial Highway,"To enact section 5534.972 of the Revised Code to designate a portion of U.S. Route 30 in Stark County as the ""Bill Powell Memorial Highway.""",1,2025-09-29,https://legiscan.com/OH/bill/HB482/2025
OH,2045338,,Allow partial property tax deferral for eligible homeowners,"To amend sections 319.202, 319.302, 323.155, 323.158, 4503.0610, and 5323.02 and to enact sections 323.21 and 323.22 of the Revised Code to allow eligible homeowners to defer the payment of a portion of their property taxes.",1,2025-09-29,https://legiscan.com/OH/bill/HB483/2025
OH,2045348,,Create Workforce Investment Now (WIN) Child Care pilot program,To create the Workforce Investment Now (WIN) for Child Care pilot program to provide publicly funded child care to child care staff members and to make an appropriation.,1,2025-09-29,https://legiscan.com/OH/bill/HB484/2025
OH,2045328,,Enact the Baby Olivia Act,"To amend sections 3301.0718, 3302.07, 3314.03, 3326.11, and 3328.24 and to enact section 3313.6034 of the Revised Code to enact the Baby Olivia Act to require human growth and development instruction in public schools.",2,2025-11-19,https://legiscan.com/OH/bill/HB485/2025
OH,2045358,,Enact the Charlie Kirk American Heritage Act,"To amend sections 3314.03, 3326.11, and 3328.24 and to enact sections 3320.09, 3320.10, and 3320.11 of the Revised Code to enact the Charlie Kirk American Heritage Act to permit teachers in public schools and state institutions of higher education to provide instruction on the influence of Judeo-Christian values on history and culture.",2,2025-11-19,https://legiscan.com/OH/bill/HB486/2025
OH,2045600,,Create a repeat drug offender specification,To amend sections 2929.01 and 2929.14 and to enact section 2941.1427 of the Revised Code to create a repeat drug offender specification.,1,2025-10-01,https://legiscan.com/OH/bill/HB487/2025
OH,2045575,,Require amusement parks provide real-time ride operation status,To enact sections 993.15 and 993.16 of the Revised Code to require an amusement park operator to implement and maintain a system that publicly communicates the real-time operational status of each of its amusement rides.,1,2025-10-01,https://legiscan.com/OH/bill/HB488/2025
OH,2045602,,Eliminate state contract requirement re: jurisdictional boycott,"To repeal section 9.76 of the Revised Code to eliminate a requirement that state contracts include a provision in which the company declares it is not boycotting any jurisdiction with which Ohio can enjoy open trade, including Israel, and will not do so during the contract period.",1,2025-10-01,https://legiscan.com/OH/bill/HB489/2025
OH,2045569,,Expand postconviction relief re:DNA test showing actual innocence,To amend sections 2953.21 and 2953.23 of the Revised Code to expand the availability of postconviction relief based on DNA testing showing actual innocence.,1,2025-10-01,https://legiscan.com/OH/bill/HB490/2025
OH,2045583,,Make changes to Guardianship Law,"To amend sections 2109.21, 2111.01, 2111.011, 2111.02, 2111.021, 2111.022, 2111.03, 2111.031, 2111.04, 2111.041, 2111.05, 2111.06, 2111.08, 2111.091, 2111.12, 2111.13, 2111.131, 2111.18, 2111.181, 2111.19, 2111.20, 2111.23, 2111.26, 2111.33, 2111.37, 2111.38, 2111.39, 2111.44, 2111.46, 2111.47, 2111.49, 2111.50, 2112.01, and 2746.06; to enact section 2111.023; and to repeal sections 2111.07, 2111.15, 2111.34, 2111.35, 2111.36, and 2111.45 of the Revised Code to make changes to Guardianship Law.",1,2025-10-01,https://legiscan.com/OH/bill/HB491/2025
OH,2045596,,Prohibit interfering with motor vehicle-related arrests,"To amend section 4513.36 of the Revised Code to expand the prohibition against interfering with arrest to all motor vehicle-related laws and require drivers and passengers to disclose their name, address, and date of birth to a peace officer on request.",2,2025-11-19,https://legiscan.com/OH/bill/HB492/2025
OH,2045589,,Sunset the sale of delinquent property tax certificates,"To amend sections 5721.32, 5721.33, and 5721.42 of the Revised Code to sunset the sale of delinquent property tax certificates on January 1, 2027.",1,2025-10-01,https://legiscan.com/OH/bill/HB493/2025
OH,2045566,,Designate Road Traffic Victims Day of Remembrance,"To enact section 5.57 of the Revised Code to designate the third Sunday in November as ""Road Traffic Victims Day of Remembrance.""",1,2025-10-01,https://legiscan.com/OH/bill/HB494/2025
OH,2045585,,Enact the Freedom to Carry Act,"To amend sections 9.68, 109.69, 109.731, 311.41, 311.42, 311.43, 1547.69, 2921.13, 2923.11, 2923.111, 2923.12, 2923.121, 2923.122, 2923.123, 2923.124, 2923.125, 2923.126, 2923.127, 2923.128, 2923.129, 2923.1210, 2923.1211, 2923.1212, 2923.1213, 2923.16, 2923.17, 2953.35, and 4749.10 and to repeal section 1533.04 of the Revised Code to enact the Freedom to Carry Act to rename a concealed handgun license a concealed weapons license and to allow a concealed weapons licensee to carry a concealed deadly weapon other than an exclusive deadly weapon.",1,2025-10-01,https://legiscan.com/OH/bill/HB495/2025
OH,2045578,,Designate Fathers Walk Week,"To enact section 5.621 of the Revised Code to designate ""Fathers Walk Week.""",1,2025-10-01,https://legiscan.com/OH/bill/HB496/2025
OH,2045961,,Designate PFC James Vincent PottKotter Memorial Highway,"To enact section 5534.855 of the Revised Code to designate a portion of State Route 49 in Darke county as the ""PFC James Vincent PottKotter Memorial Highway.""",1,2025-10-07,https://legiscan.com/OH/bill/HB497/2025
OH,2045998,,Enact the Ohio Self-Defense Act,"To amend sections 2307.601, 2901.05, and 2901.09 and to enact sections 2901.091 and 2901.092 of the Revised Code to enact the Ohio Self-Defense Act to modify the law regarding self-defense.",1,2025-10-07,https://legiscan.com/OH/bill/HB498/2025
OH,2045953,,"Modify laws governing county budget commissions, property taxes","To amend sections 3317.01, 5705.31, 5705.32, and 5705.321 and to enact section 5705.60 of the Revised Code to modify the law governing county budget commissions and property taxation.",1,2025-10-07,https://legiscan.com/OH/bill/HB499/2025
OH,2045982,,Designate a school JROTC program as a career-technical ed program,To enact sections 3313.907 and 3317.166 of the Revised Code to designate a JROTC or NDCC program offered by a school district as a career-technical education program.,2,2026-02-25,https://legiscan.com/OH/bill/HB500/2025
OH,2045977,,Modify and rename the wrongful incarceration law,"To amend sections 117.52, 2305.02, 2743.15, 2743.48, and 2743.49 of the Revised Code to modify the wrongful imprisonment law and to rename the provisions wrongful incarceration.",1,2025-10-07,https://legiscan.com/OH/bill/HB501/2025
OH,2045997,,"Appropriate funds for SNAP, TANF, WIC upon lapse in federal funds","To make an appropriation to continue to fund the Supplemental Nutrition Assistance Program, Temporary Assistance for Needy Families programs, and Special Supplemental Nutrition Program for Women, Infants, and Children contingent upon a lapse in federal funding.",1,2025-10-07,https://legiscan.com/OH/bill/HB502/2025
OH,2045954,,Regards voter approval of municipal income tax reciprocity credit,"To amend section 718.04 and to enact section 718.041 of the Revised Code to require voter approval to reduce or repeal a municipal income tax reciprocity credit, to allow a voter initiative to enact or increase such a credit, and to require the Department of Taxation to conduct a study of municipal income taxation.",2,2026-02-25,https://legiscan.com/OH/bill/HB503/2025
OH,2045980,,Enact the Calculated Adjustments for Property Surges (CAPS) Act,"To amend sections 323.152, 323.155, and 4503.06 and to enact section 319.305 of the Revised Code to authorize counties to temporarily exempt a portion of property's increased value from taxation following a reappraisal and to name this act the Calculated Adjustments for Property Surges (CAPS) Act.",1,2025-10-07,https://legiscan.com/OH/bill/HB504/2025
OH,2045975,,Restrict use of crowdfunding money for other purposes,"To enact sections 1349.07, 1349.071, 1349.072, 1349.073, 1349.074, 1349.075, 1349.076, and 1349.08 of the Revised Code to restrict the use of funds collected through crowdfunding for purposes other than those solicited.",1,2025-10-07,https://legiscan.com/OH/bill/HB505/2025
OH,2045992,,Designate George Walker Memorial Highway,"To enact section 5534.914 of the Revised Code to designate a portion of I-71 in Franklin County as the ""George Walker Memorial Highway.""",1,2025-10-07,https://legiscan.com/OH/bill/HB506/2025
OH,2045972,,Prohibit a person from receiving proceeds of prostitution,To amend sections 2907.01 and 2923.31 and to enact section 2907.251 of the Revised Code to prohibit a person from receiving proceeds of prostitution.,2,2026-03-04,https://legiscan.com/OH/bill/HB507/2025
OH,2045958,,Enact the Better Access to Health Care Act,"To amend sections 1751.67, 2133.211, 3313.539, 3707.511, 3727.06, 3923.233, 3923.301, 3923.63, 3923.64, 4723.01, 4723.02, 4723.06, 4723.07, 4723.24, 4723.28, 4723.36, 4723.41, 4723.42, 4723.43, 4723.431, 4723.44, 4723.46, 4723.481, 4723.482, 4723.483, 4723.493, 4723.50, 4731.27, 4761.17, and 5164.07; to enact section 4723.439; and to repeal sections 4723.45 and 5164.73 of the Revised Code to modify the laws governing the practice of advanced practice registered nurses and to name this act the Better Access to Health Care Act.",1,2025-10-08,https://legiscan.com/OH/bill/HB508/2025
OH,2046372,,Exclude certain financial records in criminal record expungement,To amend section 2953.32 of the Revised Code to exclude certain financial records held by clerks of court from destruction upon ordered expungement of a criminal record.,1,2025-10-14,https://legiscan.com/OH/bill/HB509/2025
OH,2046395,,"Prohibit requiring employees to join, pay dues to employee org.","To amend sections 9.81, 4117.09, and 4117.11 and to enact sections 4119.01, 4119.02, 4119.07, 4119.08, and 4119.99 of the Revised Code to prohibit any requirement that employees join or pay dues to an employee organization.",1,2025-10-14,https://legiscan.com/OH/bill/HB510/2025
OH,2046291,,Increase appropriations for Campus Student Safety Grant Program,"To amend Section 381.10 of H.B. 96 of the 136th General Assembly to increase appropriations for the Campus Student Safety Grant Program for the biennium ending June 30, 2027.",1,2025-10-14,https://legiscan.com/OH/bill/HB511/2025
OH,2046442,,Modify law re: project labor agreements in public contracts,"To amend sections 4116.01, 4116.02, 4116.03, and 4116.04; to enact sections 4116.021, 4116.031, and 4116.05; and to repeal section 153.83 of the Revised Code to modify the law regarding project labor agreements in public improvement contracts.",1,2025-10-14,https://legiscan.com/OH/bill/HB512/2025
OH,2046348,,Let certain entities apply Prevailing Wage to public projects,"To amend sections 164.07, 307.022, 307.671, 307.673, 307.674, 307.696, 308.21, 351.06, 353.03, 1506.44, 1710.02, 4115.03, 4115.034, 4115.04, 4115.06, 5540.03, 6117.012, and 6121.061 of the Revised Code to allow political subdivisions, special districts, and state institutions of higher education to elect to apply the Prevailing Wage Law to public improvement projects and to increase the threshold amount that triggers application of the Law for certain state public improvements.",1,2025-10-14,https://legiscan.com/OH/bill/HB513/2025
OH,2046303,,"Regards public records of minors, sex offender library boxes","To enact sections 149.437 and 2950.036 of the Revised Code to specify that a video, taken by a public office depicting a minor at a public recreational facility with water activities, is not a public record, and is subject to restricted release, and to prohibit a sexually oriented offender or child-victim oriented offender from establishing or maintaining a library box.",1,2025-10-14,https://legiscan.com/OH/bill/HB514/2025
OH,2046359,,Regards ADAMH boards and board contracts,"To amend sections 340.02 and 340.036 of the Revised Code regarding the composition of boards of alcohol, drug addiction, and mental health services and regarding board contracts.",1,2025-10-14,https://legiscan.com/OH/bill/HB515/2025
OH,2046337,,Designate 83rd Ohio Division Memorial Highway,"To enact section 5534.973 of the Revised Code to designate a portion of State Route 5 in Portage County and Trumbull County as the ""83rd Ohio Division Memorial Highway.""",1,2025-10-14,https://legiscan.com/OH/bill/HB516/2025
OH,2046418,,Regards special assessments for shade trees,To amend section 727.011 of the Revised Code regarding special assessments for shade trees.,1,2025-10-14,https://legiscan.com/OH/bill/HB517/2025
OH,2046383,,"Regards truancy, contributing to delinquency of a child","To amend sections 2151.354, 2152.19, and 2919.24 of the Revised Code relative to truancy and contributing to the unruliness or delinquency of a child.",1,2025-10-14,https://legiscan.com/OH/bill/HB518/2025
OH,2046406,,Prohibit specified actions with intent to steal a motor vehicle,"To amend sections 2152.02, 2152.19, 2923.24, 2930.12, 2930.13, and 2951.03 of the Revised Code to prohibit possession of an electronic device under circumstances indicating an intent to commit a theft offense that involves a motor vehicle.",2,2025-11-19,https://legiscan.com/OH/bill/HB519/2025
OH,2046530,,Establish Blue Ribbon Comm. in each county to improve efficiency,To establish and convene a Blue Ribbon Committee in each county to review and assess each taxing unit within the county and each county program or department to identify duplication of services and generally to streamline and improve county efficiency and effectiveness.,1,2025-10-15,https://legiscan.com/OH/bill/HB520/2025
OH,2046570,,Enact the Ohio Nurse Workforce and Safe Patient Act,"To amend sections 3333.28, 3722.01, 4723.489, 4730.203, and 4772.092; to enact sections 3333.27, 3722.21, 3722.22, 3722.23, 3722.24, 3722.25, 3722.26, 3722.27, 3722.28, 3722.29, 3722.30, 3722.31, 3722.32, 3722.33, 3722.34, 3722.35, 3722.36, 3722.37, 3722.38, 3722.39, and 3722.40; and to repeal sections 3727.50, 3727.51, 3727.52, 3727.53, 3727.54, 3727.55, 3727.56, and 3727.57 of the Revised Code to require hospitals to establish and comply with registered nurse staffing plans that protect patient safety, to create the Nursing Student Loan-to-Grant Program, to make an appropriation, and to name this act the Ohio Nurse Workforce and Safe Patient Act.",1,2025-10-15,https://legiscan.com/OH/bill/HB521/2025
OH,2046567,,Regards federal mineral royalty payments,To amend section 1503.35 and to enact section 131.52 of the Revised Code regarding federal mineral royalty payments.,1,2025-10-15,https://legiscan.com/OH/bill/HB522/2025
OH,2046545,,Enact the Future Educators Support Act,"To enact sections 3319.66, 3319.70, 3345.84, and 6301.113 of the Revised Code to enact the Future Educators Support Act regarding financial support for student teachers and teaching as an in-demand job.",1,2025-10-15,https://legiscan.com/OH/bill/HB523/2025
OH,2046538,,Impose penalties for AI models suggesting harming self or another,"To amend section 5119.84 and to enact sections 109.96, 109.961, 109.962, 109.963, 109.964, 109.965, 109.966, 109.967, 109.968, 109.969, 109.9610, 109.9611, 109.9612, 109.9613, 109.9614, 109.9615, and 109.9616 of the Revised Code to impose penalties on entities whose AI models suggest harming one's self or another person.",1,2025-10-15,https://legiscan.com/OH/bill/HB524/2025
OH,2046561,,Regards use of artificial intelligence in therapy services,To enact section 4743.21 of the Revised Code regarding the use of artificial intelligence in therapy services.,1,2025-10-15,https://legiscan.com/OH/bill/HB525/2025
OH,2046559,,Require orange International Symbol of Access windshield placards,To amend section 4503.44 of the Revised Code to require the issuance of orange removable windshield placards imprinted with International Symbol of Access in certain circumstances.,1,2025-10-15,https://legiscan.com/OH/bill/HB526/2025
OH,2046534,,Allow felony defendants to request indictment by open grand jury,"To amend sections 109.83, 109.84, 109.85, 109.86, 121.22, 177.03, 307.52, 325.07, 701.03, 1901.21, 2151.43, 2152.13, 2301.25, 2335.08, 2930.09, 2933.62, 2933.63, 2935.36, 2937.09, 2937.10, 2937.12, 2939.02, 2939.03, 2939.06, 2939.07, 2939.08, 2939.09, 2939.10, 2939.11, 2939.12, 2939.13, 2939.14, 2939.15, 2939.16, 2939.17, 2939.19, 2939.23, 2939.24, 2941.06, 2941.58, 2951.041, 2953.33, 3515.13, 3701.14, 3701.17, 3701.24, and 4113.22 and to enact sections 2937.111, 2939.061, and 2939.071 of the Revised Code to allow felony defendants to request an alternative system of indictment by open grand jury.",1,2025-10-15,https://legiscan.com/OH/bill/HB527/2025
OH,2046554,,Require 7 year mandatory minimum prison term for forcible rape,To amend section 2907.02 of the Revised Code to require a seven year mandatory minimum prison term for forcible rape.,1,2025-10-15,https://legiscan.com/OH/bill/HB528/2025
OH,2046564,,"Authorize tax credit if hiring veterans, service members, spouses","To amend sections 5725.98, 5726.98, 5729.98, 5747.98, and 5751.98 and to enact sections 5725.39, 5726.63, 5727.242, 5727.301, 5729.22, 5736.51, 5747.88, and 5751.55 of the Revised Code to authorize refundable tax credits for hiring certain veterans, service members, and their spouses.",1,2025-10-15,https://legiscan.com/OH/bill/HB529/2025
OH,2047130,,Establish the Long-term Care Workforce Study Commission,To establish the Long-term Care Workforce Study Commission.,1,2025-10-21,https://legiscan.com/OH/bill/HB530/2025
OH,2047118,,Enact the School Chaplain Act,To amend sections 3314.03 and 3326.11 and to enact section 3313.475 of the Revised Code to enact the School Chaplain Act to permit public schools to engage volunteer chaplains to provide support services.,1,2025-10-21,https://legiscan.com/OH/bill/HB531/2025
OH,2047123,,Regards custody of children who cannot be released to a parent,"To amend sections 2151.27, 2151.31, 2151.419, 2152.72, 3109.58, and 3109.68 of the Revised Code to require a public children services agency to take immediate custody of specified children who cannot be released to a parent, guardian, or custodian.",2,2026-02-25,https://legiscan.com/OH/bill/HB532/2025
OH,2047136,,Revise list of vehicles that can commit vehicular homicide,To amend sections 2903.06 and 2903.08 of the Revised Code to add to the list of vehicles that can be used to commit a vehicular homicide or vehicular assault.,2,2026-03-18,https://legiscan.com/OH/bill/HB533/2025
OH,2047134,,Provide for the licensure of debt services providers,"To amend section 9.79; to enact new sections 4710.01, 4710.02, 4710.03, and 4710.04 and sections 4710.05, 4710.06, 4710.07, 4710.08, 4710.09, 4710.10, 4710.11, 4710.12, 4710.13, 4710.14, 4710.15, 4710.16, 4710.17, 4710.18, and 4710.19; and to repeal sections 4710.01, 4710.02, 4710.03, 4710.04, and 4710.99 of the Revised Code to provide for the licensure of debt services providers.",1,2025-10-21,https://legiscan.com/OH/bill/HB534/2025
OH,2047127,,"Regards hospital-wide nursing care comm., nursing staffing plans","To amend sections 3727.50, 3727.51, 3727.52, 3727.54, 3727.55, and 3727.56; to enact new section 3727.53 and section 4123.293; and to repeal section 3727.53 of the Revised Code to revise the law governing hospital-wide nursing care committees and hospital nursing services staffing plans.",1,2025-10-21,https://legiscan.com/OH/bill/HB535/2025
OH,2047140,,Modify cost apportionment - municipal court civil traffic tickets,To amend section 1901.026 of the Revised Code to modify the manner current operating costs are apportioned for a municipal court with respect to caseloads for civil traffic tickets.,1,2025-10-21,https://legiscan.com/OH/bill/HB536/2025
OH,2047137,,"Regulate midwifery, birth centers; designate Day of the Midwife","To amend sections 3701.351, 3702.30, 4723.01, 4723.02, 4723.03, 4723.06, 4723.07, 4723.08, 4723.271, 4723.28, 4723.282, 4723.33, 4723.34, 4723.341, 4723.35, 4723.41, 4723.43, 4723.431, 4723.432, 4723.481, 4723.483, 4723.487, 4723.488, 4723.4810, 4723.4811, 4723.50, 4723.91, 4723.99, 4731.22, and 4731.27 and to enact sections 5.2324, 3722.15, 4723.53, 4723.54, 4723.55, 4723.551, 4723.56, 4723.57, 4723.58, 4723.581, 4723.582, 4723.583, 4723.584, 4723.59, 4723.60, 4724.01, 4724.02, 4724.03, 4724.04, 4724.05, 4724.06, 4724.07, 4724.08, 4724.09, 4724.10, 4724.11, 4724.12, 4724.13, 4724.14, 4724.15, 4724.16, and 4724.99 of the Revised Code to regulate the practice of midwifery, to establish requirements for freestanding birthing centers, and to designate May 5th as the ""Day of the Midwife.""",1,2025-10-21,https://legiscan.com/OH/bill/HB537/2025
OH,2047139,,Revise the law governing the Ohio Athletics Commission,"To amend sections 3773.33, 3773.34, 3773.35, 3773.36, 3773.37, 3773.38, 3773.39, 3773.40, 3773.41, 3773.42, 3773.421, 3773.43, 3773.45, 3773.51, 3773.52, 3773.53, 3773.54, 3773.55, 3773.56, 3773.57, 3773.59, 4771.02, 4771.05, 4771.07, 4771.08, 4771.09, 4771.10, 4771.11, 4771.12, 4771.13, 4771.14, 4771.16, 4771.18, 4771.21, 4771.22, and 4771.23 of the Revised Code to place the Ohio Athletics Commission within the Department of Commerce, to modify the Commission's functions, and to make an appropriation.",1,2025-10-21,https://legiscan.com/OH/bill/HB538/2025
OH,2047120,,Designate Thaddeus KoÅ›ciuszko Day,To enact section 5.2324 of the Revised Code to designate February 4 as Thaddeus KoÅ›ciuszko Day.,1,2025-10-21,https://legiscan.com/OH/bill/HB539/2025
OH,2047151,,Require payments in lieu of taxes from certain conservation orgs,To enact section 5709.122 of the Revised Code to require payments in lieu of taxes from conservation organizations with significant holdings of tax-exempt land.,1,2025-10-22,https://legiscan.com/OH/bill/HB540/2025
OH,2047155,,"Designate Deputy Daniel ""Weston"" Sherrer Memorial Highway","To enact section 5534.474 of the Revised Code to designate a portion of U.S. Route 42 in Morrow County as the ""Deputy Daniel ""Weston"" Sherrer Memorial Highway.""",2,2026-02-25,https://legiscan.com/OH/bill/HB541/2025
OH,2047168,,Require all inmate pregnancy outcomes be reported to DRC,"To enact sections 341.28, 753.34, and 5120.6511 of the Revised Code to require all inmate pregnancy outcomes to be reported to the Department of Rehabilitation and Correction.",1,2025-10-22,https://legiscan.com/OH/bill/HB542/2025
OH,2047174,,Create a food desert elimination grant program,To enact section 122.162 of the Revised Code to create a food desert elimination grant program and to make an appropriation.,1,2025-10-22,https://legiscan.com/OH/bill/HB543/2025
OH,2047163,,Expand the offense of obstructing justice,To amend section 2921.32 of the Revised Code to expand the offense of obstructing justice.,1,2025-10-22,https://legiscan.com/OH/bill/HB544/2025
OH,2047166,,Enact the School Busing Improvement Act,"To amend sections 3317.0212, 3327.01, and 3327.016; to enact new section 3327.021 and section 3317.071; and to repeal section 3327.021 of the Revised Code and to amend Sections 265.10, 265.300, 512.10, and 516.10 of H.B. 96 of the 136th General Assembly to enact the School Busing Improvement Act regarding transportation of students and to make an appropriation.",1,2025-10-22,https://legiscan.com/OH/bill/HB545/2025
OH,2047161,,Address minors working as performers in entertainment industry,"To amend sections 3331.01, 3331.12, 4109.01, 4109.03, 4109.05, 4109.06, and 4109.08 and to enact sections 4109.25, 4109.26, 4109.27, 4109.28, and 4109.29 of the Revised Code to address minors working as performers in the entertainment industry.",1,2025-10-22,https://legiscan.com/OH/bill/HB546/2025
OH,2047149,,Enact the Kid Influencer Protection Act,"To amend sections 4109.01 and 4109.06 and to enact sections 1349.10, 4109.23, 4109.231, 4109.232, and 4109.233 of the Revised Code to require vloggers to hold in a trust account a portion of compensation earned from any content featuring minors and to name this act the Kid Influencer Protection Act.",1,2025-10-22,https://legiscan.com/OH/bill/HB547/2025
OH,2047179,,"Require alcohol, drug testing after officer use of force incident",To amend sections 3701.143 and 4117.10 and to enact section 2935.34 of the Revised Code to require testing for alcohol or drugs of abuse after incidents involving an officer's use of force.,1,2025-10-22,https://legiscan.com/OH/bill/HB548/2025
OH,2047573,,Regulate cigar bars; create cigar sales and use tax exemption,"To amend sections 3794.03, 5739.02, and 5739.03 and to enact sections 3794.21, 3794.22, 3794.23, and 3794.24 of the Revised Code to regulate cigar bars and to exempt cigars smoked on the premises of a cigar bar from sales and use tax.",1,2025-10-28,https://legiscan.com/OH/bill/HB549/2025
OH,2047570,,Require compensatory parenting time for parenting time violation,"To amend sections 3109.051, 3109.11, and 3109.12 of the Revised Code to require a court to order compensatory parenting time or companionship or visitation for failure to comply with, or interference with, an order or decree providing for parenting time or companionship or visitation.",1,2025-10-28,https://legiscan.com/OH/bill/HB550/2025
OH,2047562,,Designate the Dale McCauley Memorial Intersection,"To enact section 5534.971 of the Revised Code to designate an intersection in Uhrichsville, Ohio as the ""Dale McCauley Memorial Intersection.""",1,2025-10-28,https://legiscan.com/OH/bill/HB551/2025
OH,2047548,,Regards Medicaid reimbursement for hospice providers,To amend section 5164.16 of the Revised Code to make changes to the law regarding Medicaid reimbursement for hospice providers.,1,2025-10-28,https://legiscan.com/OH/bill/HB552/2025
OH,2047554,,Require landlord to notify tenant of rent default before eviction,To amend section 5321.04 and to enact sections 5321.041 and 5321.042 of the Revised Code to require landlords to notify tenants of rent defaults prior to commencing evictions.,1,2025-10-28,https://legiscan.com/OH/bill/HB553/2025
OH,2047559,,"Require government, private sellers to accept cash as payment","To enact sections 9.18, 1333.96, 1333.97, and 1333.98 of the Revised Code to require governmental entities and private sellers to accept cash as payment in certain circumstances.",1,2025-10-28,https://legiscan.com/OH/bill/HB554/2025
OH,2047586,,"Create Ohio Council of Skin and Scuba Divers, Inc. license plate","To amend section 4501.21 and to enact section 4503.966 of the Revised Code to create the ""Ohio Council of Skin and Scuba Divers, Inc."" specialty license plate.",1,2025-10-28,https://legiscan.com/OH/bill/HB555/2025
OH,2047566,,Revise community control sanctions for felonies and misdemeanors,"To amend sections 2925.11, 2929.15, 2929.20, 2929.25, 2951.02, and 2951.07 of the Revised Code to change the maximum periods of community control sanctions authorized for felonies and misdemeanors and to modify the confinement sanctions authorized for a technical violation of community control sanction conditions.",1,2025-10-28,https://legiscan.com/OH/bill/HB556/2025
OH,2047545,,Prohibit judicial release denial solely on offense classification,To amend section 2929.20 of the Revised Code to prohibit denial of judicial release based solely on the classification of an offense.,1,2025-10-28,https://legiscan.com/OH/bill/HB557/2025
OH,2047581,,Designate Henrietta Lacks Day,"To enact section 5.2324 of the Revised Code to designate October 4th as ""Henrietta Lacks Day.""",1,2025-10-28,https://legiscan.com/OH/bill/HB558/2025
OH,2047583,,Allow for the waiver of peace officer refresher training,To allow for the waiver of peace officer refresher training and to declare an emergency.,1,2025-10-28,https://legiscan.com/OH/bill/HB559/2025
OH,2047643,,Enact the Protect Our Parents Act,"To enact sections 1349.13, 1349.14, 1349.141, 1349.142, 1349.15, 1349.151, 1349.152, and 5101.703 of the Revised Code to prevent financial exploitation and fraud against vulnerable adults and to name this act the Protect Our Parents Act.",1,2025-10-28,https://legiscan.com/OH/bill/HB560/2025
OH,2047779,,Enact the C.H.O.I.C.E. Act,"To amend sections 3301.16, 3301.53, 3313.671, 5104.014, 5104.015, 5104.017, 5104.018, and 5104.019 and to enact section 3301.532 of the Revised Code to revise the law governing childhood immunizations and exemptions and to name this act the Parental Clarity on Health Options and Information on Conscientious Exemptions ""C.H.O.I.C.E."" Act.",1,2025-10-29,https://legiscan.com/OH/bill/HB561/2025
OH,2047785,,Regards food for students with religious dietary restrictions,To make an appropriation to promote food options for students with religious dietary restrictions.,1,2025-10-29,https://legiscan.com/OH/bill/HB562/2025
OH,2047772,,Regulate ticket sales,To enact sections 1345.53 and 1345.54 of the Revised Code to regulate ticket sales.,1,2025-10-29,https://legiscan.com/OH/bill/HB563/2025
OH,2051515,,"Require health insurance coverage of orthotic, prosthetic devices","To enact sections 3902.65, 3902.651, 3902.652, 3902.653, and 3902.654 of the Revised Code to require health insurance coverage of orthotic and prosthetic devices.",1,2025-11-04,https://legiscan.com/OH/bill/HB564/2025
OH,2051493,,Enact the Grand Jury Privacy and Protection Act,"To amend section 149.43 of the Revised Code to exempt from disclosure under Public Records Law, the name and address of a grand juror and the signature of a grand-jury foreperson, and to name this act the Grand Jury Privacy and Protection Act.",1,2025-11-04,https://legiscan.com/OH/bill/HB565/2025
OH,2051489,,Enact the Break the Silence Act,"To amend section 3727.08; to amend, for the purpose of adopting a new section number as indicated in parentheses, section 3727.08 (3722.15); and to enact sections 3701.0413, 3702.20, and 5119.335 of the Revised Code to require the Director of Health, hospitals, and urgent care facilities to create domestic violence protocols for certain health care professionals and to name this act the Break the Silence Act.",1,2025-11-04,https://legiscan.com/OH/bill/HB566/2025
OH,2051528,,"Modify laws governing the Board of Nursing, nursing professionals","To amend sections 109.71, 3129.01, 3313.5310, 3333.28, 3701.69, 3701.92, 3701.921, 3705.01, 3705.30, 3707.58, 3721.011, 3728.01, 4503.44, 4723.01, 4723.063, 4723.18, 4723.181, 4723.28, 4723.34, 4723.35, 4723.36, 4723.43, 4723.431, 4723.47, 4723.481, 4723.482, 4723.483, 4723.493, 4723.52, 4723.66, 4723.67, 4723.69, 4731.297, and 5122.10 and to repeal sections 3701.923, 3701.924, 3701.925, 3701.926, 3701.927, and 3701.929 of the Revised Code and to repeal Section 105.40 of H.B. 33 of the 135th General Assembly to modify the laws governing a Board of Nursing advisory body for advanced practice registered nurses and to make various corrections in other laws pertaining to the Board and the professionals it regulates.",1,2025-11-04,https://legiscan.com/OH/bill/HB567/2025
OH,2051510,,Limit retainage in certain private construction projects,To enact section 4113.63 of the Revised Code to limit retainage in certain private construction projects.,1,2025-11-04,https://legiscan.com/OH/bill/HB568/2025
OH,2051501,,Regards abandoned manufactured homes,"To amend sections 319.54, 1923.01, 1923.02, 1923.04, 1923.06, 1923.09, 1923.11, 1923.12, 1923.13, 1923.14, and 4503.0611 of the Revised Code related to abandoned manufactured homes.",1,2025-11-04,https://legiscan.com/OH/bill/HB569/2025
OH,2051512,,"Allow income tax refund garnishment for certain court costs, fees",To amend section 5747.12 and to enact section 5747.124 of the Revised Code to allow garnishment of income tax refunds to pay certain delinquent court costs and fees.,1,2025-11-04,https://legiscan.com/OH/bill/HB570/2025
OH,2051568,,Eliminate certain juvenile court transfer proceeding,To repeal section 2151.271 of the Revised Code to remove the option for the juvenile court to transfer a proceeding against a juvenile to the county where the juvenile resides.,1,2025-11-04,https://legiscan.com/OH/bill/HB571/2025
OH,2051539,,Regards public water system use of certain treatment devices,To enact section 6109.041 of the Revised Code to allow a public water system to use point-of-use and point-of-entry treatment devices in certain circumstances.,1,2025-11-04,https://legiscan.com/OH/bill/HB572/2025
OH,2051531,,Create the Pediatric Cancer Research Fund,To amend section 5747.113 and to enact sections 3701.27 and 4503.108 of the Revised Code to create the Pediatric Cancer Research Fund and to authorize voluntary contributions to it.,1,2025-11-04,https://legiscan.com/OH/bill/HB573/2025
OH,2051848,,Create Political Subdivision Consolidation Incentive Grant pilot,To create the Political Subdivision Consolidation Incentive Grant Pilot Program and to make an appropriation.,1,2025-11-05,https://legiscan.com/OH/bill/HB574/2025
OH,2051846,,Revise property taxation of farmland,"To amend sections 323.131, 5713.03, 5713.30, 5713.31, 5713.32, and 5713.351; to enact new section 5713.36; and to repeal section 5713.36 of the Revised Code to make various changes to the law governing the property taxation of farmland.",1,2025-11-05,https://legiscan.com/OH/bill/HB575/2025
OH,2051854,,Designate Veterans' month,"To amend section 5.21 of the Revised Code to designate November as ""Veterans' month.""",1,2025-11-05,https://legiscan.com/OH/bill/HB576/2025
OH,2051858,,Require photo ID for absent voting; revise voter registration law,"To amend sections 3375.011, 3501.01, 3503.10, 3503.11, 3503.13, 3503.15, 3503.153, 3503.19, 3503.20, 3503.28, 3505.19, 3509.04, 3509.05, 3509.06, 3509.07, 3509.08, 3511.05, 3511.09, 4501.023, and 4507.01 and to enact section 3509.11 of the Revised Code to require photo identification to cast absent voter's ballots by mail and to modify the law regarding voter registration.",1,2025-11-05,https://legiscan.com/OH/bill/HB577/2025
OH,2051868,,Require tick-related disease reporting to Department of Health,To amend section 3701.23 of the Revised Code to modify disease reporting requirements.,2,2026-03-18,https://legiscan.com/OH/bill/HB578/2025
OH,2051853,,Regulate the use of artificial intelligence by health insurers,To amend section 3902.50 and to enact section 3902.80 of the Revised Code to regulate the use of artificial intelligence by health insurers.,1,2025-11-05,https://legiscan.com/OH/bill/HB579/2025
OH,2052157,,Designate PFC Francis Guillozet Memorial Highway,"To enact section 5534.857 of the Revised Code to designate a portion of State Route 47 in Shelby County as the ""PFC Francis Guillozet Memorial Highway.""",1,2025-11-10,https://legiscan.com/OH/bill/HB580/2025
OH,2052153,,"Regards specified Medicaid disability, Ohio WorkAbility Programs",To amend section 5163.093 of the Revised Code regarding eligibility for the Medicaid Buy-In For Workers With Disabilities Program and the Ohio WorkAbility Program.,1,2025-11-10,https://legiscan.com/OH/bill/HB581/2025
OH,2052121,,"Regards embalmers, funeral directors, and crematories","To amend sections 4717.01, 4717.12, 4717.24, and 4717.30 of the Revised Code regarding embalmers, funeral directors, and crematories.",1,2025-11-10,https://legiscan.com/OH/bill/HB582/2025
OH,2052150,,Regards provision of online library databases by certain entities,"To amend sections 3314.03 and 3326.11 and to enact sections 109.881, 3329.11, 3329.12, 3329.13, 3375.03, 3375.031, 3375.032, 4113.35, 4113.36, and 4113.37 of the Revised Code regarding the provision of online library database resources by public schools, public libraries, and state agencies.",1,2025-11-10,https://legiscan.com/OH/bill/HB583/2025
OH,2052117,,Regards athletic scholarship limits for foreign students,To enact section 3345.67 of the Revised Code regarding athletic scholarship limits for foreign students at state institutions of higher education.,1,2025-11-10,https://legiscan.com/OH/bill/HB584/2025
OH,2052128,,Regards DoDD authority re: community capital assistance funds,To amend section 5123.351 of the Revised Code regarding the authority of the Department of Developmental Disabilities to adopt rules regarding the use of community capital assistance funds.,1,2025-11-10,https://legiscan.com/OH/bill/HB585/2025
OH,2052142,,Prohibit mailing out unsolicited absentee ballot request forms,"To amend sections 3509.03, 3511.02, and 3599.21 and to repeal section 111.31 of the Revised Code to prohibit any person from mailing out unsolicited absentee ballot request forms to any other person.",1,2025-11-10,https://legiscan.com/OH/bill/HB586/2025
OH,2052371,,Regards sales of kratom products,"To amend sections 3715.01, 3715.99, 3717.01, and 3717.99 and to enact sections 3715.026 and 3717.34 of the Revised Code regarding sales of kratom products.",1,2025-11-12,https://legiscan.com/OH/bill/HB587/2025
OH,2052376,,Apply employment portions of Civil Rights Law to unpaid interns,To amend sections 3701.249 and 4112.01 of the Revised Code to apply the employment portions of the Ohio Civil Rights Law to unpaid interns.,1,2025-11-12,https://legiscan.com/OH/bill/HB588/2025
OH,2052355,,"Regards contracts between health insurers, health care providers",To amend sections 3963.01 and 3963.04 of the Revised Code regarding material amendments to contracts between health insurers and health care providers.,1,2025-11-12,https://legiscan.com/OH/bill/HB589/2025
OH,2052350,,Modify law governing tax appeals and property tax complaints,To amend sections 5715.19 and 5717.04 of the Revised Code to modify the law governing tax appeals and property tax complaints.,1,2025-11-12,https://legiscan.com/OH/bill/HB590/2025
OH,2053243,,Authorize use of natural organic reduction as form of disposition,"To amend sections 9.15, 313.12, 759.01, 1713.36, 1721.06, 1721.18, 1721.21, 2108.15, 2108.70, 2108.72, 2108.75, 2108.82, 2108.83, 2108.84, 2108.85, 2108.86, 2108.87, 2111.13, 2743.51, 2925.01, 3705.01, 3705.17, 3705.18, 3705.19, 3705.20, 4511.451, 4717.01, 4717.03, 4717.04, 4717.06, 4717.07, 4717.08, 4717.11, 4717.13, 4717.14, 4717.15, 4717.20, 4717.21, 4717.22, 4717.23, 4717.24, 4717.25, 4717.26, 4717.27, 4717.28, 4717.29, 4717.30, 4717.36, 4717.41, 4767.05, 5120.45, 5121.11, 5121.53, 5901.25, 5901.26, 5901.27, 5901.29, and 5901.32 and to enact section 4717.052 of the Revised Code to authorize the use of natural organic reduction as a form of disposition.",1,2025-11-18,https://legiscan.com/OH/bill/HB591/2025
OH,2053253,,Regards municipal incorporation,To amend sections 707.02 and 707.29 and to repeal section 707.04 of the Revised Code regarding municipal incorporation.,1,2025-11-18,https://legiscan.com/OH/bill/HB592/2025
OH,2053197,,Regards paid family leave insurance,"To amend section 3902.02 and to enact sections 3966.01, 3966.02, 3966.03, 3966.04, 3966.05, 3966.06, 3966.07, 3966.08, 3966.09, 3966.10, and 3966.11 of the Revised Code regarding paid family leave insurance.",1,2025-11-18,https://legiscan.com/OH/bill/HB593/2025
OH,2053186,,Require students complete a high school computer science course,"To amend sections 3313.603, 3314.03, 3326.15, and 3328.22 and to enact sections 3313.6034 and 3313.6035 of the Revised Code to require school districts to offer, and students to complete, at least one high school computer science course.",1,2025-11-18,https://legiscan.com/OH/bill/HB594/2025
OH,2053240,,Require vehicle insurance to include uninsured motorist coverage,To amend section 3937.18 of the Revised Code to require all motor vehicle insurance policies to include uninsured motorist coverage.,1,2025-11-18,https://legiscan.com/OH/bill/HB595/2025
OH,2053219,,Require uninsured motorist coverage; increase minimum coverage,"To amend sections 3937.18, 4509.01, 4509.20, and 4509.51 of the Revised Code to require all motor vehicle insurance policies to include uninsured motorist coverage and to increase the state's minimum auto liability insurance requirements for bodily injury or death to another person or persons.",1,2025-11-18,https://legiscan.com/OH/bill/HB596/2025
OH,2053252,,Prohibit the operation of unmanned aerial vehicles over schools,To amend section 4561.50 and to enact section 4561.54 of the Revised Code to prohibit the operation of unmanned aerial vehicles over schools.,1,2025-11-18,https://legiscan.com/OH/bill/HB597/2025
OH,2053181,,Authorize local governments to create residential stability zone,"To amend sections 4503.06, 5713.07, 5713.08, and 5715.27 and to enact sections 5709.29 and 5709.99 of the Revised Code to authorize local governments to create residential stability zones where homeowners may qualify for a partial property tax exemption.",1,2025-11-18,https://legiscan.com/OH/bill/HB598/2025
OH,2053232,,Designate Charlie Kirk Memorial Day,"To enact section 5.63 of the Revised Code to designate October 14 as ""Charlie Kirk Memorial Day.""",1,2025-11-18,https://legiscan.com/OH/bill/HB599/2025
OH,2053247,,Designate PFC Wetzel Eldridge USMC Memorial Highway,"To enact section 5534.657 of the Revised Code to designate a portion of State Route 41 in Clark County as the ""PFC Wetzel Eldridge USMC Memorial Highway.""",1,2025-11-18,https://legiscan.com/OH/bill/HB600/2025
OH,2053236,,Revise the Election Law,"To amend sections 3501.01, 3503.13, 3503.151, 3503.152, 3503.18, 3503.19, 3503.21, 3505.18, 3505.181, 3505.182, 3505.183, 3505.20, 3509.05, and 3517.14 and to enact section 3503.201 of the Revised Code to modify the law governing voter roll maintenance, provisional voting, the return of absent voter's ballots, and the membership of the Ohio Election Integrity Commission.",1,2025-11-18,https://legiscan.com/OH/bill/HB601/2025
OH,2053192,,Limit the types of flags that a state agency may display,To amend section 123.30 of the Revised Code to further limit the types of flags that a state agency may display on its grounds or in its buildings.,1,2025-11-18,https://legiscan.com/OH/bill/HB602/2025
OH,2053229,,Prohibit certain clauses from conservancy district contracts,"To enact section 6101.162 of the Revised Code to prohibit a conservancy district's board of directors from including certain provisions, such as an indemnification clause, in a contract for the procurement of goods or services.",1,2025-11-18,https://legiscan.com/OH/bill/HB603/2025
OH,2053205,,Modify the laws related to transportation network companies,"To amend sections 2307.71, 4925.04, and 4925.09 of the Revised Code to modify the laws related to transportation network companies.",1,2025-11-18,https://legiscan.com/OH/bill/HB604/2025
OH,2053223,,Codify the Spearin doctrine in public construction contracts,To enact section 4113.63 of the Revised Code to codify the Spearin doctrine in public construction contracts.,1,2025-11-18,https://legiscan.com/OH/bill/HB605/2025
OH,2053177,,Designate Marjorie Whiteman Memorial Highway,"To enact section 5534.706 of the Revised Code to designate a portion of State Route 109 in Henry County as the ""Marjorie Whiteman Memorial Highway.""",1,2025-11-18,https://legiscan.com/OH/bill/HB606/2025
OH,2053285,,"Name Spc. 4th Class Frank A. Herda, Medal of Honor Rec. Mem Hwy","To enact section 5534.856 of the Revised Code to designate a portion of State Route 94 in Cuyahoga County as the ""Specialist Fourth Class Frank A. Herda, Medal of Honor Recipient, Memorial Highway.""",1,2025-11-19,https://legiscan.com/OH/bill/HB607/2025
OH,2053264,,Modify the law governing property taxes and other local taxes,"To amend sections 323.12, 323.13, 325.31, 4503.06, 5709.56, and 5713.01 and to enact sections 323.123 and 5705.171 of the Revised Code to modify the law governing property taxes and other local taxes.",1,2025-11-19,https://legiscan.com/OH/bill/HB608/2025
OH,2054153,,Require public body to allow public comment before taking action,To amend section 121.22 of the Revised Code to require a public body to allow for public commentary and testimony before taking formal action on any item.,1,2025-11-25,https://legiscan.com/OH/bill/HB609/2025
OH,2054177,,Dissolve existing academic distress commissions and repeal law,"To amend sections 133.06, 3302.036, 3302.042, 3302.043, 3302.12, 3302.17, 3310.03, 3311.29, and 3314.102 and to repeal sections 3302.10, 3302.103, 3302.11, and 3302.111 of the Revised Code to dissolve existing academic distress commissions, to repeal the law that creates new commissions, and to declare an emergency.",1,2025-11-25,https://legiscan.com/OH/bill/HB610/2025
OH,2054249,,"Issue medical marijuana processor cultivation, dispensary license","To amend sections 3780.10, 3780.13, 3796.07, 3796.14, 3796.19, and 3796.21 of the Revised Code to issue cultivation and dispensary licenses for certain medical marijuana processors.",1,2025-11-25,https://legiscan.com/OH/bill/HB611/2025
OH,2054190,,Regards credit union share guaranty corporations,To amend section 1761.10 of the Revised Code regarding credit union share guaranty corporations.,1,2025-11-25,https://legiscan.com/OH/bill/HB612/2025
OH,2054213,,Modify tax enforcement authority,"To amend sections 5703.42, 5703.52, 5703.60, 5703.70, 5717.01, 5717.011, and 5717.02 and to enact section 5717.021 of the Revised Code to modify the tax enforcement authority of the department of taxation and the board of tax appeals.",1,2025-11-25,https://legiscan.com/OH/bill/HB613/2025
OH,2054166,,Enact the Second Chance Safety Act,To amend section 2923.11 and to enact sections 2923.26 and 3701.982 of the Revised Code to enact the Second Chance Safety Act to provide civil immunity to a federally licensed firearm dealer or law enforcement agency that enters into a firearm hold agreement with the owner of a firearm.,1,2025-11-25,https://legiscan.com/OH/bill/HB614/2025
OH,2054237,,Enact the Retail Theft Prevention Act,To amend sections 2913.02 and 2929.14 of the Revised Code to enact the Retail Theft Prevention Act to prohibit groups acting in concert to commit retail theft.,1,2025-11-25,https://legiscan.com/OH/bill/HB615/2025
OH,2054259,,Require BMV translate the Digest of Motor Vehicle Laws,To enact section 4507.113 of the Revised Code to require the Bureau of Motor Vehicles to translate the Digest of Motor Vehicle Laws into additional languages.,1,2025-11-25,https://legiscan.com/OH/bill/HB616/2025
OH,2055208,,Enact the Ohio Capital Gains Tax Repeal Act,To amend sections 718.01 and 5747.01 and to repeal section 5747.79 of the Revised Code to exempt capital gains from state and municipal income taxation and to name this act the Ohio Capital Gains Tax Repeal Act.,1,2025-12-01,https://legiscan.com/OH/bill/HB617/2025
OH,2056286,,Create the Chillicothe Paints license plate,"To amend section 4501.21 and to enact section 4503.739 of the Revised Code to create the ""Chillicothe Paints"" license plate.",1,2025-12-03,https://legiscan.com/OH/bill/HB618/2025
OH,2056423,,Authorize board of elections to meet by video conference,To amend section 3501.09 of the Revised Code to authorize a board of elections to conduct meetings by video conference or any other similar electronic technology.,1,2025-12-03,https://legiscan.com/OH/bill/HB619/2025
OH,2056232,,Prohibit financing the purchase of a dog or cat,"To amend section 1321.44 and to enact sections 1317.081, 1321.142, 1321.412, 1321.593, and 1321.633 of the Revised Code to prohibit financing the purchase of a dog or cat.",1,2025-12-03,https://legiscan.com/OH/bill/HB620/2025
OH,2056370,,Alter the law governing the regulation of pet stores,To amend section 956.181 and to repeal section 956.23 of the Revised Code to alter the law governing the regulation of pet stores.,1,2025-12-03,https://legiscan.com/OH/bill/HB621/2025
OH,2057377,,Enact the Mental Health and Community Wellness Act,"To amend sections 2945.37, 2945.38, 2945.39, and 2945.401 and to enact section 5120.101 of the Revised Code to enact the Mental Health and Community Wellness Act to amend the competency to stand trial law, to create the mental health and substance abuse community-based correctional facility pilot program, to require a prosecutor to file for civil confinement of a defendant who is found incompetent to stand trial and who is charged with a felony or a misdemeanor offense of violence, and to make an appropriation.",1,2025-12-08,https://legiscan.com/OH/bill/HB622/2025
OH,2057397,,Require religious dietary food options in certain facilities,"To amend sections 1329.29 and 1329.99 and to enact sections 341.03, 753.022, 1329.291, 3313.8110, 3722.20, 5119.335, and 5120.101 of the Revised Code to require the provision of religious dietary food options in school districts, hospitals, and correctional facilities and to prohibit the misrepresentation of halal foods.",1,2025-12-08,https://legiscan.com/OH/bill/HB623/2025
OH,2057366,,Regards employment under Ohio's overtime and minimum wage laws,To amend sections 4111.03 and 4111.14 and to enact section 4111.20 of the Revised Code regarding the distinction between employees and independent contractors under Ohio's overtime and minimum wage laws.,1,2025-12-08,https://legiscan.com/OH/bill/HB624/2025
OH,2057343,,Enact the Student Athlete Mobility (SAM) Act,To enact section 3313.5321 of the Revised Code to enact the Student Athlete Mobility (SAM) Act regarding student petitions to participate in team sports at neighboring public schools.,1,2025-12-08,https://legiscan.com/OH/bill/HB625/2025
OH,2057386,,Require courts to supply electronic notification of hearings,To enact section 2709.01 of the Revised Code to require courts to supply electronic notification of hearings to defendants in criminal and traffic cases and to make an appropriation.,1,2025-12-08,https://legiscan.com/OH/bill/HB626/2025
OH,2058703,,Allow county commissioners to disapprove scenic river designation,To amend section 1517.14 of the Revised Code to allow a board of county commissioners to disapprove of certain scenic river designations.,1,2025-12-11,https://legiscan.com/OH/bill/HB627/2025
OH,2058716,,License artificial intelligence risk mitigation organizations,"To enact sections 3755.01, 3755.02, 3755.03, 3755.04, 3755.041, 3755.05, 3755.06, 3755.07, 3755.08, 3755.09, 3755.091, 3755.10, 3755.11, and 3755.12 of the Revised Code to create an independent verification organization license for verifying artificial intelligence risk mitigation.",1,2025-12-11,https://legiscan.com/OH/bill/HB628/2025
OH,2058712,,Enact the Pharmacist Prescribing Authority Act,"To amend sections 339.78, 339.81, 1751.91, 3923.89, 4729.01, and 4729.39 and to enact sections 4729.21 and 4729.211 of the Revised Code to authorize pharmacists to treat minor health conditions and to name this act the Pharmacist Prescribing Authority Act.",1,2025-12-11,https://legiscan.com/OH/bill/HB629/2025
OH,2059578,,"Regards police escorts for farm equipment, agricultural vehicles",To amend section 4513.34 of the Revised Code regarding police escorts for farm equipment and vehicles that haul agricultural equipment and produce.,1,2025-12-17,https://legiscan.com/OH/bill/HB630/2025
OH,2059535,,"Regards underage possession, consumption, purchase of marijuana","To amend sections 3796.06 and 3796.99 of the Revised Code to modify prohibitions regarding underage possession, consumption, and purchase of marijuana.",1,2025-12-17,https://legiscan.com/OH/bill/HB631/2025
OH,2059545,,Allow driver's license or ID card to show Gold Star Family status,"To amend sections 4507.01, 4507.06, 4507.13, 4507.51, and 4507.52 of the Revised Code to allow a driver's license and a state identification card to indicate that the licensee or cardholder is a Gold Star Family member.",1,2025-12-17,https://legiscan.com/OH/bill/HB632/2025
OH,2059570,,Enact the The Fee Transparency Act,"To enact section 1345.023 of the Revised Code to enact the The Fee Transparency Act prohibiting a supplier from advertising, displaying, or offering a price for a good or service that does not include all mandatory fees and charges.",1,2025-12-17,https://legiscan.com/OH/bill/HB633/2025
OH,2060907,,Regards eligibility to participate in interscholastic athletics,To amend section 3313.64 and to enact section 3313.5321 of the Revised Code regarding eligibility to participate in interscholastic athletics.,1,2025-12-23,https://legiscan.com/OH/bill/HB634/2025
OH,2060897,,Enact the Child Protection Reform Act,"To amend sections 2151.412, 2151.421, 2151.423, 2151.429, 2151.467, 2151.468, 2903.01, 2903.11, 2919.22, 2929.13, 2929.14, 2941.1426, 5153.122, and 5153.16 and to enact sections 2151.4211, 2151.4235, 2151.89, and 5180.09 of the Revised Code to enact the Child Protection Reform Act.",1,2025-12-23,https://legiscan.com/OH/bill/HB635/2025
OH,2060872,,Enact the Auto Insurance Transparency Act,"To amend section 1345.81 and to enact sections 3937.51, 3937.52, 3937.53, and 3937.54 of the Revised Code to require certain disclosures, allow consumer choice concerning the use of aftermarket motor vehicle parts, to require the offering of coverage for original equipment manufacturer parts, and to name this act the Auto Insurance Transparency Act.",1,2025-12-23,https://legiscan.com/OH/bill/HB636/2025
OH,2060836,,Regards use of recycled asphalt roofing shingles for construction,To enact section 3710.30 of the Revised Code to allow a person to use recycled asphalt roofing shingles for construction purposes so long as the shingles do not contain asbestos.,1,2025-12-23,https://legiscan.com/OH/bill/HB637/2025
OH,2060884,,Designate President Donald Trump Freedom Highway,"To enact section 5534.59 of the Revised Code to designate a portion of I-70 in Franklin County as the ""President Donald Trump Freedom Highway.""",1,2025-12-23,https://legiscan.com/OH/bill/HB638/2025
OH,2069361,,Create defense to nuisance claims re: racing facilities,To enact section 3767.52 of the Revised Code to create a complete defense to certain nuisance claims regarding racing facilities and racetracks.,1,2026-01-05,https://legiscan.com/OH/bill/HB639/2025
OH,2072470,,Revise the law governing household sewage treatment systems,"To amend sections 3718.02, 3718.021, 3718.11, 6111.44, and 6111.441 of the Revised Code to make changes to the law governing household sewage treatment systems.",1,2026-01-12,https://legiscan.com/OH/bill/HB640/2025
OH,2072517,,Enact the Trails and Tails Act,"To require the Department of Natural Resources to conduct two comprehensive studies on elk reintroduction and side-by-side trail expansion, to name this act the Trails and Tails Act, and to make an appropriation.",1,2026-01-12,https://legiscan.com/OH/bill/HB641/2025
OH,2072324,,Remove limit on certain tax net operating loss carry-forwards,"To amend sections 718.01, 718.81, and 718.84 of the Revised Code to remove a five-year limit on municipal income tax net operating loss carry-forwards.",1,2026-01-12,https://legiscan.com/OH/bill/HB642/2025
OH,2072562,,Limit EdChoice expansion scholarship based on income,"To amend section 3310.032 of the Revised Code to limit the EdChoice expansion scholarship to families with a federal adjusted gross income of $500,000 or less.",1,2026-01-12,https://legiscan.com/OH/bill/HB643/2025
OH,2072419,,"Create Higher Ed Evidence-Based Innovation Fund, Grant Program",To enact section 3333.1211 of the Revised Code to create the Higher Education Evidence-Based Innovation Fund and Grant Program.,1,2026-01-12,https://legiscan.com/OH/bill/HB644/2025
OH,2072180,,Require the use of zero-based budgeting every ten years,"To amend sections 107.03, 126.02, 126.13, and 126.27 and to enact section 126.025 of the Revised Code to require the use of zero-based budgeting in the development of the state budget every ten years.",1,2026-01-12,https://legiscan.com/OH/bill/HB645/2025
OH,2077670,,Create the Data Center Study Commission,To create the Data Center Study Commission.,2,2026-03-18,https://legiscan.com/OH/bill/HB646/2025
OH,2078046,,"Regards publicly funded child care, the Child Care Cred Program","To amend sections 5104.042, 5104.30, 5104.32, and 5104.34 and to enact section 109.44 of the Revised Code and to amend Sections 423.10, as subsequently amended, and 423.105 of H.B. 96 of the 136th General Assembly to revise the law governing the publicly funded child care program, modify an appropriation for the Child Care Cred Program, and to make an appropriation for a data analytics project.",1,2026-01-14,https://legiscan.com/OH/bill/HB647/2025
OH,2086699,,Regulate digital asset kiosks; register as money transmitters,"To amend sections 1315.05 and 1315.18 and to enact sections 1349.57, 1349.571, 1349.572, 1349.573, 1349.574, 1349.575, 1349.576, 1349.577, 1349.578, 1349.579, 1349.5710, 1349.5711, and 1349.5712 of the Revised Code to establish regulations for digital asset kiosks and require they be registered as money transmitters.",1,2026-01-20,https://legiscan.com/OH/bill/HB648/2025
OH,2086790,,Enact the Child Care Fraud Prevention Act,"To amend sections 5104.015 and 5104.04 and to enact sections 5104.044, 5104.303, 5104.304, and 5104.361 of the Revised Code to require video surveillance of child care centers, to establish an online portal for tracking child care center attendance, to require investigations of waste, fraud, and abuse allegations relating to providers of publicly funded child care, and to name this act the Child Care Fraud Prevention Act.",1,2026-01-20,https://legiscan.com/OH/bill/HB649/2025
OH,2087038,,Establish Frontier Technologies and Quantum Computing Commission,To establish the Frontier Technologies and Quantum Commission.,2,2026-03-04,https://legiscan.com/OH/bill/HB650/2025
OH,2086950,,Designate Sgt. Andrew Lansing Memorial Bridge,"To enact section 5534.619 of the Revised Code to designate the bridge spanning the Scioto River on State Route 207 as the ""Sgt. Andrew Lansing Memorial Bridge.""",1,2026-01-20,https://legiscan.com/OH/bill/HB651/2025
OH,2087013,,Regards time frames for insurance policy nonrenewal notifications,To amend section 3937.26 and to enact section 3937.261 of the Revised Code regarding time frames for insurance policy nonrenewal notifications.,1,2026-01-20,https://legiscan.com/OH/bill/HB652/2025
OH,2094511,,Establish maximum late fees for civil parking tickets,To amend section 4521.02 of the Revised Code to establish maximum late fees for civil parking tickets.,1,2026-01-27,https://legiscan.com/OH/bill/HB653/2025
OH,2094538,,Enact Amanda Dean's Law,To amend section 2927.01 of the Revised Code to enact Amanda Dean's Law to increase the penalties for abuse of a corpse.,1,2026-01-27,https://legiscan.com/OH/bill/HB654/2025
OH,2094658,,Create the offense of neglect of parental duties,To amend section 2919.24 of the Revised Code to create the offense of neglect of parental duties.,1,2026-01-27,https://legiscan.com/OH/bill/HB655/2025
OH,2094491,,Create the offense of negligent assault of a peace officer,To amend sections 2903.14 and 2927.15 of the Revised Code to create the offense of negligent assault of a peace officer.,1,2026-01-27,https://legiscan.com/OH/bill/HB656/2025
OH,2094564,,Revise Public Utilities Commission nominating council and process,To amend sections 4901.02 and 4901.021 and to enact section 4901.022 of the Revised Code to make various changes to the Public Utilities Commission nominating council and nomination process.,1,2026-01-27,https://legiscan.com/OH/bill/HB657/2025
OH,2094610,,"Create the ""SHELTER"" license plate","To enact section 4503.728 of the Revised Code to create the ""SHELTER"" license plate.",1,2026-01-27,https://legiscan.com/OH/bill/HB658/2025
OH,2094636,,Regards childhood sexual abuse and student sexual abuse,"To amend sections 2305.111 and 2315.18 of the Revised Code regarding childhood sexual abuse and student sexual abuse and to amend the version of section 2305.111 that is scheduled to take effect on October 12, 2028, to continue the change on and after that date.",1,2026-01-27,https://legiscan.com/OH/bill/HB659/2025
OH,2094682,,Regards the Ohio National Guard Scholarship Program,To amend section 5919.34 of the Revised Code regarding the Ohio National Guard Scholarship Program.,1,2026-01-27,https://legiscan.com/OH/bill/HB660/2025
OH,2101763,,Bar middle or high school athlete from earning NIL compensation,"To enact sections 3373.01, 3373.02, and 3373.03 of the Revised Code to prohibit a middle or high school athlete from earning compensation from the athlete's name, image, or likeness.",1,2026-01-29,https://legiscan.com/OH/bill/HB661/2025
OH,2101893,,Increase penalty for disturbing a lawful meeting in certain cases,To amend section 2917.12 of the Revised Code to increase the penalty for disturbing a lawful meeting under certain circumstances.,1,2026-01-29,https://legiscan.com/OH/bill/HB662/2025
OH,2101740,,Create the Artificial Intelligence Study Commission,To create the Artificial Intelligence Study Commission to study and make recommendations regarding the use of artificial intelligence in state and local government.,1,2026-01-29,https://legiscan.com/OH/bill/HB663/2025
OH,2101841,,Regards registered veterinary technician authority,To amend section 4741.19 of the Revised Code to establish procedures that allow a registered veterinary technician to establish a veterinarian-client-patient relationship on behalf of a veterinarian to administer vaccines and antiparasitic medication to a dog or cat.,1,2026-01-29,https://legiscan.com/OH/bill/HB664/2025
OH,2101921,,Regulate the use of pricing algorithms,"To amend sections 1331.01, 1331.04, and 1331.16 and to enact sections 1331.05 and 1331.50 of the Revised Code to regulate the use of pricing algorithms.",1,2026-01-29,https://legiscan.com/OH/bill/HB665/2025
OH,2101865,,Establish the Ohio Tech Institute,To enact section 3333.56 of the Revised Code to establish the Ohio Tech Institute.,1,2026-01-29,https://legiscan.com/OH/bill/HB666/2025
OH,2101689,,Enact the Reagan Tokes and Patrick Heringer Act,"To amend sections 2929.141, 2929.34, 2935.10, 2935.11, 5120.021, 5120.038, 5589.21, and 5589.211 of the Revised Code to enact the Reagan Tokes and Patrick Heringer Act to require certain warrants to be entered into LEADS, to require GPS monitoring of offenders released from prison, and to modify T-CAP requirements.",1,2026-01-29,https://legiscan.com/OH/bill/HB667/2025
OH,2104791,,Revise X-ray machine operator and radiation technician law,"To amend sections 4773.01, 4773.02, 4773.03, and 4773.06 of the Revised Code to revise the law governing general X-ray machine operators and other radiation technicians.",1,2026-02-03,https://legiscan.com/OH/bill/HB668/2025
OH,2104915,,Permit AP Business fulfill high school financial lit requirement,To amend section 3313.603 of the Revised Code to permit the AP Business with Personal Finance course to fulfill the high school financial literacy requirement.,1,2026-02-03,https://legiscan.com/OH/bill/HB669/2025
OH,2104819,,Repeal law that authorizes a person who is 17 to marry,"To amend sections 2151.23, 2151.233, 2151.352, 3101.01, 3101.05, and 3109.011 and to repeal sections 3101.02, 3101.04, 3101.041, and 3101.042 of the Revised Code to repeal law that authorizes a person who is seventeen years of age to marry.",1,2026-02-03,https://legiscan.com/OH/bill/HB670/2025
OH,2104881,,Regards school districts that challenge foundation funding,To enact section 3317.50 of the Revised Code regarding school districts that bring a legal action against the state challenging the calculation and distribution of foundation funding and to make an appropriation.,1,2026-02-03,https://legiscan.com/OH/bill/HB671/2025
OH,2104984,,Exempt a vehicle towing farm machinery from vehicle size limits,To amend section 5577.05 of the Revised Code to exempt a vehicle towing farm machinery from the statutory vehicle size limits.,1,2026-02-03,https://legiscan.com/OH/bill/HB672/2025
OH,2104947,,Expand statewide owner-occupied residence property tax credit,"To amend sections 323.152, 323.153, 323.156, 323.158, and 5747.85 of the Revised Code to expand the statewide owner-occupied residence property tax credit to all tax levies.",1,2026-02-03,https://legiscan.com/OH/bill/HB673/2025
OH,2105048,,Let schools transport students by transportation network company,"To amend sections 3319.316 and 4511.76 and to enact sections 3327.103, 4925.11, 4925.12, 4925.13, and 4925.14 of the Revised Code to authorize a public or private school to transport students using a transportation network company.",1,2026-02-03,https://legiscan.com/OH/bill/HB674/2025
OH,2105076,,Enact the Healthier Rural Hospitals Act,To establish a temporary program for hospital payments made by Medicaid managed care organizations and to name this act the Healthier Rural Hospitals Act.,1,2026-02-03,https://legiscan.com/OH/bill/HB675/2025
OH,2105109,,"Regards wolfdog hybrids, abatement of certain animal nuisances","To amend sections 955.01, 955.024, and 955.11 and to enact sections 305.87, 955.025, 955.111, and 955.25 of the Revised Code to establish regulations regarding wolfdog hybrids and to allow a board of county commissioners to abate certain animal nuisances.",1,2026-02-03,https://legiscan.com/OH/bill/HB676/2025
OH,2109923,,"Regards custody interference, missing children, certain call data","To amend section 2919.23 and to enact sections 2929.45, 4927.25, 4927.26, 4927.27, 4927.28, 4927.29, and 5502.55 of the Revised Code to modify the law governing interference with custody, to require wireless service providers to provide call location information to law enforcement in certain emergency situations, and to create an endangered missing child alert.",1,2026-02-04,https://legiscan.com/OH/bill/HB677/2025
OH,2109458,,Modify the financial responsibility laws and verification process,"To amend sections 4503.10, 4503.102, 4503.20, 4507.212, 4509.101, 4509.66, 4509.67, 4509.69, and 4509.77 and to enact sections 4503.48, 4509.43, 4509.431, 4509.432, 4509.433, and 4509.434 of the Revised Code to implement an online financial responsibility verification system and to modify the financial responsibility laws.",1,2026-02-04,https://legiscan.com/OH/bill/HB678/2025
OH,2109872,,Increase the penalties for engaging in prostitution,To amend sections 2907.231 and 2950.01 of the Revised Code to increase the penalties for engaging in prostitution.,1,2026-02-04,https://legiscan.com/OH/bill/HB679/2025
OH,2110385,,"Regards criminal defendant substance use disorder, mental health",To enact section 2901.14 of the Revised Code regarding substance use disorder and mental health treatment for criminal defendants.,1,2026-02-04,https://legiscan.com/OH/bill/HB680/2025
OH,2110300,,"Designate Marine PFC Glenn S. Wingenbach, Jr. Memorial Highway","To enact section 5534.654 of the Revised Code to designate a portion of State Route 13 in Richland County as the ""Marine PFC Glenn S. Wingenbach, Jr. Memorial Highway.""",1,2026-02-04,https://legiscan.com/OH/bill/HB681/2025
OH,2110473,,Prohibit certain insurance practices,"To enact section 3902.65 of the Revised Code to prohibit certain insurance practices related to physician-administered drugs for patients with chronic, complex, rare, or life-threatening medical conditions.",1,2026-02-04,https://legiscan.com/OH/bill/HB682/2025
OH,2110503,,"Add Inspector General, Deputy IG to definition of peace officer","To amend sections 109.71, 109.77, 121.483, and 2935.01 of the Revised Code to add the Inspector General and a deputy Inspector General to the definition of ""peace officer"" while either official is engaged in the scope of the official's duties.",1,2026-02-04,https://legiscan.com/OH/bill/HB683/2025
OH,2110534,,"Regards educational service center territory, operations","To amend sections 755.16, 3311.05, 3311.053, 3311.0510, 3313.01, 3313.376, 3313.843, 3313.845, 3313.846, 3313.848, 3313.849, 3317.11, 3319.80, 3326.45, 3513.255, and 3513.256; to amend, for the purpose of adopting a new section number as indicated in parentheses, section 3326.45 (3313.847); to enact section 3311.052; and to repeal sections 3311.054, 3311.056, 3311.057, and 3311.059 of the Revised Code regarding the territory, operation, and governance of educational service centers.",1,2026-02-04,https://legiscan.com/OH/bill/HB684/2025
OH,2113002,,Establish provisions governing date rape drug testing devices,To enact sections 4301.73 and 4301.731 of the Revised Code to establish provisions governing date rape drug testing devices.,1,2026-02-10,https://legiscan.com/OH/bill/HB685/2025
OH,2113055,,Enact the Parker Kahle Act,"To amend sections 2101.16, 2101.162, 2111.03, 2111.121, 2111.51, and 2113.031 and to enact section 3109.044 of the Revised Code to enact the Parker Kahle Act regarding guardianship of an adult child with a disability and the allocation of parental rights and responsibilities.",1,2026-02-10,https://legiscan.com/OH/bill/HB686/2025
OH,2113031,,"Regards staffing in athletic facilities with AED, CPR training",To amend section 3701.851 and to enact section 3701.852 of the Revised Code regarding staffing requirements in athletic facilities with staff trained in automated external defibrillation and cardiopulmonary resuscitation.,1,2026-02-10,https://legiscan.com/OH/bill/HB687/2025
OH,2112817,,Prohibit employment application question re: criminal background,To enact section 4113.87 of the Revised Code to prohibit private employers from including on an employment application any question concerning the criminal background of the applicant.,1,2026-02-10,https://legiscan.com/OH/bill/HB688/2025
OH,2113106,,Align and modernize fingerprinting and disposition reporting,"To amend sections 109.57, 109.60, 2953.32, and 5122.311 of the Revised Code and to amend Section 221.40 of H.B. 96 of the 136th General Assembly, as subsequently amended, to align and modernize fingerprinting and disposition reporting.",1,2026-02-10,https://legiscan.com/OH/bill/HB689/2025
OH,2112922,,Establish penalties for failing to obey a school crossing guard,"To amend sections 2903.06, 2903.08, 2903.081, and 2903.13 and to enact section 4511.461 of the Revised Code to establish penalties for failing to obey a school crossing guard and other associated offenses.",1,2026-02-10,https://legiscan.com/OH/bill/HB690/2025
OH,2112977,,Enact the Community and Police Protection Act,To enact section 2921.50 of the Revised Code to enact the Community and Police Protection Act to regulate law enforcement officers' use of masks.,1,2026-02-10,https://legiscan.com/OH/bill/HB691/2025
OH,2113083,,Revise the household sewage treatment system law,"To amend sections 3718.02, 3718.021, 3718.11, 6111.44, and 6111.441 of the Revised Code to make changes to the law governing household sewage treatment systems.",1,2026-02-10,https://legiscan.com/OH/bill/HB692/2025
OH,2112895,,Enact the Affirming Families First Act,"To amend sections 2151.412, 2151.426, 3109.04, 3109.054, and 3129.01 and to enact sections 2151.032, 3129.10, 3129.11, 3129.12, 3129.13, 3129.14, 3129.15, 3129.21, 3129.211, 3129.22, 3129.23, 3129.24, 3129.25, 3129.26, 3129.30, 3129.301, 3129.35, 3129.351, and 4743.15 of the Revised Code to enact the Affirming Families First Act and protect the right to affirm a minor child's sex.",1,2026-02-10,https://legiscan.com/OH/bill/HB693/2025
OH,2116899,,"Regards liens, conservatorships - state universities and colleges","To amend sections 154.07, 3345.12, 3345.74, and 3345.75; to enact sections 3345.123 and 3345.741; and to repeal sections 154.25 and 3333.59 of the Revised Code regarding liens on state institutions of higher education facilities and conservatorships for state universities and colleges.",1,2026-02-12,https://legiscan.com/OH/bill/HB694/2025
OH,2117004,,Prohibit nondisclosure agreements for certain local officials,"To enact sections 305.44, 505.96, 731.142, and 733.241 of the Revised Code to prohibit certain local elected officials from entering into nondisclosure agreements.",1,2026-02-12,https://legiscan.com/OH/bill/HB695/2025
OH,2116875,,Modify jurisdiction of the Erie County prosecuting attorney,To amend section 1901.34 of the Revised Code to modify jurisdiction of the Erie County prosecuting attorney.,1,2026-02-12,https://legiscan.com/OH/bill/HB696/2025
OH,2116979,,Regards broadcasts of school interscholastic athletic contests,"To amend sections 3314.03, 3326.11, and 3328.24 and to enact section 3313.5321 of the Revised Code regarding broadcasts of middle and high school post-season interscholastic athletic contests.",1,2026-02-12,https://legiscan.com/OH/bill/HB697/2025
OH,2116925,,Enact the S.B. 1 Compliance Supplemental Appropriation Act,"To amend sections 113.70, 113.73, 3345.45, and 3345.454; to enact sections 107.037, 3345.0220, 3345.0221, and 3345.0222; and to repeal section 3345.456 of the Revised Code to enact the S.B. 1 Compliance Supplemental Appropriation Act regarding the operation of state institutions of higher education.",1,2026-02-12,https://legiscan.com/OH/bill/HB698/2025
OH,2118229,,Require prescription drug coverage by health plan issuers,To enact section 3902.65 of the Revised Code to require prescription drug coverage by health plan issuers.,1,2026-02-17,https://legiscan.com/OH/bill/HB699/2025
OH,2118141,,"Regards Ohio Access to Justice Foundation, use of state funds","To amend sections 117.01, 120.521, and 120.54 and to enact sections 9.631 and 3129.07 of the Revised Code to modify the membership of the board of directors of the Ohio Access to Justice Foundation and to prohibit the use of state funds for certain purposes.",1,2026-02-17,https://legiscan.com/OH/bill/HB700/2025
OH,2118148,,"Regards juvenile offenders, qualification for employment","To amend sections 4109.02 and 4123.35 and to enact sections 2152.30, 4113.90, and 4123.97 of the Revised Code regarding juvenile offenders and certificates of qualification for employment.",1,2026-02-17,https://legiscan.com/OH/bill/HB701/2025
OH,2118155,,Enact the Fairness in Mileage Reimbursement Act,To amend section 101.27 of the Revised Code to eliminate mileage reimbursement for legislators who use electric charging facilities in designated Capitol Square parking facilities and to name this act the Fairness in Mileage Reimbursement Act.,1,2026-02-17,https://legiscan.com/OH/bill/HB702/2025
OH,2118199,,Regards surety bail bond agent duties and licensure,"To amend sections 2713.21, 2937.22, 2937.24, and 3905.85 of the Revised Code to permit the surrender of a defendant by a surety bail bond agent and to require surety bail bond agents to be licensed property and casualty insurance agents.",1,2026-02-17,https://legiscan.com/OH/bill/HB703/2025
OH,2118235,,Enact the Promised Land Act,"To amend sections 5725.38, 5725.98, 5726.61, 5726.98, 5729.21, 5729.98, 5747.86, and 5747.98 and to enact section 122.841 of the Revised Code to authorize a nonrefundable, transferable tax credit for charitable organizations that construct owner-occupied housing and to name this act the Promised Land Act.",1,2026-02-17,https://legiscan.com/OH/bill/HB704/2025
OH,2118174,,Enact the Alford Plea Fairness Act,"To amend sections 2929.12, 2929.15, and 2929.25 of the Revised Code to prohibit a sentencing court from imposing, as a condition of community control, a requirement that the offender admit guilt if the offender was found guilty after entering an Alford plea and to name this act the Alford Plea Fairness Act.",1,2026-02-17,https://legiscan.com/OH/bill/HB705/2025
OH,2118217,,Impose certain minimum requirements on data center customers,"To enact sections 4934.01, 4934.02, 4934.03, 4934.04, 4934.05, 4934.06, 4934.07, 4934.08, 4934.09, 4934.10, 4934.11, and 4934.12 of the Revised Code to impose certain minimum requirements on data center customers in the state.",1,2026-02-17,https://legiscan.com/OH/bill/HB706/2025
OH,2119992,,Enact Kei'Mani's Law,"To amend sections 2151.421, 3314.03, 3326.11, 3328.24, 5180.40, 5180.401, 5180.402, 5180.403, and 5180.404 and to enact sections 3313.961, 5180.408, 5180.409, 5180.4010, and 5180.4011 of the Revised Code to make changes to the law regarding the uniform statewide automated child welfare information system, to require public schools to appoint a child protection liaison, and to name this act Kei'Mani's Law.",1,2026-02-18,https://legiscan.com/OH/bill/HB707/2025
OH,2119799,,Govern practice of providing veterans claim consulting assistance,To amend section 1345.032 and to enact section 5901.10 of the Revised Code to govern the practice of providing veterans claim consulting assistance for compensation and to establish requirements for soliciting a fee for providing a copy of a military discharge record.,1,2026-02-18,https://legiscan.com/OH/bill/HB708/2025
OH,2123777,,Require private insurers cover telehealth mental health services,To amend section 3902.30 of the Revised Code to require private insurers to cover telehealth services for mental health services the same as for in-person mental health services.,1,2026-02-24,https://legiscan.com/OH/bill/HB709/2025
OH,2123772,,"Prohibit public support, limit construction of, new data centers","To amend section 163.01 and to enact sections 9.71, 9.711, and 4933.71 of the Revised Code to prohibit public support for, and limit the construction of, new data centers.",1,2026-02-24,https://legiscan.com/OH/bill/HB710/2025
OH,2123743,,Regards the minimum teacher salary schedule,To amend section 3317.13 of the Revised Code regarding the minimum teacher salary schedule.,1,2026-02-24,https://legiscan.com/OH/bill/HB711/2025
OH,2123684,,Revise the laws governing accessible parking,"To amend sections 311.30, 505.541, 509.04, 3501.29, 3781.111, 4503.038, 4503.10, 4503.12, 4503.41, 4503.44, 4511.69, 4517.12, 4521.01, 4521.02, 4731.481, and 4734.161 and to enact sections 4503.441, 4503.442, 4503.443, 4503.444, 4503.445, 4503.446, 4503.447, 4503.448, 4511.691, 4511.692, 4511.693, 4511.694, 4511.695, 4511.696, 4511.697, 4511.698, and 4511.699 of the Revised Code to make changes to the laws governing accessible parking.",1,2026-02-24,https://legiscan.com/OH/bill/HB712/2025
OH,2123724,,Regards adoption advertising and facilitation,"To amend sections 3107.011, 3107.99, 5103.03, 5103.17, and 5103.99 and to enact section 2307.68 of the Revised Code regarding adoption advertising and facilitation.",1,2026-02-24,https://legiscan.com/OH/bill/HB713/2025
OH,2123693,,"Alter law governing vehicular assault, yielding to pedestrians","To amend sections 2903.08, 2903.081, 4511.14, and 4511.46 of the Revised Code to alter the laws governing vehicular assault and failing to yield the right of way to pedestrians.",1,2026-02-24,https://legiscan.com/OH/bill/HB714/2025
OH,2123705,,Regards chartered nonpublic school EdChoice scholarship reporting,To amend sections 3310.15 and 3310.16 and to enact section 3301.165 of the Revised Code regarding chartered nonpublic schools EdChoice scholarship reporting.,1,2026-02-24,https://legiscan.com/OH/bill/HB715/2025
OH,2123752,,Create within the Dept of Insurance an all-payer claims database,To enact section 3901.93 of the Revised Code to create within the Department of Insurance an all-payer claims database.,1,2026-02-24,https://legiscan.com/OH/bill/HB716/2025
OH,2123730,,Increase number of vehicles a person may sell without a license,"To amend section 4517.02 of the Revised Code to increase the number of vehicles, from five to fifteen, that a person may sell without obtaining a motor vehicle dealer license if the vehicles are over 12 years old.",1,2026-02-24,https://legiscan.com/OH/bill/HB717/2025
OH,2125072,,Revise the Chemical Dependency Professionals Board and duties,"To amend sections 107.56, 126.42, 340.04, 4743.09, 4745.04, 4757.41, 4758.01, 4758.02, 4758.03, 4758.10, 4758.11, 4758.12, 4758.13, 4758.15, 4758.16, 4758.17, 4758.20, 4758.21, 4758.22, 4758.221, 4758.23, 4758.24, 4758.25, 4758.26, 4758.27, 4758.28, 4758.29, 4758.30, 4758.31, 4758.32, 4758.35, 4758.36, 4758.39, 4758.40, 4758.41, 4758.42, 4758.43, 4758.44, 4758.45, 4758.46, 4758.47, 4758.48, 4758.51, 4758.54, 4758.55, 4758.56, 4758.57, 4758.59, 4758.62, 4758.63, 4758.64, 4758.70, 4758.72, 4776.01, 4776.20, 5119.94, and 5122.15; to enact sections 4758.011, 4758.38, 4758.49, 4758.491, 4758.65, 4758.651, 4758.66, and 4758.661; and to repeal section 4758.52 of the Revised Code to change the name of the Chemical Dependency Professionals Board to the Behavioral Health Professionals Board, to require the Board to certify peer supporters and qualified mental health professionals, and to make other changes to the laws governing the Board and the professionals it regulates.",1,2026-02-25,https://legiscan.com/OH/bill/HB718/2025
OH,2125114,,Regards the State Teachers Retirement Board,"To amend sections 3307.044, 3307.05, 3307.06, 3307.07, 3307.10, and 3307.11 of the Revised Code and to amend Section 733.90 of H.B. 96 of the 136th General Assembly regarding the State Teachers Retirement Board.",1,2026-02-25,https://legiscan.com/OH/bill/HB719/2025
OH,2125046,,"Regards non-private endowment funds, tax-exempt organizations","To amend sections 117.30, 117.36, and 1715.51 and to enact sections 117.281, 1715.60, 1715.61, 1715.62, 1715.63, 1715.64, 1715.65, 1715.66, 1715.67, 1715.68, 1715.69, 1715.70, and 1715.71 of the Revised Code to establish standards for transparency and oversight of non-private endowment funds and to permit the state to recover public money provided to tax-exempt organizations that fail to comply with federal tax regulation and reporting law.",1,2026-02-25,https://legiscan.com/OH/bill/HB720/2025
OH,2125175,,Establish the Veterans Organization Grant Program,To enact section 122.381 of the Revised Code to establish the Veterans Organization Grant Program and to make an appropriation.,1,2026-02-25,https://legiscan.com/OH/bill/HB721/2025
OH,2128002,,Prohibit a person without legal presence from driving in Ohio,To amend sections 4507.04 and 5502.11 of the Revised Code to prohibit a person without legal presence in the United States from driving in Ohio with an out-of-state license and to require the Attorney General to take certain enforcement actions.,1,2026-03-03,https://legiscan.com/OH/bill/HB722/2025
OH,2128055,,Prohibit nondisclosure agreements regarding child sexual abuse,To amend section 4117.10 and to enact section 4113.25 of the Revised Code to prohibit certain nondisclosure or confidentiality agreements regarding sexual abuse of a child.,1,2026-03-03,https://legiscan.com/OH/bill/HB723/2025
OH,2128045,,Require health benefit plans cover behavioral health well checks,To enact section 3902.65 of the Revised Code to require a health benefit plan to provide coverage for annual behavioral health well checks.,1,2026-03-03,https://legiscan.com/OH/bill/HB724/2025
OH,2128048,,Restrict commercial use of license plate recognition data,"To enact section 4549.07 of the Revised Code to restrict the collection, use, sale, transfer, and sharing of data collected from an automated license plate recognition system for commercial purposes.",1,2026-03-03,https://legiscan.com/OH/bill/HB725/2025
OH,2128051,,Waive certain unemployment claim work-seeking requirements,To amend section 4141.29 of the Revised Code to waive the requirement that an unemployment claimant be actively seeking work under certain circumstances.,1,2026-03-03,https://legiscan.com/OH/bill/HB726/2025
OH,2128010,,Modify grant formula for felony delinquent corrections facilities,To amend sections 5139.36 and 5139.41 of the Revised Code to modify the formula for grants to counties from the department of youth services to operate community corrections facilities for felony delinquents.,1,2026-03-03,https://legiscan.com/OH/bill/HB727/2025
OH,2128013,,Eliminate informal hearings in certain juvenile delinquency cases,To amend sections 2151.35 and 2152.11 of the Revised Code to eliminate informal hearings and dismissals in the best interest of the child in certain juvenile delinquency cases.,1,2026-03-03,https://legiscan.com/OH/bill/HB728/2025
OH,2128020,,Designate Patrolman Earnest E. Cole Memorial Highway,"To enact section 5534.932 of the Revised Code to designate Interstate 75 in Butler County as the ""Patrolman Earnest E. Cole Memorial Highway.""",1,2026-03-03,https://legiscan.com/OH/bill/HB729/2025
OH,2128060,,"Make capital reappropriations for biennium ending June 30, 2028","To amend Sections 333.70, 353.20, 423.85, and 423.103 of H.B. 96 of the 136th General Assembly and Section 200.30 of H.B. 2 of the 135th General Assembly, as subsequently amended, to make capital reappropriations for the biennium ending June 30, 2028, and to make operating appropriations for the biennium ending June 30, 2027.",3,2026-03-25,https://legiscan.com/OH/bill/HB730/2025
OH,2128029,,Create the Land of U.S. Grant license plate,"To amend section 4501.21 and to enact section 4503.947 of the Revised Code to create the ""Land of U.S. Grant"" license plate.",1,2026-03-03,https://legiscan.com/OH/bill/HB731/2025
OH,2128024,,"Create the Ohio, The Heart of It All Pass program","To enact section 122.074 of the Revised Code to create the Ohio, The Heart of It All Pass program under TourismOhio.",1,2026-03-03,https://legiscan.com/OH/bill/HB732/2025
OH,2128018,,"Include maple syrup, maple product production to agriculture law","To amend sections 1.61, 303.01, 519.01, 901.511, 929.01, 1311.55, 1729.01, and 5501.50 of the Revised Code to expressly include the production of maple syrup and maple products in the laws relating to agriculture.",1,2026-03-03,https://legiscan.com/OH/bill/HB733/2025
OH,2128037,,Establish Outstanding Citizenship Award on the state report card,To enact section 3302.27 of the Revised Code to establish the Outstanding Citizenship Award designation on the state report card and to make an appropriation.,1,2026-03-03,https://legiscan.com/OH/bill/HB734/2025
OH,2129515,,Designate William 'Bill' Burgett Memorial Highway,"To enact section 5534.915 of the Revised Code to designate a portion of State Route 13 in Knox County as the ""William 'Bill' Burgett Memorial Highway.""",1,2026-03-04,https://legiscan.com/OH/bill/HB735/2025
OH,2129557,,Enact the Ohio Fusion Energy Advancement Act,"To amend section 4928.73 and to enact section 122.1714 of the Revised Code to create a regulatory, economic, and energy market framework for fusion energy and to name this act the Ohio Fusion Energy Advancement Act.",1,2026-03-04,https://legiscan.com/OH/bill/HB736/2025
OH,2129578,,Require cash payments to the government be rounded to a nickel,To enact section 9.18 of the Revised Code to require that cash payments to the state and local governments be rounded to the nearest nickel.,1,2026-03-04,https://legiscan.com/OH/bill/HB737/2025
OH,2129540,,Designate PFC Chris Dixon Memorial Highway,"To enact section 5534.155 of the Revised Code to designate a portion of I-270 in Franklin County as the ""PFC Chris Dixon Memorial Highway.""",1,2026-03-04,https://legiscan.com/OH/bill/HB738/2025
OH,2129533,,Require Department of Health to assess its warehousing operations,To require the Department of Health to assess its central warehousing operations and to make an appropriation.,1,2026-03-04,https://legiscan.com/OH/bill/HB739/2025
OH,2129586,,"Regards creation, display of veterans medical benefits poster",To enact section 3701.776 of the Revised Code regarding the creation and display of a poster containing information on veterans medical benefits.,1,2026-03-04,https://legiscan.com/OH/bill/HB740/2025
OH,2131571,,Enact the Ohio Holly Act,"To amend sections 2907.41, 2919.251, 2937.011, 2937.222, 2937.23, 2937.35, 2937.36, 2937.39, 3905.83, 3905.84, and 3905.99 of the Revised Code to enact the Ohio Holly Act to prohibit charitable bail organizations from engaging in specified conduct and to make changes to the determination and forfeiture of bail.",1,2026-03-10,https://legiscan.com/OH/bill/HB741/2025
OH,2131547,,Regards behavioral health screenings in the perinatal period,"To enact sections 3702.41, 3902.65, and 5119.172 of the Revised Code regarding behavioral health screenings in the perinatal period and to make an appropriation.",1,2026-03-10,https://legiscan.com/OH/bill/HB742/2025
OH,2131586,,Prohibit the use of intentionally added PFAS in various products,"To amend section 3745.015 and to enact sections 3745.81, 3745.82, 3745.83, 3745.84, 3745.85, 3745.86, and 3745.87 of the Revised Code to prohibit, with exceptions, the use of intentionally added PFAS in various products.",1,2026-03-10,https://legiscan.com/OH/bill/HB743/2025
OH,2131517,,Clarify the professionals that may perform massage therapy,"To amend sections 503.40, 503.41, 503.42, 503.44, 503.45, 503.46, 503.47, 503.48, 503.49, 2927.17, 4731.04, 4731.15, 4731.41, and 4731.99 of the Revised Code to clarify the professionals that may perform massage therapy.",1,2026-03-10,https://legiscan.com/OH/bill/HB744/2025
OH,2131534,,Enact Student-Athlete Publicity Rights and Fair Compensation Act,"To enact sections 3314.0311, 3373.01, 3373.02, 3373.03, 3373.04, 3373.05, 3373.06, 3373.07, 3373.08, 3373.09, 3373.10, and 3373.11 of the Revised Code to enact the Student-Athlete Publicity Rights and Fair Compensation Act to address name, image, and likeness compensation for high school athletes.",1,2026-03-10,https://legiscan.com/OH/bill/HB745/2025
OH,2131553,,Allow political subdivision to participate in state health plan,To enact section 124.826 of the Revised Code to allow a political subdivision to participate in the same state health plan offered to state employees.,1,2026-03-10,https://legiscan.com/OH/bill/HB746/2025
OH,2131526,,Make the Tax Commissioner a statewide elected office,"To amend sections 9.97, 101.70, 107.43, 113.40, 117.15, 121.03, 141.01, 141.011, 3505.03, 3505.33, 3505.35, 3513.052, 3513.10, 3517.092, 3517.10, 3517.102, 3517.103, 3517.104, 3517.106, 3517.108, 3517.109, 4503.033, and 5703.01 of the Revised Code to make the Tax Commissioner a statewide elected office.",1,2026-03-10,https://legiscan.com/OH/bill/HB747/2025
OH,2131581,,Establish the Armed Forces Reserve Component Scholarship Program,"To enact sections 3333.46, 3333.461, and 3333.462 of the Revised Code to establish the Armed Forces Reserve Component Scholarship Program and related funds and to make an appropriation.",1,2026-03-10,https://legiscan.com/OH/bill/HB748/2025
OH,2131540,,Regards deed and title fraud prevention,To amend sections 317.22 and 4735.141 and to enact section 317.43 of the Revised Code regarding deed and title fraud prevention.,1,2026-03-10,https://legiscan.com/OH/bill/HB749/2025
OH,2131476,,Regards PACE program site expansion,Regarding site expansion for the Program of All-Inclusive Care for the Elderly (PACE).,1,2026-03-10,https://legiscan.com/OH/bill/HB750/2025
OH,2131562,,Regards action for institutional violation of endowment agreement,"To amend sections 109.25, 1715.51, and 5813.06 and to enact sections 1715.551, 1715.552, 1715.553, 1715.554, 1715.555, 1715.556, 1715.557, 1715.558, and 1715.559 of the Revised Code to establish the scope and procedures for a civil action when an institution violates a restriction in an endowment agreement.",1,2026-03-10,https://legiscan.com/OH/bill/HB751/2025
OH,2131508,,Prohibit board of elections member from state central comm.,"To amend sections 3501.06, 3501.07, 3501.08, 3501.12, and 3501.15 and to enact section 3501.111 of the Revised Code to prohibit a board of elections member or employee from being a member of a political party's state central committee and to create a conflict of interest procedure for the boards of elections.",1,2026-03-10,https://legiscan.com/OH/bill/HB752/2025
OH,2132370,,Require all drivers exams to be administered in English,To amend section 4507.11 and to enact section 4506.091 of the Revised Code to require the Registrar of Motor Vehicles to administer all drivers exams in English.,1,2026-03-11,https://legiscan.com/OH/bill/HB753/2025
OH,2132380,,Require fetal death register; fetal heartbeat life certificate,"To amend sections 313.12, 3705.01, 3705.08, 3705.16, 3705.20, 3705.29, 3727.16, and 4731.82 and to enact sections 3705.161 and 3705.50 of the Revised Code to require the registration of all fetal deaths and to require the filing of a certificate of life after the detection of a fetal heartbeat.",1,2026-03-11,https://legiscan.com/OH/bill/HB754/2025
OH,2132331,,Regards portable solar generation devices,"To amend section 4928.01 and to enact sections 4928.74, 4928.741, and 4928.742 of the Revised Code regarding portable solar generation devices.",1,2026-03-11,https://legiscan.com/OH/bill/HB755/2025
OH,2132323,,"Expand research, development tax credit to apply to income tax",To amend sections 5747.98 and 5751.51 and to enact section 5747.88 of the Revised Code to expand a research and development tax credit to apply to the income tax.,1,2026-03-11,https://legiscan.com/OH/bill/HB756/2025
OH,2132327,,Enact the Rental Home Marketplace Guarantees Act,To enact section 3905.427 of the Revised Code to enact the Rental Home Marketplace Guarantees Act.,1,2026-03-11,https://legiscan.com/OH/bill/HB757/2025
OH,2132386,,"Regards SUDEP, epilepsy license designation, disability database","To amend sections 3304.23, 4507.06, 4507.13, 4507.51, and 4507.52 and to enact sections 313.133, 3701.1311, 3705.081, 3902.65, and 5164.11 of the Revised Code regarding sudden unexpected death in epilepsy and to allow a person with epilepsy to enroll in the Disability Database and have an epilepsy designation on the person's driver's license or state ID.",1,2026-03-11,https://legiscan.com/OH/bill/HB758/2025
OH,2132351,,Enact the Ohio Vets-Military Families Childcare Act,"To amend section 5104.03 and to enact sections 5104.55 and 5104.56 of the Revised Code regarding child care services for the children of veterans and active duty military members, to name this act the Ohio Vets-Military Families Childcare Act, and to make an appropriation.",1,2026-03-11,https://legiscan.com/OH/bill/HB759/2025
OH,2132366,,"Create the Dr. Martin Luther King, Jr. license plate.","To amend section 4501.21 and to enact section 4503.897 of the Revised Code to create the ""Dr. Martin Luther King, Jr."" license plate.",1,2026-03-11,https://legiscan.com/OH/bill/HB760/2025
OH,2135510,,Allow absent voter's ballot return to any county polling place,"To amend sections 3505.18, 3505.31, 3509.05, 3511.09, and 3511.11 of the Revised Code to allow marked absent voter's ballots to be returned to any polling place in the county.",1,2026-03-17,https://legiscan.com/OH/bill/HB761/2025
OH,2135536,,"Exempt certain vending machine food purchases from sales, use tax",To amend section 5739.02 of the Revised Code to exempt certain vending machine food purchases from sales and use tax.,1,2026-03-17,https://legiscan.com/OH/bill/HB762/2025
OH,2135439,,Authorize limited licenses for certain international physicians,"To amend section 4731.281 and to enact sections 4731.2911, 4731.2912, and 4731.2913 of the Revised Code to authorize the State Medical Board to issue limited licenses to certain international physicians.",1,2026-03-17,https://legiscan.com/OH/bill/HB763/2025
OH,2135467,,Designate Patrolman Charles G. Cannon Memorial Highway,"To enact section 5534.141 of the Revised Code to designate a portion of U.S. Route 42 in Greene County as the ""Patrolman Charles G. Cannon Memorial Highway.""",1,2026-03-17,https://legiscan.com/OH/bill/HB764/2025
OH,2135425,,Modify the affordable single-family home credit,"To amend sections 175.17, 5725.37, 5726.60, 5729.20, and 5747.84 of the Revised Code to modify the affordable single-family home credit.",1,2026-03-17,https://legiscan.com/OH/bill/HB765/2025
OH,2135453,,Designate Augmentative and Alternative Communication (AAC) Month,"To enact section 5.63 of the Revised Code to designate October as ""Augmentative and Alternative Communication (AAC) Awareness Month.""",1,2026-03-17,https://legiscan.com/OH/bill/HB766/2025
OH,2135397,,"Enact Menopause, Perimenopause, and Hormone Therapy Coverage Act","To enact sections 3902.65 and 5164.081 of the Revised Code to require insurance and Medicaid coverage of the diagnosis and treatment of menopause, perimenopause, and menopausal and perimenopausal symptoms and to name this act the Ohio Menopause, Perimenopause, and Hormone Therapy Coverage Act.",1,2026-03-17,https://legiscan.com/OH/bill/HB767/2025
OH,2135525,,Provide publicly funded child care to certain child care staff,To amend sections 5104.30 and 5104.34 and to enact section 5104.342 of the Revised Code to provide publicly funded child care benefits to certain child care staff members and to make an appropriation.,1,2026-03-17,https://legiscan.com/OH/bill/HB768/2025
OH,2135410,,"Regulate the practices, contract terms of roofing contractors","To amend sections 4722.01, 4722.03, 4722.06, 4722.07, and 4722.08 and to enact sections 4722.20, 4722.21, 4722.22, 4722.23, 4722.24, 4722.25, and 4722.26 of the Revised Code to regulate the practices of roofing contractors and the terms of their contracts.",1,2026-03-17,https://legiscan.com/OH/bill/HB769/2025
OH,2135983,,Allow a campaign committee to refund a political contribution,To amend sections 3517.01 and 3517.08 of the Revised Code to allow a campaign committee to refund a political contribution to the donor for any reason.,1,2026-03-18,https://legiscan.com/OH/bill/HB770/2025
OH,2136026,,Modify Governor's authority re: Ohio National Guard; deployments,To amend section 5919.29 and to enact section 5925.01 of the Revised Code to modify the Governor's responsibilities and authority regarding the Ohio National Guard and certain deployments of National Guard units in the state.,1,2026-03-18,https://legiscan.com/OH/bill/HB771/2025
OH,2138016,,Establish the Rural Health Transformation Program,"To enact sections 3701.89, 3701.891, and 3701.892 of the Revised Code to establish the Rural Health Transformation Program.",1,2026-03-24,https://legiscan.com/OH/bill/HB772/2025
OH,2137993,,Require E15 fuel at turnpike facilities; biodiesel fuel study,To amend sections 5537.01 and 5537.04 and to enact section 5537.31 of the Revised Code to require the sale of E15 blended fuel at turnpike service facilities and a feasibility study related to the sale of biodiesel fuel at those facilities.,1,2026-03-24,https://legiscan.com/OH/bill/HB773/2025
OH,2137920,,Create the Pediatric Cancer Awareness license plate,"To amend section 4501.21 and to enact section 4503.898 of the Revised Code to create the ""Pediatric Cancer Awareness"" license plate.",1,2026-03-24,https://legiscan.com/OH/bill/HB774/2025
OH,2138010,,Regards state agencies' authority to adopt administrative rules,"To amend sections 9.46, 9.79, 9.821, 101.15, 101.34, 101.78, 101.98, 102.05, 103.0511, 105.41, 107.56, 109.08, 109.36, 109.361, 109.541, 109.57, 109.68, 111.15, 111.18, 111.47, 113.21, 113.51, 113.60, 119.01, 119.03, 120.03, 120.06, 120.521, 121.36, 121.41, 121.68, 122.075, 122.076, 122.077, 122.081, 122.083, 122.086, 122.087, 122.09, 122.154, 122.16, 122.17, 122.171, 122.175, 122.177, 122.179, 122.1710, 122.18, 122.25, 122.291, 122.38, 122.4020, 122.4077, 122.631, 122.632, 122.633, 122.6511, 122.6512, 122.74, 122.851, 122.86, 122.91, 122.922, 122.924, 122.925, 122.9511, 123.01, 123.04, 123.08, 123.201, 123.21, 123.22, 124.17, 124.74, 125.14, 125.84, 125.87, 125.88, 128.63, 131.024, 131.33, 135.182, 135.22, 135.45, 135.46, 135.61, 145.038, 145.09, 145.092, 145.196, 145.28, 145.2913, 145.2914, 145.311, 145.323, 145.381, 145.391, 145.401, 145.43, 145.58, 145.583, 145.584, 145.62, 145.65, 145.81, 145.814, 145.97, 147.62, 148.04, 149.331, 153.71, 156.05, 163.58, 166.02, 166.12, 166.17, 169.09, 173.02, 173.27, 173.38, 173.381, 173.42, 173.43, 173.45, 173.46, 173.502, 173.52, 173.522, 173.524, 173.543, 173.60, 175.05, 175.12, 175.15, 175.16, 175.17, 184.02, 184.116, 307.05, 321.46, 329.12, 340.03, 340.034, 340.08, 718.80, 718.83, 742.013, 742.10, 742.102, 742.161, 742.214, 742.27, 742.31, 742.3721, 742.38, 742.43, 742.443, 742.45, 742.451, 901.50, 901.61, 901.70, 901.72, 903.10, 903.16, 904.03, 905.01, 905.07, 905.51, 905.59, 905.63, 905.64, 907.10, 907.43, 909.03, 909.04, 909.10, 909.13, 909.14, 909.18, 909.99, 911.06, 911.19, 911.34, 913.28, 913.99, 915.12, 915.16, 915.17, 915.23, 918.04, 918.12, 918.25, 918.42, 918.44, 918.99, 921.16, 921.26, 923.43, 923.50, 924.02, 924.20, 924.21, 924.211, 924.22, 924.24, 924.25, 924.29, 924.41, 924.42, 924.44, 924.45, 924.52, 924.53, 925.07, 925.08, 926.01, 926.02, 926.05, 926.16, 926.19, 926.20, 926.22, 926.26, 926.29, 926.32, 927.52, 927.682, 927.69, 927.701, 927.71, 928.03, 935.17, 936.02, 939.02, 939.04, 940.02, 940.31, 941.01, 941.03, 941.99, 943.03, 943.07, 943.14, 943.24, 947.06, 947.99, 955.52, 956.03, 956.041, 1112.08, 1112.24, 1115.05, 1115.06, 1115.24, 1123.02, 1181.08, 1181.21, 1181.23, 1306.21, 1315.27, 1321.37, 1321.42, 1321.43, 1321.46, 1321.54, 1321.702, 1321.77, 1322.05, 1322.56, 1327.46, 1327.50, 1327.52, 1333.21, 1346.08, 1347.05, 1347.99, 1349.30, 1349.32, 1349.34, 1349.43, 1506.02, 1506.04, 1506.34, 1509.03, 1509.061, 1509.222, 1513.02, 1513.07, 1513.16, 1513.171, 1513.18, 1513.35, 1513.37, 1513.372, 1517.23, 1520.03, 1521.062, 1521.063, 1521.13, 1521.21, 1531.01, 1531.06, 1531.08, 1531.101, 1531.40, 1533.081, 1533.102, 1533.103, 1533.11, 1533.111, 1533.112, 1533.113, 1533.12, 1533.131, 1533.191, 1533.32, 1533.321, 1533.45, 1533.55, 1533.731, 1533.74, 1533.77, 1533.84, 1533.88, 1546.04, 1546.10, 1546.18, 1546.99, 1547.38, 1548.02, 1561.03, 1561.05, 1561.07, 1567.35, 1571.18, 1707.20, 1707.471, 1711.06, 1711.11, 1733.22, 1733.41, 1739.05, 1739.18, 1751.72, 1753.09, 1753.31, 1753.32, 1753.33, 1753.34, 1753.35, 1753.36, 1753.37, 1753.40, 1753.41, 1753.42, 1761.04, 1761.13, 1761.16, 2108.23, 2133.25, 2151.412, 2743.02, 2915.08, 2919.271, 2927.27, 2950.08, 2950.13, 2950.131, 2950.14, 2953.26, 3107.01, 3107.033, 3107.035, 3107.0611, 3107.10, 3107.101, 3109.16, 3109.179, 3111.02, 3111.65, 3115.401, 3119.33, 3119.36, 3119.37, 3119.371, 3119.94, 3121.50, 3121.89, 3123.22, 3123.63, 3123.82, 3123.88, 3123.90, 3129.01, 3301.07, 3301.0728, 3301.53, 3301.80, 3301.94, 3302.03, 3304.29, 3304.41, 3305.031, 3305.032, 3307.04, 3307.041, 3307.35, 3307.353, 3307.39, 3307.393, 3307.461, 3307.501, 3307.67, 3307.671, 3307.6913, 3307.6914, 3307.701, 3307.711, 3307.765, 3307.77, 3309.04, 3309.041, 3309.27, 3309.30, 3309.301, 3309.34, 3309.345, 3309.363, 3309.374, 3309.375, 3309.3712, 3309.39, 3309.392, 3309.472, 3309.473, 3309.474, 3309.69, 3309.692, 3309.731, 3309.81, 3310.031, 3310.17, 3310.41, 3310.64, 3313.377, 3313.616, 3313.6111, 3313.902, 3317.072, 3318.60, 3323.02, 3323.08, 3324.11, 3328.12, 3328.13, 3332.031, 3332.09, 3333.04, 3333.052, 3333.073, 3333.125, 3333.126, 3333.127, 3333.13, 3333.136, 3333.168, 3333.28, 3333.37, 3333.391, 3333.61, 3333.70, 3333.72, 3333.88, 3333.90, 3345.024, 3345.27, 3345.28, 3345.31, 3345.351, 3345.481, 3345.57, 3349.03, 3352.07, 3365.034, 3375.01, 3375.04, 3379.04, 3517.10, 3517.106, 3517.23, 3701.021, 3701.132, 3701.136, 3701.144, 3701.145, 3701.241, 3701.31, 3701.341, 3701.508, 3701.54, 3701.615, 3701.84, 3701.87, 3701.922, 3701.936, 3701.937, 3701.938, 3702.301, 3702.3012, 3702.57, 3702.71, 3702.74, 3702.91, 3702.965, 3703.21, 3704.03, 3704.031, 3704.034, 3704.035, 3704.036, 3704.037, 3704.038, 3704.039, 3704.04, 3704.05, 3704.11, 3704.13, 3704.14, 3704.161, 3705.02, 3705.24, 3706.25, 3710.02, 3711.12, 3713.04, 3714.052, 3714.071, 3715.022, 3715.502, 3715.873, 3716.03, 3717.221, 3717.33, 3719.28, 3719.81, 3719.811, 3721.02, 3721.022, 3721.026, 3721.032, 3721.04, 3721.041, 3721.121, 3721.122, 3721.26, 3721.29, 3721.30, 3721.60, 3721.63, 3721.68, 3722.06, 3723.09, 3725.02, 3725.03, 3725.04, 3725.05, 3726.14, 3727.131, 3727.19, 3727.23, 3727.25, 3727.31, 3727.33, 3727.36, 3727.38, 3727.381, 3727.39, 3727.70, 3727.72, 3730.10, 3731.02, 3731.03, 3734.02, 3734.021, 3734.026, 3734.05, 3734.058, 3734.123, 3734.124, 3734.40, 3734.41, 3734.42, 3734.43, 3734.57, 3734.574, 3734.74, 3734.902, 3734.904, 3734.99, 3737.07, 3737.17, 3737.82, 3737.842, 3737.88, 3737.90, 3738.09, 3739.11, 3739.13, 3739.16, 3740.01, 3740.03, 3740.10, 3740.11, 3742.03, 3742.08, 3742.09, 3742.50, 3743.08, 3743.21, 3743.22, 3743.25, 3743.48, 3743.56, 3743.60, 3743.61, 3745.11, 3746.04, 3750.02, 3750.11, 3751.02, 3751.03, 3751.05, 3751.07, 3751.08, 3751.09, 3751.10, 3752.03, 3752.13, 3753.01, 3753.03, 3753.04, 3753.05, 3769.082, 3769.083, 3769.10, 3770.02, 3770.03, 3770.24, 3772.03, 3772.37, 3774.01, 3774.02, 3774.03, 3774.04, 3774.09, 3775.16, 3776.03, 3780.03, 3780.04, 3780.07, 3780.10, 3780.20, 3780.24, 3781.10, 3781.105, 3781.21, 3783.05, 3794.07, 3796.03, 3796.061, 3796.16, 3797.08, 3901.041, 3901.042, 3901.074, 3901.212, 3901.31, 3901.321, 3901.352, 3901.382, 3901.383, 3901.3814, 3901.41, 3901.80, 3901.83, 3902.30, 3902.36, 3902.53, 3902.54, 3902.61, 3903.07, 3903.81, 3903.82, 3903.83, 3903.84, 3903.85, 3903.86, 3903.87, 3903.89, 3903.91, 3903.92, 3905.01, 3905.04, 3905.06, 3905.064, 3905.065, 3905.066, 3905.067, 3905.068, 3905.26, 3905.471, 3905.71, 3905.72, 3905.78, 3905.83, 3905.84, 3905.851, 3905.87, 3905.89, 3905.921, 3905.932, 3906.03, 3906.15, 3911.011, 3913.01, 3915.073, 3915.09, 3916.03, 3916.05, 3916.20, 3918.12, 3923.041, 3923.332, 3924.49, 3924.72, 3929.44, 3935.10, 3937.43, 3953.32, 3956.10, 3959.04, 3959.111, 3959.12, 3961.01, 3961.05, 3961.08, 3963.02, 3964.07, 3964.19, 3965.09, 3965.11, 4111.05, 4111.06, 4111.08, 4117.02, 4121.61, 4123.32, 4123.35, 4123.351, 4125.02, 4133.02, 4141.06, 4141.13, 4141.29, 4141.43, 4141.431, 4141.50, 4167.07, 4167.08, 4167.11, 4301.03, 4301.102, 4303.202, 4303.208, 4303.209, 4303.234, 4303.251, 4303.271, 4307.04, 4501.02, 4501.022, 4501.271, 4501.81, 4503.03, 4503.036, 4503.10, 4503.101, 4503.102, 4503.111, 4503.29, 4503.51, 4503.64, 4503.642, 4505.01, 4505.02, 4505.20, 4506.11, 4506.17, 4507.061, 4507.18, 4507.21, 4507.233, 4507.49, 4508.01, 4508.02, 4509.03, 4509.101, 4510.10, 4510.108, 4510.45, 4511.76, 4511.81, 4513.52, 4517.17, 4517.22, 4517.32, 4519.20, 4519.51, 4521.10, 4561.05, 4561.32, 4701.03, 4703.02, 4703.06, 4707.19, 4709.05, 4713.08, 4715.03, 4715.031, 4715.372, 4715.42, 4715.436, 4715.57, 4715.66, 4717.04, 4723.07, 4723.114, 4723.26, 4723.351, 4723.50, 4723.69, 4723.79, 4723.88, 4723.89, 4725.09, 4725.16, 4725.19, 4725.33, 4725.44, 4725.51, 4727.13, 4729.10, 4729.12, 4729.16, 4729.28, 4729.382, 4729.39, 4729.391, 4729.41, 4729.47, 4729.51, 4729.52, 4729.53, 4729.531, 4729.54, 4729.552, 4729.554, 4729.56, 4729.57, 4729.62, 4729.69, 4729.70, 4729.84, 4729.94, 4730.141, 4730.39, 4730.49, 4731.05, 4731.053, 4731.151, 4731.16, 4731.19, 4731.22, 4731.228, 4731.255, 4731.283, 4731.291, 4731.293, 4731.295, 4731.297, 4731.298, 4731.301, 4731.573, 4732.06, 4733.07, 4734.25, 4734.27, 4734.282, 4734.284, 4734.42, 4735.10, 4737.045, 4738.11, 4740.04, 4741.03, 4741.221, 4741.45, 4741.51, 4743.041, 4743.09, 4745.04, 4747.04, 4749.02, 4749.08, 4751.03, 4751.10, 4751.15, 4751.20, 4751.21, 4751.24, 4751.25, 4751.30, 4751.31, 4751.32, 4751.45, 4752.17, 4753.05, 4753.06, 4757.10, 4757.22, 4757.23, 4757.27, 4757.28, 4758.20, 4758.21, 4759.05, 4759.051, 4759.064, 4760.062, 4761.03, 4761.032, 4761.062, 4762.062, 4763.03, 4763.06, 4763.07, 4763.12, 4765.11, 4765.431, 4765.45, 4766.03, 4768.03, 4771.05, 4771.07, 4771.08, 4772.13, 4772.19, 4773.08, 4774.062, 4774.11, 4775.04, 4778.03, 4778.072, 4778.12, 4779.08, 4779.32, 4781.04, 4783.03, 4785.08, 4796.30, 4905.06, 4905.301, 4905.72, 4905.79, 4905.81, 4905.84, 4906.03, 4909.172, 4921.25, 4921.30, 4927.03, 4927.06, 4928.06, 4928.10, 4928.11, 4928.12, 4928.13, 4928.14, 4928.16, 4928.17, 4928.31, 4928.34, 4928.35, 4928.37, 4928.543, 4928.62, 4928.70, 4928.73, 4929.221, 4935.04, 4939.07, 4981.14, 5101.11, 5101.16, 5101.214, 5101.24, 5101.241, 5101.244, 5101.33, 5101.35, 5101.37, 5101.46, 5101.461, 5101.47, 5101.48, 5101.49, 5101.544, 5101.61, 5101.71, 5101.741, 5101.801, 5101.83, 5101.971, 5103.03, 5103.035, 5103.037, 5103.038, 5103.0310, 5103.0312, 5103.0316, 5103.0323, 5103.0329, 5103.05, 5103.053, 5103.07, 5103.18, 5103.181, 5104.013, 5104.015, 5104.017, 5104.018, 5104.019, 5104.041, 5104.043, 5104.30, 5104.38, 5104.53, 5116.06, 5117.02, 5119.141, 5119.181, 5119.185, 5119.19, 5119.20, 5119.21, 5119.211, 5119.22, 5119.221, 5119.25, 5119.36, 5119.368, 5119.39, 5119.51, 5120.01, 5120.031, 5120.04, 5120.103, 5120.19, 5120.27, 5120.28, 5120.53, 5120.55, 5120.56, 5120.65, 5122.33, 5123.022, 5123.025, 5123.026, 5123.04, 5123.0420, 5123.081, 5123.09, 5123.093, 5123.19, 5123.194, 5123.196, 5123.35, 5123.351, 5123.40, 5123.42, 5123.43, 5123.44, 5123.45, 5123.54, 5123.65, 5124.01, 5124.08, 5124.10, 5124.105, 5124.109, 5124.15, 5124.152, 5124.153, 5124.17, 5124.19, 5124.191, 5124.192, 5124.193, 5124.21, 5124.23, 5124.24, 5124.26, 5124.29, 5124.34, 5124.38, 5124.516, 5124.53, 5126.0220, 5126.04, 5126.08, 5126.081, 5126.11, 5126.131, 5126.25, 5139.04, 5139.281, 5139.33, 5139.34, 5139.43, 5145.03, 5145.14, 5145.15, 5145.161, 5147.30, 5149.101, 5149.31, 5153.111, 5153.113, 5153.124, 5153.16, 5153.163, 5160.052, 5160.10, 5160.12, 5160.20, 5160.34, 5160.37, 5160.43, 5160.48, 5161.02, 5161.30, 5162.01, 5162.021, 5162.031, 5162.10, 5162.21, 5162.23, 5162.364, 5162.41, 5162.66, 5163.01, 5163.02, 5163.063, 5163.098, 5163.20, 5163.21, 5163.30, 5163.31, 5164.02, 5164.061, 5164.071, 5164.072, 5164.092, 5164.16, 5164.291, 5164.31, 5164.32, 5164.33, 5164.34, 5164.341, 5164.342, 5164.36, 5164.46, 5164.74, 5164.741, 5164.755, 5164.758, 5164.76, 5164.89, 5164.93, 5164.95, 5164.96, 5165.01, 5165.04, 5165.082, 5165.10, 5165.105, 5165.109, 5165.153, 5165.154, 5165.156, 5165.17, 5165.191, 5165.192, 5165.193, 5165.38, 5165.48, 5165.516, 5165.53, 5165.61, 5165.62, 5165.64, 5165.771, 5165.78, 5165.81, 5166.02, 5166.04, 5166.121, 5166.23, 5166.30, 5166.301, 5166.303, 5166.308, 5166.409, 5167.031, 5167.101, 5167.173, 5167.20, 5167.31, 5167.33, 5167.35, 5167.40, 5167.41, 5167.47, 5168.02, 5168.26, 5168.56, 5168.71, 5168.75, 5168.78, 5168.90, 5180.02, 5180.21, 5180.278, 5180.32, 5180.404, 5180.42, 5180.422, 5180.427, 5180.4211, 5180.4214, 5180.43, 5180.453, 5180.52, 5180.53, 5180.71, 5180.72, 5301.254, 5315.02, 5501.311, 5501.51, 5502.011, 5502.22, 5502.26, 5502.27, 5502.271, 5502.65, 5502.703, 5503.10, 5503.11, 5505.07, 5505.17, 5505.174, 5505.177, 5505.18, 5505.28, 5505.281, 5505.41, 5505.50, 5505.54, 5515.08, 5516.03, 5516.14, 5526.06, 5531.09, 5531.14, 5531.30, 5537.29, 5595.12, 5703.021, 5703.49, 5703.56, 5703.76, 5703.77, 5703.94, 5705.341, 5709.112, 5709.67, 5713.012, 5715.29, 5725.33, 5725.36, 5726.10, 5726.31, 5726.58, 5727.88, 5728.06, 5729.19, 5731.011, 5733.07, 5733.121, 5733.42, 5735.05, 5735.062, 5736.03, 5739.05, 5739.121, 5739.36, 5741.06, 5741.071, 5741.072, 5743.15, 5743.51, 5745.15, 5747.026, 5747.063, 5747.064, 5747.065, 5747.12, 5747.121, 5747.123, 5747.18, 5747.38, 5747.73, 5747.83, 5747.85, 5749.14, 5751.013, 5751.07, 5753.09, 5902.05, 5911.011, 5919.23, 5922.04, 5922.05, 5922.07, 6109.04, 6109.072, 6109.121, 6111.035, 6111.043, 6111.047, 6111.049, 6111.32, 6111.451, and 6115.51; to enact section 121.96; and to repeal sections 109.366, 121.50, 125.90, 135.48, 145.80, 173.434, 173.49, 191.40, 905.05, 905.61, 915.22, 925.06, 943.15, 1112.28, 1315.14, 1322.02, 1322.55, 1322.57, 1349.33, 1349.36, 1506.021, 1531.09, 1531.10, 1546.15, 1716.13, 1751.48, 1753.43, 3111.35, 3111.67, 3119.51, 3121.8911, 3123.121, 3123.823, 3307.80, 3309.80, 3328.50, 3333.137, 3333.374, 3333.87, 3701.9314, 3702.79, 3702.86, 3702.961, 3702.981, 3704.141, 3706.29, 3715.69, 3715.82, 3715.91, 3721.11, 3721.67, 3727.15, 3727.40, 3727.79, 3734.47, 3749.02, 3753.02, 3901.044, 3901.077, 3901.3813, 3901.833, 3903.93, 3905.0611, 3905.79, 3905.95, 3938.09, 3960.12, 3961.09, 3963.08, 3964.21, 3965.10, 3970.08, 4506.22, 4729.26, 4730.07, 4734.10, 4744.28, 4751.04, 4760.19, 4762.19, 5101.222, 5119.397, 5120.657, 5124.03, 5160.02, 5162.02, 5165.02, 5165.61, 5167.02, 5168.86, 5180.536, 5502.25, 5703.16, 5709.24, 5709.912, 5920.02, 5921.10, and 5922.02 of the Revised Code regarding state agencies' general authority to adopt administrative rules and to amend the version of section 3313.902 of the Revised Code that is scheduled to take effect on July 1, 2026, to continue the change on and after that date.",1,2026-03-24,https://legiscan.com/OH/bill/HB775/2025
OH,2137981,,Regards motorcycle lane filtering and lane splitting,"To amend sections 4511.01, 4511.041, and 4511.25 and to enact section 4511.551 of the Revised Code to establish traffic laws related to lane filtering and lane splitting by certain motorcycle operators.",1,2026-03-24,https://legiscan.com/OH/bill/HB776/2025
OH,2137899,,Enact the Fair Tri-Share Child Care Program Act,To amend section 5104.54 of the Revised Code to modify Ohio's child care cost-sharing program and to name this act the Fair Tri-Share Child Care Program Act.,1,2026-03-24,https://legiscan.com/OH/bill/HB777/2025
OH,2137883,,Exclude certain fire and EMS levies from being reduced,"To amend sections 3735.67, 5709.40, 5709.41, 5709.73, and 5709.78 of the Revised Code to exclude certain fire and emergency medical services levies from being reduced by a community reinvestment area or tax increment financing property tax exemption.",1,2026-03-24,https://legiscan.com/OH/bill/HB778/2025
OH,2138004,,Enact the JobsOhio Transparency Act,"To amend sections 187.01, 187.04, and 4313.02 and to enact sections 117.57, 127.20, and 187.15 of the Revised Code to modify the law governing JobsOhio and to name this act the JobsOhio Transparency Act.",1,2026-03-24,https://legiscan.com/OH/bill/HB779/2025
OH,2137933,,Enact the Medicaid Savings Act,"To amend sections 126.021, 126.024, 173.19, 1751.03, 3701.741, 3901.81, 3902.70, 3903.14, 3903.42, 3959.01, 3963.06, 4121.50, 4729.20, 4729.49, 4729.80, 4729.84, 4729.86, 5160.01, 5160.34, 5160.37, 5160.371, 5160.40, 5162.01, 5162.021, 5162.13, 5162.1310, 5162.73, 5164.01, 5164.38, 5164.46, 5164.74, 5164.751, 5166.01, 5166.40, 5166.405, 5166.406, 5168.75, 5168.76, 5739.01, and 5739.03; to amend, for the purpose of adopting a new section number as indicated in parentheses, section 5162.73 (5162.74); to enact new section 5162.73; and to repeal sections 1751.271, 3901.815, 3903.421, 5164.741, 5167.01, 5167.02, 5167.03, 5167.031, 5167.04, 5167.05, 5167.051, 5167.09, 5167.10, 5167.101, 5167.103, 5167.11, 5167.12, 5167.122, 5167.123, 5167.13, 5167.14, 5167.15, 5167.16, 5167.17, 5167.171, 5167.173, 5167.18, 5167.20, 5167.201, 5167.21, 5167.22, 5167.221, 5167.24, 5167.241, 5167.243, 5167.244, 5167.245, 5167.26, 5167.30, 5167.31, 5167.32, 5167.33, 5167.34, 5167.35, 5167.40, 5167.41, 5167.45, 5167.47, and 5739.051 of the Revised Code to eliminate the care management system from the Medicaid program and to name this act the Medicaid Savings Act.",1,2026-03-24,https://legiscan.com/OH/bill/HB780/2025
OH,2137927,,Regards procedures for inspecting child care providers,"To amend sections 5104.015, 5104.017, 5104.018, and 5104.019 and to enact section 5104.044 of the Revised Code regarding procedures for inspecting child care providers.",1,2026-03-24,https://legiscan.com/OH/bill/HB781/2025
OH,2137965,,Enact the At-Home Infant Care Program Act,"To amend section 5747.01 and to enact section 5180.23 of the Revised Code to establish the At-Home Infant Care Program in the Department of Children and Youth, to exempt payments received under the program from the state income tax, to name this act the At-Home Infant Care Program Act, and to make an appropriation.",1,2026-03-24,https://legiscan.com/OH/bill/HB782/2025
OH,2137998,,Regards notice of possibility of reversing a chemical abortion,To enact sections 2317.57 and 2317.571 of the Revised Code regarding notice about the possibility of reversing a chemical abortion.,1,2026-03-24,https://legiscan.com/OH/bill/HB783/2025
OH,2137916,,Require data center water consumption reports,To enact sections 9.484 and 1521.301 of the Revised Code to require data centers to report monthly and yearly water consumption and to prohibit data centers from including water consumption information in nondisclosure agreements with political subdivisions.,1,2026-03-24,https://legiscan.com/OH/bill/HB784/2025
OH,2137987,,Enact the ASSET Act,"To amend sections 123.01, 123.17, and 5913.09 and to enact section 123.012 of the Revised Code to authorize the state to enter into an enhanced lease agreement, with a private entity, to utilize unproductive and unused state real property, to empower a board of trustees of a state university and the Adjutant General to lease land, and to name this act the Advancing Strategic State and Military Asset Efficiency and Transformation (ASSET) Act.",1,2026-03-24,https://legiscan.com/OH/bill/HB785/2025
OH,2137888,,Prohibit artificial depiction of a minor for obscene purposes,"To amend sections 2907.321, 2907.322, and 2907.323 of the Revised Code to prohibit use of an artificially generated depiction of a minor for obscene purposes.",1,2026-03-24,https://legiscan.com/OH/bill/HB786/2025
OH,2137945,,Revise the law governing the Child Care Choice Voucher Program,To amend Section 423.190 of H.B. 96 of the 136th General Assembly to revise the law governing the Child Care Choice Voucher Program.,1,2026-03-24,https://legiscan.com/OH/bill/HB787/2025
OH,2137971,,Regards paid military leave for law enforcement officers,To amend section 5923.05 of the Revised Code regarding paid military leave for law enforcement officers.,1,2026-03-24,https://legiscan.com/OH/bill/HB788/2025
OH,2137977,,Require emergency departments to be supervised by physicians,To enact section 3722.15 of the Revised Code to require hospital and freestanding emergency departments to be supervised by physicians.,1,2026-03-24,https://legiscan.com/OH/bill/HB789/2025
OH,2137907,,Designate the Honor and Remember flag; encourage flag display,To enact section 9.51 of the Revised Code to designate the Honor and Remember flag as the symbol of Ohio's concern and commitment to honoring and remembering the lives of all fallen service members and their families and to encourage that the flag be displayed at the Statehouse in Columbus on Memorial Day.,1,2026-03-24,https://legiscan.com/OH/bill/HB790/2025
OH,2137956,,Designate Patrolman Robert E. Karsmizki Memorial Highway,"To enact section 5534.455 of the Revised Code to designate a portion of State Route 19 in Crawford County as the ""Patrolman Robert E. Karsmizki Memorial Highway.""",1,2026-03-24,https://legiscan.com/OH/bill/HB791/2025
OH,1903194,,"Relative to the election of the assistant speaker pro tempore, the majority floor leader, the assistant majority floor leader, and the majority whips for the 136th General Assembly of Ohio.","Relative to the election of the assistant speaker pro tempore, the majority floor leader, the assistant majority floor leader, and the majority whips for the 136th General Assembly of Ohio.",4,2025-01-06,https://legiscan.com/OH/bill/HR1/2025
OH,1902988,,"Relative to the election of the assistant minority leader, the minority whip, and the assistant minority whip for the 136th General Assembly of Ohio.",Relative to the election of the minority leader for the 136th General Assembly of Ohio.,4,2025-01-06,https://legiscan.com/OH/bill/HR2/2025
OH,1903091,,Relative to the election of the Clerk of the House of Representatives.,"Relative to the election of the assistant minority leader, the minority whip, and the assistant minority whip for the 136th General Assembly of Ohio.",4,2025-01-06,https://legiscan.com/OH/bill/HR3/2025
OH,1902943,,Relative to employment and compensation of employees of the House of Representatives preparatory to and during House organization.,Relative to the election of the Clerk of the House of Representatives.,4,2025-01-06,https://legiscan.com/OH/bill/HR4/2025
OH,1903171,,To provide for the offering of the pledge of allegiance to the flag by the members of the House of Representatives at the opening session of each week.,Relative to employment and compensation of employees of the House of Representatives preparatory to and during House organization.,4,2025-01-06,https://legiscan.com/OH/bill/HR5/2025
OH,1903224,,Relative to attendance at conferences and meetings.,To provide for the offering of the pledge of allegiance to the flag by the members of the House of Representatives at the opening session of each week.,4,2025-01-06,https://legiscan.com/OH/bill/HR6/2025
OH,1903300,,Relative to certain letters to be signed by the Speaker of the House on behalf of the House and sent to persons or groups in lieu of any resolutions on the subject.,Relative to attendance at conferences and meetings.,4,2025-01-06,https://legiscan.com/OH/bill/HR7/2025
OH,1903039,,Relative to the appointment and salaries of the officials and employees of the House of Representatives and empowering theÂ Majority Caucus Chief of Staff andÂ Chief Administrative Officer to take administrative actions on behalf of the House.,Relative to certain letters to be signed by the Speaker of the House on behalf of the House and sent to persons or groups in lieu of any resolutions on the subject.,4,2025-01-06,https://legiscan.com/OH/bill/HR8/2025
OH,1935483,,To adopt the Rules of the House of Representatives for the 136th General Assembly.,To adopt the Rules of the House of Representatives for the 136th General Assembly.,1,2025-01-22,https://legiscan.com/OH/bill/HR9/2025
OH,1937401,,Honoring Cheffy Drugs on its Centennial.,Honoring Cheffy Drugs on its Centennial.,4,2025-01-23,https://legiscan.com/OH/bill/HR10/2025
OH,2015680,,Urge Ohio expansion of manufacturing of domestic drones,To urge the State of Ohio to expand the manufacturing of domestic drones to ensure competitiveness and national security against the increased presence of Chinese-manufactured drones.,1,2025-01-28,https://legiscan.com/OH/bill/HR11/2025
OH,1943826,,Authorizing the Ohio YMCA Youth and Government to use the Ohio House Chambers to conduct its 2025 model legislature.,Authorizing the Ohio YMCA Youth and Government to use the Ohio House Chambers to conduct its 2025 model legislature.,4,2025-01-27,https://legiscan.com/OH/bill/HR12/2025
OH,1944082,,"To recognize the sovereignty of the Republic of Cyprus over the entirety of the island, and to memorialize the 50th anniversary of the Turkish invasion and occupation of the northern part of the island","To recognize the sovereignty of the Republic of Cyprus over the entirety of the island, and to memorialize the 50th anniversary of the Turkish invasion and occupation of the northern part of the island.",4,2025-04-30,https://legiscan.com/OH/bill/HR13/2025
OH,2015642,,Urge Congress to ensure toxins and chemicals removed from food,To urge Congress to investigate the U.S. food supply to safeguard the future of our country by ensuring that all dangerous toxins and chemicals are removed from our food.,1,2025-01-28,https://legiscan.com/OH/bill/HR14/2025
OH,1944093,,"Honoring Barberton Laundry, Inc., on its One Hundredth Anniversary.","Honoring Barberton Laundry, Inc., on its One Hundredth Anniversary.",4,2025-01-28,https://legiscan.com/OH/bill/HR15/2025
OH,1944314,,Honoring the New Barberton Masonic Temple Company on its Centennial.,Honoring the New Barberton Masonic Temple Company on its Centennial.,4,2025-01-28,https://legiscan.com/OH/bill/HR16/2025
OH,1943961,,Honoring the Lake Anna Young Men's Christian Association on its One Hundredth Anniversary.,Honoring the Lake Anna Young Men's Christian Association on its One Hundredth Anniversary.,4,2025-01-28,https://legiscan.com/OH/bill/HR17/2025
OH,1944216,,Honoring Daniela Scheffler as a 2024 Division I State Cross Country Champion.,Honoring Daniela Scheffler as a 2024 Division I State Cross Country Champion.,4,2025-01-28,https://legiscan.com/OH/bill/HR18/2025
OH,1944428,,Honoring the Village of Baltimore on its Two Hundredth Anniversary.,Honoring the Village of Baltimore on its Two Hundredth Anniversary.,4,2025-01-28,https://legiscan.com/OH/bill/HR19/2025
OH,1943937,,Honoring the Mary Lee Tucker Clothe-A-Child Fund on the occasion of its One Hundredth Anniversary.,Honoring the Mary Lee Tucker Clothe-A-Child Fund on the occasion of its One Hundredth Anniversary.,4,2025-01-28,https://legiscan.com/OH/bill/HR20/2025
OH,1943910,,Honoring the Olentangy Berlin High School cheer team as the 2024 OHSAA Division I Spirit State Champion.,Honoring the Olentangy Berlin High School cheer team as the 2024 OHSAA Division I Spirit State Champion.,4,2025-01-28,https://legiscan.com/OH/bill/HR21/2025
OH,1944066,,Honoring Krill Funeral Service on its One Hundred Fiftieth Anniversary.,Honoring Krill Funeral Service on its One Hundred Fiftieth Anniversary.,4,2025-01-28,https://legiscan.com/OH/bill/HR22/2025
OH,1944134,,Honoring St. Peter Catholic Church on its One Hundred Fiftieth Anniversary.,Honoring St. Peter Catholic Church on its One Hundred Fiftieth Anniversary.,4,2025-01-28,https://legiscan.com/OH/bill/HR23/2025
OH,1956716,,Relative to travel allowance.,Relative to travel allowance.,4,2025-02-05,https://legiscan.com/OH/bill/HR24/2025
OH,1967242,,Amend specified House Rules,"To amend Rules 13, 22, 24, 25, 96, and 115 of the House of Representatives of the 136th General Assembly.",4,2025-02-12,https://legiscan.com/OH/bill/HR25/2025
OH,1958689,,Honoring The Ohio State University dance team as the 2025 UCA & UDA College National Division IA Jazz Champion.,Honoring The Ohio State University dance team as the 2025 UCA & UDA College National Division IA Jazz Champion.,4,2025-02-05,https://legiscan.com/OH/bill/HR26/2025
OH,1959065,,Honoring The Ohio State University spirit team as the 2025 UCA & UDA College Cheerleading and Dance Team National Champion.,Honoring The Ohio State University spirit team as the 2025 UCA & UDA College Cheerleading and Dance Team National Champion.,4,2025-02-05,https://legiscan.com/OH/bill/HR27/2025
OH,1958740,,Honoring Hinckley Township on its Two Hundredth Anniversary.,Honoring Hinckley Township on its Two Hundredth Anniversary.,4,2025-02-05,https://legiscan.com/OH/bill/HR28/2025
OH,1958902,,Honoring The Ohio State University football team on winning the 2024 College Football Playoff National Championship.,Honoring The Ohio State University football team on winning the 2024 College Football Playoff National Championship.,4,2025-02-05,https://legiscan.com/OH/bill/HR29/2025
OH,1958793,,Honoring the Cardington Volunteer Fire Department on its Sesquicentennial.,Honoring the Cardington Volunteer Fire Department on its Sesquicentennial.,4,2025-02-05,https://legiscan.com/OH/bill/HR30/2025
OH,2015606,,Recognize the Nepali-Bhutanese refugee crisis,To recognize the Nepali-Bhutanese refugee crisis.,1,2025-02-12,https://legiscan.com/OH/bill/HR31/2025
OH,1967350,,Honoring Amberly Szczerbiak as the 2025 Ohio Fairs' Queen.,Honoring Amberly Szczerbiak as the 2025 Ohio Fairs' Queen.,4,2025-02-12,https://legiscan.com/OH/bill/HR32/2025
OH,1985319,,"Honoring Thomas Jenkins, Jr. on receiving a Presidential Award for Excellence in Mathematics and Science Teaching.","Honoring Thomas Jenkins, Jr. on receiving a Presidential Award for Excellence in Mathematics and Science Teaching.",4,2025-02-26,https://legiscan.com/OH/bill/HR33/2025
OH,1984536,,Honoring the Kent State University Tuscarawas women's volleyball team on winning the 2024 USCAA Division 2 National Championship title.,Honoring the Kent State University Tuscarawas women's volleyball team on winning the 2024 USCAA Division 2 National Championship title.,4,2025-02-26,https://legiscan.com/OH/bill/HR34/2025
OH,1984773,,Honoring the Minerva High School girls cross country team as the 2024 Division II State Champion.,Honoring the Minerva High School girls cross country team as the 2024 Division II State Champion.,4,2025-02-26,https://legiscan.com/OH/bill/HR35/2025
OH,1984831,,"Recognizing the 74th annual National Day of Prayer, May 1, 2025.","Recognizing the 74th annual National Day of Prayer, May 1, 2025.",4,2025-02-26,https://legiscan.com/OH/bill/HR36/2025
OH,1992294,,Recognizing Multiple System Atrophy Awareness Month in Ohio.,Recognizing Multiple System Atrophy Awareness Month in Ohio.,4,2025-03-05,https://legiscan.com/OH/bill/HR37/2025
OH,2015014,,"In memory of Ross Allen Boggs, Jr.","In memory of Ross Allen Boggs, Jr.",4,2025-03-26,https://legiscan.com/OH/bill/HR38/2025
OH,2008949,,"Recognizing Ohio Agriculture Week, March 9-15, 2025.","Recognizing Ohio Agriculture Week, March 9-15, 2025.",4,2025-03-17,https://legiscan.com/OH/bill/HR39/2025
OH,2011387,,Honoring the Orrville Public Library on its Centennial.,Honoring the Orrville Public Library on its Centennial.,4,2025-03-19,https://legiscan.com/OH/bill/HR40/2025
OH,2011122,,Honoring Ella Borstelman on winning the 2025 Division II State Diving Championship.,Honoring Ella Borstelman on winning the 2025 Division II State Diving Championship.,4,2025-03-19,https://legiscan.com/OH/bill/HR41/2025
OH,2011247,,Honoring the Pickerington High School Central cheer team on winning a 2025 OASSA State Championship.,Honoring the Pickerington High School Central cheer team on winning a 2025 OASSA State Championship.,4,2025-03-19,https://legiscan.com/OH/bill/HR42/2025
OH,2011197,,Honoring the National Management Association on its One Hundredth Anniversary.,Honoring the National Management Association on its One Hundredth Anniversary.,4,2025-03-19,https://legiscan.com/OH/bill/HR43/2025
OH,2011277,,Honoring the Canal Winchester High School competition cheer team as a 2025 OASSA Division 2 State Champion.,Honoring the Canal Winchester High School competition cheer team as a 2025 OASSA Division 2 State Champion.,4,2025-03-19,https://legiscan.com/OH/bill/HR44/2025
OH,2011257,,Honoring the Marion L. Steele High School cheer team as a 2025 OASSA Division 2 State Champion.,Honoring the Marion L. Steele High School cheer team as a 2025 OASSA Division 2 State Champion.,4,2025-03-19,https://legiscan.com/OH/bill/HR45/2025
OH,2011206,,Honoring the Upper Arlington High School girls swimming and diving team on earning the 2025 Division I State Championship.,Honoring the Upper Arlington High School girls swimming and diving team on earning the 2025 Division I State Championship.,4,2025-03-19,https://legiscan.com/OH/bill/HR46/2025
OH,2011216,,Honoring Carrie Furbee on winning the 2025 Division II State Championship in the 100-yard butterfly.,Honoring Carrie Furbee on winning the 2025 Division II State Championship in the 100-yard butterfly.,4,2025-03-19,https://legiscan.com/OH/bill/HR47/2025
OH,2011185,,Honoring Hayden Hollingsworth as a 2025 OHSAA Division I Swimming Champion.,Honoring Hayden Hollingsworth as a 2025 OHSAA Division I Swimming Champion.,4,2025-03-19,https://legiscan.com/OH/bill/HR48/2025
OH,2011155,,Honoring the Massillon Family YMCA on its Centennial.,Honoring the Massillon Family YMCA on its Centennial.,4,2025-03-19,https://legiscan.com/OH/bill/HR49/2025
OH,2011395,,Honoring the Rock Hill High School cheer team as a 2025 OASSA State Cheer Champion.,Honoring the Rock Hill High School cheer team as a 2025 OASSA State Cheer Champion.,4,2025-03-19,https://legiscan.com/OH/bill/HR50/2025
OH,2011267,,Honoring the Jackson High School competition cheerleading team as the 2025 OAC and OHSCCA State Champions.,Honoring the Jackson High School competition cheerleading team as the 2025 OAC and OHSCCA State Champions.,4,2025-03-19,https://legiscan.com/OH/bill/HR51/2025
OH,2011326,,Recognizing Ohio Child Abuse Prevention Month.,Recognizing Ohio Child Abuse Prevention Month.,4,2025-03-19,https://legiscan.com/OH/bill/HR52/2025
OH,2011404,,Honoring the Pickerington High School North cheer team as a 2025 OASSA Division 1 State Champion.,Honoring the Pickerington High School North cheer team as a 2025 OASSA Division 1 State Champion.,4,2025-03-19,https://legiscan.com/OH/bill/HR53/2025
OH,2011346,,Honoring Reagan Knapp as a 2025 State Wrestling Champion.,Honoring Reagan Knapp as a 2025 State Wrestling Champion.,4,2025-03-19,https://legiscan.com/OH/bill/HR54/2025
OH,2011228,,Honoring Kate Simmons on securing the 2025 Girls Wrestling State Championship in the 170-pound weight class.,Honoring Kate Simmons on securing the 2025 Girls Wrestling State Championship in the 170-pound weight class.,4,2025-03-19,https://legiscan.com/OH/bill/HR55/2025
OH,2011128,,Honoring the Urbana High School girls bowling team as the 2025 Division II State Champion.,Honoring the Urbana High School girls bowling team as the 2025 Division II State Champion.,4,2025-03-19,https://legiscan.com/OH/bill/HR56/2025
OH,2011137,,Honoring Christopher Ritchie as the 2025 Division II State Boys Bowling Champion.,Honoring Christopher Ritchie as the 2025 Division II State Boys Bowling Champion.,4,2025-03-19,https://legiscan.com/OH/bill/HR57/2025
OH,2011377,,"Honoring Bucyrus Copper Kettle Works, Ltd. on its One Hundred Fiftieth Anniversary.","Honoring Bucyrus Copper Kettle Works, Ltd. on its One Hundred Fiftieth Anniversary.",4,2025-03-19,https://legiscan.com/OH/bill/HR58/2025
OH,2011337,,Honoring The Ohio State University pistol team as the 2025 National Champion.,Honoring The Ohio State University pistol team as the 2025 National Champion.,4,2025-03-19,https://legiscan.com/OH/bill/HR59/2025
OH,2020293,,Support moving NASA headquarters to Cleveland,"To support moving NASA headquarters to Cleveland, Ohio.",4,2025-05-07,https://legiscan.com/OH/bill/HR60/2025
OH,2013369,,Honoring the Vandalia-Butler High School girls bowling team on securing the 2025 Division I State Championship.,Honoring the Vandalia-Butler High School girls bowling team on securing the 2025 Division I State Championship.,4,2025-03-24,https://legiscan.com/OH/bill/HR61/2025
OH,2013435,,Authorizing the Ohio Youth Leadership Association to use the Ohio House Chambers to conduct its 2025 model legislature.,Authorizing the Ohio Youth Leadership Association to use the Ohio House Chambers to conduct its 2025 model legislature.,4,2025-03-24,https://legiscan.com/OH/bill/HR62/2025
OH,2014553,,Honoring the Andrews Osborne Academy boys soccer team as the 2023 Division III State Champion.,Honoring the Andrews Osborne Academy boys soccer team as the 2023 Division III State Champion.,4,2025-03-25,https://legiscan.com/OH/bill/HR63/2025
OH,2015402,,Honoring Laney Oliver as a 2025 OHSAA State Wrestling Champion.,Honoring Laney Oliver as a 2025 OHSAA State Wrestling Champion.,4,2025-03-26,https://legiscan.com/OH/bill/HR64/2025
OH,2015357,,Honoring John Groce as the 2025 MAC Coach of the Year.,Honoring John Groce as the 2025 MAC Coach of the Year.,4,2025-03-26,https://legiscan.com/OH/bill/HR65/2025
OH,2015266,,Honoring Alex Taylor on winning a 2025 Division I State Wrestling Championship.,Honoring Alex Taylor on winning a 2025 Division I State Wrestling Championship.,4,2025-03-26,https://legiscan.com/OH/bill/HR66/2025
OH,2015462,,Honoring Ashlynn Brokaw on winning a 2025 State Wrestling Championship.,Honoring Ashlynn Brokaw on winning a 2025 State Wrestling Championship.,4,2025-03-26,https://legiscan.com/OH/bill/HR67/2025
OH,2015321,,Honoring Makennah Craft on securing the 2025 Girls Wrestling State Championship in the 100-pound weight class.,Honoring Makennah Craft on securing the 2025 Girls Wrestling State Championship in the 100-pound weight class.,4,2025-03-26,https://legiscan.com/OH/bill/HR68/2025
OH,2015438,,Honoring the Upper Arlington High School ice hockey team on winning the 2025 OHSAA State Championship.,Honoring the Upper Arlington High School ice hockey team on winning the 2025 OHSAA State Championship.,4,2025-03-26,https://legiscan.com/OH/bill/HR69/2025
OH,2015346,,Honoring the Bellevue High School girls basketball team as the 2025 Division IV State Champion.,Honoring the Bellevue High School girls basketball team as the 2025 Division IV State Champion.,4,2025-03-26,https://legiscan.com/OH/bill/HR70/2025
OH,2015368,,Honoring WHBC Radio on its Centennial.,Honoring WHBC Radio on its Centennial.,4,2025-03-26,https://legiscan.com/OH/bill/HR71/2025
OH,2015299,,Honoring the Seton High School varsity dance team on winning a 2025 UDA National Championship.,Honoring the Seton High School varsity dance team on winning a 2025 UDA National Championship.,4,2025-03-26,https://legiscan.com/OH/bill/HR72/2025
OH,2015473,,Honoring First Baptist Church of Ashtabula on its Bicentennial.,Honoring First Baptist Church of Ashtabula on its Bicentennial.,4,2025-03-26,https://legiscan.com/OH/bill/HR73/2025
OH,2015416,,Honoring Heritage Hill Farm on its Bicentennial.,Honoring Heritage Hill Farm on its Bicentennial.,4,2025-03-26,https://legiscan.com/OH/bill/HR74/2025
OH,2015391,,"Recognizing National Vietnam War Veterans Day, March 29, 2025.","Recognizing National Vietnam War Veterans Day, March 29, 2025.",4,2025-03-26,https://legiscan.com/OH/bill/HR75/2025
OH,2015277,,Honoring the Pickerington High School Central girls basketball team on winning the 2025 Division I State Championship.,Honoring the Pickerington High School Central girls basketball team on winning the 2025 Division I State Championship.,4,2025-03-26,https://legiscan.com/OH/bill/HR76/2025
OH,2019141,,Honoring the Purcell Marian High School girls basketball team as the 2025 Division III State Champion.,Honoring the Purcell Marian High School girls basketball team as the 2025 Division III State Champion.,4,2025-04-02,https://legiscan.com/OH/bill/HR77/2025
OH,2019161,,Honoring Arianna Kiessling on securing a 2025 Division II State Championship in girls bowling.,Honoring Arianna Kiessling on securing a 2025 Division II State Championship in girls bowling.,4,2025-04-02,https://legiscan.com/OH/bill/HR78/2025
OH,2019109,,Honoring Adam Mattin as a 2025 Division III State Wrestling Champion.,Honoring Adam Mattin as a 2025 Division III State Wrestling Champion.,4,2025-04-02,https://legiscan.com/OH/bill/HR80/2025
OH,2018976,,Honoring Marcus Johnson as Ohio's Mr. Basketball for 2025.,Honoring Marcus Johnson as Ohio's Mr. Basketball for 2025.,4,2025-04-02,https://legiscan.com/OH/bill/HR81/2025
OH,2018886,,Honoring Collin Sullivan on winning a 2025 Division III State Wrestling Championship.,Honoring Collin Sullivan on winning a 2025 Division III State Wrestling Championship.,4,2025-04-02,https://legiscan.com/OH/bill/HR82/2025
OH,2019002,,Honoring the Portsmouth High School girls basketball team on securing the 2025 Division V State Championship.,Honoring the Portsmouth High School girls basketball team on securing the 2025 Division V State Championship.,4,2025-04-02,https://legiscan.com/OH/bill/HR83/2025
OH,2019226,,Honoring Alayna Mendenhall as a 2025 OATCCC Seated Indoor State Champion.,Honoring Alayna Mendenhall as a 2025 OATCCC Seated Indoor State Champion.,4,2025-04-02,https://legiscan.com/OH/bill/HR84/2025
OH,2018907,,Honoring Jesse Mendez as the 2025 NCAA Division I Wrestling Champion in the 141-pound weight class.,Honoring Jesse Mendez as the 2025 NCAA Division I Wrestling Champion in the 141-pound weight class.,4,2025-04-02,https://legiscan.com/OH/bill/HR85/2025
OH,2018917,,Honoring Brice Fuller as a 2025 OATCCC Division III State Indoor Track and Field Champion.,Honoring Brice Fuller as a 2025 OATCCC Division III State Indoor Track and Field Champion.,4,2025-04-02,https://legiscan.com/OH/bill/HR86/2025
OH,2029400,,Designate and commemorate Nurses and Health Professionals Week,"To designate and commemorate May 6 - 12, 2025, as Nurses and Health Professionals Week in the State of Ohio.",4,2025-05-07,https://legiscan.com/OH/bill/HR87/2025
OH,2022294,,Honoring Brogan Tucker on winning a 2025 Division III State Wrestling Championship.,Honoring Brogan Tucker on winning a 2025 Division III State Wrestling Championship.,4,2025-04-09,https://legiscan.com/OH/bill/HR88/2025
OH,2022337,,Honoring Ronnie Thomas as the 2025 Division III State Wrestling Champion in the 190-pound weight class.,Honoring Ronnie Thomas as the 2025 Division III State Wrestling Champion in the 190-pound weight class.,4,2025-04-09,https://legiscan.com/OH/bill/HR89/2025
OH,2022344,,Honoring the Graham High School boys wrestling team as the 2025 Division III State Champion.,Honoring the Graham High School boys wrestling team as the 2025 Division III State Champion.,4,2025-04-09,https://legiscan.com/OH/bill/HR90/2025
OH,2022290,,Honoring the Olentangy Orange High School boys basketball team as the 2025 Division I State Champion.,Honoring the Olentangy Orange High School boys basketball team as the 2025 Division I State Champion.,4,2025-04-09,https://legiscan.com/OH/bill/HR91/2025
OH,2021818,,Honoring the Westerville North High School boys basketball team on winning the 2025 Division II State Championship.,Honoring the Westerville North High School boys basketball team on winning the 2025 Division II State Championship.,4,2025-04-08,https://legiscan.com/OH/bill/HR92/2025
OH,2022383,,Honoring the Centerville High School coeds varsity dance team as the 2025 OASSA Jazz State Champion.,Honoring the Centerville High School coeds varsity dance team as the 2025 OASSA Jazz State Champion.,4,2025-04-09,https://legiscan.com/OH/bill/HR93/2025
OH,2022306,,Honoring the Centerville High School junior varsity dance team on winning the 2025 OASSA Jazz State Championship.,Honoring the Centerville High School junior varsity dance team on winning the 2025 OASSA Jazz State Championship.,4,2025-04-09,https://legiscan.com/OH/bill/HR94/2025
OH,2022375,,Honoring Evan Wierwille on securing a 2025 Division II State Swimming Championship.,Honoring Evan Wierwille on securing a 2025 Division II State Swimming Championship.,4,2025-04-09,https://legiscan.com/OH/bill/HR95/2025
OH,2022360,,Honoring Gianna Ritchie as a 2025 OATCCC Division IV State Indoor Track and Field Champion.,Honoring Gianna Ritchie as a 2025 OATCCC Division IV State Indoor Track and Field Champion.,4,2025-04-09,https://legiscan.com/OH/bill/HR96/2025
OH,2022636,,Honoring Abigail Mozden on securing the 2025 Girls Wrestling State Championship in the 135-pound weight class.,Honoring Abigail Mozden on securing the 2025 Girls Wrestling State Championship in the 135-pound weight class.,4,2025-04-09,https://legiscan.com/OH/bill/HR97/2025
OH,2022300,,Honoring the Louisville High School boys basketball team on winning the 2025 Division III State Championship.,Honoring the Louisville High School boys basketball team on winning the 2025 Division III State Championship.,4,2025-04-09,https://legiscan.com/OH/bill/HR98/2025
OH,2022320,,Honoring the Waterford High School girls basketball team as the 2025 Division VII State Champion.,Honoring the Waterford High School girls basketball team as the 2025 Division VII State Champion.,4,2025-04-09,https://legiscan.com/OH/bill/HR99/2025
OH,2021820,,Honoring the Winton Woods High School girls basketball team as the 2025 Division II State Champion.,Honoring the Winton Woods High School girls basketball team as the 2025 Division II State Champion.,4,2025-04-08,https://legiscan.com/OH/bill/HR100/2025
OH,2031762,,Support Cleveland's offer to host the 2030 Special Olympics,"To support the City of Cleveland, Ohio, in its offer to host the 2030 Special Olympics U.S.A. Games.",4,2025-05-28,https://legiscan.com/OH/bill/HR101/2025
OH,2022390,,Honoring The University of Akron men's basketball team as the 2025 MAC Tournament Champion.,Honoring The University of Akron men's basketball team as the 2025 MAC Tournament Champion.,4,2025-04-09,https://legiscan.com/OH/bill/HR102/2025
OH,2022352,,Honoring the Village of Millersport on its Two Hundredth Anniversary.,Honoring the Village of Millersport on its Two Hundredth Anniversary.,4,2025-04-09,https://legiscan.com/OH/bill/HR103/2025
OH,2026057,,In memory of John Saunders.,In memory of John Saunders.,4,2025-04-23,https://legiscan.com/OH/bill/HR104/2025
OH,2027074,,Honoring the Olentangy Orange High School girls wrestling team as the 2025 Division I State Champion.,Honoring the Olentangy Orange High School girls wrestling team as the 2025 Division I State Champion.,4,2025-04-29,https://legiscan.com/OH/bill/HR105/2025
OH,2027080,,Honoring the Russia High School boys basketball team as the 2025 Division VII State Champion.,Honoring the Russia High School boys basketball team as the 2025 Division VII State Champion.,4,2025-04-29,https://legiscan.com/OH/bill/HR106/2025
OH,2027612,,Honoring the Oakwood High School speech and debate team as a 2025 Ohio Speech and Debate Association State Champion.,Honoring the Oakwood High School speech and debate team as a 2025 Ohio Speech and Debate Association State Champion.,4,2025-04-30,https://legiscan.com/OH/bill/HR107/2025
OH,2027631,,Honoring the Oakwood High School Academic Decathlon team as the 2025 Academic Decathlon State Champion.,Honoring the Oakwood High School Academic Decathlon team as the 2025 Academic Decathlon State Champion.,4,2025-04-30,https://legiscan.com/OH/bill/HR108/2025
OH,2027650,,Honoring Stewart's Root Beer Drive-in on its Centennial.,Honoring Stewart's Root Beer Drive-in on its Centennial.,4,2025-04-30,https://legiscan.com/OH/bill/HR109/2025
OH,2027610,,Honoring Eddie Kessen as a 2025 Division III State Wrestling Champion.,Honoring Eddie Kessen as a 2025 Division III State Wrestling Champion.,4,2025-04-30,https://legiscan.com/OH/bill/HR110/2025
OH,2027599,,Honoring the Columbus Grove High School girls basketball team as the 2025 Division VI State Champion.,Honoring the Columbus Grove High School girls basketball team as the 2025 Division VI State Champion.,4,2025-04-30,https://legiscan.com/OH/bill/HR111/2025
OH,2027587,,Honoring the Lawrence County Museum on its Centennial.,Honoring the Lawrence County Museum on its Centennial.,4,2025-04-30,https://legiscan.com/OH/bill/HR112/2025
OH,2027640,,Honoring the Monroe Central High School boys basketball team on winning the 2025 Division VI State Championship.,Honoring the Monroe Central High School boys basketball team on winning the 2025 Division VI State Championship.,4,2025-04-30,https://legiscan.com/OH/bill/HR113/2025
OH,2027636,,"Honoring the Greater Cleveland Alumnae Chapter of Delta Sigma Theta Sorority, Inc., on its Centennial.","Honoring the Greater Cleveland Alumnae Chapter of Delta Sigma Theta Sorority, Inc., on its Centennial.",4,2025-04-30,https://legiscan.com/OH/bill/HR114/2025
OH,2027654,,Honoring the Maysville High School boys basketball team as the 2025 Division IV State Champion.,Honoring the Maysville High School boys basketball team as the 2025 Division IV State Champion.,4,2025-04-30,https://legiscan.com/OH/bill/HR115/2025
OH,2027602,,Honoring Sidney First Methodist Church on its Bicentennial.,Honoring Sidney First Methodist Church on its Bicentennial.,4,2025-04-30,https://legiscan.com/OH/bill/HR116/2025
OH,2027592,,Honoring Harbor Hills Country Club on its One Hundredth Anniversary.,Honoring Harbor Hills Country Club on its One Hundredth Anniversary.,4,2025-04-30,https://legiscan.com/OH/bill/HR117/2025
OH,2027589,,In memory of Ronald Edward Hood.,In memory of Ronald Edward Hood.,4,2025-04-30,https://legiscan.com/OH/bill/HR118/2025
OH,2029465,,Honoring the Norwalk High School cheer team as a 2025 OASSA State Champion.,Honoring the Norwalk High School cheer team as a 2025 OASSA State Champion.,4,2025-05-07,https://legiscan.com/OH/bill/HR119/2025
OH,2029456,,Honoring the St. Paul High School cheer team as a 2025 OASSA State Champion.,Honoring the St. Paul High School cheer team as a 2025 OASSA State Champion.,4,2025-05-07,https://legiscan.com/OH/bill/HR120/2025
OH,2029448,,In memory of Lieutenant Paul Charles Mickolick.,In memory of Lieutenant Paul Charles Mickolick.,4,2025-05-07,https://legiscan.com/OH/bill/HR121/2025
OH,2029457,,Honoring Mount Carmel Community Baptist Church on its Centennial.,Honoring Mount Carmel Community Baptist Church on its Centennial.,4,2025-05-07,https://legiscan.com/OH/bill/HR122/2025
OH,2029436,,Honoring Unity Spiritual Center on its Centennial.,Honoring Unity Spiritual Center on its Centennial.,4,2025-05-07,https://legiscan.com/OH/bill/HR123/2025
OH,2029466,,Honoring KyLee Tibbs as a 2025 State Wrestling Champion.,Honoring KyLee Tibbs as a 2025 State Wrestling Champion.,4,2025-05-07,https://legiscan.com/OH/bill/HR124/2025
OH,2029447,,Honoring the Horizon Science Academy elementary basketball team as the 2025 Ohio Charter School Athletic Association State Champion.,Honoring the Horizon Science Academy elementary basketball team as the 2025 Ohio Charter School Athletic Association State Champion.,4,2025-05-07,https://legiscan.com/OH/bill/HR125/2025
OH,2029442,,Honoring Deionna Borders as a 2025 State Wrestling Champion.,Honoring Deionna Borders as a 2025 State Wrestling Champion.,4,2025-05-07,https://legiscan.com/OH/bill/HR126/2025
OH,2030587,,Honoring the Great Lakes Science Center on the Centennial of the SS William G. Mather.,Honoring the Great Lakes Science Center on the Centennial of the SS William G. Mather.,4,2025-05-13,https://legiscan.com/OH/bill/HR127/2025
OH,2031405,,Honoring Sydney Stevenson as a 2025 Division II OATCC State Champion.,Honoring Sydney Stevenson as a 2025 Division II OATCC State Champion.,4,2025-05-14,https://legiscan.com/OH/bill/HR128/2025
OH,2031379,,Honoring the Elyria Middle School seventh-grade robotics team on winning the 2025 VEX IQ Middle School Grade 7 State Championship.,Honoring the Elyria Middle School seventh-grade robotics team on winning the 2025 VEX IQ Middle School Grade 7 State Championship.,4,2025-05-14,https://legiscan.com/OH/bill/HR129/2025
OH,2031414,,Recognizing May 2025 as ALS Awareness Month.,Recognizing May 2025 as ALS Awareness Month.,4,2025-05-14,https://legiscan.com/OH/bill/HR130/2025
OH,2031402,,Honoring the Dover High School cheerleading team on winning a 2025 OASSA State Cheer Championship.,Honoring the Dover High School cheerleading team on winning a 2025 OASSA State Cheer Championship.,4,2025-05-14,https://legiscan.com/OH/bill/HR131/2025
OH,2031408,,Honoring Kameron Nelson on winning the 2025 NCAA Men's Gymnastics Vault Championship.,Honoring Kameron Nelson on winning the 2025 NCAA Men's Gymnastics Vault Championship.,4,2025-05-14,https://legiscan.com/OH/bill/HR132/2025
OH,2032964,,"Honoring Battery B, 1st Battalion, 134th Field Artillery Regiment on its One Hundred Fiftieth Anniversary.","Honoring Battery B, 1st Battalion, 134th Field Artillery Regiment on its One Hundred Fiftieth Anniversary.",4,2025-05-21,https://legiscan.com/OH/bill/HR133/2025
OH,2033023,,Honoring LaGrange Township on its Two Hundredth Anniversary.,Honoring LaGrange Township on its Two Hundredth Anniversary.,4,2025-05-21,https://legiscan.com/OH/bill/HR134/2025
OH,2032995,,Honoring the Village of LaGrange on its One Hundred Fiftieth Anniversary.,Honoring the Village of LaGrange on its One Hundred Fiftieth Anniversary.,4,2025-05-21,https://legiscan.com/OH/bill/HR135/2025
OH,2034274,,Honoring Peyton Contini as a 2025 USA Gymnastics Men's Development Program National Champion.,Honoring Peyton Contini as a 2025 USA Gymnastics Men's Development Program National Champion.,4,2025-05-28,https://legiscan.com/OH/bill/HR136/2025
OH,2034309,,Honoring the Whitmer High School media arts program as a 2025 Business Professionals of America National Champion.,Honoring the Whitmer High School media arts program as a 2025 Business Professionals of America National Champion.,4,2025-05-28,https://legiscan.com/OH/bill/HR137/2025
OH,2034294,,Honoring Don Jones for his exemplary service to the Ohio House of Representatives.,Honoring Don Jones for his exemplary service to the Ohio House of Representatives.,4,2025-05-28,https://legiscan.com/OH/bill/HR138/2025
OH,2045364,,"Honor Pope Leo XIV, to highlight his life and accomplishments","To honor Pope Leo XIV, the first pope from the United States of America, and to highlight his life and accomplishments.",4,2025-10-01,https://legiscan.com/OH/bill/HR139/2025
OH,2035326,,Honoring SiniÅ¡a JoviÄ‡ as the 2025 U.S. National Kickboxing Champion.,Honoring SiniÅ¡a JoviÄ‡ as the 2025 U.S. National Kickboxing Champion.,4,2025-06-03,https://legiscan.com/OH/bill/HR140/2025
OH,2035298,,Honoring Caleb Greenwood on winning a 2025 Division III State Wrestling Championship.,Honoring Caleb Greenwood on winning a 2025 Division III State Wrestling Championship.,4,2025-06-03,https://legiscan.com/OH/bill/HR141/2025
OH,2035471,,Honoring the Village of Hamler on its One Hundred Fiftieth Anniversary.,Honoring the Village of Hamler on its One Hundred Fiftieth Anniversary.,4,2025-06-04,https://legiscan.com/OH/bill/HR142/2025
OH,2035464,,Honoring the Village of Hicksville on the One Hundred Fiftieth Anniversary of its incorporation.,Honoring the Village of Hicksville on the One Hundred Fiftieth Anniversary of its incorporation.,4,2025-06-04,https://legiscan.com/OH/bill/HR143/2025
OH,2035443,,Honoring the Wagnalls Memorial Library on its One Hundredth Anniversary.,Honoring the Wagnalls Memorial Library on its One Hundredth Anniversary.,4,2025-06-04,https://legiscan.com/OH/bill/HR144/2025
OH,2035438,,Honoring the Sandusky Lions Club on its One Hundredth Anniversary.,Honoring the Sandusky Lions Club on its One Hundredth Anniversary.,4,2025-06-04,https://legiscan.com/OH/bill/HR145/2025
OH,2035501,,"In memory of Deputy Larry Ray Henderson, Jr.","In memory of Deputy Larry Ray Henderson, Jr.",4,2025-06-04,https://legiscan.com/OH/bill/HR146/2025
OH,2036845,,Investigate East Palestine train derailment and EPA response,"To urge Congress to establish a special committee to investigate the East Palestine, Ohio train derailment and the federal Environmental Protection Agency's response to it.",4,2025-06-18,https://legiscan.com/OH/bill/HR147/2025
OH,2037600,,Honoring Owen Scott on winning a 2025 Division II State Track and Field Championship.,Honoring Owen Scott on winning a 2025 Division II State Track and Field Championship.,4,2025-06-18,https://legiscan.com/OH/bill/HR149/2025
OH,2037593,,Honoring Camp Conger on its One Hundredth Anniversary.,Honoring Camp Conger on its One Hundredth Anniversary.,4,2025-06-18,https://legiscan.com/OH/bill/HR150/2025
OH,2037591,,Honoring the Olentangy Liberty High School girls lacrosse team as the 2025 Division I State Champion.,Honoring the Olentangy Liberty High School girls lacrosse team as the 2025 Division I State Champion.,4,2025-06-18,https://legiscan.com/OH/bill/HR151/2025
OH,2037602,,Honoring Grant Harrison as a 2025 Division II State Track and Field Champion.,Honoring Grant Harrison as a 2025 Division II State Track and Field Champion.,4,2025-06-18,https://legiscan.com/OH/bill/HR152/2025
OH,2037572,,Relative to the election of Ty Moore to fill the vacancy in the membership of the House of Representatives created by the resignation of Don Jones of the 95th House District.,Relative to the election of Ty Moore to fill the vacancy in the membership of the House of Representatives created by the resignation of Don Jones of the 95th House District.,4,2025-06-18,https://legiscan.com/OH/bill/HR153/2025
OH,2037597,,Honoring the Ashland High School boys bowling team on winning the 2025 United States High School Bowling National Championship.,Honoring the Ashland High School boys bowling team on winning the 2025 United States High School Bowling National Championship.,4,2025-06-18,https://legiscan.com/OH/bill/HR154/2025
OH,2037606,,Honoring Fayette Church of the Nazarene on its Centennial.,Honoring Fayette Church of the Nazarene on its Centennial.,4,2025-06-18,https://legiscan.com/OH/bill/HR155/2025
OH,2037607,,Honoring Isabel Evans as a 2025 Division III State Track and Field Champion.,Honoring Isabel Evans as a 2025 Division III State Track and Field Champion.,4,2025-06-18,https://legiscan.com/OH/bill/HR156/2025
OH,2037604,,Honoring Rania Brown as the 2025 Division I State Discus Champion.,Honoring Rania Brown as the 2025 Division I State Discus Champion.,4,2025-06-18,https://legiscan.com/OH/bill/HR157/2025
OH,2037601,,Honoring Hunter Spangler as a 2025 Division III State Track and Field Champion.,Honoring Hunter Spangler as a 2025 Division III State Track and Field Champion.,4,2025-06-18,https://legiscan.com/OH/bill/HR158/2025
OH,2037573,,Relative to travel allowance.,Relative to travel allowance.,4,2025-06-18,https://legiscan.com/OH/bill/HR159/2025
OH,2037590,,Honoring Holmes County on its Two Hundredth Anniversary.,Honoring Holmes County on its Two Hundredth Anniversary.,4,2025-06-18,https://legiscan.com/OH/bill/HR160/2025
OH,2037595,,Honoring the Village of Millersburg on its Bicentennial.,Honoring the Village of Millersburg on its Bicentennial.,4,2025-06-18,https://legiscan.com/OH/bill/HR161/2025
OH,2037608,,Honoring Nathan Bright as a 2025 Division I State track and field champion.,Honoring Nathan Bright as a 2025 Division I State track and field champion.,4,2025-06-18,https://legiscan.com/OH/bill/HR162/2025
OH,2037863,,Honoring the Tri-Village High School softball team on winning the 2025 Division VI State Championship.,Honoring the Tri-Village High School softball team on winning the 2025 Division VI State Championship.,4,2025-06-23,https://legiscan.com/OH/bill/HR163/2025
OH,2037855,,Honoring the Delaware Area Career Center video production team as a 2025 Business Professionals of America National Leadership Conference Champion.,Honoring the Delaware Area Career Center video production team as a 2025 Business Professionals of America National Leadership Conference Champion.,4,2025-06-23,https://legiscan.com/OH/bill/HR164/2025
OH,2037874,,Honoring the Delaware Area Career Center computer animation team on placing first at the 2025 Business Professionals of America National Leadership Conference.,Honoring the Delaware Area Career Center computer animation team on placing first at the 2025 Business Professionals of America National Leadership Conference.,4,2025-06-23,https://legiscan.com/OH/bill/HR165/2025
OH,2037876,,Honoring Brooke Chapman on winning a 2025 Division I State Track and Field Championship.,Honoring Brooke Chapman on winning a 2025 Division I State Track and Field Championship.,4,2025-06-23,https://legiscan.com/OH/bill/HR166/2025
OH,2037865,,Honoring C.J. Sanna on winning a 2025 Division I State Track and Field Championship.,Honoring C.J. Sanna on winning a 2025 Division I State Track and Field Championship.,4,2025-06-23,https://legiscan.com/OH/bill/HR167/2025
OH,2037872,,Honoring the St. Xavier High School boys lacrosse team as the 2025 Division I State Champion.,Honoring the St. Xavier High School boys lacrosse team as the 2025 Division I State Champion.,4,2025-06-23,https://legiscan.com/OH/bill/HR168/2025
OH,2037866,,Honoring Matthew Schroff as a 2025 Division I State Track and Field Champion.,Honoring Matthew Schroff as a 2025 Division I State Track and Field Champion.,4,2025-06-23,https://legiscan.com/OH/bill/HR169/2025
OH,2037871,,Honoring Lila Bendick as a 2025 Division I State Track and Field Champion.,Honoring Lila Bendick as a 2025 Division I State Track and Field Champion.,4,2025-06-23,https://legiscan.com/OH/bill/HR170/2025
OH,2037858,,Honoring the Licking Valley High School baseball team on securing the 2025 Division III State Championship.,Honoring the Licking Valley High School baseball team on securing the 2025 Division III State Championship.,4,2025-06-23,https://legiscan.com/OH/bill/HR171/2025
OH,2038069,,"Relative to the election of the minority leader, the assistant minority leader, and the minority whip for the 136th General Assembly of Ohio.","Relative to the election of the minority leader, the assistant minority leader, and the minority whip for the 136th General Assembly of Ohio.",4,2025-06-24,https://legiscan.com/OH/bill/HR172/2025
OH,2037999,,Honoring Aidan Mahon as a 2025 Division II State Track and Field Champion.,Honoring Aidan Mahon as a 2025 Division II State Track and Field Champion.,4,2025-06-24,https://legiscan.com/OH/bill/HR173/2025
OH,2038798,,Honoring Josiah Montgomery as a 2025 Division I State Track and Field Champion.,Honoring Josiah Montgomery as a 2025 Division I State Track and Field Champion.,4,2025-07-01,https://legiscan.com/OH/bill/HR174/2025
OH,2038784,,Honoring Ariannah Floyd as a 2025 Division II State Track and Field Champion.,Honoring Ariannah Floyd as a 2025 Division II State Track and Field Champion.,4,2025-07-01,https://legiscan.com/OH/bill/HR175/2025
OH,2038815,,"Honoring Jenn Crank on her dog, Bee, being named a 2025 American Kennel Club National Agility Champion.","Honoring Jenn Crank on her dog, Bee, being named a 2025 American Kennel Club National Agility Champion.",4,2025-07-01,https://legiscan.com/OH/bill/HR176/2025
OH,2038792,,Honoring Dostal and Kirk Insurance and Financial Services on its One Hundred Fiftieth Anniversary.,Honoring Dostal and Kirk Insurance and Financial Services on its One Hundred Fiftieth Anniversary.,4,2025-07-01,https://legiscan.com/OH/bill/HR177/2025
OH,2038790,,Honoring Kaitlyn Carr as a 2025 Division III State Champion in track and field.,Honoring Kaitlyn Carr as a 2025 Division III State Champion in track and field.,4,2025-07-01,https://legiscan.com/OH/bill/HR178/2025
OH,2038827,,Honoring the Waynedale High School baseball team as the 2025 Division V State Champion.,Honoring the Waynedale High School baseball team as the 2025 Division V State Champion.,4,2025-07-01,https://legiscan.com/OH/bill/HR179/2025
OH,2038796,,Honoring Cade Shellhaas as a 2025 Division III State Track and Field Champion.,Honoring Cade Shellhaas as a 2025 Division III State Track and Field Champion.,4,2025-07-01,https://legiscan.com/OH/bill/HR180/2025
OH,2038794,,Honoring the Hocking County Courthouse on its Centennial.,Honoring the Hocking County Courthouse on its Centennial.,4,2025-07-01,https://legiscan.com/OH/bill/HR181/2025
OH,2038802,,Honoring Blake Eichhorn on placing first in his competition at the 2025 SCTP Ohio Championships.,Honoring Blake Eichhorn on placing first in his competition at the 2025 SCTP Ohio Championships.,4,2025-07-01,https://legiscan.com/OH/bill/HR182/2025
OH,2038823,,Honoring the Ontario High School girls 4x400-meter relay team as the 2025 Division II State Champion.,Honoring the Ontario High School girls 4x400-meter relay team as the 2025 Division II State Champion.,4,2025-07-01,https://legiscan.com/OH/bill/HR183/2025
OH,2038821,,Honoring the Lexington High School boys 4x800-meter relay team as the 2025 Division I State Champion.,Honoring the Lexington High School boys 4x800-meter relay team as the 2025 Division I State Champion.,4,2025-07-01,https://legiscan.com/OH/bill/HR184/2025
OH,2038813,,Honoring the Mansfield Playhouse on its One Hundredth Anniversary.,Honoring the Mansfield Playhouse on its One Hundredth Anniversary.,4,2025-07-01,https://legiscan.com/OH/bill/HR185/2025
OH,2038809,,Honoring Madison Henkel on winning a 2025 Division II State Track and Field championship.,Honoring Madison Henkel on winning a 2025 Division II State Track and Field championship.,4,2025-07-01,https://legiscan.com/OH/bill/HR186/2025
OH,2038833,,Honoring the Village of Tontogany on its Sesquicentennial.,Honoring the Village of Tontogany on its Sesquicentennial.,4,2025-07-01,https://legiscan.com/OH/bill/HR187/2025
OH,2038932,,Honoring the Minster High School baseball team as the 2025 Division VII State Champion.,Honoring the Minster High School baseball team as the 2025 Division VII State Champion.,4,2025-07-07,https://legiscan.com/OH/bill/HR188/2025
OH,2038944,,Honoring Isabella Zahn as a 2025 Division III State Champion in track and field.,Honoring Isabella Zahn as a 2025 Division III State Champion in track and field.,4,2025-07-07,https://legiscan.com/OH/bill/HR189/2025
OH,2038939,,Honoring the Coldwater High School girls 4x400-meter relay team as the 2025 Division III State Champion.,Honoring the Coldwater High School girls 4x400-meter relay team as the 2025 Division III State Champion.,4,2025-07-07,https://legiscan.com/OH/bill/HR190/2025
OH,2038948,,Honoring the Coldwater High School girls track and field team on winning the 2025 Division III State Championship.,Honoring the Coldwater High School girls track and field team on winning the 2025 Division III State Championship.,4,2025-07-07,https://legiscan.com/OH/bill/HR191/2025
OH,2038929,,Honoring Millersburg First Presbyterian Church on its Bicentennial.,Honoring Millersburg First Presbyterian Church on its Bicentennial.,4,2025-07-07,https://legiscan.com/OH/bill/HR192/2025
OH,2038930,,Honoring the Olentangy High School baseball team as the 2025 Division I State Champion.,Honoring the Olentangy High School baseball team as the 2025 Division I State Champion.,4,2025-07-07,https://legiscan.com/OH/bill/HR193/2025
OH,2038936,,Honoring Claire Iaciofano on winning the 2025 OHSAA Division I State Championship in the pole vault.,Honoring Claire Iaciofano on winning the 2025 OHSAA Division I State Championship in the pole vault.,4,2025-07-07,https://legiscan.com/OH/bill/HR194/2025
OH,2038938,,Honoring the Lake Catholic High School baseball team as the 2025 Division IV State Champion.,Honoring the Lake Catholic High School baseball team as the 2025 Division IV State Champion.,4,2025-07-07,https://legiscan.com/OH/bill/HR195/2025
OH,2039069,,Honoring Garrett Guinther as a 2025 Division I State Track and Field Champion.,Honoring Garrett Guinther as a 2025 Division I State Track and Field Champion.,4,2025-07-09,https://legiscan.com/OH/bill/HR196/2025
OH,2039067,,Honoring St. Mary's Byzantine Catholic Church on its One Hundred Twenty-fifth Anniversary.,Honoring St. Mary's Byzantine Catholic Church on its One Hundred Twenty-fifth Anniversary.,4,2025-07-09,https://legiscan.com/OH/bill/HR197/2025
OH,2039079,,Honoring Kamille Smith as a 2025 Division I State Track and Field Champion.,Honoring Kamille Smith as a 2025 Division I State Track and Field Champion.,4,2025-07-09,https://legiscan.com/OH/bill/HR198/2025
OH,2039083,,Honoring Grace Alls as the 2025 Division I State Track and Field Champion in the 400-meter dash.,Honoring Grace Alls as the 2025 Division I State Track and Field Champion in the 400-meter dash.,4,2025-07-09,https://legiscan.com/OH/bill/HR199/2025
OH,2039073,,Honoring the Pickerington High School Central girls 4x100-meter relay team as the 2025 Division I State Champion.,Honoring the Pickerington High School Central girls 4x100-meter relay team as the 2025 Division I State Champion.,4,2025-07-09,https://legiscan.com/OH/bill/HR200/2025
OH,2039081,,Honoring the Pickerington High School Central girls 4x200-meter relay team on placing first at the 2025 Division I State Meet.,Honoring the Pickerington High School Central girls 4x200-meter relay team on placing first at the 2025 Division I State Meet.,4,2025-07-09,https://legiscan.com/OH/bill/HR201/2025
OH,2039390,,Honoring the McDonald High School boys track and field team as a 2025 Division III State Co-Champion.,Honoring the McDonald High School boys track and field team as a 2025 Division III State Co-Champion.,4,2025-07-15,https://legiscan.com/OH/bill/HR202/2025
OH,2040489,,Honoring Saints Peter and Paul Byzantine Catholic Church on its One Hundredth Anniversary.,Honoring Saints Peter and Paul Byzantine Catholic Church on its One Hundredth Anniversary.,4,2025-07-24,https://legiscan.com/OH/bill/HR203/2025
OH,2040500,,Honoring Logan Wilkins on winning a 2025 Division I State Track and Field Championship.,Honoring Logan Wilkins on winning a 2025 Division I State Track and Field Championship.,4,2025-07-24,https://legiscan.com/OH/bill/HR204/2025
OH,2040496,,Honoring the Archbishop Carroll High School prepared presentation team as a Technology Student Association TEAMS National Champion.,Honoring the Archbishop Carroll High School prepared presentation team as a Technology Student Association TEAMS National Champion.,4,2025-07-24,https://legiscan.com/OH/bill/HR205/2025
OH,2040531,,Honoring Ethan Thompson as a 2025 SkillsUSA National Champion.,Honoring Ethan Thompson as a 2025 SkillsUSA National Champion.,4,2025-07-24,https://legiscan.com/OH/bill/HR206/2025
OH,2040844,,Honoring Crane Township on its Bicentennial.,Honoring Crane Township on its Bicentennial.,4,2025-07-30,https://legiscan.com/OH/bill/HR207/2025
OH,2040825,,Honoring Connor Seals as a 2025 National Yo-Yo Champion.,Honoring Connor Seals as a 2025 National Yo-Yo Champion.,4,2025-07-30,https://legiscan.com/OH/bill/HR208/2025
OH,2040816,,Honoring Derrick Taylor as a 2025 Division II State Track and Field Champion.,Honoring Derrick Taylor as a 2025 Division II State Track and Field Champion.,4,2025-07-30,https://legiscan.com/OH/bill/HR209/2025
OH,2040830,,Honoring Hotel Lakeside on the occasion of its Sesquicentennial.,Honoring Hotel Lakeside on the occasion of its Sesquicentennial.,4,2025-07-30,https://legiscan.com/OH/bill/HR210/2025
OH,2044471,,"Support CA to abolish corporate personhood, money as speech",To call on legislators at the state and federal level and other communities and jurisdictions to support an amendment to the United States Constitution that would abolish corporate personhood and the doctrine of money as speech.,1,2025-09-15,https://legiscan.com/OH/bill/HR211/2025
OH,2041404,,Honoring the Meigs County Historical Society and Museum on its Sesquicentennial.,Honoring the Meigs County Historical Society and Museum on its Sesquicentennial.,4,2025-08-05,https://legiscan.com/OH/bill/HR212/2025
OH,2041398,,Honoring Cole Evans on securing the 2025 Division I State Wrestling Championship at 157 pounds.,Honoring Cole Evans on securing the 2025 Division I State Wrestling Championship at 157 pounds.,4,2025-08-05,https://legiscan.com/OH/bill/HR213/2025
OH,2041400,,Honoring Grey Burnett as a 2025 Division I State Wrestling Champion.,Honoring Grey Burnett as a 2025 Division I State Wrestling Champion.,4,2025-08-05,https://legiscan.com/OH/bill/HR214/2025
OH,2041403,,Honoring Marcus Blaze on winning a 2025 Division I State Wrestling Championship.,Honoring Marcus Blaze on winning a 2025 Division I State Wrestling Championship.,4,2025-08-05,https://legiscan.com/OH/bill/HR215/2025
OH,2041406,,Honoring the New Albany High School boys doubles tennis team on winning the 2025 Division I State Championship.,Honoring the New Albany High School boys doubles tennis team on winning the 2025 Division I State Championship.,4,2025-08-05,https://legiscan.com/OH/bill/HR216/2025
OH,2041790,,Honoring Gianna Ritchie on winning a 2025 Division III OHSAA State Track and Field Championship.,Honoring Gianna Ritchie on winning a 2025 Division III OHSAA State Track and Field Championship.,4,2025-08-13,https://legiscan.com/OH/bill/HR217/2025
OH,2041776,,Honoring Daniela Scheffler on securing first place at the 2025 Division I State Track and Field Championship.,Honoring Daniela Scheffler on securing first place at the 2025 Division I State Track and Field Championship.,4,2025-08-13,https://legiscan.com/OH/bill/HR218/2025
OH,2041787,,Honoring the Fiftieth Anniversary of the S.S. Edmund Fitzgerald tragedy and the lives lost.,Honoring the Fiftieth Anniversary of the S.S. Edmund Fitzgerald tragedy and the lives lost.,4,2025-08-13,https://legiscan.com/OH/bill/HR219/2025
OH,2041799,,Honoring the Cincinnati Zoo and Botanical Garden on its Sesquicentennial.,Honoring the Cincinnati Zoo and Botanical Garden on its Sesquicentennial.,4,2025-08-13,https://legiscan.com/OH/bill/HR220/2025
OH,2041798,,Honoring St. Paul Lutheran Church on its Sesquicentennial.,Honoring St. Paul Lutheran Church on its Sesquicentennial.,4,2025-08-13,https://legiscan.com/OH/bill/HR221/2025
OH,2041783,,Honoring the Barnesville State Theater on its One Hundredth Anniversary.,Honoring the Barnesville State Theater on its One Hundredth Anniversary.,4,2025-08-13,https://legiscan.com/OH/bill/HR222/2025
OH,2042315,,Honoring the Rotary Club of Newcomerstown on its One Hundredth Anniversary.,Honoring the Rotary Club of Newcomerstown on its One Hundredth Anniversary.,4,2025-08-19,https://legiscan.com/OH/bill/HR223/2025
OH,2042297,,Honoring Jim Charters as the recipient of the 2025 Ivonette Wright Miller Award.,Honoring Jim Charters as the recipient of the 2025 Ivonette Wright Miller Award.,4,2025-08-19,https://legiscan.com/OH/bill/HR224/2025
OH,2042325,,Honoring the Henn Mansion on its Centennial.,Honoring the Henn Mansion on its Centennial.,4,2025-08-19,https://legiscan.com/OH/bill/HR225/2025
OH,2042631,,Honoring Urban Meyer on his induction into the 2025 College Football Hall of Fame.,Honoring Urban Meyer on his induction into the 2025 College Football Hall of Fame.,4,2025-08-25,https://legiscan.com/OH/bill/HR226/2025
OH,2044456,,Urge US DOJ to expedite connection of NCIC and NamUs,To urge the United States Department of Justice to expedite work to connect the national crime information center (NCIC) and NamUs databases.,4,2025-11-05,https://legiscan.com/OH/bill/HR227/2025
OH,2043086,,Honoring German Central on its One Hundredth Anniversary.,Honoring German Central on its One Hundredth Anniversary.,4,2025-09-03,https://legiscan.com/OH/bill/HR228/2025
OH,2043055,,Honoring the Van Wert County Foundation on its One Hundredth Anniversary.,Honoring the Van Wert County Foundation on its One Hundredth Anniversary.,4,2025-09-03,https://legiscan.com/OH/bill/HR229/2025
OH,2043090,,Honoring Westlake United Methodist Church on its Bicentennial.,Honoring Westlake United Methodist Church on its Bicentennial.,4,2025-09-03,https://legiscan.com/OH/bill/HR230/2025
OH,2043045,,Honoring the Wheelersburg High School softball team as the 2025 Division V State Champion.,Honoring the Wheelersburg High School softball team as the 2025 Division V State Champion.,4,2025-09-03,https://legiscan.com/OH/bill/HR231/2025
OH,2043061,,Honoring the Notre Dame High School softball team on securing the 2025 Division VII State Championship.,Honoring the Notre Dame High School softball team on securing the 2025 Division VII State Championship.,4,2025-09-03,https://legiscan.com/OH/bill/HR232/2025
OH,2043096,,Honoring Christopher Monsour as the 2026 Ohio Teacher of the Year.,Honoring Christopher Monsour as the 2026 Ohio Teacher of the Year.,4,2025-09-03,https://legiscan.com/OH/bill/HR233/2025
OH,2045963,,In memory of Jack Cera.,In memory of Jack Cera.,4,2025-10-08,https://legiscan.com/OH/bill/HR234/2025
OH,2044109,,Honoring Sidney First Presbyterian Church on its Two Hundredth Anniversary.,Honoring Sidney First Presbyterian Church on its Two Hundredth Anniversary.,4,2025-09-15,https://legiscan.com/OH/bill/HR235/2025
OH,2044103,,Honoring Bronson Begley as a 2025 Division II State Wrestling Champion.,Honoring Bronson Begley as a 2025 Division II State Wrestling Champion.,4,2025-09-15,https://legiscan.com/OH/bill/HR236/2025
OH,2044107,,Honoring the Centerville High School Revengeful Mushrooms Destination Imagination Team on tying for first place at the 2025 Destination Imagination Global Finals.,Honoring the Centerville High School Revengeful Mushrooms Destination Imagination Team on tying for first place at the 2025 Destination Imagination Global Finals.,4,2025-09-15,https://legiscan.com/OH/bill/HR237/2025
OH,2044100,,Honoring Rod Owens as a 2025 Division II State Champion in wrestling.,Honoring Rod Owens as a 2025 Division II State Champion in wrestling.,4,2025-09-15,https://legiscan.com/OH/bill/HR238/2025
OH,2044101,,Honoring Beau Hesler on winning a 2025 OHSAA Division III State Track and Field Championship.,Honoring Beau Hesler on winning a 2025 OHSAA Division III State Track and Field Championship.,4,2025-09-15,https://legiscan.com/OH/bill/HR239/2025
OH,2044106,,Honoring the Louisville Rotary Club on its Centennial.,Honoring the Louisville Rotary Club on its Centennial.,4,2025-09-15,https://legiscan.com/OH/bill/HR240/2025
OH,2044897,,In memory of Charles James Kirk.,In memory of Charles James Kirk.,4,2025-09-23,https://legiscan.com/OH/bill/HR241/2025
OH,2044908,,Honoring First National Bank on its One Hundred Fiftieth Anniversary.,Honoring First National Bank on its One Hundred Fiftieth Anniversary.,4,2025-09-23,https://legiscan.com/OH/bill/HR242/2025
OH,2045669,,Urge selection of Rickenbacker as KC-46 Pegasus operating base.,"To request the Secretary of the Air Force select the 121st Air Refueling Wing at the Rickenbacker Air National Guard Base in Columbus, Ohio, as the preferred main operating base for the KC-46 Pegasus refueling aircraft.",4,2025-11-19,https://legiscan.com/OH/bill/HR243/2025
OH,2045524,,Relative to the election of Ashley Bryant Bailey to fill the vacancy in the membership of the House of Representatives created by the resignation of Sedrick Denson of the 26th House District.,Relative to the election of Ashley Bryan Bailey to fill the vacancy in the membership of the House of Representatives created by the resignation of Sedrick Denson of the 26th House District.,4,2025-10-01,https://legiscan.com/OH/bill/HR244/2025
OH,2045517,,Honoring the Lebanon High School softball team as the 2025 Division I State Champion.,Honoring the Lebanon High School softball team as the 2025 Division I State Champion.,4,2025-10-01,https://legiscan.com/OH/bill/HR245/2025
OH,2045496,,Honoring SS. Philip and James School on its One Hundred Fiftieth Anniversary.,Honoring SS. Philip and James School on its One Hundred Fiftieth Anniversary.,4,2025-10-01,https://legiscan.com/OH/bill/HR246/2025
OH,2045513,,Honoring Herlihy Funeral Home on its Centennial.,Honoring Herlihy Funeral Home on its Centennial.,4,2025-10-01,https://legiscan.com/OH/bill/HR247/2025
OH,2045511,,Honoring Tyjon Cousins as the 2025 National Little Brother of the Year.,Honoring Tyjon Cousins as the 2025 National Little Brother of the Year.,4,2025-10-01,https://legiscan.com/OH/bill/HR248/2025
OH,2045508,,Honoring Norman G. Boyd as the 2025 National Big Brother of the Year.,Honoring Norman G. Boyd as the 2025 National Big Brother of the Year.,4,2025-10-01,https://legiscan.com/OH/bill/HR249/2025
OH,2045503,,Honoring the Paulding Knights of Columbus on its Centennial.,Honoring the Paulding Knights of Columbus on its Centennial.,4,2025-10-01,https://legiscan.com/OH/bill/HR250/2025
OH,2045514,,Honoring the City of University Heights on the One Hundredth Anniversary of its city hall.,Honoring the City of University Heights on the One Hundredth Anniversary of its city hall.,4,2025-10-01,https://legiscan.com/OH/bill/HR251/2025
OH,2045518,,Honoring Trinity United Methodist Church on its One Hundred Fiftieth Anniversary.,Honoring Trinity United Methodist Church on its One Hundred Fiftieth Anniversary.,4,2025-10-01,https://legiscan.com/OH/bill/HR252/2025
OH,2045498,,"Honoring Mahle Behr, LLC on the Centennial of its Dayton Plant.","Honoring Mahle Behr, LLC on the Centennial of its Dayton Plant.",4,2025-10-01,https://legiscan.com/OH/bill/HR253/2025
OH,2045501,,Honoring the Dover High School softball team on winning the 2025 Division III State Championship.,Honoring the Dover High School softball team on winning the 2025 Division III State Championship.,4,2025-10-01,https://legiscan.com/OH/bill/HR254/2025
OH,2045520,,In memory of Mary Rose Oakar.,In memory of Mary Rose Oakar.,4,2025-10-01,https://legiscan.com/OH/bill/HR255/2025
OH,2045525,,Relative to travel allowance.,Relative to travel allowance.,4,2025-10-01,https://legiscan.com/OH/bill/HR256/2025
OH,2045523,,"Observing World Sight Day in Ohio, October 9, 2025.","Observing World Sight Day in Ohio, October 9, 2025.",4,2025-10-01,https://legiscan.com/OH/bill/HR257/2025
OH,2045502,,Honoring FlameGuard on winning first place at the 2025 De La Vega Global Entrepreneurship Awards.,Honoring FlameGuard on winning first place at the 2025 De La Vega Global Entrepreneurship Awards.,4,2025-10-01,https://legiscan.com/OH/bill/HR258/2025
OH,2046242,,Honoring the Wadsworth Rotary Club on its Centennial.,Honoring the Wadsworth Rotary Club on its Centennial.,4,2025-10-14,https://legiscan.com/OH/bill/HR259/2025
OH,2046532,,Honoring LaPorte United Methodist Church on its Two Hundredth Anniversary.,Honoring LaPorte United Methodist Church on its Two Hundredth Anniversary.,4,2025-10-15,https://legiscan.com/OH/bill/HR260/2025
OH,2047087,,Honoring the Rotary Club of Loudonville on its Centennial.,Honoring the Rotary Club of Loudonville on its Centennial.,4,2025-10-21,https://legiscan.com/OH/bill/HR261/2025
OH,2047090,,Honoring Tallmadge Church on its Bicentennial.,Honoring Tallmadge Church on its Bicentennial.,4,2025-10-21,https://legiscan.com/OH/bill/HR262/2025
OH,2047086,,Honoring Wendy Zhan on her retirement as the director of the Ohio Legislative Service Commission.,Honoring Wendy Zhan on her retirement as the director of the Ohio Legislative Service Commission.,4,2025-10-21,https://legiscan.com/OH/bill/HR263/2025
OH,2047089,,Honoring the Archbishop Alter High School boys golf team as the 2025 Division II State Champion.,Honoring the Archbishop Alter High School boys golf team as the 2025 Division II State Champion.,4,2025-10-21,https://legiscan.com/OH/bill/HR264/2025
OH,2047088,,Honoring Meadow Tian as the 2025 Division I State Champion in girls golf.,Honoring Meadow Tian as the 2025 Division I State Champion in girls golf.,4,2025-10-21,https://legiscan.com/OH/bill/HR265/2025
OH,2051536,,Recognize National Day Against Police Brutality in Ohio.,"To recognize October 22, 2025, as the National Day Against Police Brutality in Ohio.",1,2025-10-29,https://legiscan.com/OH/bill/HR266/2025
OH,2049439,,Honoring Unitarian Universalist Church of Youngstown on the Centennial of its building.,Honoring Unitarian Universalist Church of Youngstown on the Centennial of its building.,4,2025-10-29,https://legiscan.com/OH/bill/HR267/2025
OH,2048896,,Honoring McDonald High School on the Centennial of its football program.,Honoring McDonald High School on the Centennial of its football program.,4,2025-10-29,https://legiscan.com/OH/bill/HR268/2025
OH,2050498,,Honoring The Ohio State University Stone Laboratory on its Centennial.,Honoring The Ohio State University Stone Laboratory on its Centennial.,4,2025-10-29,https://legiscan.com/OH/bill/HR269/2025
OH,2049984,,In memory of Trooper Nicholas P. Cayton.,In memory of Trooper Nicholas P. Cayton.,4,2025-10-29,https://legiscan.com/OH/bill/HR270/2025
OH,2051703,,"Recognizing Complex Regional Pain Syndrome Awareness Month in Ohio, November 2025.","Recognizing Complex Regional Pain Syndrome Awareness Month in Ohio, November 2025.",4,2025-11-05,https://legiscan.com/OH/bill/HR271/2025
OH,2051693,,Honoring the John F. Kennedy Catholic School boys golf team on winning the 2025 Division III State Championship.,Honoring the John F. Kennedy Catholic School boys golf team on winning the 2025 Division III State Championship.,4,2025-11-05,https://legiscan.com/OH/bill/HR272/2025
OH,2051705,,Honoring the Niles Rotary Club on its Centennial.,Honoring the Niles Rotary Club on its Centennial.,4,2025-11-05,https://legiscan.com/OH/bill/HR273/2025
OH,2051698,,Honoring Alexandra Martinez as Ms. Wheelchair Ohio 2025.,Honoring Alexandra Martinez as Ms. Wheelchair Ohio 2025.,4,2025-11-05,https://legiscan.com/OH/bill/HR274/2025
OH,2051685,,Honoring the Dwyer School of Irish Dance's Dance Drama team as a 2025 North American Irish Dance Champion.,Honoring the Dwyer School of Irish Dance's Dance Drama team as a 2025 North American Irish Dance Champion.,4,2025-11-05,https://legiscan.com/OH/bill/HR275/2025
OH,2051699,,Honoring the Dwyer School of Irish Dance Mixed Ceili Under 9 team on winning a 2025 North American Irish Dance Championship title.,Honoring the Dwyer School of Irish Dance Mixed Ceili Under 9 team on winning a 2025 North American Irish Dance Championship title.,4,2025-11-05,https://legiscan.com/OH/bill/HR276/2025
OH,2052118,,Honoring Brice Fuller on winning the 2025 Division III State Cross Country Championship.,Honoring Brice Fuller on winning the 2025 Division III State Cross Country Championship.,4,2025-11-10,https://legiscan.com/OH/bill/HR277/2025
OH,2052168,,Honoring the Gahanna Lincoln High School girls cross country team as the 2025 Division I State Champion.,Honoring the Gahanna Lincoln High School girls cross country team as the 2025 Division I State Champion.,4,2025-11-10,https://legiscan.com/OH/bill/HR278/2025
OH,2052318,,Honoring the Upper Arlington High School girls soccer team on placing first at the 2025 Division I State Championship.,Honoring the Upper Arlington High School girls soccer team on placing first at the 2025 Division I State Championship.,4,2025-11-12,https://legiscan.com/OH/bill/HR279/2025
OH,2052314,,Honoring the Upper Arlington High School girls water polo team as the 2025 OHSAA State Champion.,Honoring the Upper Arlington High School girls water polo team as the 2025 OHSAA State Champion.,4,2025-11-12,https://legiscan.com/OH/bill/HR280/2025
OH,2052315,,Honoring the Ottawa Hills High School girls cross country team as the 2025 Division IV State Champion.,Honoring the Ottawa Hills High School girls cross country team as the 2025 Division IV State Champion.,4,2025-11-12,https://legiscan.com/OH/bill/HR281/2025
OH,2052312,,Honoring The University of Toledo women's cross country team on winning the 2025 Mid-American Conference Championship.,Honoring The University of Toledo women's cross country team on winning the 2025 Mid-American Conference Championship.,4,2025-11-12,https://legiscan.com/OH/bill/HR282/2025
OH,2052317,,Honoring Robert Hinkle as he retires from the Ohio Auditor of State's Office.,Honoring Robert Hinkle as he retires from the Ohio Auditor of State's Office.,4,2025-11-12,https://legiscan.com/OH/bill/HR283/2025
OH,2053090,,Honoring Kaitlyn Carr as a 2025 Division IV State Cross Country Champion.,Honoring Kaitlyn Carr as a 2025 Division IV State Cross Country Champion.,4,2025-11-18,https://legiscan.com/OH/bill/HR284/2025
OH,2053397,,Honoring Elena Aldrink as the 2025 Division I State Champion in girls cross country.,Honoring Elena Aldrink as the 2025 Division I State Champion in girls cross country.,4,2025-11-19,https://legiscan.com/OH/bill/HR285/2025
OH,2053414,,Honoring The University of Toledo men's cross country team as the 2025 Mid-American Conference Champion.,Honoring The University of Toledo men's cross country team as the 2025 Mid-American Conference Champion.,4,2025-11-19,https://legiscan.com/OH/bill/HR286/2025
OH,2053426,,Honoring the Lexington High School boys cross country team as the 2025 Division II State Champion.,Honoring the Lexington High School boys cross country team as the 2025 Division II State Champion.,4,2025-11-19,https://legiscan.com/OH/bill/HR287/2025
OH,2053424,,Honoring Landon Kimmel as the 2025 Division II State Boys Cross Country Champion.,Honoring Landon Kimmel as the 2025 Division II State Boys Cross Country Champion.,4,2025-11-19,https://legiscan.com/OH/bill/HR288/2025
OH,2053408,,Honoring the Oakwood High School girls cross country team as the 2025 Division III State Champion.,Honoring the Oakwood High School girls cross country team as the 2025 Division III State Champion.,4,2025-11-19,https://legiscan.com/OH/bill/HR289/2025
OH,2053403,,Honoring the Avon High School girls volleyball team on winning the 2025 Division II State Championship.,Honoring the Avon High School girls volleyball team on winning the 2025 Division II State Championship.,4,2025-11-19,https://legiscan.com/OH/bill/HR290/2025
OH,2053421,,Honoring the Avon High School boys soccer team on securing the 2025 Division II State Championship title.,Honoring the Avon High School boys soccer team on securing the 2025 Division II State Championship title.,4,2025-11-19,https://legiscan.com/OH/bill/HR291/2025
OH,2053410,,Honoring Irelyn Johnson as a 2025 Division III State Cross Country Champion.,Honoring Irelyn Johnson as a 2025 Division III State Cross Country Champion.,4,2025-11-19,https://legiscan.com/OH/bill/HR292/2025
OH,2053418,,Honoring the American Association of University Women Middletown Branch on its Centennial.,Honoring the American Association of University Women Middletown Branch on its Centennial.,4,2025-11-19,https://legiscan.com/OH/bill/HR293/2025
OH,2053406,,Honoring the St. Paul High School cheer team as the 2025 Division III OHSCCA State Champion.,Honoring the St. Paul High School cheer team as the 2025 Division III OHSCCA State Champion.,4,2025-11-19,https://legiscan.com/OH/bill/HR294/2025
OH,2053400,,Honoring the Norwalk High School cheer team as the 2025 OHSCCA Division III Best in the State Champion.,Honoring the Norwalk High School cheer team as the 2025 OHSCCA Division III Best in the State Champion.,4,2025-11-19,https://legiscan.com/OH/bill/HR295/2025
OH,2055217,,Honoring the Bay High School girls soccer team as the 2025 Division III State Champion.,Honoring the Bay High School girls soccer team as the 2025 Division III State Champion.,4,2025-12-01,https://legiscan.com/OH/bill/HR296/2025
OH,2055211,,Honoring the Newark Catholic High School girls volleyball team as the 2025 Division VI State Champion.,Honoring the Newark Catholic High School girls volleyball team as the 2025 Division VI State Champion.,4,2025-12-01,https://legiscan.com/OH/bill/HR297/2025
OH,2055223,,Honoring the Seton High School girls volleyball team on winning the 2025 Division I State Championship.,Honoring the Seton High School girls volleyball team on winning the 2025 Division I State Championship.,4,2025-12-01,https://legiscan.com/OH/bill/HR298/2025
OH,2055250,,Honoring the Miami Fort Generating Station on its One Hundredth Anniversary.,Honoring the Miami Fort Generating Station on its One Hundredth Anniversary.,4,2025-12-01,https://legiscan.com/OH/bill/HR299/2025
OH,2056260,,Honoring the St. Mary Central Catholic High School football team as the 2025 OHSFCA 8-Man State Champion.,Honoring the St. Mary Central Catholic High School football team as the 2025 OHSFCA 8-Man State Champion.,4,2025-12-03,https://legiscan.com/OH/bill/HR300/2025
OH,2056451,,Honoring David's Cemetery on its Bicentennial.,Honoring David's Cemetery on its Bicentennial.,4,2025-12-03,https://legiscan.com/OH/bill/HR301/2025
OH,2056340,,Honoring the Madeira High School girls soccer team as the 2025 Division V State Champion.,Honoring the Madeira High School girls soccer team as the 2025 Division V State Champion.,4,2025-12-03,https://legiscan.com/OH/bill/HR302/2025
OH,2056397,,Honoring Addie Kash as a 2025 Division II State Track and Field Champion.,Honoring Addie Kash as a 2025 Division II State Track and Field Champion.,4,2025-12-03,https://legiscan.com/OH/bill/HR303/2025
OH,2115641,,"Support Ohio's FAA proposal re: vertical takeoff, air mobility",To support Ohio's proposal to the Federal Aviation Administration related to the Electric Vertical Takeoff and Landing and Advanced Air Mobility Integration Pilot Program.,4,2026-02-18,https://legiscan.com/OH/bill/HR304/2025
OH,2058242,,Honoring the Cardington FFA conduct of chapter meetings team as the 2025 National FFA Champion.,Honoring the Cardington FFA conduct of chapter meetings team as the 2025 National FFA Champion.,4,2025-12-11,https://legiscan.com/OH/bill/HR305/2025
OH,2059585,,Honoring the Avon High School football team as the 2025 Division II State Champion.,Honoring the Avon High School football team as the 2025 Division II State Champion.,4,2025-12-17,https://legiscan.com/OH/bill/HR306/2025
OH,2059505,,Honoring the Middletown Rotary Club on its Centennial.,Honoring the Middletown Rotary Club on its Centennial.,4,2025-12-17,https://legiscan.com/OH/bill/HR307/2025
OH,2059512,,Honoring the Jefferson Rotary Club on its Centennial.,Honoring the Jefferson Rotary Club on its Centennial.,4,2025-12-17,https://legiscan.com/OH/bill/HR308/2025
OH,2059527,,Honoring the Olentangy Orange High School football team on winning the 2025 Division I State Championship.,Honoring the Olentangy Orange High School football team on winning the 2025 Division I State Championship.,4,2025-12-17,https://legiscan.com/OH/bill/HR309/2025
OH,2059562,,Honoring The University of Toledo women's volleyball team as the 2025 Mid-American Conference Champion.,Honoring The University of Toledo women's volleyball team as the 2025 Mid-American Conference Champion.,4,2025-12-17,https://legiscan.com/OH/bill/HR310/2025
OH,2061272,,Honoring the Liberty Center High School football team on securing the 2025 Division V State Championship.,Honoring the Liberty Center High School football team on securing the 2025 Division V State Championship.,4,2025-12-30,https://legiscan.com/OH/bill/HR311/2025
OH,2061262,,Honoring Shelby First United Methodist Church on its Bicentennial.,Honoring Shelby First United Methodist Church on its Bicentennial.,4,2025-12-30,https://legiscan.com/OH/bill/HR312/2025
OH,2061278,,Honoring Lieutenant Tylun Campbell as the recipient of the 2025 Outstanding Peace Officer of the Year Award.,Honoring Lieutenant Tylun Campbell as the recipient of the 2025 Outstanding Peace Officer of the Year Award.,4,2025-12-30,https://legiscan.com/OH/bill/HR313/2025
OH,2061284,,Honoring the Wadsworth Public Library on its Centennial.,Honoring the Wadsworth Public Library on its Centennial.,4,2025-12-30,https://legiscan.com/OH/bill/HR314/2025
OH,2066079,,Honoring Esther Price Candies on its One Hundredth Anniversary.,Honoring Esther Price Candies on its One Hundredth Anniversary.,4,2026-01-06,https://legiscan.com/OH/bill/HR315/2025
OH,2065978,,Honoring Huck Kurinsky on winning the 2025 USA BMX Freestyle National Championship in the 9-10 age division.,Honoring Huck Kurinsky on winning the 2025 USA BMX Freestyle National Championship in the 9-10 age division.,4,2026-01-06,https://legiscan.com/OH/bill/HR316/2025
OH,2071121,,Honoring St. Henry's High School football team as the 2025 Division VII State Champion.,Honoring St. Henry's High School football team as the 2025 Division VII State Champion.,4,2026-01-12,https://legiscan.com/OH/bill/HR317/2025
OH,2086984,,Honoring Paul Otten on being named the 2026 Ohio Superintendent of the Year.,Honoring Paul Otten on being named the 2026 Ohio Superintendent of the Year.,4,2026-01-20,https://legiscan.com/OH/bill/HR318/2025
OH,2086667,,Honoring the Beavercreek High School boys cross country team on securing the 2025 Division I State Championship.,Honoring the Beavercreek High School boys cross country team on securing the 2025 Division I State Championship.,4,2026-01-20,https://legiscan.com/OH/bill/HR319/2025
OH,2101814,,Honoring Baylynn Bendik as a 2025 USA Track and Field Middle School Girls Cross Country National Champion.,Honoring Baylynn Bendik as a 2025 USA Track and Field Middle School Girls Cross Country National Champion.,4,2026-01-29,https://legiscan.com/OH/bill/HR320/2025
OH,2101960,,Honoring Gary Blevins as the 2025 Sports Artist of the Year.,Honoring Gary Blevins as the 2025 Sports Artist of the Year.,4,2026-01-29,https://legiscan.com/OH/bill/HR321/2025
OH,2107710,,Recognizing February 2026 as American Heart Month in Ohio.,Recognizing February 2026 as American Heart Month in Ohio.,4,2026-02-04,https://legiscan.com/OH/bill/HR322/2025
OH,2107480,,Honoring Edith Solet as the 2026 Ohio Fairs' Queen.,Honoring Edith Solet as the 2026 Ohio Fairs' Queen.,4,2026-02-04,https://legiscan.com/OH/bill/HR323/2025
OH,2107846,,Honoring Dr. Robert Reynolds on being inducted into the 2026 National Bird Dog Hall of Fame.,Honoring Dr. Robert Reynolds on being inducted into the 2026 National Bird Dog Hall of Fame.,4,2026-02-04,https://legiscan.com/OH/bill/HR324/2025
OH,2107527,,Honoring St. Paul's Episcopal Church on its Centennial.,Honoring St. Paul's Episcopal Church on its Centennial.,4,2026-02-04,https://legiscan.com/OH/bill/HR325/2025
OH,2107759,,Honoring Andrew Baumer as the 2025 Engineer of the Year.,Honoring Andrew Baumer as the 2025 Engineer of the Year.,4,2026-02-04,https://legiscan.com/OH/bill/HR326/2025
OH,2118165,,Honoring Bryanta L. Spencer as the 2025 NASW Ohio Social Worker of the Year.,Honoring Bryanta L. Spencer as the 2025 NASW Ohio Social Worker of the Year.,4,2026-02-12,https://legiscan.com/OH/bill/HR327/2025
OH,2117980,,Authorizing the Ohio YMCA Youth and Government to use the Ohio House Chambers to conduct its 2026 model legislature.,Authorizing the Ohio YMCA Youth and Government to use the Ohio House Chambers to conduct its 2026 model legislature.,4,2026-02-12,https://legiscan.com/OH/bill/HR328/2025
OH,2130446,,Support the United States of Kindness initiative,To support the United States of Kindness initiative to honor our nation's 250th birthday by performing 250 acts of kindness.,1,2026-02-18,https://legiscan.com/OH/bill/HR329/2025
OH,2130373,,Urge Congress to enact Safeguard American Voter Eligibility Act,To urge the United States Congress to enact the Safeguard American Voter Eligibility (SAVE) Act.,1,2026-02-25,https://legiscan.com/OH/bill/HR330/2025
OH,2119376,,Honoring Grady Kinsey on being named Ohio Mr. Football for 2025.,Honoring Grady Kinsey on being named Ohio Mr. Football for 2025.,4,2026-02-18,https://legiscan.com/OH/bill/HR331/2025
OH,2119453,,Honoring Hartland Township on its Two Hundredth Anniversary.,Honoring Hartland Township on its Two Hundredth Anniversary.,4,2026-02-18,https://legiscan.com/OH/bill/HR332/2025
OH,2119390,,Honoring the City of Massillon on its Two Hundredth Anniversary.,Honoring the City of Massillon on its Two Hundredth Anniversary.,4,2026-02-18,https://legiscan.com/OH/bill/HR333/2025
OH,2119437,,Honoring Christina Hart as the 2024-2025 National Girls Basketball Coach of the Year.,Honoring Christina Hart as the 2024-2025 National Girls Basketball Coach of the Year.,4,2026-02-18,https://legiscan.com/OH/bill/HR334/2025
OH,2119254,,Honoring The Ohio State University spirit team on winning the 2026 UCA and UDA College Cheerleading and Dance Team National Championship.,Honoring The Ohio State University spirit team on winning the 2026 UCA and UDA College Cheerleading and Dance Team National Championship.,4,2026-02-18,https://legiscan.com/OH/bill/HR335/2025
OH,2119360,,Honoring The Ohio State University dance team on securing the 2026 UCA & UDA College National Division IA Jazz Championship.,Honoring The Ohio State University dance team on securing the 2026 UCA & UDA College National Division IA Jazz Championship.,4,2026-02-18,https://legiscan.com/OH/bill/HR336/2025
OH,2119316,,Honoring The Ohio State University club football team on winning the 2025 National Club Football Association Championship.,Honoring The Ohio State University club football team on winning the 2025 National Club Football Association Championship.,4,2026-02-18,https://legiscan.com/OH/bill/HR337/2025
OH,2119224,,Honoring The Ohio State University Brutus Buckeye mascot team on winning the 2026 Division IA National Championship.,Honoring The Ohio State University Brutus Buckeye mascot team on winning the 2026 Division IA National Championship.,4,2026-02-18,https://legiscan.com/OH/bill/HR338/2025
OH,2119212,,"Recognizing Toni Morrison Day in Ohio, February 18, 2026.","Recognizing Toni Morrison Day in Ohio, February 18, 2026.",4,2026-02-18,https://legiscan.com/OH/bill/HR339/2025
OH,2119283,,Honoring Stautzenberger College on its Centennial.,Honoring Stautzenberger College on its Centennial.,4,2026-02-18,https://legiscan.com/OH/bill/HR340/2025
OH,2130295,,Condemn President Trump's sharing of a racist video,"To condemn President Trump's sharing of a racist video on February 5, 2026.",1,2026-02-25,https://legiscan.com/OH/bill/HR341/2025
OH,2124199,,Honoring MaKenzie Love as the 2025 National Braille Challenge Champion.,Honoring MaKenzie Love as the 2025 National Braille Challenge Champion.,4,2026-02-25,https://legiscan.com/OH/bill/HR342/2025
OH,2124606,,Honoring Katie Moon on winning a 2025 World Athletics Championships gold medal.,Honoring Katie Moon on winning a 2025 World Athletics Championships gold medal.,4,2026-02-25,https://legiscan.com/OH/bill/HR343/2025
OH,2129402,,Honoring the Woodridge High School boys cross country team as the 2025 Division III State Champion.,Honoring the Woodridge High School boys cross country team as the 2025 Division III State Champion.,4,2026-03-04,https://legiscan.com/OH/bill/HR344/2025
OH,2129172,,Honoring the City of Parma on its Two Hundredth Anniversary.,Honoring the City of Parma on its Two Hundredth Anniversary.,4,2026-03-04,https://legiscan.com/OH/bill/HR345/2025
OH,2129383,,Honoring Connor Curran as a 2026 Olympic gold medalist.,Honoring Connor Curran as a 2026 Olympic gold medalist.,4,2026-03-04,https://legiscan.com/OH/bill/HR346/2025
OH,2129248,,Honoring Jeff Howard as the 2025 Ohio Boys Cross Country Coach of the Year.,Honoring Jeff Howard as the 2025 Ohio Boys Cross Country Coach of the Year.,4,2026-03-04,https://legiscan.com/OH/bill/HR347/2025
OH,2135664,,Relative to travel allowance.,Relative to travel allowance.,4,2026-03-18,https://legiscan.com/OH/bill/HR348/2025
OH,2135820,,Honoring Kali Spengler on winning the 2026 Division II State Diving Championship.,Honoring Kali Spengler on winning the 2026 Division II State Diving Championship.,4,2026-03-18,https://legiscan.com/OH/bill/HR351/2025
OH,2135797,,Honoring College Club West on its One Hundredth Anniversary.,Honoring College Club West on its One Hundredth Anniversary.,4,2026-03-18,https://legiscan.com/OH/bill/HR352/2025
OH,2135830,,"Recognizing Ohio Child Abuse Prevention Month, April 2026.","Recognizing Ohio Child Abuse Prevention Month, April 2026.",4,2026-03-18,https://legiscan.com/OH/bill/HR353/2025
OH,2135806,,Honoring the Rotary Club of Painesville on its One Hundredth Anniversary.,Honoring the Rotary Club of Painesville on its One Hundredth Anniversary.,4,2026-03-18,https://legiscan.com/OH/bill/HR354/2025
OH,2135834,,Honoring Brooklyn Talley as a 2026 Division II State Swimming Champion.,Honoring Brooklyn Talley as a 2026 Division II State Swimming Champion.,4,2026-03-18,https://legiscan.com/OH/bill/HR355/2025
OH,2135810,,Honoring the Glenville High School football team as the 2025 Division IV state champion.,Honoring the Glenville High School football team as the 2025 Division IV state champion.,4,2026-03-18,https://legiscan.com/OH/bill/HR356/2025
OH,2137524,,Authorizing the Ohio Youth Leadership Association to use the Ohio House Chambers to conduct its 2025 model legislature.,Authorizing the Ohio Youth Leadership Association to use the Ohio House Chambers to conduct its 2025 model legislature.,4,2026-03-24,https://legiscan.com/OH/bill/HR357/2025
OH,2137608,,Authorizing Ohio TeenPact Leadership School to use the Ohio House Chambers to conduct its graduation ceremony.,Authorizing Ohio TeenPact Leadership School to use the Ohio House Chambers to conduct its graduation ceremony.,4,2026-03-24,https://legiscan.com/OH/bill/HR358/2025
OH,2138333,,Honoring the Napoleon High School girls bowling team on securing the 2026 Division II State Championship.,Honoring the Napoleon High School girls bowling team on securing the 2026 Division II State Championship.,4,2026-03-25,https://legiscan.com/OH/bill/HR359/2025
OH,2138207,,Honoring the Ontario High School boys 200-yard freestyle relay team on winning the 2026 Division II State Championship.,Honoring the Ontario High School boys 200-yard freestyle relay team on winning the 2026 Division II State Championship.,4,2026-03-25,https://legiscan.com/OH/bill/HR360/2025
OH,2138209,,Honoring the Archbishop Hoban High School girls basketball team as the 2026 Division II State Champion.,Honoring the Archbishop Hoban High School girls basketball team as the 2026 Division II State Champion.,4,2026-03-25,https://legiscan.com/OH/bill/HR361/2025
OH,2138344,,Honoring Kael Clous as the 2026 Division I State Boys Bowling Champion.,Honoring Kael Clous as the 2026 Division I State Boys Bowling Champion.,4,2026-03-25,https://legiscan.com/OH/bill/HR362/2025
OH,2138359,,Honoring the Brecksville-Broadview Heights High School gymnastic team as the 2026 State Champion.,Honoring the Brecksville-Broadview Heights High School gymnastic team as the 2026 State Champion.,4,2026-03-25,https://legiscan.com/OH/bill/HR363/2025
OH,2138331,,Honoring Joe Curry as a 2026 Division II State Wrestling Champion.,Honoring Joe Curry as a 2026 Division II State Wrestling Champion.,4,2026-03-25,https://legiscan.com/OH/bill/HR364/2025
OH,2138320,,In memory of Master Sergeant Tyler Simmons.,In memory of Master Sergeant Tyler Simmons.,0,,https://legiscan.com/OH/bill/HR365/2025
OH,2138374,,Honoring Grady Moos as a 2026 Division II State Wrestling Champion.,Honoring Grady Moos as a 2026 Division II State Wrestling Champion.,4,2026-03-25,https://legiscan.com/OH/bill/HR366/2025
OH,2138274,,Honoring the Kirtland High School football team as the 2025 Division VI State Champion.,Honoring the Kirtland High School football team as the 2025 Division VI State Champion.,4,2026-03-25,https://legiscan.com/OH/bill/HR367/2025
OH,2138310,,Honoring the Princeton High School boys basketball team on winning the 2026 Division I State Championship.,Honoring the Princeton High School boys basketball team on winning the 2026 Division I State Championship.,4,2026-03-25,https://legiscan.com/OH/bill/HR368/2025
OH,2138215,,In memory of L. Helen Rankin.,In memory of L. Helen Rankin.,4,2026-03-25,https://legiscan.com/OH/bill/HR369/2025
OH,2138303,,In memory of Captain Curtis J. Angst.,In memory of Captain Curtis J. Angst.,0,,https://legiscan.com/OH/bill/HR370/2025
OH,1903064,,Notify Governor 136th General Assembly in session,Relative to a committee to wait upon the Governor to let him know the 136th General Assembly is in session.,4,2025-01-08,https://legiscan.com/OH/bill/HCR1/2025
OH,1903017,,Appoints joint committee for inauguration of President-elect,Relative to the appointment of a joint committee to attend the inauguration of the President of the United States,4,2025-01-08,https://legiscan.com/OH/bill/HCR2/2025
OH,1935455,,Prepare arguments for and against constitutional amendments,"To delegate to the President of the Senate and the Speaker of the House of Representatives authority to designate groups of members to prepare arguments for and against amendments to the Ohio Constitution proposed by the General Assembly; a person or persons to prepare an argument for any law, section, or item submitted to the electors by referendum petition; and a person or persons to prepare an argument against any constitutional amendment or law proposed by initiative petition.",4,2025-01-29,https://legiscan.com/OH/bill/HCR3/2025
OH,2005603,,"Condemn issuance of pardons and commutations for January 6, 2021","To condemn President Trump's issuance of pardons and commutations for individuals convicted in connection with the January 6, 2021, insurrection at the United States Capitol, including those who committed violent acts against law enforcement officers.",1,2025-02-12,https://legiscan.com/OH/bill/HCR4/2025
OH,1967214,,Convene in joint session of Senate and House,Authorizing a joint convention of the Ohio General Assembly for the purpose of receiving a message from the Governor and calling for a committee to wait upon the Governor in anticipation of his State of the State Address.,4,2025-02-14,https://legiscan.com/OH/bill/HCR5/2025
OH,2005786,,Support work of the Ohio Commission for U.S. Semiquincentennial,To support and encourage the work of the Ohio Commission for the United States Semiquincentennial in celebrating the nation's 250th anniversary.,2,2025-05-21,https://legiscan.com/OH/bill/HCR6/2025
OH,2005830,,"Support American Legion Buckeye Boys State, Buckeye Girls State",To support and encourage the work of the American Legion Buckeye Boys State and the American Legion Auxiliary Buckeye Girls State in providing a premier educational and leadership program to the youth of Ohio.,2,2025-06-11,https://legiscan.com/OH/bill/HCR7/2025
OH,2005851,,Urge Congress to make the 2017 Tax Cuts and Jobs Act permanent,To urge the Congress of the United States to make the 2017 Tax Cuts and Jobs Act permanent and protect prosperity.,2,2025-06-11,https://legiscan.com/OH/bill/HCR8/2025
OH,2019741,,Adopt the Leland Muhlenberg Resolution,To urge the federal government to repeal the Johnson Amendment and to name this resolution the Leland Muhlenberg Resolution.,1,2025-04-02,https://legiscan.com/OH/bill/HCR9/2025
OH,2019932,,Urge Congress to make daylight saving time the permanent time,To urge Congress to make daylight saving time the permanent standard time.,1,2025-04-02,https://legiscan.com/OH/bill/HCR10/2025
OH,2027682,,"Condemn, apologize for displacement of Randolph Freedpeople","To acknowledge, condemn, and apologize for the wrongful displacement of the Randolph Freedpeople.",1,2025-04-30,https://legiscan.com/OH/bill/HCR11/2025
OH,2027681,,Recognize the importance of perinatal mental health,Recognizing the importance of perinatal mental health.,1,2025-04-30,https://legiscan.com/OH/bill/HCR12/2025
OH,2029571,,Urge Congress to designate Buckeye Trail a National Scenic Trail,To urge Congress to designate the Buckeye Trail as a National Scenic Trail.,4,2026-02-11,https://legiscan.com/OH/bill/HCR13/2025
OH,2033165,,"Urge inclusion of Peter Edward ""Pete"" Rose on Hall of Fame ballot","To urge the Baseball Writers' Association of America and the National Baseball Hall of Fame to include Peter Edward ""Pete"" Rose on the Hall of Fame ballot.",1,2025-05-21,https://legiscan.com/OH/bill/HCR14/2025
OH,2035925,,Urge Congress to pass the Defense Against Drones Act of 2025,"To urge the Congress of the United States to pass H.R. 1907, known as the Defense Against Drones Act of 2025.",1,2025-06-04,https://legiscan.com/OH/bill/HCR15/2025
OH,2035837,,Reaffirm commitment to Taiwan; regards Taiwan status,"Reaffirming Ohio's commitment to strengthening and deepening its sister-state relationship with Taiwan, urging all Ohio businesses to refer to Taiwan, the Republic of China, as Taiwan, opposing the People's Republic of China's misuse of United Nations Resolution 2758, and continuing its support for Taiwan's meaningful participation in international organizations that impact the health, safety, and well-being of the people of Taiwan and support Taiwan's aspirations to make more contributions in international societies.",1,2025-06-04,https://legiscan.com/OH/bill/HCR16/2025
OH,2037804,,Recognize impact of lifeguard shortage; encourage lifeguarding,To recognize the impact of the lifeguard shortage in Ohio and encourage individuals to consider a career as a lifeguard.,1,2025-06-18,https://legiscan.com/OH/bill/HCR17/2025
OH,2044189,,Urge Congress to recognize US troops who served in Honduras,To urge Congress to recognize United States troops who served in Honduras from 1981 to 1992.,1,2025-09-15,https://legiscan.com/OH/bill/HCR18/2025
OH,2044151,,Urge congressional delegation to uphold federalism re: elections,To call upon the members of Ohio's congressional delegation to uphold the principles of federalism regarding the authority of states to govern electoral processes.,1,2025-09-15,https://legiscan.com/OH/bill/HCR19/2025
OH,2044164,,Honor the United States Navy; commemorate its 250th anniversary,To honor the distinguished service and exceptional valor of the men and women of the United States Navy and to commemorate the 250th anniversary of its founding.,4,2025-11-12,https://legiscan.com/OH/bill/HCR20/2025
OH,2044128,,Recognize the 250th anniversary of the United States Marine Corps,To recognize the 250th anniversary of the United States Marine Corps.,4,2025-11-12,https://legiscan.com/OH/bill/HCR21/2025
OH,2044195,,Encourage students to read the U.S. Declaration of Independence,To encourage students in grades one through twelve to read the U.S. Declaration of Independence in the classroom during the 2025-2026 school year in celebration of its 250th anniversary.,4,2026-02-11,https://legiscan.com/OH/bill/HCR22/2025
OH,2044142,,"Recognize 250th anniversary of United States Army, Chaplain Corps",To recognize the 250th anniversary of the United States Army and the United States Army Chaplain Corps.,4,2025-11-12,https://legiscan.com/OH/bill/HCR23/2025
OH,2045563,,Declare national debt a security threat;urge Congressional action,To recognize that the national debt is a threat to the national security of the United States and to urge the United States Congress to commit to establishing an effective regular order for budgeting.,1,2025-10-01,https://legiscan.com/OH/bill/HCR24/2025
OH,2045994,,Encourage study of Declaration of Independence during U.S. 250th,"To encourage students in grades one through twelve to read, study, and discuss the U.S. Declaration of Independence in the classroom during the 2025-2026 school year in celebration of its 250th anniversary.",1,2025-10-08,https://legiscan.com/OH/bill/HCR25/2025
OH,2047187,,Summons Hon. Ted N. Berry to show cause re: removal from office,"Summoning the Honorable Ted N. Berry, Judge of the Hamilton County Municipal Court, to appear before the General Assembly and show cause why he should not be removed from office under Article IV, Section 17 of the Ohio Constitution.",1,2025-10-21,https://legiscan.com/OH/bill/HCR26/2025
OH,2047185,,Support use of state land for a new VA National cemetery,To support the use of state owned land in Chillicothe for a new Veterans Administration National cemetery.,1,2025-10-21,https://legiscan.com/OH/bill/HCR27/2025
OH,2047143,,Rescind portion of Executive Order 2025-05D re: intoxicating hemp,To rescind a portion of Executive Order 2025-05D regarding intoxicating hemp.,1,2025-10-21,https://legiscan.com/OH/bill/HCR28/2025
OH,2047775,,Recognize 250th anniversary of the United States Postal Service,"To recognize the 250th anniversary of the United States Postal Service, to express appreciation for its enduring service, and to support continued efforts to ensure the long-term strength, efficiency, and accessibility of the United States Postal Service.",1,2025-10-29,https://legiscan.com/OH/bill/HCR29/2025
OH,2110619,,Honor 50th ann. of Individuals with Disabilities Education Act,To honor the 50th anniversary of the original enactment of the Individuals with Disabilities Education Act (IDEA) and to urge the U.S. Congress to enact the IDEA Full Funding Act.,1,2026-02-04,https://legiscan.com/OH/bill/HCR30/2025
OH,2110448,,Urge Congress to reject any moratorium on state AI laws,To urge the Congress of the United States to reject any moratorium on state laws regulating artificial intelligence.,1,2026-02-04,https://legiscan.com/OH/bill/HCR31/2025
OH,2110357,,Urge Congress to implement a zero-based budgeting process,To urge the United States Congress to implement a zero-based budgeting process.,1,2026-02-04,https://legiscan.com/OH/bill/HCR32/2025
OH,2110414,,Honoring partnership between the Province of QuÃ©bec and Ohio,Honoring the longstanding partnership between the Province of QuÃ©bec and the State of Ohio.,1,2026-02-04,https://legiscan.com/OH/bill/HCR33/2025
OH,2119888,,Urge Congress to dismantle United States Department of Education,To urge Congress to dismantle the United States Department of Education.,1,2026-02-18,https://legiscan.com/OH/bill/HCR34/2025
OH,2119969,,Urge Congress accelerate deployment of new energy infrastructure,To urge Congress to enact reforms to federal permitting policies to accelerate deployment of new energy infrastructure.,1,2026-02-18,https://legiscan.com/OH/bill/HCR35/2025
OH,2118975,,Convene in joint session of Senate and House,Authorizing a joint convention of the Ohio General Assembly for the purpose of receiving a message from the Governor and calling for a committee to wait upon the Governor in anticipation of his State of the State Address.,4,2026-02-23,https://legiscan.com/OH/bill/HCR36/2025
OH,2129595,,Congratulate USA's Olympic hockey teams on their victories,To congratulate the United States of America's Olympic hockey teams on their championship victories over Canada.,1,2026-03-04,https://legiscan.com/OH/bill/HCR37/2025
OH,2135980,,Urge an interstate compact re: electric transmission projects,To urge the creation of an interstate compact regarding competitively bid electric transmission projects.,1,2026-03-18,https://legiscan.com/OH/bill/HCR38/2025
OH,2131481,,Convene in joint session of Senate and House,Authorizing a joint convention of the Ohio General Assembly for the purpose of receiving a message from the Governor and calling for a committee to wait upon the Governor in anticipation of his State of the State Address.,4,2026-03-10,https://legiscan.com/OH/bill/HCR39/2025
OH,1954384,,CA: Establish a constitutional right to hunt and fish,Proposing to enact Section 23 of Article I of the Constitution of the State of Ohio to establish a constitutional right to hunt and fish.,1,2025-02-03,https://legiscan.com/OH/bill/HJR1/2025
OH,1963929,,Applies to Congress for a Convention of the States,"Application to the Congress of the United States for a Convention of the States under Article V of the Constitution of the United States that is limited to proposing amendments that impose fiscal restraints on the federal government, limit the power and jurisdiction of the federal government, and limit the terms of office for its officials and members of Congress.",1,2025-02-10,https://legiscan.com/OH/bill/HJR2/2025
OH,1981286,,Apply for Convention of the States re: term limits,Applying to the Congress of the United States for a limited national convention for the exclusive purpose of proposing an amendment to the Constitution of the United States to establish term limits for members of Congress.,1,2025-02-24,https://legiscan.com/OH/bill/HJR3/2025
OH,2035415,,CA:Reconcile same sex marriage law; right to interracial marriage,Proposing to amend Section 11 of Article XV of the Constitution of the State of Ohio to reconcile Ohio law with federal law regarding same sex marriage and to recognize the right to interracial marriage.,1,2025-06-03,https://legiscan.com/OH/bill/HJR4/2025
OH,2038088,,"CA: Prohibit slavery, involuntary servitude as criminal penalty",Proposing to amend Section 6 of Article I of the Constitution of the State of Ohio to prohibit slavery or involuntary servitude in Ohio for the punishment of crime.,1,2025-06-23,https://legiscan.com/OH/bill/HJR5/2025
OH,2042478,,CA: Limit property taxes to specified percentage of value,"Proposing to amend Section 2 of Article XII of the Constitution of the State of Ohio to limit property taxes, whether voted or unvoted, to one and one-quarter per cent or, for certain owner-occupied homes, one per cent of real property's true value.",1,2025-08-19,https://legiscan.com/OH/bill/HJR6/2025
OH,2125138,,CA: Exempt owner-occupied residences from property tax,"Proposing to amend Section 2 of Article XII of the Constitution of the State of Ohio to, beginning in 2027, exempt owner-occupied residences from property tax and to modify the manner and mode of property taxation.",1,2026-02-25,https://legiscan.com/OH/bill/HJR7/2025
OH,1937139,,Enact Advance Ohio Higher Education Act,"To amend sections 3335.02, 3335.09, 3337.01, 3339.01, 3341.02, 3343.02, 3344.01, 3345.45, 3350.10, 3352.01, 3356.01, 3359.01, 3361.01, 3362.01, 3364.01, 4117.14, and 4117.15; to enact new section 3333.045 and sections 3345.029, 3345.0216, 3345.0217, 3345.0218, 3345.0219, 3345.382, 3345.451, 3345.452, 3345.453, 3345.454, 3345.455, 3345.456, 3345.591, 3345.80, and 3345.88; and to repeal section 3333.045 of the Revised Code to enact the Advance Ohio Higher Education Act regarding the operation of state institutions of higher education.",4,2025-06-27,https://legiscan.com/OH/bill/SB1/2025
OH,1936828,,Increase power generation; improve Ohio's electric grid,"To amend sections 303.213, 519.213, 713.081, 3313.372, 3313.373, 4905.03, 4906.01, 4906.03, 4906.06, 4906.07, 4906.10, 4909.04, 4909.05, 4909.052, 4909.06, 4909.07, 4909.08, 4909.15, 4909.156, 4909.173, 4909.174, 4909.18, 4909.19, 4909.191, 4909.42, 4928.01, 4928.05, 4928.08, 4928.14, 4928.141, 4928.142, 4928.144, 4928.17, 4928.20, 4928.23, 4928.231, 4928.232, 4928.34, 4928.542, 4928.64, 4928.645, 4929.20, 4933.81, 5711.01, 5727.01, 5727.031, 5727.06, 5727.11, 5727.111, and 5727.75; to enact sections 122.161, 3313.377, 3313.378, 4903.27, 4905.23, 4905.311, 4905.321, 4905.331, 4909.041, 4909.042, 4909.181, 4909.192, 4909.193, 4928.041, 4928.101, 4928.102, 4928.103, 4928.105, 4928.107, 4928.149, 4928.1410, 4928.73, 4929.221, 4929.222, and 5727.76; and to repeal sections 3706.40, 3706.41, 3706.43, 3706.431, 3706.45, 3706.46, 3706.49, 3706.491, 3706.55, 3706.551, 3706.59, 3706.63, 3706.65, 4928.143, 4928.148, and 4928.642 of the Revised Code regarding public utilities law, to make changes regarding utility tangible personal property taxation, and to repeal parts of H.B. 6 of the 133rd General Assembly.",2,2025-03-19,https://legiscan.com/OH/bill/SB2/2025
OH,1937068,,Phase-down the state income tax to a flat rate of 2.75%,To amend section 5747.02 of the Revised Code to phase-down the state income tax to a flat rate of 2.75% over two years.,1,2025-01-22,https://legiscan.com/OH/bill/SB3/2025
OH,1937085,,Create Election Integrity Unit; revise election law prosecution,To amend section 3501.05 and to enact section 3501.055 of the Revised Code to establish the Election Integrity Unit in the Office of the Secretary of State and to modify the law governing the prosecution of Election Law violations.,2,2025-06-18,https://legiscan.com/OH/bill/SB4/2025
OH,1937037,,Expedite unauthorized occupant removal; prohibit fraudulent deeds,To amend section 2909.07 and to enact sections 1923.16 and 2913.53 of the Revised Code to provide for the expedited removal of unauthorized occupants from residential property and to prohibit the use and sale of fraudulent deeds.,1,2025-01-22,https://legiscan.com/OH/bill/SB5/2025
OH,1936871,,Revise building inspection law,To amend sections 3781.19 and 3781.20 and to enact section 3781.21 of the Revised Code to make changes to the law relating to building inspections.,4,2025-09-30,https://legiscan.com/OH/bill/SB6/2025
OH,1936893,,Regards student instruction on harmful effects of substance use,"To amend sections 3301.0732, 3313.60, and 3313.6024 and to enact sections 3301.0722, 3301.165, 3313.6031, 3314.0311, 3326.092, and 3328.60 of the Revised Code regarding instruction for students in the harmful effects of substance use.",2,2025-04-09,https://legiscan.com/OH/bill/SB7/2025
OH,1937100,,Prohibit paid public employee leave for certain union activities,To enact section 4117.091 of the Revised Code to prohibit a public employer from providing paid leave or compensation for a public employee to engage in certain union activities.,1,2025-01-22,https://legiscan.com/OH/bill/SB8/2025
OH,1936973,,Incorporate Internal Revenue Code changes into Ohio law,"To amend sections 5701.11 and 5747.01 of the Revised Code to expressly incorporate changes in the Internal Revenue Code since March 7, 2025, into Ohio law and to declare an emergency.",4,2026-03-05,https://legiscan.com/OH/bill/SB9/2025
OH,1937121,,Revise non-recourse litigation funding agreement regulations,"To enact sections 1357.01, 1357.011, 1357.02, 1357.03, 1357.04, 1357.05, 1357.06, 1357.07, and 1357.08 and to repeal section 1349.55 of the Revised Code to revise and supplement state regulations concerning non-recourse litigation funding agreements.",1,2025-01-22,https://legiscan.com/OH/bill/SB10/2025
OH,1937131,,Prohibit post-employment agreement restraining career or business,"To enact sections 4119.01, 4119.02, 4119.03, and 4119.04 of the Revised Code to prohibit agreements that restrain engaging in a lawful profession or business after the conclusion of an employment relationship.",1,2025-01-22,https://legiscan.com/OH/bill/SB11/2025
OH,1936832,,Regards community foundation charitable and institutional funds,"To amend sections 1715.51, 3315.10, and 3315.41 and to enact sections 3314.55, 3315.43, and 3326.53 of the Revised Code to permit community foundations to create component funds of any charitable funds received by public schools and to classify some funds held by a community foundation as institutional funds.",1,2025-01-22,https://legiscan.com/OH/bill/SB12/2025
OH,1937005,,Establish the Foster-to-College Scholarship Program,"To enact sections 3301.96 and 3333.89 of the Revised Code to establish the Foster-to-College Scholarship Program, to require the Department of Education and Workforce to hire a full-time school foster care liaison, and to make an appropriation for the Foster-to-College Scholarship Program.",1,2025-01-22,https://legiscan.com/OH/bill/SB13/2025
OH,1937028,,Designate Speaker Jo Ann Davidson Day,"To enact section 5.57 of the Revised Code to designate September 28 as ""Speaker Jo Ann Davidson Day.""",4,2025-08-18,https://legiscan.com/OH/bill/SB14/2025
OH,1936898,,Allow port authorities to establish a Common Bond Fund Program,To enact section 4582.72 of the Revised Code to allow port authorities to establish a Common Bond Fund Program to finance port authority facilities.,1,2025-01-22,https://legiscan.com/OH/bill/SB15/2025
OH,1936858,,Establish road rules around distressed stationary vehicles,To amend section 4511.213 of the Revised Code to prohibit failing to change lanes or proceed with caution around a stationary vehicle in distress.,2,2025-10-29,https://legiscan.com/OH/bill/SB16/2025
OH,1936923,,Designate 6888th Central Postal Directory Battalion Day,"To enact section 5.212 of the Revised Code to designate March 9th as ""6888th Central Postal Directory Battalion Day.""",4,2026-03-20,https://legiscan.com/OH/bill/SB17/2025
OH,1936851,,Designate Cardiovascular Health Awareness Day,"To enact section 5.2540 of the Revised Code to designate February 14 as ""Cardiovascular Health Awareness Day.""",4,2026-06-09,https://legiscan.com/OH/bill/SB18/2025
OH,1937109,,"Regards academic intervention, math improvement and intervention","To amend sections 3301.0714, 3302.03, 3314.03, 3317.25, 3324.10, and 3326.11; to enact new section 3313.6032 and sections 3302.131, 3302.132, 3313.6034, 3313.6035, 3319.2214, and 3319.2311; and to repeal section 3313.6032 of the Revised Code with regard to academic intervention services at public schools and the establishment of mathematics improvement and intervention plans.",2,2025-11-19,https://legiscan.com/OH/bill/SB19/2025
OH,1936930,,Designate Ohio Stroke Awareness Week,"To enact section 5.2540 of the Revised Code to designate the first week of May as ""Ohio Stroke Awareness Week.""",4,2025-08-27,https://legiscan.com/OH/bill/SB20/2025
OH,1936996,,Designate Rutherford B. Hayes Day,"To enact section 5.2322 of the Revised Code to designate October 4 as ""Rutherford B. Hayes Day.""",4,2025-09-04,https://legiscan.com/OH/bill/SB21/2025
OH,1936951,,"Authorize tax credit or rebate for certain homeowners, renters",To amend sections 5747.08 and 5747.98 and to enact section 5747.87 of the Revised Code to authorize a refundable income tax credit or rebate for homeowners and renters whose property taxes or a portion of their rent exceed five per cent of their income.,1,2025-01-22,https://legiscan.com/OH/bill/SB22/2025
OH,1937056,,Revise the Alcohol Franchise Law,To amend section 1333.82 of the Revised Code to revise the Alcohol Franchise Law.,1,2025-01-22,https://legiscan.com/OH/bill/SB23/2025
OH,1937012,,Adopt the 1905 Wright Flyer III as the state airplane,To enact section 5.022 of the Revised Code to adopt the 1905 Wright Flyer III as the state airplane.,4,2025-07-02,https://legiscan.com/OH/bill/SB24/2025
OH,1937045,,Prohibit sun lamp tanning services to individuals under age 16,"To amend sections 4713.50, 4713.51, and 4713.64 of the Revised Code to prohibit the provision of sun lamp tanning services to individuals under age 16.",1,2025-01-22,https://legiscan.com/OH/bill/SB25/2025
OH,1936842,,Create the Joint Law Enforcement Oversight Committee,To enact sections 103.52 and 103.53 of the Revised Code to create the Joint Law Enforcement Oversight Committee and to make an appropriation.,1,2025-01-22,https://legiscan.com/OH/bill/SB26/2025
OH,1936878,,Designate Ameloblastoma Awareness Day,"To enact section 5.2540 of the Revised Code to designate March 20th as ""Ameloblastoma Awareness Day.""",4,2025-09-30,https://legiscan.com/OH/bill/SB27/2025
OH,1936911,,Levy a tax on certain high-volume landlords,"To amend sections 131.02, 319.202, 715.013, 4303.26, 5703.052, 5703.053, 5703.19, 5703.263, 5703.50, 5703.70, 5703.77, 5703.90, 5725.26, and 5751.051 and to enact sections 5747.081, 5755.01, 5755.011, 5755.02, 5755.03, 5755.04, 5755.05, 5755.051, 5755.052, 5755.06, 5755.07, and 5755.99 of the Revised Code to levy a tax on certain high-volume landlords.",1,2025-01-22,https://legiscan.com/OH/bill/SB28/2025
OH,1937072,,Allow municipalities create joint economic development district,To amend section 715.72 of the Revised Code to allow two or more municipalities to create a joint economic development district without involving a township.,1,2025-01-22,https://legiscan.com/OH/bill/SB29/2025
OH,1937146,,Require retail merchants to give customers the option to pay cash,To enact section 1333.97 of the Revised Code to require retail merchants to give customers the option to pay by cash.,1,2025-01-22,https://legiscan.com/OH/bill/SB30/2025
OH,1936938,,Replace interstate construction requirement with a traffic study,To repeal section 5501.60 of the Revised Code to replace the requirement that the Department of Transportation construct certain interstate interchanges with a traffic congestion study.,1,2025-01-22,https://legiscan.com/OH/bill/SB31/2025
OH,1936978,,Establish the Child Care Cred Program,To enact section 5180.41 of the Revised Code to establish the Child Care Cred Program and to make an appropriation.,1,2025-01-22,https://legiscan.com/OH/bill/SB32/2025
OH,1945847,,Allow employers to post certain labor law notices on the internet,"To amend sections 4109.08, 4111.09, 4112.07, 4115.07, 4123.54, 4123.83, and 4167.11 of the Revised Code to allow employers to post certain labor law notices on the internet.",4,2025-07-21,https://legiscan.com/OH/bill/SB33/2025
OH,1945521,,Enact the Historical Educational Displays Act,"To amend sections 3314.03, 3326.11, and 3328.24 and to enact section 3313.802 of the Revised Code to enact the Display of Founding Documents of Historic Significance Act regarding the display of certain historical documents in public schools.",2,2025-11-19,https://legiscan.com/OH/bill/SB34/2025
OH,1945596,,Regards supported decision-making for certain disabled adults,"To enact sections 5123.68, 5123.681, 5123.682, 5123.683, 5123.684, 5123.685, and 5123.686 of the Revised Code to establish supported decision-making as a less restrictive alternative to guardianship for adults with developmental disabilities.",2,2025-10-15,https://legiscan.com/OH/bill/SB35/2025
OH,1945642,,Revise the law governing the practice of optometry,"To amend sections 4725.01, 4725.011, 4725.02, 4725.09, 4725.11, 4725.12, 4725.121, 4725.13, 4725.15, 4725.16, 4725.18, 4725.19, 4725.20, 4725.21, 4725.23, 4725.231, 4725.24, 4725.25, 4725.26, 4725.27, 4725.31, 4725.34, 4725.35, 4725.501, 4725.531, and 4725.59, to enact section 4725.012, and to repeal section 4725.131 of the Revised Code to revise the law governing the practice of optometry.",1,2025-01-28,https://legiscan.com/OH/bill/SB36/2025
OH,1945984,,Require presidential primary election to be held on specified day,To amend section 3501.01 of the Revised Code to require a presidential primary election to be held on the first Tuesday after the first Monday in May.,1,2025-01-28,https://legiscan.com/OH/bill/SB37/2025
OH,1945859,,Establish liability standard for certain food-related injuries,To enact section 2307.56 of the Revised Code to provide for a reasonable expectation test in determining liability for injury caused by consumption of food containing a substance injurious to health and for the jury to make that determination.,1,2025-01-28,https://legiscan.com/OH/bill/SB38/2025
OH,1945935,,Provide for informational poster on veteran benefits and services,To enact section 4113.13 of the Revised Code regarding the creation and display of a poster containing information on benefits and services for veterans.,4,2025-09-30,https://legiscan.com/OH/bill/SB39/2025
OH,1945510,,Authorize tax credit for pregnancy resource center donations,To amend sections 5747.98 and 5751.98 and to enact sections 5747.74 and 5751.56 of the Revised Code to authorize a nonrefundable tax credit for donations to certain pregnancy resource centers and maternity homes.,1,2025-01-28,https://legiscan.com/OH/bill/SB40/2025
OH,1945568,,Designate Day of Tears,"To enact section 5.57 of the Revised Code to designate January 22 as the ""Day of Tears.""",1,2025-01-28,https://legiscan.com/OH/bill/SB41/2025
OH,1945627,,Authorize residential stability zones with property tax exemption,"To amend sections 4503.06, 5713.07, 5713.08, and 5715.27 and to enact sections 5709.29 and 5709.99 of the Revised Code to authorize local governments to create residential stability zones where homeowners may qualify for a partial property tax exemption.",1,2025-01-28,https://legiscan.com/OH/bill/SB42/2025
OH,1945728,,Repeal the authorization of a special county lodging tax,To amend section 5739.09 of the Revised Code to repeal the authorization of a special county lodging tax.,1,2025-01-28,https://legiscan.com/OH/bill/SB43/2025
OH,1945817,,Allow students to concurrently receive certain state scholarships,"To amend sections 3310.034, 3310.51, and 3310.52 of the Revised Code to permit students to concurrently receive an Educational Choice scholarship or Pilot Project scholarship and either an Autism or Jon Peterson Special Needs scholarship and to make an appropriation.",1,2025-01-28,https://legiscan.com/OH/bill/SB44/2025
OH,1945763,,Expand eligibility for county sewer discounted rates or charges,To amend section 6117.02 of the Revised Code to expand eligibility for county sewer discounted rates or charges.,1,2025-01-28,https://legiscan.com/OH/bill/SB45/2025
OH,1945802,,Add screening awareness to Colorectal Cancer Awareness Month,To amend section 5.2219 of the Revised Code to add screening awareness to Colorectal Cancer Awareness Month.,1,2025-01-28,https://legiscan.com/OH/bill/SB46/2025
OH,1945902,,"Require certain disclosures of for-profit school, college status","To amend sections 3332.031, 3333.046, 4709.05, and 4713.07 and to enact section 3314.033 of the Revised Code to require disclosure of the for-profit status of community school operators and post-secondary educational institutions on various promotional materials and contracts for employment.",1,2025-01-28,https://legiscan.com/OH/bill/SB47/2025
OH,1945484,,Regards auditing of chartered nonpublic schools,To amend section 117.113 of the Revised Code regarding the auditing of chartered nonpublic schools.,1,2025-01-28,https://legiscan.com/OH/bill/SB48/2025
OH,1945470,,Regards right of first refusal-acquiring school district property,"To amend sections 3313.41, 3318.08, and 5705.10; to enact new section 3313.411; and to repeal sections 3313.411, 3313.412, and 3313.413 of the Revised Code to eliminate the right of first refusal for certain schools in the acquisition of school district real property.",1,2025-01-28,https://legiscan.com/OH/bill/SB49/2025
OH,1945699,,"Regards age and schooling certificates, minor work hours",To amend sections 3331.02 and 4109.07 of the Revised Code regarding age and schooling certificate requirements and work hours for a person under sixteen years of age.,3,2025-11-05,https://legiscan.com/OH/bill/SB50/2025
OH,1945961,,Establish legislative oversight of executive unemployment action,To enact section 4141.433 of the Revised Code to establish legislative oversight of executive action regarding voluntary federal unemployment compensation programs.,1,2025-01-28,https://legiscan.com/OH/bill/SB51/2025
OH,1945789,,Designate Congressman David Hobson Memorial Highway,"To enact section 5534.59 of the Revised Code to designate a portion of U.S. Route 33 in Fairfield County and I-70 in Clark County as the ""Congressman David Hobson Memorial Highway.""",2,2025-06-18,https://legiscan.com/OH/bill/SB52/2025
OH,1945947,,Regards civil actions for vandalism or riot activity injuries,To amend section 2307.70 and to enact section 309.081 of the Revised Code regarding civil actions by persons who suffer injury or loss due to vandalism or riot activity.,1,2025-01-28,https://legiscan.com/OH/bill/SB53/2025
OH,1945976,,Certify specialty residential construction contractor,To amend section 4740.99 and to enact section 4740.18 of the Revised Code to establish a certification for specialty residential construction contractors.,1,2025-01-28,https://legiscan.com/OH/bill/SB54/2025
OH,1945714,,"Regards operating under the influence of marihuana, OVI evidence","To amend sections 1547.11, 3701.143, 4511.181, and 4511.19 of the Revised Code to change the laws pertaining to operating a vehicle or watercraft while under the influence of marihuana and the admissibility of evidence for purposes of OVI statutes.",2,2025-10-08,https://legiscan.com/OH/bill/SB55/2025
OH,1945498,,Revise medical and adult-use marijuana laws; levy marijuana taxes,"To amend sections 9.79, 109.572, 121.04, 121.08, 131.02, 519.21, 715.013, 928.02, 928.03, 928.04, 2925.01, 3376.07, 3719.01, 3719.41, 3796.01, 3796.02, 3796.021, 3796.03, 3796.032, 3796.05, 3796.06, 3796.061, 3796.07, 3796.08, 3796.09, 3796.10, 3796.11, 3796.12, 3796.13, 3796.14, 3796.15, 3796.16, 3796.17, 3796.18, 3796.19, 3796.20, 3796.21, 3796.22, 3796.23, 3796.24, 3796.27, 3796.28, 3796.29, 3796.30, 3796.31, 4506.01, 4729.01, 4729.80, 4735.18, 4776.01, 4796.25, 5502.01, 5502.13, 5502.14, 5703.052, and 5713.30; to amend, for the purpose of adopting a new section number as indicated in parentheses, section 3780.37 (3796.34); to enact new section 928.01 and sections 928.031, 928.08, 2953.321, 3779.21, 3779.211, 3779.22, 3779.23, 3779.24, 3779.25, 3779.26, 3779.27, 3779.28, 3779.29, 3779.30, 3779.99, 3796.04, 3796.062, 3796.221, 3796.32, 3796.33, 3796.40, 3796.99, and 5119.171; and to repeal sections 928.01, 3780.01, 3780.02, 3780.03, 3780.04, 3780.05, 3780.06, 3780.07, 3780.08, 3780.09, 3780.10, 3780.11, 3780.12, 3780.13, 3780.14, 3780.15, 3780.16, 3780.17, 3780.20, 3780.21, 3780.22, 3780.24, 3780.25, 3780.26, 3780.27, 3780.28, 3780.29, 3780.30, 3780.31, 3780.32, 3780.33, 3780.34, 3780.35, 3780.36, 3780.90, 3780.99, and 3796.021 of the Revised Code; and to repeal the versions of sections 3779.21, 3779.211, 3779.22, 3779.23, 3779.24, 3779.25, 3779.26, 3779.27, 3779.28, 3779.29, 3779.30, and 3779.99 of the Revised Code enacted by this act effective December 31, 2026, to revise specified provisions of the liquor control, hemp, and adult-use marijuana laws, and to make an appropriation, and to amend section 4506.01 of the Revised Code effective December 31, 2026, to revise the law governing commercial driver's licenses.",4,2026-03-20,https://legiscan.com/OH/bill/SB56/2025
OH,1945772,,Enact the Ohio Bitcoin Reserve Act,"To amend sections 9.16, 113.40, and 2981.12 and to enact sections 135.146 and 5703.83 of the Revised Code to authorize investment of state funds in bitcoin, to require state entities to accept payment in cryptocurrency, and to name this act the Ohio Bitcoin Reserve Act.",1,2025-01-28,https://legiscan.com/OH/bill/SB57/2025
OH,1945614,,"Expand eligibility: grandparent POA, caretaker affidavits","To amend sections 3109.51, 3109.52, 3109.53, 3109.54, 3109.59, 3109.60, 3109.65, 3109.66, 3109.67, 3109.69, 3109.70, 3109.71, 3109.74, 3109.76, 3310.51, 3313.64, 3313.649, and 3313.672 of the Revised Code to expand who is eligible to execute a grandparent power of attorney or a caretaker authorization affidavit.",1,2025-01-28,https://legiscan.com/OH/bill/SB58/2025
OH,1945584,,Exempt firearms and ammunition from sales and use tax,"To amend sections 107.036, 5739.02, 5747.98, and 5751.98 and to enact sections 122.1712, 5747.053, and 5751.56 of the Revised Code to exempt from the sales and use tax the sale of certain firearms and ammunition and to authorize refundable tax credits for small arms and ammunition manufacturing projects.",1,2025-01-28,https://legiscan.com/OH/bill/SB59/2025
OH,1945746,,"Establish veterinarian telehealth visit requirements, procedures",To amend section 4741.04 and to enact section 4741.041 of the Revised Code to establish requirements and procedures for veterinarian telehealth visits.,2,2025-06-04,https://legiscan.com/OH/bill/SB60/2025
OH,1945655,,Regards courts and court procedures,"To amend sections 1901.021, 1901.14, 1901.22, 1901.31, 1907.20, 2111.011, 2307.23, 2317.02, 2317.021, 2317.41, 2317.422, 2939.03, 2939.06, 2941.61, 2943.02, 2945.51, 2945.52, 2945.53, and 2945.54 and to repeal sections 1901.16, 1901.41, 1907.21, 1907.231, 2101.12, 2101.121, 2101.14, 2101.141, 2301.141, 2317.03, 2317.40, 2317.42, 2939.02, 2939.20, 2941.021, 2943.03, 2943.04, 2945.12, 2945.30, 2945.31, 2945.33, 2945.34, 2945.41, 2945.45, and 2945.50 of the Revised Code relative to courts and court procedures.",2,2025-10-15,https://legiscan.com/OH/bill/SB61/2025
OH,1945891,,Enact the School Bus Safety Act,"To amend sections 4503.10, 4503.102, 4503.12, 4511.75, 4511.751, and 4511.76; to amend, for the purpose of adopting a new section number as indicated in parentheses, section 4511.751 (4511.752); and to enact new section 4511.751 and sections 5.501, 3327.18, 3327.19, 4511.753, 4511.754, 4511.755, 4511.756, and 4511.757 of the Revised Code to authorize a civil penalty system related to drivers who illegally pass a school bus but cannot be identified, to designate the month of August as ""School Bus Safety Awareness Month,"" and to designate this act as the School Bus Safety Act.",1,2025-01-28,https://legiscan.com/OH/bill/SB62/2025
OH,1945875,,Prohibit use of ranked choice voting; withhold funding for use,"To amend sections 3501.01, 3513.05, 3513.262, 3513.263, and 5747.502 and to enact sections 3505.011, 3513.141, 5747.504, and 5747.505 of the Revised Code to generally prohibit the use of ranked choice voting, to withhold Local Government Fund distributions from a municipality or chartered county that uses ranked choice voting, and to make changes to election petition records.",4,2026-06-16,https://legiscan.com/OH/bill/SB63/2025
OH,1956310,,Increase penalties for companion animal cruelty offenses,To amend sections 955.54 and 959.99 and to enact section 959.23 of the Revised Code to increase the penalties for violating companion animal cruelty offenses and to prohibit a felony animal abuse offender from owning a companion animal in certain circumstances.,1,2025-02-04,https://legiscan.com/OH/bill/SB64/2025
OH,1956334,,"Revise product contracts, vehicle agreements, motor vehicle laws","To amend sections 1317.05, 3905.426, 4509.06, and 4509.70 and to enact section 1310.251 of the Revised Code to modify the law governing ancillary product protection contracts, vehicle value protection agreements, and uninsured drivers.",2,2025-06-11,https://legiscan.com/OH/bill/SB65/2025
OH,1956232,,"Include certain levies, taxes in school millage floor calculation","To amend section 319.301 of the Revised Code to include emergency levies, substitute levies, all inside millage, and school district income taxes in the calculation of a school district's effective millage floor.",1,2025-02-04,https://legiscan.com/OH/bill/SB66/2025
OH,1956370,,Regards support payments under the Ohio Works First program,"To amend sections 5107.05, 5107.10, and 5107.20 of the Revised Code regarding the pass-through of support payments under the Ohio Works First program.",1,2025-02-04,https://legiscan.com/OH/bill/SB67/2025
OH,1956301,,Establish the Nonchartered Educational Savings Account Program,"To amend sections 3317.02, 3317.022, 3317.03, and 5747.75 and to enact sections 3310.21, 3310.22, 3310.23, 3310.24, 3310.25, and 3310.26 of the Revised Code to establish the Nonchartered Educational Savings Account Program and to make an appropriation.",1,2025-02-04,https://legiscan.com/OH/bill/SB68/2025
OH,1956116,,Reform the state's public retirement system law,To declare the General Assembly's intent to enact legislation to reform the law governing the state's public retirement systems.,1,2025-02-04,https://legiscan.com/OH/bill/SB69/2025
OH,1956217,,Enact the Ohio Fairness Act,"To amend sections 4112.01 and 4112.05 of the Revised Code to enact the Ohio Fairness Act to prohibit discrimination on the basis of sexual orientation or gender identity or expression, to add mediation as an informal method that the Ohio Civil Rights Commission may use, and to uphold existing religious exemptions under Ohio's Civil Rights Law.",1,2025-02-04,https://legiscan.com/OH/bill/SB70/2025
OH,1956429,,Prohibit conversion therapy for minors by certain professionals,"To enact sections 4723.95, 4731.45, 4732.34, 4743.11, 4757.46, and 4758.73 of the Revised Code to prohibit certain licensed health care professionals from engaging in conversion therapy for minor patients.",1,2025-02-04,https://legiscan.com/OH/bill/SB71/2025
OH,1956184,,"Regards filing false claims with the state, defrauding the state","To enact sections 2749.01, 2749.02, 2749.03, 2749.04, 2749.05, 2749.06, 2749.07, 2749.08, 2749.09, and 2749.10 of the Revised Code regarding filing false or fraudulent claims with the state and defrauding the state of money or property.",1,2025-02-04,https://legiscan.com/OH/bill/SB72/2025
OH,1956255,,Enact Creating a Respectful and Open World for Natural Hair Act,"To amend sections 3314.03, 3326.11, 3328.24, and 4112.01 and to enact section 3313.6612 of the Revised Code to enact the Creating a Respectful and Open World for Natural Hair (CROWN) Act to prohibit discrimination against an individual based on hair texture and protective hair styles.",1,2025-02-04,https://legiscan.com/OH/bill/SB73/2025
OH,1956467,,Create the fair paycheck workplace certificate,"To enact sections 4145.01, 4145.02, 4145.03, 4145.04, 4145.05, and 4145.06 of the Revised Code to create the fair paycheck workplace certificate.",1,2025-02-04,https://legiscan.com/OH/bill/SB74/2025
OH,1956198,,Increase penalty for failure to report a lost or stolen firearm,To amend section 2923.20 of the Revised Code to increase the penalty for failure to report a lost or stolen firearm.,1,2025-02-04,https://legiscan.com/OH/bill/SB75/2025
OH,1956476,,Regards the debarment of state vendors,"To amend sections 125.25, 153.02, and 5513.06 of the Revised Code regarding the debarment of state vendors.",1,2025-02-04,https://legiscan.com/OH/bill/SB76/2025
OH,1956269,,Require a system to anonymously report wage discrimination,To enact section 4112.041 of the Revised Code to require the Ohio Civil Rights Commission to establish a system for individuals to anonymously report wage discrimination.,1,2025-02-04,https://legiscan.com/OH/bill/SB77/2025
OH,1956156,,Establish and operate the Ohio Health Care Plan,"To amend section 109.02 and to enact sections 3920.01, 3920.02, 3920.03, 3920.04, 3920.05, 3920.06, 3920.07, 3920.08, 3920.09, 3920.10, 3920.11, 3920.12, 3920.13, 3920.14, 3920.15, 3920.21, 3920.22, 3920.23, 3920.24, 3920.25, 3920.26, 3920.27, 3920.28, 3920.31, 3920.32, and 3920.33 of the Revised Code to establish and operate the Ohio Health Care Plan to provide universal health care coverage to all Ohio residents.",1,2025-02-04,https://legiscan.com/OH/bill/SB78/2025
OH,1956347,,Regulate the use of pricing algorithms,"To amend sections 1331.01, 1331.04, and 1331.16 and to enact sections 1331.05 and 1331.50 of the Revised Code to regulate the use of pricing algorithms.",1,2025-02-04,https://legiscan.com/OH/bill/SB79/2025
OH,1956489,,Allow a county to implement a motor fuel quality testing program,To amend section 1327.70 of the Revised Code to authorize a county to implement a motor fuel quality testing program.,1,2025-02-04,https://legiscan.com/OH/bill/SB80/2025
OH,1956415,,Authorize a property tax freeze for certain owner-occupied homes,"To amend sections 323.152, 323.153, 323.156, 323.158, 4503.06, 4503.066, 4503.067, 4503.069, and 4503.0610 and to enact section 4503.0612 of the Revised Code to authorize a property tax freeze for certain owner-occupied homes.",1,2025-02-04,https://legiscan.com/OH/bill/SB81/2025
OH,1956529,,Specify election official status for public records law purposes,To amend section 149.43 of the Revised Code to specify that certain election officials are designated public service workers for purposes of the public records law.,1,2025-02-04,https://legiscan.com/OH/bill/SB82/2025
OH,1956536,,"Revise eviction, code enforcement, and real property transfer law","To amend sections 319.20, 1923.06, 1923.08, 1923.09, 3781.10, and 5321.17 and to enact sections 120.522, 120.531, 319.204, 1923.111, 1923.16, and 3781.181 of the Revised Code to revise the law governing eviction, residential building code enforcement, and real property transfers.",1,2025-02-04,https://legiscan.com/OH/bill/SB83/2025
OH,1956561,,Designate Stillbirth Prevention Day,"To enact section 5.57 of the Revised Code to designate September 19th as ""Stillbirth Prevention Day.""",1,2025-02-04,https://legiscan.com/OH/bill/SB84/2025
OH,1956402,,Create the Ohio NAACP license plate,"To amend section 4501.21 and to enact section 4503.589 of the Revised Code to create the ""Ohio NAACP"" license plate.",2,2025-06-18,https://legiscan.com/OH/bill/SB85/2025
OH,1956289,,"Regulate and tax intoxicating hemp, drinkable cannabinoid product","To amend sections 131.02, 715.013, 928.01, 928.03, 4506.01, 5502.01, 5502.13, 5502.14, 5703.052, 5703.053, 5703.19, 5703.263, 5703.50, 5703.70, and 5703.77 and to enact sections 3779.01, 3779.02, 3779.03, 3779.04, 3779.05, 3779.06, 3779.21, 3779.22, 3779.23, 3779.24, 3779.25, 3779.26, 3779.27, 3779.28, 3779.29, 3779.40, 3779.41, 3779.42, 3779.43, 3779.431, 3779.44, 3779.45, 3779.451, 3779.46, 3779.47, 3779.48, and 3779.99 of the Revised Code to generally prohibit the sale of intoxicating hemp products, except for sales at licensed dispensaries; to regulate drinkable cannabinoid products, and to levy taxes on drinkable cannabinoid products and other intoxicating hemp products that may be sold.",2,2025-04-30,https://legiscan.com/OH/bill/SB86/2025
OH,1964916,,Define antisemitism; expand the offense of ethnic intimidation,"To amend sections 2927.12 and 4112.01 and to enact sections 124.92 and 4112.20 of the Revised Code to define antisemitism for specific purposes and to expand the offense of ethnic intimidation to include the offenses of riot and aggravated riot committed by reason of the race, color, religion, or national origin of another person or group of persons.",2,2026-03-04,https://legiscan.com/OH/bill/SB87/2025
OH,1964980,,Enact the Ohio Property Protection Act,"To amend sections 319.202, 5301.256, and 5323.02 of the Revised Code to modify the law that prohibits certain governments, businesses, and individuals from acquiring certain real property and to name this act the Ohio Property Protection Act.",1,2025-02-10,https://legiscan.com/OH/bill/SB88/2025
OH,1964865,,"Authorize tax deduction for gym membership, personal training",To amend section 5747.01 of the Revised Code to authorize a personal income tax deduction for gym memberships and personal training.,1,2025-02-10,https://legiscan.com/OH/bill/SB89/2025
OH,1964785,,Create regulatory relief division; establish regulatory sandbox,"To enact sections 1357.01, 1357.02, 1357.03, 1357.04, 1357.05, 1357.06, 1357.07, 1357.08, 1357.09, 1357.10, 1357.11, and 1357.12 of the Revised Code to create a regulatory relief division within the common sense initiative office and to establish a universal regulatory sandbox program.",1,2025-02-10,https://legiscan.com/OH/bill/SB90/2025
OH,1964882,,Authorize private vendor contract for specialty license plates,"To amend sections 4503.038, 4503.19, and 5502.68 and to enact sections 4503.261 and 4503.262 of the Revised Code to authorize a contract with a private vendor for the issuance of specialty license plates.",1,2025-02-10,https://legiscan.com/OH/bill/SB91/2025
OH,1964950,,Authorize total property tax exemption-totally disabled veterans,To amend sections 323.152 and 4503.065 of the Revised Code to authorize a total property tax exemption for the homesteads of totally disabled veterans and their surviving spouses.,1,2025-02-10,https://legiscan.com/OH/bill/SB92/2025
OH,1965014,,"Create new school financing system with state property, sales tax",To declare the General Assembly's intent to establish a new school financing system that provides a statewide per-pupil funding payment to public and chartered nonpublic schools based on a single statewide property tax and increased state sales tax.,1,2025-02-10,https://legiscan.com/OH/bill/SB93/2025
OH,1964899,,Regards broadcasts of intercollegiate athletic competitions,To enact section 3345.88 of the Revised Code regarding broadcasts of intercollegiate athletic competitions.,1,2025-02-10,https://legiscan.com/OH/bill/SB94/2025
OH,1964807,,Designate Chief of Police James G. Jackson Memorial Highway,"To enact section 5534.428 of the Revised Code to designate a portion of I-71 in Columbus as the ""Chief of Police James G. Jackson Memorial Highway.""",2,2025-05-14,https://legiscan.com/OH/bill/SB95/2025
OH,1964824,,Authorize tax credit for handgun training and firearms storage,To amend sections 5747.08 and 5747.98 and to enact sections 5747.87 and 5747.88 of the Revised Code to authorize a nonrefundable income tax credit for the cost of handgun training and firearms storage and locking devices.,1,2025-02-10,https://legiscan.com/OH/bill/SB96/2025
OH,1964971,,Double fines for failing to yield to a funeral procession,To amend section 4511.451 of the Revised Code to double fines for failing to yield to a funeral procession.,1,2025-02-10,https://legiscan.com/OH/bill/SB97/2025
OH,1964961,,Prohibit firearm possession - certain domestic violence offenses,To amend sections 2923.13 and 2923.14 of the Revised Code to prohibit a person who is charged with or has been convicted of first degree misdemeanor domestic violence from possessing a firearm or dangerous ordnance.,1,2025-02-10,https://legiscan.com/OH/bill/SB98/2025
OH,1964790,,Revise Public Utilities Commission nominating council and process,To amend sections 4901.02 and 4901.021 and to enact section 4901.022 of the Revised Code to make various changes to the Public Utilities Commission nominating council and nomination process.,1,2025-02-10,https://legiscan.com/OH/bill/SB99/2025
OH,1964935,,Exclude certain agricultural entities from insurance regulations,To enact section 3901.96 of the Revised Code to exclude nonprofit agricultural membership organizations from insurance regulations.,4,2025-09-30,https://legiscan.com/OH/bill/SB100/2025
OH,1965008,,Regards recording of certain real property documents,"To amend sections 317.08, 3123.67, 4123.78, 4141.23, 5301.071, 5301.255, 5301.99, 5719.04, 5739.13, 5747.13, and 5749.07 and to enact sections 5301.75, 5301.76, 5301.77, and 5301.78 of the Revised Code to require certain liens filed with the county recorder to set forth the last known address of the lien debtor, to require a memorandum of trust or other qualifying instrument concerning real property to be recorded, and to prohibit certain contracts regarding residential real estate.",4,2026-03-17,https://legiscan.com/OH/bill/SB101/2025
OH,1965989,,Enact the Gus Frangos Act,"To amend sections 319.48, 319.54, 321.261, 321.263, 321.343, 323.25, 323.26, 323.28, 323.31, 323.33, 323.47, 323.65, 323.66, 323.67, 323.68, 323.69, 323.691, 323.70, 323.71, 323.72, 323.73, 323.75, 323.76, 323.77, 323.78, 323.79, 505.86, 715.261, 721.28, 1721.10, 1724.02, 2329.153, 3737.87, 3745.11, 3767.41, 5709.12, 5709.91, 5709.911, 5713.083, 5715.02, 5721.01, 5721.02, 5721.03, 5721.04, 5721.06, 5721.13, 5721.17, 5721.18, 5721.19, 5721.192, 5721.20, 5721.25, 5721.26, 5721.30, 5721.32, 5721.33, 5721.37, 5722.01, 5722.02, 5722.03, 5722.031, 5722.04, 5722.05, 5722.06, 5722.07, 5722.08, 5722.10, 5722.11, 5722.14, 5722.15, 5722.21, 5722.22, 5723.01, 5723.03, 5723.04, 5723.05, 5723.06, 5723.10, 5723.12, 5723.13, 5723.18, and 5739.02; to enact sections 5709.58, 5721.183, 5721.193, and 5723.20; and to repeal sections 323.74, 5721.14, 5721.15, 5721.16, 5722.09, and 5722.13 of the Revised Code to make changes to the law relating to tax foreclosures and county land reutilization corporations, and to name this act the Gus Frangos Act.",1,2025-02-11,https://legiscan.com/OH/bill/SB102/2025
OH,1973529,,Allow alternative rate plans for certain natural gas companies,"To amend sections 4909.042, 4909.05, 4909.06, 4909.07, 4909.08, 4909.15, 4909.156, 4909.159, 4909.173, 4909.174, 4909.18, 4909.421, 4928.01, and 4928.05 and to enact sections 4909.157, 4909.182, 4929.052, 4929.053, 4929.054, 4929.055, 4929.056, 4929.057, and 4929.058 of the Revised Code to allow for alternative rate plans for natural gas companies to serve large load customers and to make changes to the process of valuating property for certain public utilities.",4,2026-03-20,https://legiscan.com/OH/bill/SB103/2025
OH,1973550,,"Regards local regulation, taxing of short-term rental properties","To amend sections 351.01, 351.021, 353.06, 4735.11, 5739.01, 5739.08, 5739.09, 5739.091, and 5741.01 and to enact section 5325.01 of the Revised Code to limit the authority of local governments to regulate short-term rental properties, to extend local lodging taxes to short-term rentals, to require collection of those taxes by short-term rental platforms, and to require real estate licenses to be issued electronically.",1,2025-02-14,https://legiscan.com/OH/bill/SB104/2025
OH,1973629,,Enact Alyssa's Law,"To amend sections 3314.03, 3326.11, and 3328.24 and to enact section 3313.88 of the Revised Code to enact Alyssa's Law to require public and chartered nonpublic schools to implement a wearable panic alert system and to make an appropriation.",1,2025-02-14,https://legiscan.com/OH/bill/SB105/2025
OH,1973742,,Regulate the ownership of electric vehicle charging stations,"To amend sections 4928.01, 4928.03, and 4928.041 of the Revised Code regarding electric vehicle charging stations.",2,2026-02-18,https://legiscan.com/OH/bill/SB106/2025
OH,1973778,,"Include state, district school board members on partisan ballot","To amend sections 3501.01, 3505.03, 3505.04, 3513.254, 3513.255, 3513.256, and 3513.259 of the Revised Code to require state and school district board members to appear on the ballot with a party designation.",1,2025-02-18,https://legiscan.com/OH/bill/SB107/2025
OH,1973726,,Regards entities providing behind-the-meter utility services,"To amend section 4905.02 and to enact sections 4933.51, 4933.52, 4933.54, 4933.56, 4933.57, 4933.59, 4933.60, and 4933.63 of the Revised Code to exempt from regulation as a public utility certain persons or entities providing behind-the-meter utility services and to allow the Public Utilities Commission to register providers of such services.",1,2025-02-18,https://legiscan.com/OH/bill/SB108/2025
OH,1973563,,Provide no-cost breakfast and lunch to students,"To amend sections 3301.91 and 3313.819 of the Revised Code to provide breakfast and lunch at no cost to public and chartered nonpublic school students, and to make an appropriation.",1,2025-02-18,https://legiscan.com/OH/bill/SB109/2025
OH,1973681,,Modify tax credits under the rural business growth program,"To amend sections 122.15, 122.151, 122.152, 122.153, 122.154, 122.155, 5725.98, and 5729.98 of the Revised Code to modify the availability of and eligibility for tax credits awarded under the rural business growth program.",1,2025-02-18,https://legiscan.com/OH/bill/SB110/2025
OH,1975300,,Designate Henrietta Lacks Day,"To enact section 5.2322 of the Revised Code to designate October 4th as ""Henrietta Lacks Day.""",2,2025-11-19,https://legiscan.com/OH/bill/SB111/2025
OH,1984114,,Establish appointment procedures for constitutional convention,"To enact sections 3523.13, 3523.14, 3523.15, 3523.16, 3523.17, 3523.18, and 3523.99 of the Revised Code to establish procedures for appointing delegates to a convention of the states under Article V of the United States Constitution.",1,2025-02-25,https://legiscan.com/OH/bill/SB112/2025
OH,1984284,,"Prohibit diversity, equity, and inclusion in public schools","To amend sections 3314.03, 3326.11, and 3328.24 and to enact section 3313.475 of the Revised Code to prohibit diversity, equity, and inclusion in public schools.",1,2025-02-25,https://legiscan.com/OH/bill/SB113/2025
OH,1984173,,"Prohibit law enforcement from using quotas for arrests, citations",To enact section 109.70 of the Revised Code to prohibit law enforcement agencies from using quotas for arrests and citations.,4,2025-09-30,https://legiscan.com/OH/bill/SB114/2025
OH,1983985,,Revise the Securities Law,"To amend sections 1707.01, 1707.03, 1707.09, 1707.091, 1707.092, 1707.13, 1707.23, and 1707.39 of the Revised Code to make changes to the Securities Law.",1,2025-02-25,https://legiscan.com/OH/bill/SB115/2025
OH,1984211,,Reduce tangible personal property tax for pipe-line companies,To amend section 5727.111 of the Revised Code to reduce the tangible personal property tax assessment rate for pipe-line companies.,1,2025-02-25,https://legiscan.com/OH/bill/SB116/2025
OH,1984096,,Regulate the provision of earned wage access services,"To amend section 1321.21 and to enact sections 1320.01, 1320.02, 1320.03, 1320.04, 1320.05, 1320.06, 1320.07, 1320.08, 1320.09, and 1320.10 of the Revised Code to regulate the provision of earned wage access services.",1,2025-02-25,https://legiscan.com/OH/bill/SB117/2025
OH,1983929,,"Regards lien limits for unpaid water, sewer, disposal services","To amend sections 321.261, 701.10, 729.49, 735.29, 743.04, and 743.06 and to enact sections 319.65, 701.101, 701.102, 701.103, 701.20, 701.21, 701.22, 701.23, 701.24, 701.25, 701.26, 701.30, 701.31, 701.32, 701.33, 701.35, 701.36, 701.37, 701.38, 701.39, 701.40, 729.491, 729.492, 729.493, 735.291, 735.292, 743.041, 743.042, 1901.187, and 1907.033 of the Revised Code regarding limitations on recovery and lien imposition by municipalities against property owners of non-owner-occupied properties for unpaid water, sewer, and disposal services rates and charges.",1,2025-02-25,https://legiscan.com/OH/bill/SB118/2025
OH,1984132,,Designate the Freedom Parkway,"To enact section 5534.967 of the Revised Code to designate a portion of U.S. Route 36 in Delaware County as the ""Freedom Parkway.""",2,2025-06-18,https://legiscan.com/OH/bill/SB119/2025
OH,1984019,,Establish the Urban Farmer Youth Initiative Pilot Program,"To amend sections 3781.06, 3781.061, and 5713.30 of the Revised Code relating to temporary greenhouses and building codes, to establish the Urban Farmer Youth Initiative Pilot Program, to codify certain property tax requirements for agricultural land, and to make an appropriation.",1,2025-02-25,https://legiscan.com/OH/bill/SB120/2025
OH,1984307,,Designate Counseling Awareness Month,"To enact section 5.2322 of the Revised Code to designate April as ""Counseling Awareness Month.""",1,2025-02-25,https://legiscan.com/OH/bill/SB121/2025
OH,1984153,,Regards local authority for agricultural land zoning resolutions,To amend sections 303.21 and 519.21 of the Revised Code to eliminate the authority of townships and counties to adopt zoning resolutions for agricultural land under certain circumstances.,1,2025-02-25,https://legiscan.com/OH/bill/SB122/2025
OH,1984002,,Prohibit law enforcement from charging fees for certain videos,To amend section 149.43 of the Revised Code to prohibit a law enforcement agency for charging a fee for preparing or producing a video public record for a person known or presumed to be depicted in the video.,1,2025-02-25,https://legiscan.com/OH/bill/SB123/2025
OH,1983962,,Increase assault penalty if victim is a transit system operator,To amend sections 2903.13 and 2917.41 and to enact section 306.20 of the Revised Code to increase the penalty for assault when the victim is an operator of an Ohio transit system bus or rail car; to authorize Ohio transit systems to post a sign regarding abuse or assault of staff; and to increase the penalty for evading payment of the known fares of a public transportation system.,1,2025-02-25,https://legiscan.com/OH/bill/SB124/2025
OH,1984042,,Require licensure of commercial roofing contractors,"To amend sections 715.27, 3781.102, 4740.01, 4740.02, 4740.04, 4740.12, 4740.13, and 4764.03 of the Revised Code to require licensure of commercial roofing contractors.",1,2025-02-25,https://legiscan.com/OH/bill/SB125/2025
OH,1984394,,Exempt from sales and use tax certain logistics business items,"To amend section 5739.02 of the Revised Code to exempt from sales and use tax items purchased by a logistics business to transport manufactured products, general merchandise, and grocery products.",1,2025-02-25,https://legiscan.com/OH/bill/SB126/2025
OH,1984592,,Regards closure requirements for poor-performing public schools,"To amend sections 3301.0712, 3302.03, 3302.034, 3302.036, 3302.12, 3313.413, 3314.012, 3314.016, 3314.017, 3314.0211, 3314.03, 3314.05, 3314.29, 3314.352, 3314.353, and 3314.354; to enact new section 3314.35 and section 3326.53; and to repeal sections 3314.35, 3314.351, 3314.355, and 3314.36 of the Revised Code regarding closure requirements or other actions for poor-performing public schools.",1,2025-02-26,https://legiscan.com/OH/bill/SB127/2025
OH,1984894,,Regards Ohio ABLE accounts,To amend sections 113.51 and 113.53 of the Revised Code regarding Ohio ABLE accounts and to make an appropriation.,1,2025-02-26,https://legiscan.com/OH/bill/SB128/2025
OH,1991500,,Authorize tax credit for employer group health plan premiums,"To amend sections 5725.98, 5726.98, 5729.98, 5747.98, and 5751.98 and to enact sections 5725.39, 5726.62, 5727.242, 5727.301, 5729.22, 5736.51, 5747.74, and 5751.56 of the Revised Code to authorize a refundable tax credit for a portion of employer group health plan premiums.",1,2025-03-04,https://legiscan.com/OH/bill/SB129/2025
OH,1991507,,Designate Arab American Heritage Month,"To enact section 5.266 of the Revised Code to designate April as ""Arab American Heritage Month.""",1,2025-03-04,https://legiscan.com/OH/bill/SB130/2025
OH,1991466,,Clarify compensatory damages for damaged vehicles,To amend section 2315.18 of the Revised Code to clarify compensatory damages for damaged vehicles.,1,2025-03-04,https://legiscan.com/OH/bill/SB131/2025
OH,1992121,,Enact the PRESERVE Act,"To enact section 1509.023 of the Revised Code to prohibit the removal of oil or gas from under state lands via horizontal wells and to name this act the Protecting public Resources, Ecosystems, and Sensitive lands from Extraction, Violation, and Exploitation (PRESERVE) Act.",1,2025-03-05,https://legiscan.com/OH/bill/SB132/2025
OH,1992075,,Abolish the death penalty; revise number of juror challenges,"To amend sections 9.07, 120.03, 120.041, 120.06, 120.14, 120.16, 120.18, 120.24, 120.26, 120.28, 120.33, 120.34, 149.43, 149.436, 1901.183, 2152.13, 2152.67, 2301.20, 2307.60, 2317.02, 2701.07, 2743.51, 2901.02, 2909.24, 2929.02, 2929.13, 2929.14, 2929.61, 2930.19, 2937.222, 2941.021, 2941.14, 2941.148, 2941.401, 2941.43, 2941.51, 2945.06, 2945.10, 2945.13, 2945.21, 2945.25, 2945.33, 2945.38, 2949.02, 2949.03, 2953.02, 2953.07, 2953.08, 2953.09, 2953.10, 2953.21, 2953.23, 2953.71, 2953.72, 2953.73, 2953.81, 2967.05, 2967.12, 2967.13, 2967.193, 2967.194, 2971.03, 2971.07, 5120.113, 5120.53, 5120.61, 5139.04, and 5919.16 and to repeal sections 109.97, 120.35, 2725.19, 2929.021, 2929.022, 2929.023, 2929.024, 2929.025, 2929.03, 2929.04, 2929.05, 2929.06, 2945.20, 2947.08, 2949.21, 2949.22, 2949.221, 2949.222, 2949.24, 2949.25, 2949.26, 2949.27, 2949.28, 2949.29, 2949.31, and 2967.08 of the Revised Code to abolish the death penalty and to modify the number of jurors that may be challenged in cases where a defendant may be sentenced to life imprisonment.",1,2025-03-05,https://legiscan.com/OH/bill/SB133/2025
OH,1992938,,Abolish death penalty; regards funding of lethal injection drugs,"To amend sections 9.04, 9.07, 120.03, 120.041, 120.06, 120.14, 120.16, 120.18, 120.24, 120.26, 120.28, 120.33, 120.34, 149.43, 149.436, 149.45, 1901.183, 2152.13, 2152.67, 2301.20, 2307.60, 2317.02, 2701.07, 2743.51, 2901.02, 2909.24, 2929.02, 2929.13, 2929.14, 2929.61, 2930.19, 2937.222, 2941.021, 2941.14, 2941.148, 2941.401, 2941.43, 2941.51, 2945.06, 2945.10, 2945.13, 2945.21, 2945.25, 2945.33, 2945.38, 2949.02, 2949.03, 2953.02, 2953.07, 2953.08, 2953.09, 2953.10, 2953.21, 2953.23, 2953.71, 2953.72, 2953.73, 2953.81, 2967.05, 2967.12, 2967.13, 2967.193, 2967.194, 2971.03, 2971.07, 3901.87, 5101.56, 5120.113, 5120.53, 5120.61, 5139.04, and 5919.16 and to repeal sections 109.97, 120.35, 2725.19, 2929.021, 2929.022, 2929.023, 2929.024, 2929.025, 2929.03, 2929.04, 2929.05, 2929.06, 2945.20, 2947.08, 2949.21, 2949.22, 2949.221, 2949.222, 2949.24, 2949.25, 2949.26, 2949.27, 2949.28, 2949.29, 2949.31, and 2967.08 of the Revised Code to abolish the death penalty, to modify the number of jurors that may be challenged in cases where a defendant may be sentenced to life imprisonment, and to prohibit public funding for the use of lethal injection drugs in nontherapeutic abortions, assisting suicide, and executing a death sentence.",1,2025-03-05,https://legiscan.com/OH/bill/SB134/2025
OH,1992723,,Regards real property foreclosures and estate sales,"To amend sections 2127.38, 2329.01, 2329.151, 2329.152, 2329.153, 2329.17, 2329.18, 2329.19, 2329.20, 2329.211, 2329.26, 2329.27, 2329.312, 2329.52, and 5721.10 of the Revised Code relating to real property foreclosures and estate sales.",1,2025-03-05,https://legiscan.com/OH/bill/SB135/2025
OH,1999851,,"Establish process to regulate carbon capture, storage technology","To enact sections 1509.71, 1509.72, 1509.73, 1509.75, 1509.76, 1509.77, 1509.79, 5301.57, 5301.58, 5301.59, and 5301.60 of the Revised Code to establish a process to regulate carbon capture and storage technologies and the geologic sequestration of carbon dioxide for long-term storage.",1,2025-03-11,https://legiscan.com/OH/bill/SB136/2025
OH,1999973,,Require hospitals to provide overdose reversal drugs,"To enact sections 3727.81, 3727.811, and 5119.192 of the Revised Code to require hospitals to provide overdose reversal drugs under certain circumstances.",4,2026-03-10,https://legiscan.com/OH/bill/SB137/2025
OH,1999755,,"Modify alcohol, drug addiction, and mental health services laws","To amend sections 340.011, 340.03, 340.032, 340.036, 340.041, 340.05, 340.08, 5119.22, 5119.221, 5119.25, and 5119.99 and to enact section 340.038 of the Revised Code to modify various laws regarding boards of alcohol, drug addiction, and mental health services and to impose penalties for not registering recovery housing residences.",4,2025-09-30,https://legiscan.com/OH/bill/SB138/2025
OH,2000021,,Designate Judge Nathaniel R. Jones Day,"To enact section 5.295 of the Revised Code to designate May 13 as ""Judge Nathaniel R. Jones Day.""",1,2025-03-11,https://legiscan.com/OH/bill/SB139/2025
OH,1999944,,Regards freestanding birthing centers,To enact section 3702.35 of the Revised Code regarding freestanding birthing centers.,1,2025-03-11,https://legiscan.com/OH/bill/SB140/2025
OH,2000035,,Authorize tax levies supporting pre-kindergarten programs,To amend section 5705.19 and to enact section 307.852 of the Revised Code to authorize counties and other political subdivisions to place on the ballot tax levies supporting pre-kindergarten programs and to establish conditions on a county's use of moneys derived from the levied tax.,1,2025-03-11,https://legiscan.com/OH/bill/SB141/2025
OH,1999954,,Phase out subminimum wage for individuals with disabilities,"To amend sections 4111.06, 4111.14, 5122.28, 5123.022, 5123.023, 5123.87, 5747.98, and 5751.98 and to enact sections 3304.45, 4111.061, 5747.87, and 5751.56 of the Revised Code to phase out the subminimum wage for individuals with physical or mental disabilities, to authorize a tax credit for purchases made from nonprofit corporations that hire such individuals, and to name this act the Ohio Employment First and Greater Opportunities for Persons with Disabilities Act.",1,2025-03-11,https://legiscan.com/OH/bill/SB142/2025
OH,1999887,,Prohibit employment application question re: criminal background,To enact section 4113.86 of the Revised Code to prohibit private employers from including on an employment application any question concerning the criminal background of the applicant.,1,2025-03-11,https://legiscan.com/OH/bill/SB143/2025
OH,2000037,,Regards educator license grade bands,To amend sections 3319.079 and 3319.22 of the Revised Code regarding educator licensure.,2,2025-10-29,https://legiscan.com/OH/bill/SB144/2025
OH,2005582,,Rename the Department of Development; modify the housing law,"To amend sections 9.47, 9.66, 107.03, 107.21, 117.55, 121.02, 121.03, 121.35, 122.01, 122.011, 122.012, 122.013, 122.014, 122.02, 122.03, 122.04, 122.041, 122.042, 122.05, 122.06, 122.07, 122.071, 122.073, 122.075, 122.077, 122.08, 122.081, 122.082, 122.083, 122.085, 122.086, 122.087, 122.088, 122.089, 122.0810, 122.0811, 122.0812, 122.0813, 122.0814, 122.0815, 122.0816, 122.0817, 122.09, 122.10, 122.11, 122.121, 122.131, 122.132, 122.133, 122.134, 122.135, 122.136, 122.14, 122.15, 122.151, 122.152, 122.153, 122.154, 122.155, 122.156, 122.16, 122.17, 122.171, 122.172, 122.173, 122.174, 122.175, 122.176, 122.177, 122.178, 122.179, 122.1710, 122.1711, 122.18, 122.19, 122.20, 122.21, 122.22, 122.23, 122.24, 122.25, 122.26, 122.27, 122.29, 122.291, 122.30, 122.31, 122.32, 122.33, 122.35, 122.36, 122.37, 122.38, 122.401, 122.403, 122.406, 122.4017, 122.4018, 122.4019, 122.4020, 122.4023, 122.4024, 122.4030, 122.4031, 122.4032, 122.4033, 122.4034, 122.4035, 122.4036, 122.4037, 122.4040, 122.4043, 122.4044, 122.4045, 122.4046, 122.4050, 122.4051, 122.4055, 122.4063, 122.4070, 122.4071, 122.4073, 122.4075, 122.4076, 122.4077, 122.41, 122.42, 122.43, 122.44, 122.45, 122.451, 122.46, 122.47, 122.48, 122.49, 122.52, 122.53, 122.54, 122.55, 122.56, 122.561, 122.57, 122.571, 122.58, 122.59, 122.60, 122.601, 122.602, 122.603, 122.604, 122.605, 122.61, 122.62, 122.63, 122.631, 122.632, 122.633, 122.64, 122.641, 122.6510, 122.6511, 122.6512, 122.67, 122.68, 122.681, 122.69, 122.70, 122.701, 122.71, 122.72, 122.73, 122.74, 122.75, 122.76, 122.77, 122.78, 122.79, 122.80, 122.81, 122.82, 122.84, 122.85, 122.851, 122.852, 122.86, 122.88, 122.89, 122.90, 122.91, 122.92, 122.921, 122.922, 122.923, 122.924, 122.925, 122.94, 122.941, 122.942, 122.951, 122.9511, 122.9512, 122.96, 123.01, 123.22, 125.08, 125.081, 125.111, 125.20, 125.836, 125.901, 126.023, 126.32, 126.62, 140.01, 145.035, 149.311, 150.02, 151.40, 153.59, 164.02, 165.01, 165.03, 165.20, 166.01, 166.02, 166.03, 166.04, 166.05, 166.06, 166.07, 166.08, 166.09, 166.12, 166.13, 166.14, 166.15, 166.16, 166.17, 166.18, 166.19, 166.20, 166.21, 166.25, 166.27, 167.02, 169.05, 173.08, 174.01, 174.02, 174.03, 174.04, 174.05, 174.06, 174.07, 175.03, 175.04, 175.06, 175.15, 176.01, 176.07, 184.01, 184.151, 184.16, 187.01, 187.03, 187.04, 187.05, 187.061, 191.02, 191.03, 191.10, 191.13, 191.15, 191.17, 191.19, 191.27, 191.30, 191.33, 191.35, 191.37, 191.40, 191.44, 191.45, 308.21, 321.261, 321.262, 333.03, 333.04, 333.05, 340.13, 703.34, 709.024, 709.192, 715.70, 715.72, 902.04, 991.02, 1517.14, 1551.01, 1551.05, 1551.06, 1551.11, 1551.12, 1551.15, 1551.19, 1551.20, 1551.311, 1551.32, 1551.33, 1551.35, 1555.02, 1555.03, 1555.04, 1555.05, 1555.06, 1555.08, 1555.17, 1728.01, 1728.07, 3326.02, 3327.17, 3333.373, 3333.50, 3366.01, 3366.03, 3366.04, 3735.27, 3735.39, 3735.66, 3735.671, 3735.672, 3735.673, 3735.69, 3742.32, 3746.121, 3746.20, 3775.04, 3780.03, 3780.19, 4121.123, 4164.04, 4164.12, 4301.17, 4303.181, 4303.262, 4503.591, 4582.58, 4901.021, 4906.02, 4928.06, 4928.43, 4928.51, 4928.52, 4928.53, 4928.54, 4928.543, 4928.544, 4928.55, 4928.56, 4928.57, 4928.58, 4928.581, 4928.582, 4928.583, 4928.61, 4928.62, 4928.63, 4928.75, 4929.16, 4929.161, 4929.163, 4981.02, 4981.03, 5101.16, 5104.30, 5117.02, 5117.03, 5117.04, 5117.05, 5117.07, 5117.071, 5117.08, 5117.09, 5117.10, 5117.12, 5117.22, 5119.34, 5120.07, 5126.071, 5126.18, 5501.031, 5531.08, 5703.0510, 5709.12, 5709.211, 5709.212, 5709.22, 5709.40, 5709.41, 5709.45, 5709.48, 5709.51, 5709.61, 5709.62, 5709.63, 5709.631, 5709.632, 5709.633, 5709.64, 5709.66, 5709.67, 5709.671, 5709.68, 5709.69, 5709.73, 5709.78, 5709.82, 5709.87, 5709.88, 5709.882, 5717.02, 5725.32, 5725.33, 5726.54, 5726.55, 5726.59, 5727.75, 5729.032, 5729.16, 5733.33, 5733.34, 5733.352, 5733.58, 5733.59, 5747.01, 5747.331, 5747.51, 5747.66, 5747.67, 5751.52, 5751.54, 5751.55, 6111.12, 6121.02, and 6123.031 and to enact sections 122.634 and 122.635 of the Revised Code to rename the Department of Development to the Department of Housing and Development and to otherwise modify the law related to housing.",1,2025-03-12,https://legiscan.com/OH/bill/SB145/2025
OH,2005566,,Codify the common law action for piercing the corporate veil,"To enact section 2307.36 of the Revised Code to codify the elements of the common law cause of action for ""piercing the corporate veil.""",2,2025-10-29,https://legiscan.com/OH/bill/SB146/2025
OH,2010872,,Revise solid waste and construction and demolition debris laws,"To amend sections 343.01, 343.011, 343.012, 343.022, 343.08, 3714.07, 3714.073, 3734.521, 3734.53, 3734.56, 3734.57, 3734.574, and 3745.015 and to enact section 3734.522 of the Revised Code to make changes to the laws governing the transfer and disposal of solid waste and construction and demolition debris and to provide for new procedures governing a county's withdrawal from a joint solid waste management district.",4,2025-09-30,https://legiscan.com/OH/bill/SB147/2025
OH,2010789,,Designate Specialist Lloyd Andrew Sellers Memorial Highway,"To enact section 5534.675 of the Revised Code to designate a portion of State Route 2 in Lake County as the ""Specialist Lloyd Andrew Sellers Memorial Highway.""",4,2026-03-20,https://legiscan.com/OH/bill/SB148/2025
OH,2010821,,Enter into the Respiratory Care Interstate Compact,To enact sections 4761.20 and 4761.21 of the Revised Code to enter into the Respiratory Care Interstate Compact.,1,2025-03-18,https://legiscan.com/OH/bill/SB149/2025
OH,2010739,,"Increase sports gaming tax; allocate for athletics, sports venues","To amend sections 123.28, 123.281, 5753.021, and 5753.031 and to enact section 123.282 of the Revised Code to increase the sports gaming tax, to allocate revenue from the increased tax to fund sports venues and interscholastic athletics, and to create a commission to evaluate projects and award sports venue funds.",1,2025-03-18,https://legiscan.com/OH/bill/SB150/2025
OH,2010780,,Allow certain natural gas suppliers to offer carbon offsets,"To amend section 4929.02 and to enact sections 4929.51, 4929.52, 4929.53, 4929.55, 4929.57, and 4929.59 of the Revised Code to allow for competitive retail natural gas service suppliers to offer carbon offsets to customers.",2,2026-02-11,https://legiscan.com/OH/bill/SB151/2025
OH,2011594,,Allow wild animal rehab facility to get euthanasia drug permit,"To amend sections 4729.01, 4729.36, 4729.531, 4729.532, 4729.54, and 4729.55 of the Revised Code to allow wild animal rehabilitation facilities to receive a limited license to administer euthanasia drugs and to modify the law regarding the use of terms that are limited to pharmacies and pharmacists.",4,2026-03-04,https://legiscan.com/OH/bill/SB152/2025
OH,2011514,,Require citizenship verification before an elector may vote,"To amend sections 303.12, 303.59, 307.94, 3501.01, 3501.38, 3501.381, 3501.39, 3503.13, 3503.14, 3503.15, 3503.151, 3503.152, 3503.153, 3503.16, 3503.19, 3503.20, 3503.21, 3503.33, 3505.181, 3505.182, 3505.183, 3505.20, 3509.02, 3509.03, 3509.04, 3509.05, 3509.051, 3509.06, 3509.07, 3509.08, 3509.09, 3511.02, 3511.04, 3511.05, 3511.09, 3511.11, 3511.14, 3513.07, 3513.261, 3517.01, 3517.12, 3519.02, 3519.05, 3519.16, 3599.12, and 3599.21 and to enact sections 3503.201, 3503.202, and 3511.052 of the Revised Code to require verification of an elector's citizenship before the elector may vote and to modify procedures regarding voter registration, voter roll maintenance, absent voting, and election petitions.",1,2025-03-19,https://legiscan.com/OH/bill/SB153/2025
OH,2014767,,Regards long-term care facility resident's room monitoring,"To amend sections 3721.60, 3721.61, 3721.62, 3721.63, 3721.65, and 3721.66 of the Revised Code to make changes regarding electronic monitoring of a resident's room in a long-term care facility.",1,2025-03-25,https://legiscan.com/OH/bill/SB154/2025
OH,2014764,,Revise the real estate wholesaler law,To amend sections 4735.18 and 4735.24 and to enact section 5301.95 of the Revised Code to amend the law related to real estate wholesalers.,4,2026-03-02,https://legiscan.com/OH/bill/SB155/2025
OH,2014766,,Regards the success sequence curriculum,To enact sections 3301.0717 and 3313.6025 of the Revised Code regarding the success sequence curriculum.,2,2025-10-22,https://legiscan.com/OH/bill/SB156/2025
OH,2014765,,Reduce statute of limitations for contract actions,To amend sections 2305.06 and 2305.07 of the Revised Code to reduce the statute of limitations for bringing an action upon a written or oral contract.,1,2025-03-25,https://legiscan.com/OH/bill/SB157/2025
OH,2018965,,Prohibit student cellular telephone use in public schools,To amend sections 3313.753 and 5502.262 of the Revised Code to generally prohibit student cellular telephone use in public schools.,2,2025-05-14,https://legiscan.com/OH/bill/SB158/2025
OH,2019032,,Regards film and theater production tax credits,"To amend sections 122.85, 5726.98, 5747.98, and 5751.98 and to repeal sections 122.852, 5726.59, 5747.67, and 5751.55 of the Revised Code to modify the film and theater production tax credit and to repeal the film and theater capital improvement tax credit.",1,2025-04-01,https://legiscan.com/OH/bill/SB159/2025
OH,2019191,,Regards prescription drugs and medication switching,To enact section 3902.65 of the Revised Code regarding prescription drugs and medication switching.,1,2025-04-01,https://legiscan.com/OH/bill/SB160/2025
OH,2018997,,Require ODJFS to seek permission-exclude certain items from SNAP,To enact section 5101.548 of the Revised Code to require the Director of Job and Family Services to seek permission to exclude certain items from the Supplemental Nutrition Assistance Program.,1,2025-04-01,https://legiscan.com/OH/bill/SB161/2025
OH,2019131,,Regards timing of health insurer recoupment from providers,To amend section 3901.388 of the Revised Code regarding the timeframe for health insurer recoupment from health care providers.,1,2025-04-01,https://legiscan.com/OH/bill/SB162/2025
OH,2018937,,"Regards AI images, simulated child porn, replica identity fraud","To amend sections 1345.51, 2907.321, 2907.322, 2907.323, and 2913.49 and to enact section 1349.10 of the Revised Code to require AI-generated products have a watermark, to prohibit simulated child pornography, and to prohibit identity fraud using a replica of a person.",1,2025-04-01,https://legiscan.com/OH/bill/SB163/2025
OH,2019064,,Regulate the use of artificial intelligence by health insurers,To amend section 3902.50 and to enact section 3902.80 of the Revised Code to regulate the use of artificial intelligence by health insurers.,1,2025-04-01,https://legiscan.com/OH/bill/SB164/2025
OH,2019102,,Prohibit denial of health insurance claim for certain factors,To amend sections 1753.28 and 3923.65 and to enact sections 1753.29 and 3923.66 of the Revised Code to prohibit a health insuring corporation or sickness and accident insurer from reducing or denying a claim based on certain factors.,1,2025-04-01,https://legiscan.com/OH/bill/SB165/2025
OH,2019023,,"Prohibit health insurance, Medicaid electronic claim fees",To amend sections 3901.382 and 5164.46 of the Revised Code to prohibit fees for electronic claims submission by health insurer and the Medicaid program.,1,2025-04-01,https://legiscan.com/OH/bill/SB166/2025
OH,2019170,,Require certain application store-based parental controls,To enact section 1349.07 of the Revised Code to require certain application store-based parental controls.,1,2025-04-01,https://legiscan.com/OH/bill/SB167/2025
OH,2019216,,Regards school district acquisition of preschool class facilities,To enact section 3318.72 of the Revised Code regarding school district acquisition of preschool classroom facilities.,1,2025-04-02,https://legiscan.com/OH/bill/SB168/2025
OH,2022180,,Require training on emotional intelligence for peace officers,To amend sections 109.71 and 109.79 and to enact section 109.7413 of the Revised Code to require training on emotional intelligence for peace officers.,1,2025-04-08,https://legiscan.com/OH/bill/SB169/2025
OH,2022275,,Regards investigational treatments for certain illnesses,"To enact sections 4729.891, 4731.971, 4731.972, 4731.973, 4731.975, 4731.976, 4731.977, 4731.978, 4731.979, and 4731.9710 of the Revised Code regarding individualized investigational treatments for life-threatening or severely debilitating illnesses.",1,2025-04-08,https://legiscan.com/OH/bill/SB170/2025
OH,2022238,,Enact the Public Access to Professional Sports Act,"To amend sections 123.28, 123.281, and 307.696 and to enact section 123.282 of the Revised Code to condition public funds for sports facilities on the sport franchise's performance and other criteria, and to name this act the Public Access to Professional Sports Act.",1,2025-04-08,https://legiscan.com/OH/bill/SB171/2025
OH,2022167,,Specify persons unlawfully present are not privileged from arrest,To enact section 9.631 of the Revised Code to specify that persons who are unlawfully present in the United States are not privileged from arrest.,2,2025-06-18,https://legiscan.com/OH/bill/SB172/2025
OH,2022141,,Regards school district territory annexations,To amend section 3311.06 of the Revised Code regarding school district territory annexations.,1,2025-04-08,https://legiscan.com/OH/bill/SB173/2025
OH,2022254,,Regards allocation of parenting responsibilities,"To amend sections 109.65, 313.121, 1713.55, 1733.242, 2108.81, 2111.08, 2151.011, 2151.23, 2151.33, 2151.90, 2301.03, 2307.50, 2317.02, 2701.03, 2705.031, 2901.30, 3101.041, 3105.011, 3105.21, 3105.63, 3105.65, 3109.03, 3109.04, 3109.043, 3109.05, 3109.051, 3109.052, 3109.054, 3109.055, 3109.06, 3109.061, 3109.09, 3109.11, 3109.12, 3109.401, 3109.41, 3109.42, 3109.43, 3109.44, 3109.47, 3109.48, 3109.50, 3109.51, 3109.52, 3109.53, 3109.55, 3109.56, 3109.58, 3109.60, 3109.65, 3109.66, 3109.68, 3109.74, 3111.13, 3111.26, 3111.381, 3113.31, 3119.01, 3119.06, 3119.07, 3119.08, 3119.24, 3119.82, 3119.87, 3119.964, 3125.03, 3125.06, 3125.43, 3127.01, 3127.11, 3127.23, 3127.35, 3310.51, 3313.205, 3313.64, 3313.666, 3313.672, 3313.712, 3313.96, 3313.98, 3319.321, 3321.01, 3323.143, 3328.01, 3332.25, 3333.26, 3345.85, 3701.503, 3780.33, 3796.24, 3902.13, 3924.47, 5104.017, 5104.018, 5104.039, 5107.02, 5120.652, 5120.653, 5123.01, 5153.16, and 5180.14; to amend, for the purpose of adopting new section numbers as indicated in parentheses, sections 3109.043 (3109.0497), 3109.051 (3109.0515), 3109.054 (3109.0550), and 3109.055 (3109.0570); to enact new sections 3109.041, 3109.042, 3109.054, and 3109.055 and sections 3109.044, 3109.045, 3109.046, 3109.047, 3109.048, 3109.049, 3109.0410, 3109.0411, 3109.0412, 3109.0414, 3109.0415, 3109.0416, 3109.0417, 3109.0418, 3109.0419, 3109.0420, 3109.0421, 3109.0422, 3109.0423, 3109.0424, 3109.0425, 3109.0426, 3109.0428, 3109.0430, 3109.0432, 3109.0433, 3109.0434, 3109.0435, 3109.0436, 3109.0439, 3109.0440, 3109.0441, 3109.0442, 3109.0445, 3109.0446, 3109.0449, 3109.0450, 3109.0451, 3109.0452, 3109.0453, 3109.0455, 3109.0456, 3109.0457, 3109.0458, 3109.0459, 3109.0461, 3109.0462, 3109.0463, 3109.0465, 3109.0466, 3109.0467, 3109.0468, 3109.0470, 3109.0471, 3109.0472, 3109.0473, 3109.0474, 3109.0475, 3109.0476, 3109.0477, 3109.0478, 3109.0479, 3109.0482, 3109.0483, 3109.0484, 3109.0485, 3109.0486, 3109.0487, 3109.0488, 3109.0489, 3109.0490, 3109.0491, 3109.0492, 3109.0493, 3109.0498, 3109.056, 3109.057, 3109.058, 3109.059, 3109.0510, 3109.0511, 3109.0512, 3109.0516, 3109.0517, 3109.0518, 3109.0519, 3109.0521, 3109.0522, 3109.0523, 3109.0524, 3109.0526, 3109.0527, 3109.0528, 3109.0529, 3119.071, and 3119.072; and to repeal sections 3109.041, 3109.042, and 3109.053 of the Revised Code regarding the allocation of parenting responsibilities in a parenting plan.",2,2025-11-12,https://legiscan.com/OH/bill/SB174/2025
OH,2022114,,"Establish age verification, parental consent for apps, developers","To enact sections 1349.07, 1349.071, 1349.072, 1349.073, 1349.074, 1349.075, and 1349.076 of the Revised Code to establish age verification and parental consent requirements for certain developers and application stores.",1,2025-04-09,https://legiscan.com/OH/bill/SB175/2025
OH,2024728,,Enact the Digital Fair Repair Act,"To enact sections 1350.01, 1350.011, 1350.02, 1350.03, 1350.04, and 1350.05 of the Revised Code to enact the Digital Fair Repair Act.",1,2025-04-17,https://legiscan.com/OH/bill/SB176/2025
OH,2024762,,Create Workforce Investment Now (WIN) for Child Care pilot,To create the Workforce Investment Now (WIN) for Child Care pilot program to provide publicly funded child care to child care staff members and to make an appropriation.,1,2025-04-17,https://legiscan.com/OH/bill/SB177/2025
OH,2026092,,"Form Missing Women-Black, Indigenous, People of Color task force","To enact section 2901.44 of the Revised Code to create the Task Force on Missing Women and Girls who are Black, Indigenous, or People of Color and to make an appropriation.",1,2025-04-23,https://legiscan.com/OH/bill/SB178/2025
OH,2026023,,Verify veteran status of imprisoned individuals,To amend sections 341.02 and 5901.03 and to enact section 341.43 of the Revised Code to verify the veteran status of imprisoned individuals and individuals facing imprisonment.,2,2025-06-11,https://legiscan.com/OH/bill/SB179/2025
OH,2025996,,Prohibit purchase of drones made by a covered foreign entity,To enact section 5501.84 of the Revised Code to prohibit the purchase of small unmanned aircraft systems manufactured or assembled by a covered foreign entity.,1,2025-04-23,https://legiscan.com/OH/bill/SB180/2025
OH,2026065,,"Regards limestone, dolomite mining; increase severance taxes","To amend sections 1514.01, 1514.02, 1514.021, 1514.022, 1514.023, 1514.024, 1514.03, 1514.04, 1514.05, 1514.07, 1514.071, 1514.08, 1514.09, 1514.11, 1514.40, 1514.41, 1514.42, 1514.43, 1514.44, 1514.45, 1514.46, 1514.50, 1514.99, 1563.11, and 5749.02 and to enact sections 1514.091, 1514.092, 1514.093, 1514.48, 1514.60, 1514.61, 1514.62, 1514.63, 1514.64, 1514.65, 1514.66, 1514.67, 1514.68, 1514.69, 1514.70, 1514.71, and 1514.72 of the Revised Code to establish regulations for the underground mining of limestone and dolomite and to increase certain severance tax rates.",1,2025-04-23,https://legiscan.com/OH/bill/SB181/2025
OH,2027130,,Designate John E. Gallagher Way,"To enact section 5534.926 of the Revised Code to designate a portion of State Route 10 in Cleveland as ""John E. Gallagher Way.""",2,2025-06-25,https://legiscan.com/OH/bill/SB182/2025
OH,2027059,,Require certain construction industry employers to use E-verify,"To enact sections 4151.01, 4151.02, 4151.03, 4151.04, 4151.05, 4151.06, and 4151.07 of the Revised Code to require certain construction industry employers to use E-verify and to sanction specified hiring practices in the industry.",1,2025-04-29,https://legiscan.com/OH/bill/SB183/2025
OH,2027104,,"Create residential development districts, housing grant program",To enact sections 122.634 and 122.635 of the Revised Code to establish residential economic development districts and to create a grant program for housing developments within such districts.,1,2025-04-29,https://legiscan.com/OH/bill/SB184/2025
OH,2027123,,"Revise dog law, including dangerous and vicious dogs","To amend sections 304.02, 304.03, 715.23, 901.80, 935.03, 955.01, 955.011, 955.012, 955.02, 955.03, 955.04, 955.05, 955.06, 955.07, 955.10, 955.11, 955.12, 955.121, 955.14, 955.16, 955.20, 955.22, 955.221, 955.222, 955.26, 955.261, 955.40, 955.43, 955.44, 955.50, 955.54, 959.132, 1533.12, 1901.18, 1907.031, 2913.01, and 2921.321; to amend, for the purpose of adopting new section numbers as indicated in parentheses, sections 955.01 (955.02), 955.011 (955.021), 955.012 (955.022), 955.013 (955.023), 955.02 (955.01), 955.09 (955.08), 955.10 (955.09), 955.22 (955.24), 955.221 (955.10), 955.222 (955.23), and 955.40 (955.262); to enact new sections 955.21 and 955.22 and section 955.60; and to repeal sections 955.08, 955.21, 955.23, 955.24, 955.25, 955.39, 955.51, 955.52, 955.53, and 955.99 of the Revised Code to make changes to the laws governing dogs, including dangerous and vicious dogs.",1,2025-04-29,https://legiscan.com/OH/bill/SB185/2025
OH,2027066,,"Create a music incubator program, certain sales tax rebates",To amend section 5739.21 and to enact section 122.97 of the Revised Code to create a music incubator program to provide sales tax rebates to certain music venues and festival promoters.,1,2025-04-29,https://legiscan.com/OH/bill/SB186/2025
OH,2027094,,Create temporary tax credit - sound recording company investment,To amend sections 107.036 and 5747.98 and to enact sections 122.853 and 5747.68 of the Revised Code to temporarily authorize a refundable income tax credit for investing in a sound recording production company.,1,2025-04-29,https://legiscan.com/OH/bill/SB187/2025
OH,2027118,,Regards failure to comply with an order of law enforcement,To amend sections 2921.331 and 2929.14 of the Revised Code to expand the offense of failure to comply with an order or signal of a law enforcement officer.,1,2025-04-29,https://legiscan.com/OH/bill/SB188/2025
OH,2027578,,Create the COSI specialty license plate,"To amend section 4501.21 and to enact section 4503.742 of the Revised Code to create the ""COSI"" specialty license plate.",2,2025-10-08,https://legiscan.com/OH/bill/SB189/2025
OH,2029268,,Enact A Good Deal for Ohio Act,"To amend sections 122.175, 131.44, 131.51, 319.30, 319.301, 319.54, 321.24, 321.26, 323.08, 323.152, 323.155, 323.158, 351.01, 351.021, 353.06, 718.83, 1509.01, 1509.02, 1509.11, 1509.34, 1513.08, 1513.182, 3301.91, 3313.819, 3354.24, 3354.25, 4503.06, 4503.065, 5703.021, 5703.052, 5703.19, 5703.80, 5709.92, 5709.93, 5715.19, 5715.30, 5739.01, 5739.02, 5739.03, 5739.05, 5739.08, 5739.09, 5739.091, 5741.01, 5747.01, 5747.02, 5747.03, 5747.031, 5747.08, 5747.10, 5747.38, 5747.41, 5747.71, 5747.98, 5749.01, 5749.02, 5749.04, 5749.06, 5749.07, 5749.08, 5749.10, 5749.11, 5749.12, 5749.13, 5749.14, 5749.15, 5751.01, and 5751.20; to enact section 5747.87; and to repeal sections 319.302, 1509.50, 5739.41, and 5751.40 of the Revised Code and to amend Section 259.30 of H.B. 33 of the 135th General Assembly to modify the law governing property, income, sales and use, severance, and lodging taxes; to provide breakfast and lunch at no cost to public and chartered nonpublic school students; to increase the Local Government Fund; to modify funding for the Low- and Moderate-income Housing Trust Fund; and to name this act A Good Deal for Ohio.",1,2025-05-06,https://legiscan.com/OH/bill/SB190/2025
OH,2029387,,Regards disadvantaged pupil impact aid for certain schools,To enact section 3317.251 of the Revised Code regarding disadvantaged pupil impact aid for scholarship students attending chartered nonpublic schools and to make an appropriation.,1,2025-05-07,https://legiscan.com/OH/bill/SB191/2025
OH,2029439,,Declare intent to provide funding re: housing in rural counties,"To declare the General Assembly's intent to provide funding for the purpose of developing, repairing, or upgrading infrastructure that services housing in rural counties.",1,2025-05-07,https://legiscan.com/OH/bill/SB192/2025
OH,2031224,,Designate Captain Joshua Michael McClimans Memorial Highway,"To enact section 5534.609 of the Revised Code to designate a portion of State Route 241 in Summit County as the ""Captain Joshua Michael McClimans Memorial Highway.""",1,2025-05-13,https://legiscan.com/OH/bill/SB193/2025
OH,2031172,,Make various changes to public assistance benefits programs,"To amend sections 5101.54, 5101.542, 5101.84, and 5101.98 and to enact sections 5101.042, 5101.543, 5101.546, 5101.95, and 5101.96 of the Revised Code to make various changes to public assistance benefits programs.",1,2025-05-13,https://legiscan.com/OH/bill/SB194/2025
OH,2031211,,Revise volunteer fire department and volunteer firefighter law,"To amend sections 124.1310, 323.151, 323.152, 323.153, 3737.22, 3901.86, 4113.41, 4765.01, 4765.55, 5747.08, and 5747.98 and to enact sections 3333.27, 4765.551, 4765.61, 5747.87, and 5747.88 of the Revised Code to make changes regarding volunteer fire departments and volunteer firefighters and to make an appropriation.",1,2025-05-13,https://legiscan.com/OH/bill/SB195/2025
OH,2031188,,Limit the amount of fees charged in connection with ticket sales,To enact section 1345.53 of the Revised Code to limit the amount of fees charged in connection with ticket sales.,1,2025-05-13,https://legiscan.com/OH/bill/SB196/2025
OH,2031116,,"Legalize, tax internet gambling; make other Gambling Law changes","To amend sections 109.32, 109.572, 119.12, 121.95, 131.02, 173.121, 718.031, 959.05, 1309.109, 1711.09, 1716.21, 2915.01, 2915.02, 2915.06, 2915.061, 2915.08, 2915.081, 2915.082, 2915.09, 2915.091, 2915.092, 2915.093, 2915.094, 2915.095, 2915.10, 2915.101, 2915.11, 2915.12, 2915.13, 2915.14, 2915.15, 2923.121, 2927.21, 2933.51, 3123.89, 3123.90, 3517.091, 3763.01, 3769.03, 3769.031, 3769.04, 3769.041, 3769.05, 3769.06, 3769.07, 3769.071, 3769.072, 3769.08, 3769.082, 3769.083, 3769.084, 3769.085, 3769.087, 3769.089, 3769.0810, 3769.09, 3769.091, 3769.10, 3769.101, 3769.12, 3769.13, 3769.131, 3769.14, 3769.20, 3769.201, 3769.21, 3769.22, 3769.25, 3769.26, 3769.27, 3770.02, 3770.03, 3770.05, 3770.06, 3770.07, 3770.071, 3770.072, 3770.073, 3770.08, 3770.10, 3770.13, 3770.21, 3770.24, 3770.25, 3770.99, 3772.01, 3772.02, 3772.03, 3772.031, 3772.04, 3772.062, 3772.07, 3772.09, 3772.091, 3772.10, 3772.13, 3772.131, 3772.15, 3772.16, 3772.17, 3772.18, 3772.23, 3772.31, 3772.37, 3772.99, 3774.01, 3774.02, 3774.03, 3774.04, 3774.09, 3775.01, 3775.02, 3775.03, 3775.06, 3775.09, 3775.10, 3775.11, 3775.13, 3775.99, 4301.03, 4301.58, 4303.17, 5701.11, 5747.01, 5747.02, 5747.062, 5747.063, 5747.08, 5747.12, 5747.20, 5751.01, 5753.01, 5753.021, 5753.03, 5753.031, and 5907.18; to amend, for the purpose of adopting new section numbers as indicated in parentheses, sections 173.121 (3768.20), 2915.06 (3777.03), 2915.061 (3777.04), 2915.07 (3768.18), 2915.08 (3768.04), 2915.081 (3768.16), 2915.082 (3768.17), 2915.09 (3768.05), 2915.091 (3768.06), 2915.092 (3768.02), 2915.093 (3768.07), 2915.094 (3768.08), 2915.095 (3768.09), 2915.10 (3768.14), 2915.101 (3768.13), 2915.11 (3768.15), 2915.12 (3768.19), 2915.13 (3768.10), 2915.14 (3768.11), 2915.15 (3768.12), 3769.01 (3769.02), 3770.01 (3770.011), 3770.10 (3770.01), and 5907.18 (3768.21); to enact new section 3769.01 and sections 3768.01, 3768.03, 3768.22, 3768.23, 3769.081, 3769.11, 3769.99, 3770.211, 3770.212, 3770.213, 3770.214, 3770.26, 3771.01, 3771.02, 3771.03, 3771.04, 3771.05, 3771.06, 3771.07, 3771.08, 3771.09, 3771.10, 3771.11, 3771.12, 3771.13, 3771.99, 3772.113, 3772.132, 3772.221, 3772.231, 3772.28, 3772.281, 3772.311, 3772.312, 3772.313, 3772.314, 3772.315, 3772.316, 3772.317, 3772.38, 3772.39, 3772.40, 3772.41, 3772.98, 3777.01, 3777.02, 3777.05, 3777.06, 5753.022, and 5753.032; and to repeal sections 3769.02, 3769.021, 3770.23, 3772.25, 3775.16, and 5747.064 of the Revised Code to legalize internet gambling and levy a tax on businesses that provide internet gambling, to permit internet lottery gaming and online wagering on horse racing, to make other changes to the Gambling Law, and to make an appropriation.",1,2025-05-13,https://legiscan.com/OH/bill/SB197/2025
OH,2031096,,Prohibit certain actions re: reimbursing 340B covered entities,"To amend sections 3902.50 and 3902.70; to amend, for the purpose of adopting a new section number as indicated in parentheses, section 3902.72 (3902.75); and to enact new section 3902.72 of the Revised Code to prohibit drug manufacturers from taking certain actions regarding reimbursements made to 340B covered entities.",1,2025-05-13,https://legiscan.com/OH/bill/SB198/2025
OH,2031492,,Levy a fee on gross sports gaming wagers; specify revenue use,"To amend sections 123.28, 123.281, 5753.01, 5753.031, 5753.04, 5753.05, 5753.06, 5753.07, 5753.08, and 5753.12 and to enact sections 123.282 and 5753.022 of the Revised Code to levy a fee on gross sports gaming wagers and to use revenue from the fee to support publicly owned professional sports facilities and interscholastic athletics.",1,2025-05-14,https://legiscan.com/OH/bill/SB199/2025
OH,2031483,,Create Ohio Israel Trade and Innovation Partnership,To enact section 122.1712 of the Revised Code to create the Ohio Israel Trade and Innovation Partnership and to make an appropriation.,1,2025-05-14,https://legiscan.com/OH/bill/SB200/2025
OH,2031521,,"Revise milk inspection fees, agricultural commodity handler law","To amend section 917.031 and to enact section 926.181 of the Revised Code to revise the milk inspection fees, to require large agricultural commodity handlers to execute a surety bond in case of failure, and to make an appropriation.",1,2025-05-14,https://legiscan.com/OH/bill/SB201/2025
OH,2031468,,Enact the Chief Steven DiSario Act,"To amend sections 4781.40, 5301.072, 5311.191, and 5321.131 of the Revised Code to prohibit manufactured home park operators, condominium associations, neighborhood associations, and landlords from restricting the display of the thin blue line flag and to name this act the Chief Steven DiSario Act.",1,2025-05-14,https://legiscan.com/OH/bill/SB202/2025
OH,2031501,,Require political subdivisions to adopt a cybersecurity program,To enact section 9.64 of the Revised Code to require political subdivisions to adopt a cybersecurity program.,1,2025-05-14,https://legiscan.com/OH/bill/SB203/2025
OH,2032925,,Allow suppression of eviction records in certain circumstances,To amend section 1923.06 and to enact section 1923.111 of the Revised Code to provide for the suppression of eviction records in certain circumstances.,1,2025-05-20,https://legiscan.com/OH/bill/SB204/2025
OH,2032956,,Authorize an income tax credit for family caregiving expenses,To amend sections 5747.08 and 5747.98 and to enact section 5747.053 of the Revised Code to authorize a nonrefundable income tax credit for family caregiving expenses.,1,2025-05-20,https://legiscan.com/OH/bill/SB205/2025
OH,2032893,,Authorize property tax reduction for certain owner-occupied homes,"To amend sections 323.152, 323.153, 323.158, 4503.06, 4503.066, 4503.067, 4503.068, 4503.069, and 4503.0610 and to enact section 4503.0612 of the Revised Code to authorize a property tax reduction for certain owner-occupied homes.",1,2025-05-20,https://legiscan.com/OH/bill/SB206/2025
OH,2032908,,Prohibit certain health insurance cost-sharing practices,To amend sections 1751.12 and 1751.32 and to enact sections 3923.811 and 3959.21 of the Revised Code to prohibit certain health insurance cost-sharing practices.,1,2025-05-20,https://legiscan.com/OH/bill/SB207/2025
OH,2033281,,Require certain conveyance fees be allocated for housing purposes,"To amend sections 322.02, 322.03, and 322.06 of the Revised Code to require any increased county real estate and manufactured home conveyance fees to be allocated for county-specific housing purposes.",1,2025-05-22,https://legiscan.com/OH/bill/SB208/2025
OH,2033895,,"Enact the Jeff, Dave, and Angie Patient Right to Try Act","To enact section 3792.08 of the Revised Code regarding prescribing, dispensing, and administering drugs and to name this act the Jeff, Dave, and Angie Patient Right to Try Act.",1,2025-05-27,https://legiscan.com/OH/bill/SB209/2025
OH,2035308,,"Regards licensing, contracts for pharmacy benefit managers","To amend section 3959.01 and to enact sections 3957.01, 3957.02, 3957.03, 3957.04, 3957.05, 3957.06, 3957.07, 3957.08, 3957.09, 3957.10, 3957.11, 3957.12, 3957.13, 3957.14, 3957.15, 3957.16, 3957.17, and 3957.99 of the Revised Code to establish a stand-alone licensing process and new contractual requirements for pharmacy benefit managers.",1,2025-06-03,https://legiscan.com/OH/bill/SB210/2025
OH,2035293,,Designate Love Makes a Family Week,"To enact section 5.2541 of the Revised Code to designate the first full week of June as ""Love Makes a Family Week.""",1,2025-06-03,https://legiscan.com/OH/bill/SB211/2025
OH,2035314,,Create Play Golf Ohio license plate,"To amend section 4501.21 and to enact section 4503.736 of the Revised Code to create the ""Play Golf Ohio"" license plate.",2,2025-06-25,https://legiscan.com/OH/bill/SB212/2025
OH,2035320,,License traffic law photo-monitoring device companies; levy a tax,"To amend sections 131.02, 715.013, 4303.26, 4501.06, 4511.092, 4511.096, 4511.0911, 5703.052, 5703.053, 5703.19, 5703.263, 5703.50, 5703.70, and 5703.77 and to enact sections 4787.01, 4787.02, 4787.03, 4787.04, 4787.05, 4787.06, 4787.99, 5755.01, 5755.02, 5755.03, 5755.04, 5755.05, 5755.06, 5755.07, 5755.071, 5755.08, 5755.09, 5755.10, 5755.11, 5755.12, 5755.13, 5755.14, and 5755.99 of the Revised Code to license companies that sell, provide, install, or otherwise manage traffic law photo-monitoring devices in Ohio and to levy a tax on such companies' gross receipts from municipal contracts.",1,2025-06-03,https://legiscan.com/OH/bill/SB213/2025
OH,2035315,,"Remove firearm mufflers, suppressors as dangerous ordnance","To amend sections 1533.04, 2923.11, and 2923.17 of the Revised Code to remove firearm mufflers and suppressors from the classification of dangerous ordnance.",2,2026-03-25,https://legiscan.com/OH/bill/SB214/2025
OH,2036669,,"Modify homestead exemption calculation, eligibility criteria",To amend sections 323.152 and 4503.065 of the Revised Code to modify the calculation and eligibility criteria of the homestead exemption.,1,2025-06-10,https://legiscan.com/OH/bill/SB215/2025
OH,2036659,,"Designate Clarence ""Sonny"" Smith, Jr. Memorial Highway.","To enact section 5534.921 of the Revised Code to designate a portion of State Route 7 in Mahoning County as the ""Clarence ""Sonny"" Smith, Jr. Memorial Highway.""",2,2026-02-11,https://legiscan.com/OH/bill/SB216/2025
OH,2036666,,Authorize conveyance of state-owned land.,To authorize the conveyance of state-owned land.,4,2026-03-20,https://legiscan.com/OH/bill/SB217/2025
OH,2036656,,Exempt armed forces-certified child care provider from licensure,To amend section 5104.02 of the Revised Code to exempt from licensure family child care providers certified by a branch of the United States armed forces.,1,2025-06-10,https://legiscan.com/OH/bill/SB218/2025
OH,2036647,,Revise the law governing oil and gas wells,"To amend sections 155.33, 155.34, 1503.35, 1509.01, 1509.02, 1509.03, 1509.06, 1509.07, 1509.071, 1509.13, 1509.22, 1509.221, 1509.23, 1509.28, 1509.31, 1509.36, 2305.041, 5577.02, and 5727.02 and to enact section 131.52 of the Revised Code and to amend Section 343.30 of H.B. 96 of the 136th General Assembly to make changes to the law governing oil and gas wells and to address federal mineral royalty payments.",2,2025-11-19,https://legiscan.com/OH/bill/SB219/2025
OH,2036673,,Establish paramedicine programs; require insurance coverage,"To enact sections 3902.65, 4765.362, and 5164.11 of the Revised Code to establish community paramedicine programs and to require insurance coverage for services provided under those programs.",1,2025-06-10,https://legiscan.com/OH/bill/SB220/2025
OH,2037552,,Create the Equality Ohio license plate,"To amend section 4501.21 and to enact section 4503.59 of the Revised Code to create the ""Equality Ohio"" license plate.",1,2025-06-17,https://legiscan.com/OH/bill/SB221/2025
OH,2037555,,"Require audit, action plan-Aged, Blind, Disabled Medicaid group","To require an audit and corrective action plan for the Aged, Blind, and Disabled Medicaid eligibility group and to make an appropriation.",1,2025-06-17,https://legiscan.com/OH/bill/SB222/2025
OH,2037567,,"Require ODNR discount program for veterans, service members",To amend section 1546.04 of the Revised Code to require the ODNR Chief of the Division of Parks and Watercraft to establish a discount program for veterans and service members for park services and rentals.,2,2025-10-22,https://legiscan.com/OH/bill/SB223/2025
OH,2037661,,Make changes to the telemarketing law,To amend section 109.87 of the Revised Code to make changes to the telemarketing law.,2,2025-11-05,https://legiscan.com/OH/bill/SB224/2025
OH,2037693,,Expand the Address Confidentiality Program,"To amend sections 111.41, 111.42, and 111.99 of the Revised Code to expand the Address Confidentiality Program.",1,2025-06-18,https://legiscan.com/OH/bill/SB225/2025
OH,2038878,,Regards use of light-based medical devices for hair removal,To amend section 4731.33 and to enact section 4731.331 of the Revised Code regarding the application of light-based medical devices for the purpose of hair removal.,1,2025-07-01,https://legiscan.com/OH/bill/SB226/2025
OH,2038880,,Cap cost sharing for prescription insulin drugs,To enact section 3902.65 of the Revised Code to cap cost sharing for prescription insulin drugs.,1,2025-07-01,https://legiscan.com/OH/bill/SB227/2025
OH,2038879,,Create the Lifetown license plate,"To amend section 4501.21 and to enact section 4503.537 of the Revised Code to create the ""Lifetown"" license plate.",2,2026-02-11,https://legiscan.com/OH/bill/SB228/2025
OH,2038937,,Create the Law Enforcement Purple Heart license plate,"To enact section 4503.472 of the Revised Code to create the ""Law Enforcement Purple Heart"" license plate.",2,2025-11-05,https://legiscan.com/OH/bill/SB229/2025
OH,2038945,,"Authorize pharmacists to test, treat certain health conditions","To amend sections 1751.91, 3923.89, 4729.01, 5164.14, and 5167.051 and to enact section 4729.392 of the Revised Code to authorize pharmacists to screen, test, and provide treatment for certain respiratory health conditions.",1,2025-07-07,https://legiscan.com/OH/bill/SB230/2025
OH,2038934,,Establish community energy program and pilot program,"To amend section 4928.02 and to enact sections 1.66, 519.216, 4934.01, 4934.011, 4934.04, 4934.05, 4934.06, 4934.07, 4934.071, 4934.072, 4934.08, 4934.09, 4934.10, 4934.11, 4934.12, 4934.13, 4934.14, 4934.15, 4934.16, 4934.17, 4934.18, 4934.20, 4934.21, 4934.23, 4934.25, 4934.26, 4934.27, 4934.35, 4934.36, 4934.37, and 4934.38 of the Revised Code to establish the community energy program and pilot program and to define electricity measurement in alternating current.",1,2025-07-07,https://legiscan.com/OH/bill/SB231/2025
OH,2039064,,Revise the law governing high volume dog breeders,"To amend sections 956.01, 956.031, and 956.10 of the Revised Code to revise the law governing high volume dog breeders.",1,2025-07-09,https://legiscan.com/OH/bill/SB232/2025
OH,2039077,,Create the Ohio Local and Organic Food and Farm Task Force,To create the Ohio Local and Organic Food and Farm Task Force.,1,2025-07-09,https://legiscan.com/OH/bill/SB233/2025
OH,2039075,,Increase the state minimum wage,"To amend sections 4111.02, 4111.05, 4111.09, and 4111.14 and to repeal section 4111.07 of the Revised Code to increase the state minimum wage.",1,2025-07-09,https://legiscan.com/OH/bill/SB234/2025
OH,2039066,,Prohibit certain conduct that accelerates firearm's rate of fire,"To amend sections 2923.13 and 2923.14 and to enact section 2923.133 of the Revised Code to prohibit certain conduct regarding trigger cranks, bumpfire devices, and other items that accelerate a semi-automatic firearm's rate of fire but do not convert it into an automatic firearm.",1,2025-07-09,https://legiscan.com/OH/bill/SB235/2025
OH,2041077,,Enact the Suicide Self-Defense Act,"To amend sections 149.43, 2923.11, 2923.125, 2923.128, and 2923.20 and to enact sections 2923.133, 2923.22, 2923.221, and 4731.058 of the Revised Code to enact the Suicide Self-Defense Act, relative to the creation of a do not possess firearms registry.",1,2025-07-30,https://legiscan.com/OH/bill/SB236/2025
OH,2041061,,Restore local authority to regulate firearms and knives,To repeal section 9.68 of the Revised Code to restore local authority to generally regulate conduct related to firearms and knives.,1,2025-07-30,https://legiscan.com/OH/bill/SB237/2025
OH,2041042,,Limit liability for firearms dealers re: firearm hold agreements,To enact section 2923.22 of the Revised Code to limit liability for federally licensed firearms dealers in regards to firearm hold agreements,1,2025-07-30,https://legiscan.com/OH/bill/SB238/2025
OH,2041033,,Regards contributions to the Ohio Police and Fire Pension Fund,"To amend sections 742.16, 742.33, 742.34, 5705.06, and 5705.31 and to repeal section 742.311 of the Revised Code regarding contributions to the Ohio Police and Fire Pension Fund.",1,2025-07-30,https://legiscan.com/OH/bill/SB239/2025
OH,2041052,,"Authorize county marijuana tax for art, culture, entertainment","To enact section 3780.221 of the Revised Code to authorize a county excise tax on the sale of adult use marijuana to support artistic, cultural, and entertainment opportunities.",1,2025-07-30,https://legiscan.com/OH/bill/SB240/2025
OH,2041075,,Regards specified workers' compensation employer appeals,To amend section 4123.512 of the Revised Code to impose a fine against an employer who appeals specified awards of workers' compensation related to cancer incurred while performing official duties as a firefighter if the employer loses the appeal.,1,2025-07-30,https://legiscan.com/OH/bill/SB241/2025
OH,2041046,,Regards the sale of used catalytic converters,"To amend sections 2913.02, 2913.51, 4737.04, 4737.045, 4737.99, 4738.03, 4738.07, 4738.12, and 4775.09 and to enact sections 4737.046 and 4737.98 of the Revised Code regarding the sale of used catalytic converters, and to make an appropriation.",1,2025-07-30,https://legiscan.com/OH/bill/SB242/2025
OH,2041065,,Require certain offices assist with claiming unclaimed funds,To enact section 4501.41 of the Revised Code to require the Registrar of Motor Vehicles and deputy registrars to assist customers with locating and claiming unclaimed funds.,1,2025-07-30,https://legiscan.com/OH/bill/SB243/2025
OH,2042523,,Designate Abbey Gate Remembrance Day,"To enact section 5.63 of the Revised Code to designate August 26th as ""Abbey Gate Remembrance Day.""",3,2026-03-04,https://legiscan.com/OH/bill/SB244/2025
OH,2042488,,Prohibit utilities from recovering political expenditure costs,"To enact sections 4933.51, 4933.52, 4933.53, 4933.55, 4933.57, 4933.58, 4933.59, and 4933.60 of the Revised Code to prohibit certain public utilities from recovering political expenditure costs from their customers.",1,2025-08-19,https://legiscan.com/OH/bill/SB245/2025
OH,2042534,,"Prohibit terminating electric, gas service to certain households","To amend sections 4933.12, 4933.121, and 4933.123 and to enact sections 4933.125, 4933.126, 4933.127, 4933.128, 4933.129, 4933.1210, and 4933.1211 of the Revised Code to prohibit terminating electric or gas service to certain households and establish a payment plan for these services.",1,2025-08-19,https://legiscan.com/OH/bill/SB246/2025
OH,2042635,,Designate the buckeye as the state candy,"To amend section 5.05 and to enact section 5.083 of the Revised Code to designate the buckeye as the state candy of Ohio, and to correct the Latin name of the Buckeye, the state tree.",2,2025-11-19,https://legiscan.com/OH/bill/SB247/2025
OH,2042639,,Designate Sikh Awareness Month,"To enact section 5.2323 of the Revised Code to designate April as ""Sikh Awareness Month.""",1,2025-08-25,https://legiscan.com/OH/bill/SB248/2025
OH,2042853,,Authorize dispensing of ivermectin without a prescription,To enact section 4729.44 of the Revised Code to authorize the dispensing of ivermectin without a prescription.,1,2025-08-27,https://legiscan.com/OH/bill/SB249/2025
OH,2043144,,Enact the Promised Land Act,"To amend sections 5725.38, 5725.98, 5726.61, 5726.98, 5729.21, 5729.98, 5747.86, and 5747.98 and to enact section 122.841 of the Revised Code to authorize a nonrefundable, transferable tax credit for charitable organizations that construct owner-occupied housing and to name this act the Promised Land Act.",1,2025-09-03,https://legiscan.com/OH/bill/SB250/2025
OH,2043119,,Designate Ohio State Highway Patrol Lt. Vance M. Andrews Mem Hwy,"To enact section 5534.451 of the Revised Code to designate a portion of State Route 13 in Knox County as the ""Ohio State Highway Patrol Lt. Vance M. Andrews Memorial Highway.""",2,2025-11-12,https://legiscan.com/OH/bill/SB251/2025
OH,2043140,,Prohibit a person from declawing a cat,To enact section 959.22 of the Revised Code to prohibit a person from declawing a cat.,1,2025-09-03,https://legiscan.com/OH/bill/SB252/2025
OH,2043134,,Designate Black Ohioan Civil War Medal of Honor Recipient Day,"To enact section 5.213 of the Revised Code to designate February 20th as ""Black Ohioan Civil War Medal of Honor Recipient Day.""",2,2025-11-19,https://legiscan.com/OH/bill/SB253/2025
OH,2043130,,Change Ohio Deaf History Month to the month of April,"To amend section 5.2281 of the Revised Code to change the designation for ""Ohio Deaf History Month"" to the month of April.",2,2026-03-25,https://legiscan.com/OH/bill/SB254/2025
OH,2043127,,"Provide grants for mortgage, property tax, and utility bill help","To enact section 175.50 of the Revised Code to provide grants to qualifying applicants for mortgage, property tax, and utility bill assistance.",1,2025-09-03,https://legiscan.com/OH/bill/SB255/2025
OH,2043456,,Provide for licensure of debt services providers,"To amend section 9.79; to enact new sections 4710.01, 4710.02, 4710.03, and 4710.04 and sections 4710.05, 4710.06, 4710.07, 4710.08, 4710.09, 4710.10, 4710.11, 4710.12, 4710.13, 4710.14, 4710.15, 4710.16, 4710.17, 4710.18, and 4710.19; and to repeal sections 4710.01, 4710.02, 4710.03, 4710.04, and 4710.99 of the Revised Code to provide for the licensure of debt services providers.",1,2025-09-08,https://legiscan.com/OH/bill/SB256/2025
OH,2043591,,Establish the SCOPE Pilot Program,To establish the Support Children's Overall Psychological and Emotional Health (SCOPE) Pilot Program and to make an appropriation.,1,2025-09-10,https://legiscan.com/OH/bill/SB257/2025
OH,2043592,,Enact the Better Access to Health Care Act,"To amend sections 1751.67, 2133.211, 3313.539, 3707.511, 3727.06, 3923.233, 3923.301, 3923.63, 3923.64, 4723.01, 4723.02, 4723.06, 4723.07, 4723.24, 4723.28, 4723.36, 4723.41, 4723.42, 4723.43, 4723.431, 4723.44, 4723.46, 4723.481, 4723.482, 4723.483, 4723.493, 4723.50, 4731.27, 4761.17, and 5164.07; to enact section 4723.439; and to repeal sections 4723.45 and 5164.73 of the Revised Code to modify the laws governing the practice of advanced practice registered nurses and to name this act the Better Access to Health Care Act.",1,2025-09-10,https://legiscan.com/OH/bill/SB258/2025
OH,2043589,,Designate new congressional district boundaries,"To amend section 3521.01; to enact new sections 3521.011, 3521.012, 3521.013, 3521.014, 3521.015, 3521.016, 3521.017, 3521.018, 3521.019, 3521.0110, 3521.0111, 3521.0112, 3521.0113, 3521.0114, and 3521.0115; and to repeal sections 3521.011, 3521.012, 3521.013, 3521.014, 3521.015, 3521.016, 3521.017, 3521.018, 3521.019, 3521.0110, 3521.0111, 3521.0112, 3521.0113, 3521.0114, and 3521.0115 of the Revised Code to designate new congressional district boundaries pursuant to Article XIX of the Ohio Constitution.",1,2025-09-10,https://legiscan.com/OH/bill/SB259/2025
OH,2044216,,Enact the Voter Registration Modernization Act,"To amend sections 3501.01, 3503.09, 3503.10, 3503.11, 3503.14, 3503.15, 3503.153, 3503.16, 3503.19, 3503.20, 3503.23, 3503.28, 3505.181, 3509.02, 3509.03, 3509.04, 3509.08, 3513.041, 3513.05, 3513.07, 3513.18, 3513.19, 3513.191, 3513.257, 3517.012, 3517.013, and 3599.12; to enact section 3503.071; and to repeal section 3513.20 of the Revised Code to permit an elector to change party affiliation through the voter registration process and to name this act the Voter Registration Modernization Act.",1,2025-09-16,https://legiscan.com/OH/bill/SB260/2025
OH,2044238,,Enact the Tithing Protection Act,To amend section 5747.01 of the Revised Code to allow a personal income tax deduction for certain donations to churches and to name this act the Tithing Protection Act.,1,2025-09-16,https://legiscan.com/OH/bill/SB261/2025
OH,2044226,,Require construction contracts note variation from standard form,"To amend sections 9.334, 153.12, 153.501, 153.503, and 153.693 of the Revised Code to require a public authority or other party to a construction contract to note variations from an industry standard form.",2,2026-03-04,https://legiscan.com/OH/bill/SB262/2025
OH,2044232,,Regards professional employer organizations and Unemployment Law,To amend section 4141.24 of the Revised Code to make changes regarding the treatment of professional employer organizations and alternate employer organizations under the Unemployment Compensation Law.,2,2026-03-04,https://legiscan.com/OH/bill/SB263/2025
OH,2044242,,Enact Megan's Way Out Act,To amend sections 3781.03 and 3781.99 and to enact section 3781.113 of the Revised Code to require a separate by-pass lane adjacent to specified drive-through lanes and to name this act as the Megan's Way Out Act.,1,2025-09-16,https://legiscan.com/OH/bill/SB264/2025
OH,2044207,,"Add animal offenses to foster, adoption record check disqualifier","To amend section 109.572 of the Revised Code to add certain animal-related offenses to the list of potentially disqualifying offenses when conducting a criminal records check for prospective foster caregivers, prospective adoptive parents, and certain other individuals who will be responsible for or reside in the same household as children.",1,2025-09-16,https://legiscan.com/OH/bill/SB265/2025
OH,2044246,,Regards the sale and testing of intoxicating hemp products,"To enact sections 3779.01, 3779.02, 3779.03, and 3779.99 of the Revised Code to establish specified requirements governing the sale and testing of intoxicating hemp products.",1,2025-09-16,https://legiscan.com/OH/bill/SB266/2025
OH,2044931,,Designate Ohio Doula Awareness Week,To enact section 5.2322 of the Revised Code to designate the week including March 22nd as Ohio Doula Awareness Week.,1,2025-09-23,https://legiscan.com/OH/bill/SB267/2025
OH,2044939,,Regards regulatory-focused NGOs and model administrative rules,"To amend sections 106.01, 111.15, and 119.03 and to enact sections 106.10 and 111.151 of the Revised Code regarding regulatory-focused nongovernmental organizations and model administrative rules adopted by state agencies.",1,2025-09-23,https://legiscan.com/OH/bill/SB268/2025
OH,2044927,,Revise the Small Loan Act,"To amend sections 1321.02, 1321.07, and 1321.141 of the Revised Code for the purpose of revising the Small Loan Act.",1,2025-09-23,https://legiscan.com/OH/bill/SB269/2025
OH,2044949,,Regards commitment of delinquent children to Youth Services,"To amend sections 2152.16, 2152.17, 2152.19, 2152.22, 2152.26, 5139.01, 5139.05, 5139.06, 5139.20, 5139.35, and 5139.51 of the Revised Code to modify provisions relating to commitment of delinquent children to the department of youth services.",1,2025-09-23,https://legiscan.com/OH/bill/SB270/2025
OH,2044957,,Designate Charlie Kirk Memorial Day,"To enact section 5.63 of the Revised Code to designate October 14 as ""Charlie Kirk Memorial Day.""",1,2025-09-23,https://legiscan.com/OH/bill/SB271/2025
OH,2045004,,Regards civics assessment in lieu of American govt course exam,To amend section 3301.0712 of the Revised Code regarding a civics assessment in lieu of the American government end-of-course exam.,1,2025-09-24,https://legiscan.com/OH/bill/SB272/2025
OH,2044974,,Enact the Keep Them Safe Act,To enact section 2923.26 of the Revised Code to enact the Keep Them Safe Act to provide guidelines and civil immunity for the voluntary storage of firearms.,2,2025-11-19,https://legiscan.com/OH/bill/SB273/2025
OH,2045374,,Prohibit minor mental health services without parental consent,"To amend sections 2151.461, 3129.03, 3313.473, 3798.07, and 3798.12 and to repeal section 5122.04 of the Revised Code to prohibit the provision of mental health services to minors without parental consent.",1,2025-09-30,https://legiscan.com/OH/bill/SB274/2025
OH,2045384,,Allow partial property tax deferral for eligible homeowners,"To amend sections 319.202, 319.302, 323.155, 323.158, 4503.0610, and 5323.02 and to enact sections 323.21 and 323.22 of the Revised Code to allow eligible homeowners to defer the payment of a portion of their property taxes.",1,2025-09-30,https://legiscan.com/OH/bill/SB275/2025
OH,2045382,,Ratify the Interstate Compact for School Psychologists,To enact section 4732.42 of the Revised Code to ratify the Interstate Compact for School Psychologists.,2,2025-11-12,https://legiscan.com/OH/bill/SB276/2025
OH,2045387,,Clarify that child independent activity is not abuse or neglect,To enact section 2151.032 of the Revised Code to clarify that a child who is granted permission to engage in independent activities is not considered to be an abused or neglected child.,1,2025-09-30,https://legiscan.com/OH/bill/SB277/2025
OH,2045903,,Permit monetary damages against municipal corps with gun controls,To amend section 9.68 of the Revised Code to permit individuals to seek punitive or exemplary damages against municipal corporations that pass gun control measures.,1,2025-10-07,https://legiscan.com/OH/bill/SB278/2025
OH,2045891,,"Ban discouraging, barring law enforcement from carrying off duty","To amend sections 2923.121 and 2923.1214 and to enact section 2923.1215 of the Revised Code to prohibit a business, state agency, or political subdivision from discouraging or prohibiting a law enforcement officer from carrying a weapon while off duty.",1,2025-10-07,https://legiscan.com/OH/bill/SB279/2025
OH,2045884,,Allow registration of a humvee as a historical motor vehicle,"To amend sections 4501.01 and 4503.181 of the Revised Code to allow for the registration of a high-mobility multipurpose wheeled vehicle manufactured for military purposes, otherwise known as a humvee, as a historical motor vehicle.",1,2025-10-07,https://legiscan.com/OH/bill/SB280/2025
OH,2045905,,Allow county comm to award a franchise for public transit system,"To amend section 306.04 of the Revised Code to authorize a board of county commissioners, on its own behalf, to award a franchise for the operation of a public transit system.",1,2025-10-07,https://legiscan.com/OH/bill/SB281/2025
OH,2045966,,Create the American Motorcyclist Association license plate,"To amend section 4501.21 and to enact section 4503.912 of the Revised Code to create the ""American Motorcyclist Association"" license plate.",2,2025-11-05,https://legiscan.com/OH/bill/SB282/2025
OH,2045973,,Modify the law governing self-service storage facilities,To amend section 5322.03 and to enact section 5322.07 of the Revised Code to modify the law governing self-service storage facilities.,1,2025-10-08,https://legiscan.com/OH/bill/SB283/2025
OH,2045970,,Waive penalty for not filing certain tax returns if no tax is due,To amend sections 5747.15 and 5751.06 and to enact section 5739.125 of the Revised Code to waive penalties for taxpayers that do not file certain tax returns because no tax is due.,1,2025-10-08,https://legiscan.com/OH/bill/SB284/2025
OH,2045990,,Exempt certain conservation land from recoupment charges,To amend section 5713.34 of the Revised Code to exempt agricultural land converted to certain conservation uses from recoupment charges.,1,2025-10-08,https://legiscan.com/OH/bill/SB285/2025
OH,2045964,,Require cemeteries to relocate remains if gravestone relocated,To amend section 517.23 of the Revised Code to require cemetery operators to relocate remains if the gravestone is relocated.,1,2025-10-08,https://legiscan.com/OH/bill/SB286/2025
OH,2045979,,Create the Farming and Workforce Development Program,To create the Farming and Workforce Development Program and to make an appropriation.,1,2025-10-08,https://legiscan.com/OH/bill/SB287/2025
OH,2045987,,Create the Ohio Food and Agriculture Policy Council,To create the Ohio Food and Agriculture Policy Council and to make an appropriation.,1,2025-10-08,https://legiscan.com/OH/bill/SB288/2025
OH,2045988,,Establish a natural hair stylist education grant program,To amend section 4713.08 and to enact section 4713.47 of the Revised Code to establish a natural hair stylist education grant program and to make an appropriation.,1,2025-10-08,https://legiscan.com/OH/bill/SB289/2025
OH,2045957,,Require school building to have an exterior secure master key box,"To amend sections 3314.03, 3326.11, and 3328.24 and to enact section 3313.475 of the Revised Code and to amend Section 221.20 of H.B. 96 of the 136th General Assembly to require public and chartered nonpublic schools to purchase and install an exterior secure master key box on each school building.",1,2025-10-08,https://legiscan.com/OH/bill/SB290/2025
OH,2046431,,Revise community control sanctions for felonies and misdemeanors,"To amend sections 2925.11, 2929.15, 2929.20, 2929.25, 2951.02, and 2951.07 of the Revised Code to change the maximum periods of community control sanctions authorized for felonies and misdemeanors and to modify the confinement sanctions authorized for a technical violation of community control sanction conditions.",1,2025-10-14,https://legiscan.com/OH/bill/SB291/2025
OH,2046325,,"Revise caps on noneconomic, punitive, and exemplary damages","To amend sections 2305.01, 2307.80, 2315.18, 2315.21, 2323.43, 2744.05, and 3345.40 of the Revised Code to increase the dollar caps on noneconomic damages and punitive or exemplary damages in civil actions and to provide a procedure for the Department of Taxation to make annual adjustments of those caps based on the consumer price index.",1,2025-10-14,https://legiscan.com/OH/bill/SB292/2025
OH,2046271,,Revise deadline to return absent voter ballots,"To amend sections 3501.01, 3503.13, 3503.151, 3503.152, 3503.18, 3503.19, 3503.21, 3505.18, 3505.181, 3505.182, 3505.183, 3505.20, 3509.05, and 3517.14 and to enact section 3503.201 of the Revised Code to modify the law governing voter roll maintenance, provisional voting, the return of absent voter's ballots, and the membership of the Ohio Election Integrity Commission.",4,2026-03-20,https://legiscan.com/OH/bill/SB293/2025
OH,2046540,,Declare the state's energy siting policy,To enact section 4906.011 of the Revised Code to declare the state's energy siting policy.,1,2025-10-15,https://legiscan.com/OH/bill/SB294/2025
OH,2047055,,Regards the timeline for restoring competency in criminal cases,"To amend sections 2945.38, 2945.39, and 2945.401 of the Revised Code relative to the timeline for restoration of competency in criminal cases and to declare an emergency.",4,2026-02-20,https://legiscan.com/OH/bill/SB295/2025
OH,2047050,,Regards Medicaid personal needs allowance for certain persons,To amend section 5163.33 of the Revised Code to declare the General Assembly's intent to increase the Medicaid personal needs allowance for residents of nursing homes and ICFs/IID.,1,2025-10-21,https://legiscan.com/OH/bill/SB296/2025
OH,2047052,,Regards electric submetering companies and customers,"To amend sections 4905.02 and 4928.53 and to enact sections 4933.51, 4933.52, 4933.53, 4933.54, 4933.55, 4933.57, and 4933.58 of the Revised Code to exempt electric submetering companies from classification as a public utility, to impose various requirements on such companies, and to extend eligibility for the percentage of income payment plan program to certain electric submetering company customers.",1,2025-10-21,https://legiscan.com/OH/bill/SB297/2025
OH,2047085,,Regards virtual net metering and meter aggregation,"To amend section 4928.67 and to enact sections 4928.675, 4928.676, 4928.677, 4928.678, 4928.679, 4928.6710, and 4928.6711 of the Revised Code regarding virtual net metering and meter aggregation.",1,2025-10-21,https://legiscan.com/OH/bill/SB298/2025
OH,2047059,,Regards sales of kratom products,"To amend sections 3715.01, 3715.99, 3717.01, and 3717.99 and to enact sections 3715.026 and 3717.34 of the Revised Code regarding sales of kratom products.",1,2025-10-21,https://legiscan.com/OH/bill/SB299/2025
OH,2047035,,Regards the Treasurer of State,"To amend sections 113.05, 113.051, 113.09, 113.16, 117.44, 118.05, 120.52, 128.54, 135.01, 135.032, 135.14, 135.143, 135.22, 135.35, 135.45, 135.451, 151.01, 164.09, 183.51, 317.36, 319.63, 321.46, 321.47, 323.611, 956.13, 1557.03, 3307.12, 3333.374, 3334.08, 3334.11, 3705.242, 3737.945, 3953.231, 4511.19, 4705.09, 4705.10, 5528.54, 5725.22, 5725.23, 5729.05, 5729.10, 5739.17, 5747.51, and 6101.51; to amend, for the purpose of adopting a new section number as indicated in parentheses, section 135.45 (113.07); to enact section 113.052; and to repeal sections 113.10 and 113.43 of the Revised Code relating to the Treasurer of State.",1,2025-10-21,https://legiscan.com/OH/bill/SB300/2025
OH,2047040,,Regards noncompete clauses in health care employment contracts,To enact section 3727.62 of the Revised Code regarding the use of noncompete provisions in certain health care professional employment contracts with nonprofit hospitals.,1,2025-10-21,https://legiscan.com/OH/bill/SB301/2025
OH,2047028,,Create the Land of U.S. Grant license plate,"To amend section 4501.21 and to enact section 4503.947 of the Revised Code to create the ""Land of U.S. Grant"" license plate.",2,2026-03-25,https://legiscan.com/OH/bill/SB302/2025
OH,2047032,,Allow 18-21 year olds to purchase a handgun from a federal dealer,"To amend sections 2151.022, 2152.02, 2152.16, 2923.21, 2923.211, and 2930.01 of the Revised Code to allow a person who is between eighteen and twenty-one years old to receive or purchase a handgun from a federally licensed firearms dealer.",1,2025-10-21,https://legiscan.com/OH/bill/SB303/2025
OH,2047144,,"Regards lienholder duty for motor vehicle towing, storage charges",To amend section 4513.61 of the Revised Code to address lienholder responsibility for the payment of towing and storage charges for specified motor vehicles.,1,2025-10-22,https://legiscan.com/OH/bill/SB304/2025
OH,2047181,,"Appropriate funds for SNAP, TANF, WIC upon lapse in federal funds","To make an appropriation to continue to fund the Supplemental Nutrition Assistance Program, Temporary Assistance for Needy Families programs, and Special Supplemental Nutrition Program for Women, Infants, and Children contingent upon a lapse in federal funding.",1,2025-10-22,https://legiscan.com/OH/bill/SB305/2025
OH,2047577,,"Regards insurance transactions, plans, and policies","To amend sections 1345.02, 3901.046, 3905.01, 3905.06, 3906.01, 3906.08, 3907.14, 3911.22, 3925.08, 3964.03, 3964.194, 4509.70, and 4513.70 and to enact sections 1345.82 and 3905.0612 of the Revised Code regarding changes to Ohio insurance laws and certain towed vehicles and repair shop activities.",2,2026-03-25,https://legiscan.com/OH/bill/SB306/2025
OH,2047574,,"Allow tax increment financing for police, firefighting facilities",To amend section 5709.40 of the Revised Code to allow funding for police and firefighting facilities in tax increment financing arrangements.,1,2025-10-28,https://legiscan.com/OH/bill/SB307/2025
OH,2047563,,Expand State Highway Patrol jurisdiction; candidate security,"To amend section 5503.02 of the Revised Code to expand the jurisdiction of the State Highway Patrol, including providing security for the Lieutenant Governor and for gubernatorial candidates, to make an appropriation, and to declare an emergency.",1,2025-10-28,https://legiscan.com/OH/bill/SB308/2025
OH,2047551,,Enact the Abortion Pill Provider Liability Education (APPLE) Act,To enact section 2317.57 of the Revised Code to enact the Abortion Pill Provider Liability Education (APPLE) Act.,1,2025-10-28,https://legiscan.com/OH/bill/SB309/2025
OH,2047585,,Require public schools to include fetal development instruction,"To amend sections 3313.60, 3314.03, 3326.11, and 3328.24 and to enact section 3313.6034 of the Revised Code to require public schools to include fetal development instruction in any instruction that addresses human growth, development, or sexuality.",1,2025-10-28,https://legiscan.com/OH/bill/SB310/2025
OH,2047796,,Regards the operation of public and chartered nonpublic schools,"To amend sections 2151.354, 2152.19, 2919.24, 3313.11, 3313.411, 3313.536, 3319.222, 3319.24, 3319.31, 3319.316, 3319.391, and 3327.10; to enact sections 303.216, 519.216, 713.083, 2307.59, 3313.174, 3314.252, and 3319.3110; and to repeal section 3313.85 of the Revised Code regarding the operation of public and chartered nonpublic schools.",1,2025-10-29,https://legiscan.com/OH/bill/SB311/2025
OH,2047791,,Regards federal mineral royalty payments,To amend section 1503.35 and to enact section 131.52 of the Revised Code regarding federal mineral royalty payments.,1,2025-10-29,https://legiscan.com/OH/bill/SB312/2025
OH,2051675,,"Regards insurance, Medicaid coverage of scalp cooling systems","To enact sections 1751.64, 3923.66, 3923.67, and 5164.11 of the Revised Code regarding insurance and Medicaid coverage of scalp cooling systems for individuals receiving cancer chemotherapy treatments.",1,2025-11-04,https://legiscan.com/OH/bill/SB313/2025
OH,2051683,,Enact the Ohio Dementia Care Training Act for Nurse Aides,"To amend sections 3721.28, 3721.29, and 3721.30 of the Revised Code to enact the Ohio Dementia Care Training Act for Nurse Aides.",1,2025-11-04,https://legiscan.com/OH/bill/SB314/2025
OH,2051663,,Enact the Enhanced Cybersecurity for SNAP Act,"To amend sections 5101.54 and 5101.542 of the Revised Code to require Ohio's SNAP program to begin using chip-enabled EBT cards, to name this act the Enhanced Cybersecurity for SNAP Act, and to make an appropriation.",1,2025-11-04,https://legiscan.com/OH/bill/SB315/2025
OH,2051651,,Regards local government authority over railroad's right-of-way,To enact section 4963.50 of the Revised Code to give specified local governments the authority to unilaterally approve an encroachment on a railroad company's right-of-way for certain utility work.,1,2025-11-04,https://legiscan.com/OH/bill/SB316/2025
OH,2051860,,Create the Pediatric Cancer Research Fund,"To amend section 5747.113 and to enact sections 3701.27 and 4503.108 of the Revised Code to create the Pediatric Cancer Research Fund in the state treasury to support hospitals conducting pediatric cancer research and to authorize voluntary contributions to the fund, including when registering motor vehicles or filing state income tax returns.",1,2025-11-05,https://legiscan.com/OH/bill/SB317/2025
OH,2051845,,Allow law enforcement to provide certain school resource services,To amend sections 505.431 and 3313.951 of the Revised Code to authorize a law enforcement agency to provide school resource officer services to a chartered nonpublic school.,2,2026-03-25,https://legiscan.com/OH/bill/SB318/2025
OH,2051863,,Regards adult protective services provided by county JFS,To enact section 5101.72 of the Revised Code regarding adult protective services provided by county departments of job and family services.,1,2025-11-05,https://legiscan.com/OH/bill/SB319/2025
OH,2052161,,Enter into the Athletic Trainer Compact,To enact sections 4755.72 and 4755.721 of the Revised Code to enter into the Athletic Trainer Compact.,1,2025-11-10,https://legiscan.com/OH/bill/SB320/2025
OH,2052124,,Regards carrying of firearms by certain special police officers,To enact sections 5119.081 and 5123.131 of the Revised Code regarding the carrying of firearms by certain special police officers.,1,2025-11-10,https://legiscan.com/OH/bill/SB321/2025
OH,2052135,,Dissolve academic distress comms; require student support teams,"To amend sections 133.06, 3302.036, 3302.042, 3302.16, 3302.17, 3310.03, 3311.29, and 3314.102; to enact new section 3302.10; and to repeal sections 3302.10, 3302.103, 3302.11, 3302.111, and 3302.12 of the Revised Code and to repeal Sections 4, 5, and 6 of H.B. 70 of the 131st General Assembly to dissolve academic distress commissions and to instead require student support teams for certain low-performing school buildings.",1,2025-11-10,https://legiscan.com/OH/bill/SB322/2025
OH,2052132,,Provide for the natural organic reduction of remains,"To amend sections 9.15, 313.12, 759.01, 1713.36, 1721.06, 1721.18, 1721.21, 2108.15, 2108.70, 2108.72, 2108.75, 2108.82, 2108.83, 2108.84, 2108.85, 2108.86, 2108.87, 2111.13, 2743.51, 2925.01, 3705.01, 3705.18, 3705.19, 3705.20, 4511.451, 4717.01, 4717.03, 4717.04, 4717.06, 4717.07, 4717.08, 4717.11, 4717.13, 4717.14, 4717.15, 4717.20, 4717.21, 4717.22, 4717.23, 4717.24, 4717.25, 4717.26, 4717.27, 4717.28, 4717.29, 4717.30, 4717.36, 4717.41, 4767.02, 4767.05, 5120.45, 5121.11, 5121.53, 5901.25, 5901.26, 5901.27, 5901.29, and 5901.32 of the Revised Code to provide for the natural organic reduction of remains.",1,2025-11-10,https://legiscan.com/OH/bill/SB323/2025
OH,2052160,,Revise X-ray machine operator and radiation technician law,"To amend sections 4773.01, 4773.02, 4773.03, and 4773.06 of the Revised Code to revise the law governing general X-ray machine operators and other radiation technicians.",1,2025-11-10,https://legiscan.com/OH/bill/SB324/2025
OH,2052156,,Authorize CAT exclusion for contractor payments to subcontractors,To amend section 5751.01 of the Revised Code to authorize a commercial activity tax exclusion for contractor payments to subcontractors.,1,2025-11-10,https://legiscan.com/OH/bill/SB325/2025
OH,2052361,,Require students complete a high school computer science course,"To amend sections 3313.603, 3314.03, 3326.15, and 3328.22 and to enact sections 3313.6034 and 3313.6035 of the Revised Code to require school districts to offer, and students to complete, at least one high school computer science course.",1,2025-11-12,https://legiscan.com/OH/bill/SB326/2025
OH,2053212,,Enact PEACE Act,"To amend sections 149.43, 3503.13, and 3503.153 of the Revised Code to enact the Protecting Elected Officials Against Coercion and Extremism (PEACE) Act to generally prohibit the disclosure of an elected official's residential and familial information under the Public Records Law.",1,2025-11-18,https://legiscan.com/OH/bill/SB327/2025
OH,2053216,,Regards Education and Workforce Return on Investment Initiative,"To amend sections 3313.603, 3313.6020, 3313.617, 3314.03, 3326.11, and 3328.24; to enact sections 3301.0733, 3301.14, 3301.141, 3301.142, 3313.6034, and 3313.6115; and to repeal section 3313.607 of the Revised Code regarding the Education and Workforce Return on Investment Initiative, a middle school career exploration course requirement, and student academic and career plans.",1,2025-11-18,https://legiscan.com/OH/bill/SB328/2025
OH,2053201,,"Prohibit road surface application of brine from oil, gas wells","To amend sections 1509.03, 1509.22, 1509.222, 1509.223, 1509.224, 1509.33, and 1509.99 and to repeal section 1509.226 of the Revised Code to expressly prohibit the surface application of brine from oil and gas wells on roads.",1,2025-11-18,https://legiscan.com/OH/bill/SB329/2025
OH,2054130,,Enact the Student Wellness Act,To enact section 3321.044 of the Revised Code to allow school districts to count mental health days as excused absences and to name this act the Student Wellness Act.,1,2025-11-25,https://legiscan.com/OH/bill/SB330/2025
OH,2054118,,Allow certain public hospitality employees to accept gratuities,To enact section 102.10 of the Revised Code to allow certain public hospitality employees to accept gratuities.,1,2025-11-25,https://legiscan.com/OH/bill/SB331/2025
OH,2055230,,Dissolve academic distress comms; require student support teams,"To amend sections 133.06, 505.431, 3302.036, 3302.042, 3302.16, 3302.17, 3310.03, 3311.29, 3313.951, and 3314.102; to enact new section 3302.10; and to repeal sections 3302.10, 3302.103, 3302.11, 3302.111, and 3302.12 of the Revised Code and to repeal Sections 4, 5, and 6 of H.B. 70 of the 131st General Assembly to dissolve academic distress commissions and to instead require student support teams for certain low-performing school buildings and to authorize a law enforcement agency to provide school resource officer services to a chartered nonpublic school.",1,2025-12-01,https://legiscan.com/OH/bill/SB332/2025
OH,2058888,,Establish the Statewide Youth Council in the Governor's Office,To enact section 107.38 of the Revised Code to establish the Statewide Youth Council in the Office of the Governor.,1,2025-12-15,https://legiscan.com/OH/bill/SB333/2025
OH,2058978,,Designate Officer Jacob J. Derbin Memorial Highway,"To enact section 5534.454 of the Revised Code to designate a portion of I-480 in Cuyahoga County as the ""Officer Jacob J. Derbin Memorial Highway.""",2,2026-03-25,https://legiscan.com/OH/bill/SB334/2025
OH,2059467,,Make Election Day a holiday,"To amend sections 1.14, 5.20, 124.19, 325.19, 511.10, 1345.21, 3313.63, and 3319.087 of the Revised Code to make Election Day a holiday.",1,2025-12-17,https://legiscan.com/OH/bill/SB335/2025
OH,2060918,,Require disclosure of mandatory fees in consumer transactions,"To enact sections 1345.15, 1345.16, 1345.161, 1345.162, and 1345.17 of the Revised Code to require the disclosure of mandatory fees or surcharges in consumer transactions.",1,2025-12-23,https://legiscan.com/OH/bill/SB336/2025
OH,2060927,,Require disclosure of credit card surcharges,To enact section 1345.29 of the Revised Code to require disclosure of credit card surcharges.,1,2025-12-23,https://legiscan.com/OH/bill/SB337/2025
OH,2060942,,Create the Digital Safety for Children Office,To enact section 1349.57 of the Revised Code to create the Digital Safety for Children Office under the Attorney General.,1,2025-12-23,https://legiscan.com/OH/bill/SB338/2025
OH,2072227,,Create the Dayton Dragons license plate,"To amend section 4501.21 and to enact section 4503.861 of the Revised Code to create the ""Dayton Dragons"" license plate.",1,2026-01-12,https://legiscan.com/OH/bill/SB339/2025
OH,2078249,,Require elector approval for a municipal traffic camera program,"To amend sections 4511.092, 4511.093, 4511.096, 4511.097, 4511.098, 4511.099, and 4511.0911; to enact new section 4511.094; and to repeal sections 4511.094, 4511.095, 4511.0912, 4511.0913, and 4511.0914 of the Revised Code to require elector approval for a municipal traffic camera program and to streamline the traffic camera laws.",1,2026-01-14,https://legiscan.com/OH/bill/SB340/2025
OH,2086855,,Repeal law that authorizes a person who is 17 to marry,"To amend sections 2151.23, 2151.233, 2151.352, 3101.01, 3101.05, and 3109.011 and to repeal sections 3101.02, 3101.04, 3101.041, and 3101.042 of the Revised Code to repeal law that authorizes a person who is seventeen years of age to marry.",1,2026-01-20,https://legiscan.com/OH/bill/SB341/2025
OH,2086827,,Prohibit certain clauses from conservancy district contracts,"To enact section 6101.162 of the Revised Code to prohibit a conservancy district's board of directors from including certain provisions, such as an indemnification clause, in a contract for the procurement of goods or services.",1,2026-01-20,https://legiscan.com/OH/bill/SB342/2025
OH,2092156,,Regards workers' compensation coverage-urban search and rescue,To amend sections 5502.29 and 5502.41 and to enact section 5502.301 of the Revised Code regarding workers' compensation coverage for a member of an urban search and rescue unit rendering assistance in Ohio at the request of the state's Emergency Management Agency Executive Director.,1,2026-01-22,https://legiscan.com/OH/bill/SB343/2025
OH,2092329,,Regards health care facilities and infection prevention textiles,To enact section 3701.95 of the Revised Code regarding health care facilities and infection prevention textiles.,1,2026-01-22,https://legiscan.com/OH/bill/SB344/2025
OH,2091912,,"Create Higher Ed Evidence-Based Innovation Fund, Grant Program",To enact section 3333.1211 of the Revised Code to create the Higher Education Evidence-Based Innovation Fund and Grant Program and to require the Chancellor of Higher Education to conduct a study on retrenchment processes at state institutions of higher education.,1,2026-01-22,https://legiscan.com/OH/bill/SB345/2025
OH,2104637,,Create the 1905 Wright Flyer III license plate,"To amend sections 4501.21 and 5910.07 and to enact section 4503.4913 of the Revised Code to create the ""1905 Wright Flyer III"" license plate.",1,2026-02-02,https://legiscan.com/OH/bill/SB346/2025
OH,2104745,,Regards the BWC drug free workplace program,"To amend section 153.03 and to enact sections 4123.221, 4123.346, and 4123.347 of the Revised Code regarding the Bureau of Workers' Compensation drug free workplace program.",1,2026-02-02,https://legiscan.com/OH/bill/SB347/2025
OH,2104778,,"Require bars, restaurants to have date rape drug testing devices",To enact section 4301.73 of the Revised Code to require bars or restaurants to have date rape drug testing devices available for their customers' use.,1,2026-02-02,https://legiscan.com/OH/bill/SB348/2025
OH,2104572,,Allow advertising devices closer to highway system interchanges,"To amend section 5516.03 of the Revised Code to allow authorized advertising devices to be placed closer to interstate, national, and primary highway system interchanges.",1,2026-02-02,https://legiscan.com/OH/bill/SB349/2025
OH,2104710,,"Add Inspector General, Deputy IG to definition of peace officer","To amend sections 109.71, 109.77, 121.483, and 2935.01 of the Revised Code to add the Inspector General and a deputy Inspector General to the definition of ""peace officer"" while either official is engaged in the scope of the official's duties.",1,2026-02-02,https://legiscan.com/OH/bill/SB350/2025
OH,2107804,,Allow deployed service member to attend public meetings virtually,"To amend section 121.221 of the Revised Code to allow an active duty service member on deployment, and who is a member of a public body in the state, to attend meetings of the public body virtually.",1,2026-02-04,https://legiscan.com/OH/bill/SB351/2025
OH,2113776,,Regards behavioral health screenings in the perinatal period,"To enact sections 3702.41, 3902.65, and 5119.171 of the Revised Code regarding behavioral health screenings in the perinatal period and to make an appropriation.",1,2026-02-10,https://legiscan.com/OH/bill/SB352/2025
OH,2113932,,Regards regulation of internal affairs of domestic corporations,"To enact sections 1701.031, 1701.592, 1701.593, 1701.594, 1701.595, 1701.596, and 1701.597 of the Revised Code regarding the regulation of the internal affairs of domestic corporations and corporate use of committees of independent and disinterested directors.",1,2026-02-10,https://legiscan.com/OH/bill/SB353/2025
OH,2113845,,Enact the Interstate Podiatric Medical Licensure Compact,To enact sections 4731.12 and 4731.121 of the Revised Code to enact the Interstate Podiatric Medical Licensure Compact.,1,2026-02-10,https://legiscan.com/OH/bill/SB354/2025
OH,2113881,,Expand the offense of aggravated menacing re: certain workers,"To amend section 2903.21 of the Revised Code to expand the offense of aggravated menacing to prohibit threatening a utility worker, cable operator worker, or broadband worker with intent to obstruct the operation of a utility.",1,2026-02-10,https://legiscan.com/OH/bill/SB355/2025
OH,2113795,,Temporarily increase the amount of the homestead exemptions,To temporarily increase the amount of the homestead exemptions and to declare an emergency.,1,2026-02-10,https://legiscan.com/OH/bill/SB356/2025
OH,2114026,,Expand violent offender database; revise database availability,"To amend sections 2903.41, 2903.42, and 2903.43 and to enact section 5503.102 of the Revised Code to expand the violent offender database, to make public records in that database available on the internet, and to make the database information available through LEADS.",1,2026-02-10,https://legiscan.com/OH/bill/SB357/2025
OH,2113863,,Create the Blackout license plate,"To enact section 4503.511 of the Revised Code to create the ""Blackout"" license plate.",1,2026-02-10,https://legiscan.com/OH/bill/SB358/2025
OH,2114087,,Modify tax enforcement authority and sales tax exemption,"To amend sections 323.121, 323.132, 323.31, 718.08, 718.27, 718.88, 718.89, 4503.06, 5703.42, 5703.52, 5703.60, 5703.70, 5717.01, 5717.011, 5717.02, 5721.011, 5726.21, 5739.02, 5745.04, 5747.09, 5747.15, 5747.43, and 5751.06 and to enact sections 5703.59, 5717.021, and 5739.125 of the Revised Code to modify the tax enforcement authority of the Department of Taxation, municipal tax administrators, county treasurers, and the Board of Tax Appeals and to modify a sales tax exemption for automated car wash services.",1,2026-02-10,https://legiscan.com/OH/bill/SB359/2025
OH,2113991,,"Allow treble damages for theft, fraud victims in an emergency",To amend section 2307.60 of the Revised Code to allow victims of theft or fraud during a declared state of emergency to recover treble damages from the offender.,1,2026-02-10,https://legiscan.com/OH/bill/SB360/2025
OH,2114106,,Prohibit the use of eminent domain for recreational trails,To amend section 163.01 of the Revised Code to prohibit the use of eminent domain for recreational trails.,1,2026-02-10,https://legiscan.com/OH/bill/SB361/2025
OH,2114063,,Establish the Ohio Defense and Space Commission,"To amend section 121.22 and to enact sections 113.052, 122.952, 122.953, and 122.954 of the Revised Code to establish the Ohio Defense and Space Commission.",1,2026-02-10,https://legiscan.com/OH/bill/SB362/2025
OH,2118190,,Designate William 'Bill' Burgett Memorial Highway,"To enact section 5534.915 of the Revised Code to designate a portion of State Route 13 in Knox County as the ""William 'Bill' Burgett Memorial Highway.""",1,2026-02-17,https://legiscan.com/OH/bill/SB363/2025
OH,2118262,,Designate Cleveland Police Officer Jamieson Ritter Memorial Hwy,"To enact section 5534.974 of the Revised Code to designate a portion of U.S. Route 322 in Cleveland as the ""Cleveland Police Officer Jamieson Ritter Memorial Highway.""",1,2026-02-17,https://legiscan.com/OH/bill/SB364/2025
OH,2118208,,Designate Trooper Nicholas P. Cayton Memorial Highway,"To enact section 5534.449 of the Revised Code to designate a portion of State Route 11 in Mahoning County as the ""Trooper Nicholas P. Cayton Memorial Highway.""",1,2026-02-17,https://legiscan.com/OH/bill/SB365/2025
OH,2118132,,Require some delinquent property tax payments upon lot transfer,To amend sections 317.22 and 319.20 and to enact section 319.204 of the Revised Code to sometimes require payment of delinquent property taxes and assessments when a lot is transferred.,1,2026-02-17,https://legiscan.com/OH/bill/SB366/2025
OH,2119939,,Allow a sales and use tax exemption for certain projects,"To amend sections 4582.72, 5739.02, and 5739.03 of the Revised Code to allow a sales and use tax exemption for materials and services purchased for certain projects when a port authority or county refuses to endorse an agreement concerning the project.",1,2026-02-18,https://legiscan.com/OH/bill/SB367/2025
OH,2122263,,Regards institutional violation of an endowment agreement,"To amend sections 109.25, 1715.51, and 5813.06 and to enact sections 1715.551, 1715.552, 1715.553, 1715.554, 1715.555, 1715.556, 1715.557, 1715.558, and 1715.559 of the Revised Code to establish the scope and procedures for a civil action when an institution violates a restriction in an endowment agreement.",1,2026-02-23,https://legiscan.com/OH/bill/SB368/2025
OH,2125506,,Prohibit the force-feeding of birds,To enact section 959.22 of the Revised Code to establish prohibitions against the force-feeding of birds.,1,2026-02-26,https://legiscan.com/OH/bill/SB369/2025
OH,2125548,,Enhance penalties for offenses against a person with a disability,"To amend sections 2903.10, 2903.11, 2903.12, 2903.13, 2903.14, 2903.16, 2903.18, 2903.21, 2903.211, 2903.22, 2903.31, 2905.01, 2905.11, 2905.12, 2905.22, 2905.32, 2907.03, 2907.05, 2909.01, 2909.06, 2909.07, 2911.02, 2911.12, 2913.01, 2913.02, 2913.03, 2913.04, 2913.05, 2913.21, 2913.31, 2913.43, 2913.49, 2913.61, 2917.21, and 2919.25 of the Revised Code to enhance criminal penalties for offenses committed against a person with a disability.",1,2026-02-26,https://legiscan.com/OH/bill/SB370/2025
OH,2127672,,"Make capital reappropriations for biennium ending June 30, 2028","To make capital reappropriations for the biennium ending June 30, 2028.",1,2026-03-02,https://legiscan.com/OH/bill/SB371/2025
OH,2129563,,Require centralized reporting for certain financial reports,"To enact section 126.17 of the Revised Code to require the Director of Budget and Management to establish and administer a centralized reporting system for financial status reports regarding public money provided through a grant or loan program, or through an economic development program, a workforce development program, or a public assistance program.",1,2026-03-04,https://legiscan.com/OH/bill/SB372/2025
OH,2132363,,"Regards hospital-wide nursing care comm., nursing staffing plans","To amend sections 3727.50, 3727.51, 3727.52, 3727.55, and 3727.56; to enact new section 3727.53 and section 4123.293; and to repeal sections 3727.53 and 3727.54 of the Revised Code to revise the law governing hospital-wide nursing care committees and hospital nursing services staffing plans.",1,2026-03-11,https://legiscan.com/OH/bill/SB373/2025
OH,2132321,,Prohibit new data center sales tax exemptions,To amend section 122.175 of the Revised Code to prohibit new data center sales tax exemptions from being granted.,1,2026-03-11,https://legiscan.com/OH/bill/SB374/2025
OH,2132383,,Allow physician with revoked license to apply for reinstatement,To enact section 4731.2211 of the Revised Code to authorize a physician whose license was revoked to apply for reinstatement.,1,2026-03-11,https://legiscan.com/OH/bill/SB375/2025
OH,2132356,,Regards certain water and sewer practices of municipalities,"To amend sections 5747.50, 5747.502, 5747.51, and 5747.53 and to enact sections 9.662, 743.80, 5747.504, and 5747.505 of the Revised Code to create a process for withholding local government funds and state water and sewer assistance from municipal corporations that engage in certain water and sewer practices with respect to extraterritorial service.",1,2026-03-11,https://legiscan.com/OH/bill/SB376/2025
OH,2132393,,"Regards school district property, ed. service center facilities","To amend sections 3312.01, 3313.41, 3313.413, and 3313.843 and to enact sections 3318.80 and 3318.81 of the Revised Code regarding the sale of school district property and programs to support educational service center facilities projects.",1,2026-03-11,https://legiscan.com/OH/bill/SB377/2025
OH,2134320,,Enact the Responsible Water Use by Data Centers Act,To amend sections 1521.01 and 1521.99 and to enact sections 9.72 and 1521.232 of the Revised Code regarding the withdrawal and consumptive use of water by data centers and to name the act the Responsible Water Use by Data Centers Act.,1,2026-03-16,https://legiscan.com/OH/bill/SB378/2025
OH,2134204,,Enact Hailey's Law,"To amend sections 3313.60, 3314.03, 3326.11, and 3328.24 and to enact sections 109.44, 1349.07, 1349.071, 1349.072, 1349.073, 1349.074, 1349.075, 3301.0733, 3313.6034, and 5502.523 of the Revised Code to require the Attorney General to establish a statewide camera footage registry system, to impose various requirements on gaming platform providers and developers, to require public schools to provide grooming awareness and prevention instruction, and to name the act Hailey's Law.",1,2026-03-16,https://legiscan.com/OH/bill/SB379/2025
OH,2134266,,Prohibit laws incompatible with U.S. and Ohio Constitutions,To enact section 1.66 of the Revised Code to prohibit laws that are incompatible with the United States Constitution and Ohio Constitution and to name this act An Act to Affirm and Ensure the Supremacy of the Constitutions of the United States of America and Ohio and the Foundational Principle of the American System of Government: Individual Liberty.,1,2026-03-16,https://legiscan.com/OH/bill/SB380/2025
OH,2136140,,Require PUCO approval to connect data centers to electrical grid,"To enact sections 4908.01, 4908.02, 4908.021, 4908.022, 4908.023, 4908.03, 4908.031, 4908.032, 4908.033, 4908.034, 4908.04, 4908.041, 4908.042, 4908.05, 4908.051, 4908.052, 4908.053, and 4908.06 of the Revised Code to require the Public Utility Commission's approval of agreements to interconnect data centers to the electrical grid.",1,2026-03-19,https://legiscan.com/OH/bill/SB381/2025
OH,2136065,,Implement a top-two primary election system,"To amend sections 111.27, 3501.01, 3501.06, 3501.23, 3505.03, 3505.04, 3509.03, 3509.04, 3511.02, 3511.05, 3513.01, 3513.02, 3513.04, 3513.05, 3513.052, 3513.07, 3513.13, 3513.14, 3513.19, 3513.20, 3513.22, 3513.23, 3513.257, 3513.261, 3513.262, 3513.30, 3513.31, 3513.311, 3517.01, 3517.012, and 3517.03 and to repeal sections 3513.28, 3513.301, and 3513.312 of the Revised Code to implement a top-two primary election system for elective congressional, state, district, county, and municipal offices.",1,2026-03-19,https://legiscan.com/OH/bill/SB382/2025
OH,2136120,,Regards portable solar generation devices,"To amend section 4928.01 and to enact sections 4928.74, 4928.741, and 4928.742 of the Revised Code regarding portable solar generation devices.",1,2026-03-19,https://legiscan.com/OH/bill/SB383/2025
OH,2136185,,Regards direct care staffing hour requirements for nursing homes,To amend section 3721.04 of the Revised Code to prohibit counting nurse and nurse aide nondirect care duties towards the direct care staffing hour requirements for nursing homes.,1,2026-03-19,https://legiscan.com/OH/bill/SB384/2025
OH,2136175,,License and regulate the practice of naturopathic medicine,"To amend sections 109.572, 4731.07, 4731.071, 4731.224, 4731.2210, 4731.24, 4731.25, 4731.251, 4776.01, and 4776.20 and to enact sections 4789.02, 4789.03, 4789.04, 4789.05, 4789.06, 4789.07, 4789.08, 4789.09, 4789.10, 4789.11, 4789.12, and 4789.99 of the Revised Code to license and regulate the practice of naturopathic medicine.",1,2026-03-19,https://legiscan.com/OH/bill/SB385/2025
OH,2137470,,Enact the Medicaid Savings Act,"To amend sections 126.021, 126.024, 173.19, 1751.03, 3701.741, 3901.81, 3902.70, 3903.14, 3903.42, 3959.01, 3963.06, 4121.50, 4729.20, 4729.49, 4729.80, 4729.84, 4729.86, 5160.01, 5160.34, 5160.37, 5160.371, 5160.40, 5162.01, 5162.021, 5162.13, 5162.1310, 5162.73, 5164.01, 5164.38, 5164.46, 5164.74, 5164.751, 5166.01, 5166.40, 5166.405, 5166.406, 5168.75, 5168.76, 5739.01, and 5739.03; to amend, for the purpose of adopting a new section number as indicated in parentheses, section 5162.73 (5162.74); to enact new section 5162.73; and to repeal sections 1751.271, 3901.815, 3903.421, 5164.741, 5167.01, 5167.02, 5167.03, 5167.031, 5167.04, 5167.05, 5167.051, 5167.09, 5167.10, 5167.101, 5167.103, 5167.11, 5167.12, 5167.122, 5167.123, 5167.13, 5167.14, 5167.15, 5167.16, 5167.17, 5167.171, 5167.173, 5167.18, 5167.20, 5167.201, 5167.21, 5167.22, 5167.221, 5167.24, 5167.241, 5167.243, 5167.244, 5167.245, 5167.26, 5167.30, 5167.31, 5167.32, 5167.33, 5167.34, 5167.35, 5167.40, 5167.41, 5167.45, 5167.47, and 5739.051 of the Revised Code to eliminate the care management system from the Medicaid program and to name this act the Medicaid Savings Act.",1,2026-03-23,https://legiscan.com/OH/bill/SB386/2025
OH,2137439,,Regards Medicaid managed care coverage of pharmacogenomic testing,To enact section 5167.124 of the Revised Code regarding coverage of pharmacogenomic testing by Medicaid managed care organizations.,1,2026-03-23,https://legiscan.com/OH/bill/SB387/2025
OH,2137435,,Designate Augmentative and Alternative Communication (AAC) Month,"To enact section 5.63 of the Revised Code to designate October as ""Augmentative and Alternative Communication (AAC) Awareness Month.""",1,2026-03-23,https://legiscan.com/OH/bill/SB388/2025
OH,2137479,,"Regards augmentative, alternative comm. tool insurance coverage",To enact section 3902.65 of the Revised Code regarding insurance coverage for augmentative and alternative communication tools.,1,2026-03-23,https://legiscan.com/OH/bill/SB389/2025
OH,2137465,,Revise law governing nursing facilities in the Medicaid program,"To amend sections 5165.06, 5165.151, 5165.158, 5165.19, 5165.26, and 5165.36 and to enact section 5165.061 of the Revised Code to make various changes to the law governing nursing facilities in the Medicaid program.",1,2026-03-23,https://legiscan.com/OH/bill/SB390/2025
OH,2137485,,Regards compensation for Senate-confirmed Governor appointees,"To amend sections 124.15, 124.152, 3328.15, 3333.01, 3770.02, 4121.02, and 4905.10 of the Revised Code regarding maximum compensation paid to individuals appointed by the Governor and confirmed by the Senate.",1,2026-03-23,https://legiscan.com/OH/bill/SB391/2025
OH,2137442,,"Regards concealed weapons license, weapon types, carry locations","To amend sections 9.68, 109.69, 109.731, 311.41, 311.42, 311.43, 1547.69, 2921.13, 2923.11, 2923.111, 2923.12, 2923.121, 2923.122, 2923.123, 2923.124, 2923.125, 2923.126, 2923.127, 2923.128, 2923.129, 2923.1210, 2923.1211, 2923.1212, 2923.1213, 2923.16, 2923.17, 2953.35, 4511.19, and 4749.10 and to repeal section 1533.04 of the Revised Code to enact the Freedom to Carry Act to rename a concealed handgun license a concealed weapons license, to allow a concealed weapons licensee to carry a concealed deadly weapon other than an exclusive deadly weapon, and to allow the possession or transportation of a loaded firearm while in a motor vehicle or vessel.",1,2026-03-23,https://legiscan.com/OH/bill/SB392/2025
OH,2137429,,"Regards sexually oriented offenses involving juveniles, animals","To amend sections 959.21, 959.99, 2907.04, 2907.05, 2907.321, 2907.322, 2907.323, 2929.14, and 2950.01 and to enact section 2941.1427 of the Revised Code to make changes to various sexually oriented offenses involving juvenile victims and to create the offenses of creating or possessing material depicting sexual conduct with an animal.",1,2026-03-23,https://legiscan.com/OH/bill/SB393/2025
OH,2137449,,Require courts to supply electronic notification of hearings,To enact section 2709.01 of the Revised Code to require courts to supply electronic notification of hearings to defendants in criminal and traffic cases and to make an appropriation.,1,2026-03-23,https://legiscan.com/OH/bill/SB394/2025
OH,2137489,,"Implement top-three primary, consensus general election system","To amend sections 111.27, 3501.01, 3501.06, 3501.22, 3501.23, 3505.03, 3505.04, 3505.08, 3505.10, 3505.23, 3505.27, 3505.33, 3505.34, 3505.35, 3505.36, 3505.37, 3506.11, 3509.03, 3509.04, 3511.02, 3511.05, 3513.01, 3513.02, 3513.04, 3513.041, 3513.05, 3513.052, 3513.07, 3513.08, 3513.10, 3513.12, 3513.121, 3513.13, 3513.14, 3513.15, 3513.18, 3513.19, 3513.20, 3513.22, 3513.24, 3513.251, 3513.253, 3513.254, 3513.255, 3513.257, 3513.261, 3513.263, 3513.30, 3513.31, 3513.311, 3513.32, 3513.33, 3517.01, 3517.012, 3517.016, 3517.02, and 3517.03; to amend, for the purpose of adopting a new section number as indicated in parentheses, section 3513.041 (3505.101); to enact section 3505.301; and to repeal sections 3513.16, 3513.191, 3513.192, 3513.23, 3513.256, 3513.262, 3513.28, 3513.301, 3513.312, 3517.013, and 3517.014 of the Revised Code to implement a top-three primary election system and a consensus choice general election system for congressional, state, and local offices.",1,2026-03-23,https://legiscan.com/OH/bill/SB395/2025
OH,2137420,,Establish family and medical leave insurance benefits,"To amend section 5747.01 and to enact sections 4143.01, 4143.02, 4143.03, 4143.04, 4143.05, 4143.06, 4143.07, 4143.08, 4143.09, 4143.10, 4143.11, 4143.12, 4143.13, 4143.14, 4143.15, 4143.16, 4143.17, and 4143.18 of the Revised Code to establish family and medical leave insurance benefits.",1,2026-03-23,https://legiscan.com/OH/bill/SB396/2025
OH,2137494,,Enact the JobsOhio Transparency Act,"To amend sections 187.01, 187.04, and 4313.02 and to enact sections 117.57, 127.20, and 187.15 of the Revised Code to modify the law governing JobsOhio and to name this act the JobsOhio Transparency Act.",1,2026-03-23,https://legiscan.com/OH/bill/SB397/2025
OH,2137423,,Create the Adopt a Trail Program,To enact section 1546.33 of the Revised Code to create the Adopt a Trail Program.,1,2026-03-23,https://legiscan.com/OH/bill/SB398/2025
OH,1903247,,Relative to the salaries of the officials and employees of the Senate.,Relative to the salaries of the officials and employees of the Senate.,4,2025-01-06,https://legiscan.com/OH/bill/SR1/2025
OH,1903274,,Relative to mileage reimbursement.,Relative to mileage reimbursement.,4,2025-01-06,https://legiscan.com/OH/bill/SR2/2025
OH,1907228,,Honoring Michelle Huang on winning a silver medal at the 2024 Pan American Kung Fu Championships.,Honoring Michelle Huang on winning a silver medal at the 2024 Pan American Kung Fu Championships.,4,2025-01-08,https://legiscan.com/OH/bill/SR3/2025
OH,1915263,,In memory of Ben Espy.,In memory of Ben Espy.,4,2025-01-13,https://legiscan.com/OH/bill/SR4/2025
OH,1915418,,Honoring Phil Cummins for years of stalwart service to the Legislative Service Commission.,Honoring Phil Cummins for years of stalwart service to the Legislative Service Commission.,4,2025-01-13,https://legiscan.com/OH/bill/SR5/2025
OH,1915576,,Honoring Tom Hamilton on receiving the 2025 National Baseball Hall of Fame and Museum Ford C. Frick Award.,Honoring Tom Hamilton on receiving the 2025 National Baseball Hall of Fame and Museum Ford C. Frick Award.,4,2025-01-13,https://legiscan.com/OH/bill/SR6/2025
OH,1915736,,Honoring St. Peter Catholic Church on its Sesquicentennial.,Honoring St. Peter Catholic Church on its Sesquicentennial.,4,2025-01-13,https://legiscan.com/OH/bill/SR7/2025
OH,1935728,,Honoring Tiffin-Seneca Izaak Walton League of America Chapter 37-107 on its Centennial.,Honoring Tiffin-Seneca Izaak Walton League of America Chapter 37-107 on its Centennial.,4,2025-01-22,https://legiscan.com/OH/bill/SR8/2025
OH,1935790,,Honoring the Indian Valley High School football team on securing the 2024 Division IV State Championship.,Honoring the Indian Valley High School football team on securing the 2024 Division IV State Championship.,4,2025-01-22,https://legiscan.com/OH/bill/SR9/2025
OH,1943897,,Honoring the St. Ursula Academy girls volleyball team on winning the 2024 Division II State Championship.,Honoring the St. Ursula Academy girls volleyball team on winning the 2024 Division II State Championship.,4,2025-01-28,https://legiscan.com/OH/bill/SR10/2025
OH,1944206,,Honoring the Cardington Volunteer Fire Department on its One Hundred Fiftieth Anniversary.,Honoring the Cardington Volunteer Fire Department on its One Hundred Fiftieth Anniversary.,4,2025-01-28,https://legiscan.com/OH/bill/SR11/2025
OH,1943885,,In memory of Andrew Steven Lansing.,In memory of Andrew Steven Lansing.,4,2025-01-28,https://legiscan.com/OH/bill/SR12/2025
OH,1943952,,Honoring Krill Funeral Service on its Sesquicentennial.,Honoring Krill Funeral Service on its Sesquicentennial.,4,2025-01-28,https://legiscan.com/OH/bill/SR13/2025
OH,1944393,,Honoring the University of Cincinnati Clermont women's soccer team on securing the 2024 USCAA Small College Division II National Championship.,Honoring the University of Cincinnati Clermont women's soccer team on securing the 2024 USCAA Small College Division II National Championship.,4,2025-01-28,https://legiscan.com/OH/bill/SR14/2025
OH,1946426,,Relative to the election of Jane M. Timken to fill the vacancy in the membership of the Senate for the 29th Senatorial District.,Relative to the election of Jane M. Timken to fill the vacancy in the membership of the Senate for the 29th Senatorial District.,4,2025-01-29,https://legiscan.com/OH/bill/SR15/2025
OH,1946376,,Relative to mileage reimbursement.,Relative to mileage reimbursement.,4,2025-01-29,https://legiscan.com/OH/bill/SR16/2025
OH,1946054,,Adopt Senate Rules,To adopt the rules of the Senate for the 136th General Assembly.,4,2025-01-29,https://legiscan.com/OH/bill/SR17/2025
OH,1946161,,"Permitting the use of the Ohio Senate Chamber and hearing rooms by the Western Ohio National Speech and Debate Association on March 15, 2025.","Permitting the use of the Ohio Senate Chamber and hearing rooms by the Western Ohio National Speech and Debate Association on March 15, 2025.",4,2025-01-29,https://legiscan.com/OH/bill/SR18/2025
OH,1946212,,"Authorizing the Ohio-West Virginia Youth Leadership Association to use the Ohio Senate Chamber and committee rooms on April 10-12, 2025.","Authorizing the Ohio-West Virginia Youth Leadership Association to use the Ohio Senate Chamber and committee rooms on April 10-12, 2025.",4,2025-01-29,https://legiscan.com/OH/bill/SR19/2025
OH,1946475,,"Authorizing Ohio YMCA Youth and Government to use the Ohio Senate Chamber and committee rooms on January 30-31, 2025, and March 20-21, 2025.","Authorizing Ohio YMCA Youth and Government to use the Ohio Senate Chamber and committee rooms on January 30-31, 2025, and March 20-21, 2025.",4,2025-01-29,https://legiscan.com/OH/bill/SR20/2025
OH,1954781,,"Urge Congress support military, veteran mental health treatment",To urge the U.S. Congress to support the provision of prompt and comprehensive mental health treatment to military personnel and veterans who are suffering from post-traumatic stress disorder and other service-related stress disorders.,4,2025-03-26,https://legiscan.com/OH/bill/SR21/2025
OH,1954640,,Urge federal govt reduce processing time-veteran disability claim,"To urge the President of the United States, the United States Secretary of Veterans Affairs, and the United States Congress to take prompt action to reduce the processing time for veterans' disability benefit claims.",4,2025-05-14,https://legiscan.com/OH/bill/SR22/2025
OH,1955242,,Honoring Urban Meyer on being inducted into the College Football Hall of Fame.,Honoring Urban Meyer on being inducted into the College Football Hall of Fame.,4,2025-02-04,https://legiscan.com/OH/bill/SR23/2025
OH,1955299,,Honoring The Ohio State University football team as the 2025 College Football Playoff National Champion.,Honoring The Ohio State University football team as the 2025 College Football Playoff National Champion.,4,2025-02-04,https://legiscan.com/OH/bill/SR24/2025
OH,1955074,,Honoring Fulton County on its One Hundred Seventy-fifth Anniversary.,Honoring Fulton County on its One Hundred Seventy-fifth Anniversary.,4,2025-02-04,https://legiscan.com/OH/bill/SR25/2025
OH,1955264,,Honoring Kathleen A. Luikart on her retirement from the Ohio Legislative Service Commission.,Honoring Kathleen A. Luikart on her retirement from the Ohio Legislative Service Commission.,4,2025-02-04,https://legiscan.com/OH/bill/SR26/2025
OH,1955281,,Honoring Maggie Purdy for outstanding service to the State of Ohio.,Honoring Maggie Purdy for outstanding service to the State of Ohio.,4,2025-02-04,https://legiscan.com/OH/bill/SR27/2025
OH,1955537,,Honoring Theresea Varrasso for outstanding service to the Ohio Senate.,Honoring Theresea Varrasso for outstanding service to the Ohio Senate.,4,2025-02-04,https://legiscan.com/OH/bill/SR28/2025
OH,1992557,,"Urge Congress to restore stolen SNAP benefits, address fraud",To urge Congress to resume restoring stolen SNAP benefits and implement anti-fraud measures in the SNAP program.,1,2025-02-10,https://legiscan.com/OH/bill/SR29/2025
OH,1966042,,Honoring the Ironton High School football team on securing the 2024 Division V State Championship.,Honoring the Ironton High School football team on securing the 2024 Division V State Championship.,4,2025-02-11,https://legiscan.com/OH/bill/SR30/2025
OH,1966657,,Honoring Trevon Pendleton as a 2024 All-Ohio Division V Football Coach of the Year.,Honoring Trevon Pendleton as a 2024 All-Ohio Division V Football Coach of the Year.,4,2025-02-11,https://legiscan.com/OH/bill/SR31/2025
OH,1969566,,Honoring Amberly Szczerbiak on being named the 2025 Ohio Fairs' Queen.,Honoring Amberly Szczerbiak on being named the 2025 Ohio Fairs' Queen.,4,2025-02-11,https://legiscan.com/OH/bill/SR32/2025
OH,1966604,,Honoring Marcus Benjamin for outstanding service to the State of Ohio.,Honoring Marcus Benjamin for outstanding service to the State of Ohio.,4,2025-02-11,https://legiscan.com/OH/bill/SR33/2025
OH,1966286,,Honoring Regan Burke-Onda for outstanding service to the State of Ohio.,Honoring Regan Burke-Onda for outstanding service to the State of Ohio.,4,2025-02-11,https://legiscan.com/OH/bill/SR34/2025
OH,1966067,,Honoring David Reedy for outstanding service to the State of Ohio.,Honoring David Reedy for outstanding service to the State of Ohio.,4,2025-02-11,https://legiscan.com/OH/bill/SR35/2025
OH,1973197,,Honoring The Ohio State University dance team on winning a 2025 UCA & UDA College Cheerleading and Dance Team National title.,Honoring The Ohio State University dance team on winning a 2025 UCA & UDA College Cheerleading and Dance Team National title.,4,2025-02-14,https://legiscan.com/OH/bill/SR36/2025
OH,1973096,,Honoring The Ohio State University spirit team on securing a 2025 UCA & UDA College Cheerleading and Dance Team National crown.,Honoring The Ohio State University spirit team on securing a 2025 UCA & UDA College Cheerleading and Dance Team National crown.,4,2025-02-14,https://legiscan.com/OH/bill/SR37/2025
OH,1973579,,Honoring Annice Carter on her years of service to the Ohio Legislative Service Commission.,Honoring Annice Carter on her years of service to the Ohio Legislative Service Commission.,4,2025-02-18,https://legiscan.com/OH/bill/SR38/2025
OH,1983169,,In memory of Alan J. Zaleski.,In memory of Alan J. Zaleski.,4,2025-02-25,https://legiscan.com/OH/bill/SR39/2025
OH,1983281,,Honoring the Bishop Watterson High School girls soccer team as the 2024 Division II State Champion.,Honoring the Bishop Watterson High School girls soccer team as the 2024 Division II State Champion.,4,2025-02-25,https://legiscan.com/OH/bill/SR40/2025
OH,1985198,,"Authorizing Cleveland State University to use the Ohio Senate Chamber on March 13, 2025.","Authorizing Cleveland State University to use the Ohio Senate Chamber on March 13, 2025.",4,2025-02-26,https://legiscan.com/OH/bill/SR41/2025
OH,1991037,,Honoring Scott W. Stockman for outstanding service to the State of Ohio.,Honoring Scott W. Stockman for outstanding service to the State of Ohio.,4,2025-03-04,https://legiscan.com/OH/bill/SR42/2025
OH,1991173,,Honoring the Ohio Department of Agriculture during March 2025 as National Agriculture Month.,Honoring the Ohio Department of Agriculture during March 2025 as National Agriculture Month.,4,2025-03-04,https://legiscan.com/OH/bill/SR43/2025
OH,1990992,,Honoring the Village of Baltimore on its Bicentennial.,Honoring the Village of Baltimore on its Bicentennial.,4,2025-03-04,https://legiscan.com/OH/bill/SR44/2025
OH,1999783,,Honoring Dave Chappelle as a 2025 Grammy Award winner.,Honoring Dave Chappelle as a 2025 Grammy Award winner.,4,2025-03-11,https://legiscan.com/OH/bill/SR45/2025
OH,1999902,,Honoring Mason Francis as a two-time 2025 Division II State Swimming Champion.,Honoring Mason Francis as a two-time 2025 Division II State Swimming Champion.,4,2025-03-11,https://legiscan.com/OH/bill/SR46/2025
OH,1999996,,Honoring the Olentangy Berlin High School competition cheer team on winning the 2024 OHSAA Division I Spirit State Championship.,Honoring the Olentangy Berlin High School competition cheer team on winning the 2024 OHSAA Division I Spirit State Championship.,4,2025-03-11,https://legiscan.com/OH/bill/SR47/2025
OH,1999809,,Honoring the Cincinnati Hills Christian Academy girls 400-yard freestyle relay team as the 2025 Division II State Champion.,Honoring the Cincinnati Hills Christian Academy girls 400-yard freestyle relay team as the 2025 Division II State Champion.,4,2025-03-11,https://legiscan.com/OH/bill/SR48/2025
OH,1999823,,Honoring Julia Shafer on winning three 2025 Division II State Championship titles in swimming.,Honoring Julia Shafer on winning three 2025 Division II State Championship titles in swimming.,4,2025-03-11,https://legiscan.com/OH/bill/SR49/2025
OH,1999917,,Honoring Taylor Bacher on securing a 2025 Division II State Swimming Championship title.,Honoring Taylor Bacher on securing a 2025 Division II State Swimming Championship title.,4,2025-03-11,https://legiscan.com/OH/bill/SR50/2025
OH,2010966,,Reaffirm Ukraine's sovereignty; support the people of Ukraine,To reaffirm Ukraine's sovereignty and to support the people of Ukraine following the third-year anniversary of Russia's invasion of Ukraine.,1,2025-03-18,https://legiscan.com/OH/bill/SR51/2025
OH,2010185,,Honoring the National Society Daughters of the American Revolution Elizabeth Sherman Reese Chapter on its One Hundred Twenty-fifth Anniversary.,Honoring the National Society Daughters of the American Revolution Elizabeth Sherman Reese Chapter on its One Hundred Twenty-fifth Anniversary.,4,2025-03-18,https://legiscan.com/OH/bill/SR52/2025
OH,2009950,,Honoring the Pickerington High School Central cheer team as a 2025 OASSA State Champion.,Honoring the Pickerington High School Central cheer team as a 2025 OASSA State Champion.,4,2025-03-18,https://legiscan.com/OH/bill/SR53/2025
OH,2010280,,Honoring the Upper Arlington High School girls swim team as the 2025 Division I State Champion.,Honoring the Upper Arlington High School girls swim team as the 2025 Division I State Champion.,4,2025-03-18,https://legiscan.com/OH/bill/SR54/2025
OH,2010223,,Honoring Carrie Furbee on securing a 2025 Division II State Swimming Championship.,Honoring Carrie Furbee on securing a 2025 Division II State Swimming Championship.,4,2025-03-18,https://legiscan.com/OH/bill/SR55/2025
OH,2010092,,Honoring Hayden Hollingsworth on securing a 2025 Division I State Swim Championship title.,Honoring Hayden Hollingsworth on securing a 2025 Division I State Swim Championship title.,4,2025-03-18,https://legiscan.com/OH/bill/SR56/2025
OH,2010000,,Honoring the Urbana High School girls bowling team on winning the 2025 Division II State Championship.,Honoring the Urbana High School girls bowling team on winning the 2025 Division II State Championship.,4,2025-03-18,https://legiscan.com/OH/bill/SR57/2025
OH,2010074,,Honoring Edward Kessen on placing first at the 2025 Division III State Wrestling Championship.,Honoring Edward Kessen on placing first at the 2025 Division III State Wrestling Championship.,4,2025-03-18,https://legiscan.com/OH/bill/SR58/2025
OH,2010208,,Honoring Laney Oliver on placing first at the 2025 Girls State Wrestling Championship.,Honoring Laney Oliver on placing first at the 2025 Girls State Wrestling Championship.,4,2025-03-18,https://legiscan.com/OH/bill/SR59/2025
OH,2010260,,Honoring Kate Simmons as a 2025 State Wrestling Champion.,Honoring Kate Simmons as a 2025 State Wrestling Champion.,4,2025-03-18,https://legiscan.com/OH/bill/SR60/2025
OH,2010241,,Honoring Makennah Craft as a 2025 State Wrestling Champion.,Honoring Makennah Craft as a 2025 State Wrestling Champion.,4,2025-03-18,https://legiscan.com/OH/bill/SR61/2025
OH,2010169,,Honoring Adam Mattin on securing the 2025 Division III State Wrestling Championship at 126 pounds.,Honoring Adam Mattin on securing the 2025 Division III State Wrestling Championship at 126 pounds.,4,2025-03-18,https://legiscan.com/OH/bill/SR62/2025
OH,2010110,,Honoring the Delaware Hayes High School NIRBII team on being named a top team in the NASA App Development Challenge.,Honoring the Delaware Hayes High School NIRBII team on being named a top team in the NASA App Development Challenge.,4,2025-03-18,https://legiscan.com/OH/bill/SR63/2025
OH,2011097,,Support moving NASA headquarters to Cleveland,"To support moving NASA headquarters to Cleveland, Ohio.",1,2025-03-19,https://legiscan.com/OH/bill/SR64/2025
OH,2011063,,Honoring Alex Taylor as a 2025 Division I State Wrestling Champion.,Honoring Alex Taylor as a 2025 Division I State Wrestling Champion.,4,2025-03-19,https://legiscan.com/OH/bill/SR65/2025
OH,2010982,,Honoring Ashlynn Brokaw as a 2025 State Wrestling Champion.,Honoring Ashlynn Brokaw as a 2025 State Wrestling Champion.,4,2025-03-19,https://legiscan.com/OH/bill/SR66/2025
OH,2011046,,Honoring the Upper Arlington High School ice hockey team as the 2025 OHSAA State Champion.,Honoring the Upper Arlington High School ice hockey team as the 2025 OHSAA State Champion.,4,2025-03-19,https://legiscan.com/OH/bill/SR67/2025
OH,2014344,,Support moving NASA headquarters to Ohio,To support moving NASA headquarters to Ohio.,4,2025-04-02,https://legiscan.com/OH/bill/SR68/2025
OH,2014072,,"Recognize Bhutan responsibility for oppressing 120,000 citizens","To recognize the Kingdom of Bhutan as responsible for the oppression and forced eviction of more than 120,000 Bhutanese citizens during the late 1980s and 1990s.",1,2025-03-25,https://legiscan.com/OH/bill/SR69/2025
OH,2014099,,Honoring the Pickerington High School North cheer team on winning a 2025 OASSA Division 1 State Cheer Championship.,Honoring the Pickerington High School North cheer team on winning a 2025 OASSA Division 1 State Cheer Championship.,4,2025-03-25,https://legiscan.com/OH/bill/SR70/2025
OH,2014129,,Honoring the Columbus Grove High School girls basketball team on securing the 2025 Division VI State Championship.,Honoring the Columbus Grove High School girls basketball team on securing the 2025 Division VI State Championship.,4,2025-03-25,https://legiscan.com/OH/bill/SR71/2025
OH,2014143,,Honoring the City of Findlay on being selected as the 2024 Top Micropolitan in the U.S.,Honoring the City of Findlay on being selected as the 2024 Top Micropolitan in the U.S.,4,2025-03-25,https://legiscan.com/OH/bill/SR72/2025
OH,2014297,,Honoring the Orrville Public Library on its One Hundredth Anniversary.,Honoring the Orrville Public Library on its One Hundredth Anniversary.,4,2025-03-25,https://legiscan.com/OH/bill/SR73/2025
OH,2014402,,Honoring Sydney Stevenson on securing a 2025 OATCCC Division II State Indoor Track and Field Championship.,Honoring Sydney Stevenson on securing a 2025 OATCCC Division II State Indoor Track and Field Championship.,4,2025-03-25,https://legiscan.com/OH/bill/SR74/2025
OH,2014269,,Honoring the Dover High School cheerleading team as a 2025 OASSA Division 3 State Champion.,Honoring the Dover High School cheerleading team as a 2025 OASSA Division 3 State Champion.,4,2025-03-25,https://legiscan.com/OH/bill/SR75/2025
OH,2014187,,Honoring Collin Sullivan as a 2025 Division III State Wrestling Champion.,Honoring Collin Sullivan as a 2025 Division III State Wrestling Champion.,4,2025-03-25,https://legiscan.com/OH/bill/SR76/2025
OH,2014361,,Honoring the Village of Millersport on its Bicentennial.,Honoring the Village of Millersport on its Bicentennial.,4,2025-03-25,https://legiscan.com/OH/bill/SR77/2025
OH,2014239,,Honoring the Ashland High School boys bowling team as the 2025 Division I State Champion.,Honoring the Ashland High School boys bowling team as the 2025 Division I State Champion.,4,2025-03-25,https://legiscan.com/OH/bill/SR78/2025
OH,2014284,,Honoring Alaina Freeze on winning the 2025 OATCCC Division III State Indoor Championship in the pole vault.,Honoring Alaina Freeze on winning the 2025 OATCCC Division III State Indoor Championship in the pole vault.,4,2025-03-25,https://legiscan.com/OH/bill/SR79/2025
OH,2014315,,Honoring the Winton Woods High School girls basketball team on securing the 2025 Division II State Championship.,Honoring the Winton Woods High School girls basketball team on securing the 2025 Division II State Championship.,4,2025-03-25,https://legiscan.com/OH/bill/SR80/2025
OH,2014330,,Honoring the Austintown Fitch High School competition cheer team as the 2025 OASSA Division 2 Building State Champion.,Honoring the Austintown Fitch High School competition cheer team as the 2025 OASSA Division 2 Building State Champion.,4,2025-03-25,https://legiscan.com/OH/bill/SR81/2025
OH,2014172,,Honoring the Waterford High School girls basketball team on securing the 2025 Division VII State Championship.,Honoring the Waterford High School girls basketball team on securing the 2025 Division VII State Championship.,4,2025-03-25,https://legiscan.com/OH/bill/SR82/2025
OH,2018169,,Honoring the Bellevue High School girls basketball team on winning the 2025 Division IV State Championship.,Honoring the Bellevue High School girls basketball team on winning the 2025 Division IV State Championship.,4,2025-04-01,https://legiscan.com/OH/bill/SR83/2025
OH,2018200,,Honoring the Portsmouth High School girls basketball team as the 2025 Division V State Champion.,Honoring the Portsmouth High School girls basketball team as the 2025 Division V State Champion.,4,2025-04-01,https://legiscan.com/OH/bill/SR84/2025
OH,2018234,,Honoring Coltyn Reedy as a 2025 Division II State Wrestling Champion.,Honoring Coltyn Reedy as a 2025 Division II State Wrestling Champion.,4,2025-04-01,https://legiscan.com/OH/bill/SR85/2025
OH,2017999,,Honoring the Bloom-Carroll High School FFA ag sales team on placing first at the 2025 Ohio FFA Ag Sales Competition.,Honoring the Bloom-Carroll High School FFA ag sales team on placing first at the 2025 Ohio FFA Ag Sales Competition.,4,2025-04-01,https://legiscan.com/OH/bill/SR86/2025
OH,2018183,,Honoring the Pickerington High School Central girls basketball team on securing the 2025 Division I State Championship.,Honoring the Pickerington High School Central girls basketball team on securing the 2025 Division I State Championship.,4,2025-04-01,https://legiscan.com/OH/bill/SR87/2025
OH,2019151,,Honoring Brendon Kilpatrick as the 2024 Football Championship Subdivision Punter of the Year.,Honoring Brendon Kilpatrick as the 2024 Football Championship Subdivision Punter of the Year.,4,2025-04-02,https://legiscan.com/OH/bill/SR88/2025
OH,2019069,,Honoring the Olentangy Orange High School boys basketball team on winning the 2025 Division I State Championship.,Honoring the Olentangy Orange High School boys basketball team on winning the 2025 Division I State Championship.,4,2025-04-02,https://legiscan.com/OH/bill/SR89/2025
OH,2019042,,Honoring the Westerville North High School boys basketball team as the 2025 Division II State Champion.,Honoring the Westerville North High School boys basketball team as the 2025 Division II State Champion.,4,2025-04-02,https://legiscan.com/OH/bill/SR90/2025
OH,2018900,,Honoring Maddox Laymon as a 2025 Division II State Wrestling Champion.,Honoring Maddox Laymon as a 2025 Division II State Wrestling Champion.,4,2025-04-02,https://legiscan.com/OH/bill/SR91/2025
OH,2019081,,Honoring the Monroe Central High School boys basketball team as the 2025 Division VI State Champion.,Honoring the Monroe Central High School boys basketball team as the 2025 Division VI State Champion.,4,2025-04-02,https://legiscan.com/OH/bill/SR92/2025
OH,2024736,,"Support amendment: abolish corporate personhood, money as speech",To call on legislators at the state and federal level and other communities and jurisdictions to support an amendment to the United States Constitution that would abolish corporate personhood and the doctrine of money as speech.,1,2025-04-08,https://legiscan.com/OH/bill/SR93/2025
OH,2021588,,Honoring The University of Akron men's basketball team on securing the 2025 Mid-American Conference Championship.,Honoring The University of Akron men's basketball team on securing the 2025 Mid-American Conference Championship.,4,2025-04-08,https://legiscan.com/OH/bill/SR94/2025
OH,2021523,,Honoring Brydon Feister as a 2025 Division II State Wrestling Champion.,Honoring Brydon Feister as a 2025 Division II State Wrestling Champion.,4,2025-04-08,https://legiscan.com/OH/bill/SR95/2025
OH,2021546,,Honoring Jesse Mendez on winning a 2025 NCAA Division I Championship in wrestling.,Honoring Jesse Mendez on winning a 2025 NCAA Division I Championship in wrestling.,4,2025-04-08,https://legiscan.com/OH/bill/SR96/2025
OH,2021481,,Observing April 2025 as the Month of the Military Child in Ohio.,Observing April 2025 as the Month of the Military Child in Ohio.,4,2025-04-08,https://legiscan.com/OH/bill/SR97/2025
OH,2021459,,Honoring the Russia High School boys basketball team on winning the 2025 Division VII State Championship.,Honoring the Russia High School boys basketball team on winning the 2025 Division VII State Championship.,4,2025-04-08,https://legiscan.com/OH/bill/SR98/2025
OH,2021569,,Honoring the Graham High School wrestling team on securing the 2025 Division III State Championship.,Honoring the Graham High School wrestling team on securing the 2025 Division III State Championship.,4,2025-04-08,https://legiscan.com/OH/bill/SR99/2025
OH,2021606,,Honoring the Purcell Marian High School girls basketball team on winning the 2025 Division III State Championship.,Honoring the Purcell Marian High School girls basketball team on winning the 2025 Division III State Championship.,4,2025-04-08,https://legiscan.com/OH/bill/SR100/2025
OH,2021499,,Honoring the Wood County District Public Library on its One Hundred Fiftieth Anniversary.,Honoring the Wood County District Public Library on its One Hundred Fiftieth Anniversary.,4,2025-04-08,https://legiscan.com/OH/bill/SR101/2025
OH,2022212,,Honoring John Groce on receiving the 2025 Hugh Durham National Coach of the Year Award.,Honoring John Groce on receiving the 2025 Hugh Durham National Coach of the Year Award.,4,2025-04-09,https://legiscan.com/OH/bill/SR102/2025
OH,2024703,,Honoring the Maysville High School boys basketball team on winning the 2025 Division IV State Championship.,Honoring the Maysville High School boys basketball team on winning the 2025 Division IV State Championship.,4,2025-04-17,https://legiscan.com/OH/bill/SR103/2025
OH,2024796,,Honoring the Ohio Division of State Fire Marshal on its One Hundred Twenty-fifth Anniversary.,Honoring the Ohio Division of State Fire Marshal on its One Hundred Twenty-fifth Anniversary.,4,2025-04-17,https://legiscan.com/OH/bill/SR104/2025
OH,2024805,,Honoring the Archbishop Hoban High School Mock Trial team as the 2025 Ohio Mock Trial State Champion.,Honoring the Archbishop Hoban High School Mock Trial team as the 2025 Ohio Mock Trial State Champion.,4,2025-04-17,https://legiscan.com/OH/bill/SR105/2025
OH,2024696,,Honoring Reagan Knapp on winning a 2025 State Wrestling Championship title.,Honoring Reagan Knapp on winning a 2025 State Wrestling Championship title.,4,2025-04-17,https://legiscan.com/OH/bill/SR106/2025
OH,2024720,,Honoring the Louisville High School Boys basketball team as the 2025 Division III State Champion.,Honoring the Louisville High School Boys basketball team as the 2025 Division III State Champion.,4,2025-04-17,https://legiscan.com/OH/bill/SR107/2025
OH,2026083,,Honoring the Youngstown State University women's bowling team as the 2025 NCAA Champion.,Honoring the Youngstown State University women's bowling team as the 2025 NCAA Champion.,4,2025-04-23,https://legiscan.com/OH/bill/SR108/2025
OH,2026119,,Honoring Jordan Gross on winning a 2025 Adidas Indoor Track Nationals Championship.,Honoring Jordan Gross on winning a 2025 Adidas Indoor Track Nationals Championship.,4,2025-04-23,https://legiscan.com/OH/bill/SR109/2025
OH,2026034,,Honoring Hattie Rose Hobar as a 2025 NWCA Scholar All-American.,Honoring Hattie Rose Hobar as a 2025 NWCA Scholar All-American.,4,2025-04-23,https://legiscan.com/OH/bill/SR110/2025
OH,2027145,,Honoring the Italian American Cultural Club on its Centennial.,Honoring the Italian American Cultural Club on its Centennial.,4,2025-04-29,https://legiscan.com/OH/bill/SR111/2025
OH,2027159,,Honoring the Olentangy Orange High School girls wrestling team on winning the 2025 State Championship.,Honoring the Olentangy Orange High School girls wrestling team on winning the 2025 State Championship.,4,2025-04-29,https://legiscan.com/OH/bill/SR112/2025
OH,2028902,,Honoring Kameron Nelson as a 2025 NCAA Gymnastics Champion.,Honoring Kameron Nelson as a 2025 NCAA Gymnastics Champion.,4,2025-05-06,https://legiscan.com/OH/bill/SR113/2025
OH,2029003,,"Honoring the U.S. Marshals Service's Northern Ohio Violent Fugitive Task Force on its 60,000th arrest.","Honoring the U.S. Marshals Service's Northern Ohio Violent Fugitive Task Force on its 60,000th arrest.",4,2025-05-06,https://legiscan.com/OH/bill/SR114/2025
OH,2028888,,"Honoring Treu House of Munch, Inc., on its One Hundred Fiftieth Anniversary.","Honoring Treu House of Munch, Inc., on its One Hundred Fiftieth Anniversary.",4,2025-05-06,https://legiscan.com/OH/bill/SR115/2025
OH,2028879,,Honoring the Cleveland Public Library Main Library on its One Hundredth Anniversary.,Honoring the Cleveland Public Library Main Library on its One Hundredth Anniversary.,4,2025-05-06,https://legiscan.com/OH/bill/SR116/2025
OH,2028956,,Honoring the Elyria Middle School The Fantastic Four robotics team as the 2025 VEXIQ Robotics Competition Ohio State Champion.,Honoring the Elyria Middle School The Fantastic Four robotics team as the 2025 VEXIQ Robotics Competition Ohio State Champion.,4,2025-05-06,https://legiscan.com/OH/bill/SR117/2025
OH,2028989,,Honoring the Johnnycake Corners Elementary School Lower's Jackets Read Bowl Team as a 2025 State Champion.,Honoring the Johnnycake Corners Elementary School Lower's Jackets Read Bowl Team as a 2025 State Champion.,4,2025-05-06,https://legiscan.com/OH/bill/SR118/2025
OH,2029025,,Honoring the Great Lakes Science Center on the One Hundredth Anniversary of the launch of the SS William G. Mather.,Honoring the Great Lakes Science Center on the One Hundredth Anniversary of the launch of the SS William G. Mather.,4,2025-05-06,https://legiscan.com/OH/bill/SR119/2025
OH,2028977,,Honoring the Sandusky Lions Club on its Centennial.,Honoring the Sandusky Lions Club on its Centennial.,4,2025-05-06,https://legiscan.com/OH/bill/SR120/2025
OH,2028913,,Honoring Isaac Rogers for outstanding service to the Ohio Senate.,Honoring Isaac Rogers for outstanding service to the Ohio Senate.,4,2025-05-06,https://legiscan.com/OH/bill/SR121/2025
OH,2030736,,"Recognizing ALS Awareness Month, May 2025.","Recognizing ALS Awareness Month, May 2025.",4,2025-05-13,https://legiscan.com/OH/bill/SR122/2025
OH,2030889,,Honoring Deborah A. Ashenhurst on her retirement from the Ohio Department of Veterans Services.,Honoring Deborah A. Ashenhurst on her retirement from the Ohio Department of Veterans Services.,4,2025-05-13,https://legiscan.com/OH/bill/SR123/2025
OH,2031240,,Honoring the Fostoria Woman's Club on its Centennial.,Honoring the Fostoria Woman's Club on its Centennial.,4,2025-05-14,https://legiscan.com/OH/bill/SR124/2025
OH,2031260,,Honoring Unity Spiritual Center on its One Hundredth Anniversary.,Honoring Unity Spiritual Center on its One Hundredth Anniversary.,4,2025-05-14,https://legiscan.com/OH/bill/SR125/2025
OH,2032696,,Honoring the St. Paul High School cheer team on winning two categories at the 2025 OASSA State Championships.,Honoring the St. Paul High School cheer team on winning two categories at the 2025 OASSA State Championships.,4,2025-05-20,https://legiscan.com/OH/bill/SR126/2025
OH,2032806,,Honoring the Norwalk High School cheer team on winning 2024 OHSAA and 2025 OASSA State Championships.,Honoring the Norwalk High School cheer team on winning 2024 OHSAA and 2025 OASSA State Championships.,4,2025-05-20,https://legiscan.com/OH/bill/SR127/2025
OH,2032741,,Honoring Sidney First Methodist Church on its Two Hundredth Anniversary.,Honoring Sidney First Methodist Church on its Two Hundredth Anniversary.,4,2025-05-20,https://legiscan.com/OH/bill/SR128/2025
OH,2033967,,Honoring the Village of LaGrange on its Sesquicentennial.,Honoring the Village of LaGrange on its Sesquicentennial.,4,2025-05-27,https://legiscan.com/OH/bill/SR129/2025
OH,2035238,,Honoring the Village of Hicksville on its Sesquicentennial.,Honoring the Village of Hicksville on its Sesquicentennial.,4,2025-06-03,https://legiscan.com/OH/bill/SR130/2025
OH,2035282,,Honoring Caleb Greenwood as a 2025 Division III State Wrestling Champion.,Honoring Caleb Greenwood as a 2025 Division III State Wrestling Champion.,4,2025-06-03,https://legiscan.com/OH/bill/SR131/2025
OH,2035235,,Honoring KyLee Tibbs on winning a 2025 State Wrestling Championship.,Honoring KyLee Tibbs on winning a 2025 State Wrestling Championship.,4,2025-06-03,https://legiscan.com/OH/bill/SR132/2025
OH,2036546,,Honoring Dover First Christian Church on its Centennial.,Honoring Dover First Christian Church on its Centennial.,4,2025-06-10,https://legiscan.com/OH/bill/SR133/2025
OH,2036591,,Honoring Hunter Spangler on winning a 2025 Division III State Track and Field Championship.,Honoring Hunter Spangler on winning a 2025 Division III State Track and Field Championship.,4,2025-06-10,https://legiscan.com/OH/bill/SR134/2025
OH,2036580,,Honoring the Logan County Fair on its One Hundred Seventy-fifth Anniversary.,Honoring the Logan County Fair on its One Hundred Seventy-fifth Anniversary.,4,2025-06-10,https://legiscan.com/OH/bill/SR135/2025
OH,2036622,,Honoring Paige Bumgardner as a 2025 BPA State Champion.,Honoring Paige Bumgardner as a 2025 BPA State Champion.,4,2025-06-10,https://legiscan.com/OH/bill/SR136/2025
OH,2036632,,Honoring Wilkey Smith and Madi Lovejoy as 2025 Scholastic Rowing Association of America National Champions.,Honoring Wilkey Smith and Madi Lovejoy as 2025 Scholastic Rowing Association of America National Champions.,4,2025-06-10,https://legiscan.com/OH/bill/SR137/2025
OH,2037434,,Honoring Harold Bozeman for his service to the State of Ohio.,Honoring Harold Bozeman for his service to the State of Ohio.,4,2025-06-17,https://legiscan.com/OH/bill/SR138/2025
OH,2037438,,Honoring Hynes Industries on its One Hundredth Anniversary.,Honoring Hynes Industries on its One Hundredth Anniversary.,4,2025-06-17,https://legiscan.com/OH/bill/SR139/2025
OH,2037444,,Honoring Drew Boggs as a 2025 Division III State Track and Field Champion.,Honoring Drew Boggs as a 2025 Division III State Track and Field Champion.,4,2025-06-17,https://legiscan.com/OH/bill/SR140/2025
OH,2037435,,Honoring the Village of Hamler on its Sesquicentennial.,Honoring the Village of Hamler on its Sesquicentennial.,4,2025-06-17,https://legiscan.com/OH/bill/SR141/2025
OH,2037440,,Honoring Owen Scott as a 2025 Division II State Champion in track and field.,Honoring Owen Scott as a 2025 Division II State Champion in track and field.,4,2025-06-17,https://legiscan.com/OH/bill/SR142/2025
OH,2037586,,Honoring the Kenton Ridge High School softball team as the 2025 Division IV State Champion.,Honoring the Kenton Ridge High School softball team as the 2025 Division IV State Champion.,4,2025-06-18,https://legiscan.com/OH/bill/SR143/2025
OH,2037577,,Honoring the Tri-Village High School softball team as the 2025 Division VI State Champion.,Honoring the Tri-Village High School softball team as the 2025 Division VI State Champion.,4,2025-06-18,https://legiscan.com/OH/bill/SR144/2025
OH,2037993,,Honoring the Dover High School softball team as the 2025 Division III State Champion.,Honoring the Dover High School softball team as the 2025 Division III State Champion.,4,2025-06-24,https://legiscan.com/OH/bill/SR145/2025
OH,2038001,,Honoring the Mansfield Playhouse on its Centennial.,Honoring the Mansfield Playhouse on its Centennial.,4,2025-06-24,https://legiscan.com/OH/bill/SR146/2025
OH,2037996,,Honoring Nathan Bright on winning the 2025 Division I State Track and Field Championship in the high jump.,Honoring Nathan Bright on winning the 2025 Division I State Track and Field Championship in the high jump.,4,2025-06-24,https://legiscan.com/OH/bill/SR147/2025
OH,2037992,,Honoring Brooke Chapman as a 2025 Division I State Track and Field Champion.,Honoring Brooke Chapman as a 2025 Division I State Track and Field Champion.,4,2025-06-24,https://legiscan.com/OH/bill/SR148/2025
OH,2038013,,Honoring Rania Brown on winning a 2025 Division I State Track and Field Championship.,Honoring Rania Brown on winning a 2025 Division I State Track and Field Championship.,4,2025-06-24,https://legiscan.com/OH/bill/SR149/2025
OH,2038004,,Honoring Faith Brown on winning the 2025 Division I State Championship in the girls 300-meter hurdles.,Honoring Faith Brown on winning the 2025 Division I State Championship in the girls 300-meter hurdles.,4,2025-06-24,https://legiscan.com/OH/bill/SR150/2025
OH,2038199,,Honoring Lila Bendick on winning the 2025 Division I State Long Jump Championship.,Honoring Lila Bendick on winning the 2025 Division I State Long Jump Championship.,4,2025-06-25,https://legiscan.com/OH/bill/SR151/2025
OH,2038193,,Honoring C.J. Sanna as the 2025 Division I State Discus Champion.,Honoring C.J. Sanna as the 2025 Division I State Discus Champion.,4,2025-06-25,https://legiscan.com/OH/bill/SR152/2025
OH,2038192,,"Honoring Ricardo DeLaSerda, Jr. on his retirement from Ohio Legislative Information Systems.","Honoring Ricardo DeLaSerda, Jr. on his retirement from Ohio Legislative Information Systems.",4,2025-06-25,https://legiscan.com/OH/bill/SR153/2025
OH,2038510,,Honoring Matthew Schroff on securing first place in the 1600-meter run at the 2025 Division I State Track and Field Meet.,Honoring Matthew Schroff on securing first place in the 1600-meter run at the 2025 Division I State Track and Field Meet.,4,2025-06-26,https://legiscan.com/OH/bill/SR154/2025
OH,2038847,,Honoring the Waynedale High School baseball team on securing the 2025 Division V State Championship.,Honoring the Waynedale High School baseball team on securing the 2025 Division V State Championship.,4,2025-07-01,https://legiscan.com/OH/bill/SR155/2025
OH,2038870,,Honoring Addie Kash on winning the 2025 OHSAA Division II State Championship in the girls pole vault.,Honoring Addie Kash on winning the 2025 OHSAA Division II State Championship in the girls pole vault.,4,2025-07-01,https://legiscan.com/OH/bill/SR156/2025
OH,2038843,,Honoring the Oakwood High School girls 4x800-meter relay team on winning the 2025 Division II State Championship.,Honoring the Oakwood High School girls 4x800-meter relay team on winning the 2025 Division II State Championship.,4,2025-07-01,https://legiscan.com/OH/bill/SR157/2025
OH,2038855,,Honoring Logan Wilkins as a 2025 Division I State Champion in track and field.,Honoring Logan Wilkins as a 2025 Division I State Champion in track and field.,4,2025-07-01,https://legiscan.com/OH/bill/SR158/2025
OH,2038942,,Honoring the Ontario High School girls 4x400-meter relay team on winning the 2025 Division II State Championship.,Honoring the Ontario High School girls 4x400-meter relay team on winning the 2025 Division II State Championship.,4,2025-07-07,https://legiscan.com/OH/bill/SR159/2025
OH,2038947,,Honoring the Lexington High School boys 4x800-meter relay team on winning the 2025 Division I State Championship.,Honoring the Lexington High School boys 4x800-meter relay team on winning the 2025 Division I State Championship.,4,2025-07-07,https://legiscan.com/OH/bill/SR160/2025
OH,2038946,,Honoring Madison Henkel on securing first place at the 2025 Division II State Track and Field Championship.,Honoring Madison Henkel on securing first place at the 2025 Division II State Track and Field Championship.,4,2025-07-07,https://legiscan.com/OH/bill/SR161/2025
OH,2038935,,Honoring the City of Akron on its Two Hundredth Anniversary.,Honoring the City of Akron on its Two Hundredth Anniversary.,4,2025-07-07,https://legiscan.com/OH/bill/SR162/2025
OH,2038941,,Honoring Mt. Enon Missionary Baptist Church on the memorable occasion of its Centennial.,Honoring Mt. Enon Missionary Baptist Church on the memorable occasion of its Centennial.,4,2025-07-07,https://legiscan.com/OH/bill/SR163/2025
OH,2039055,,Honoring Hathaway Brown School on its Sesquicentennial.,Honoring Hathaway Brown School on its Sesquicentennial.,4,2025-07-09,https://legiscan.com/OH/bill/SR164/2025
OH,2039051,,Honoring Donald's Donuts on being voted the Best Donut Shop in the United States.,Honoring Donald's Donuts on being voted the Best Donut Shop in the United States.,4,2025-07-09,https://legiscan.com/OH/bill/SR165/2025
OH,2039046,,Honoring Randy Queen for outstanding service to the State of Ohio.,Honoring Randy Queen for outstanding service to the State of Ohio.,4,2025-07-09,https://legiscan.com/OH/bill/SR166/2025
OH,2039378,,Honoring St. Mary's Byzantine Catholic Church on its Quasquicentennial.,Honoring St. Mary's Byzantine Catholic Church on its Quasquicentennial.,4,2025-07-14,https://legiscan.com/OH/bill/SR167/2025
OH,2039720,,Honoring Zoey Caldwell as a 2025 Division II State Track and Field Champion.,Honoring Zoey Caldwell as a 2025 Division II State Track and Field Champion.,4,2025-07-17,https://legiscan.com/OH/bill/SR168/2025
OH,2039735,,Honoring Aidan Mahon on securing a 2025 Division II Ohio State Track and Field Championship title.,Honoring Aidan Mahon on securing a 2025 Division II Ohio State Track and Field Championship title.,4,2025-07-17,https://legiscan.com/OH/bill/SR169/2025
OH,2039731,,"Honoring Kaitlyn Carr on securing first place in the 1,600- and 3,200-meter runs at the 2025 Division III State Championship.","Honoring Kaitlyn Carr on securing first place in the 1,600- and 3,200-meter runs at the 2025 Division III State Championship.",4,2025-07-17,https://legiscan.com/OH/bill/SR170/2025
OH,2039725,,In memory of Jack Cera.,In memory of Jack Cera.,4,2025-07-17,https://legiscan.com/OH/bill/SR171/2025
OH,2039717,,Honoring James C. Lilly for his service to the State of Ohio.,Honoring James C. Lilly for his service to the State of Ohio.,4,2025-07-17,https://legiscan.com/OH/bill/SR172/2025
OH,2039997,,Honoring the Anthony Wayne High School baseball team as the 2025 Division II State Champion.,Honoring the Anthony Wayne High School baseball team as the 2025 Division II State Champion.,4,2025-07-21,https://legiscan.com/OH/bill/SR173/2025
OH,2039976,,Honoring the Village of Tontogany on its One Hundred Fiftieth Anniversary.,Honoring the Village of Tontogany on its One Hundred Fiftieth Anniversary.,4,2025-07-21,https://legiscan.com/OH/bill/SR174/2025
OH,2040506,,Honoring Connor Seals on winning a 2025 Yo-Yo National Championship.,Honoring Connor Seals on winning a 2025 Yo-Yo National Championship.,0,,https://legiscan.com/OH/bill/SR175/2025
OH,2040526,,Honoring Church of the Ascension on its Sesquicentennial.,Honoring Church of the Ascension on its Sesquicentennial.,0,,https://legiscan.com/OH/bill/SR176/2025
OH,2040492,,Honoring The Budget on its One Hundred Thirty-fifth Anniversary.,Honoring The Budget on its One Hundred Thirty-fifth Anniversary.,0,,https://legiscan.com/OH/bill/SR177/2025
OH,2040900,,Honoring the Elyria Foundry on its One Hundred Twentieth Anniversary.,Honoring the Elyria Foundry on its One Hundred Twentieth Anniversary.,4,2025-07-30,https://legiscan.com/OH/bill/SR178/2025
OH,2040884,,Honoring the St. Francis DeSales High School girls lacrosse team as the 2025 Division II State Champion.,Honoring the St. Francis DeSales High School girls lacrosse team as the 2025 Division II State Champion.,4,2025-07-30,https://legiscan.com/OH/bill/SR179/2025
OH,2041396,,Honoring Hotel Lakeside on its One Hundred Fiftieth Anniversary.,Honoring Hotel Lakeside on its One Hundred Fiftieth Anniversary.,4,2025-08-05,https://legiscan.com/OH/bill/SR180/2025
OH,2041496,,Honoring The Killbuck Savings Bank on its One Hundred Twenty-fifth Anniversary.,Honoring The Killbuck Savings Bank on its One Hundred Twenty-fifth Anniversary.,4,2025-08-07,https://legiscan.com/OH/bill/SR181/2025
OH,2042301,,Honoring Bellbrook Museum Cabin on its Bicentennial.,Honoring Bellbrook Museum Cabin on its Bicentennial.,4,2025-08-19,https://legiscan.com/OH/bill/SR182/2025
OH,2042313,,Honoring the Clark County Special Olympics volleyball team on winning the 2025 State Championship.,Honoring the Clark County Special Olympics volleyball team on winning the 2025 State Championship.,4,2025-08-19,https://legiscan.com/OH/bill/SR183/2025
OH,2042319,,In memory of Phillip Corbet Wagner.,In memory of Phillip Corbet Wagner.,4,2025-08-19,https://legiscan.com/OH/bill/SR184/2025
OH,2042329,,Honoring the Barnesville State Theater on its Centennial.,Honoring the Barnesville State Theater on its Centennial.,4,2025-08-19,https://legiscan.com/OH/bill/SR185/2025
OH,2043123,,Honoring Sidney First Presbyterian Church on its Bicentennial.,Honoring Sidney First Presbyterian Church on its Bicentennial.,4,2025-09-03,https://legiscan.com/OH/bill/SR186/2025
OH,2043148,,Honoring Christopher Monsour on receiving the 2026 Ohio Teacher of the Year Award.,Honoring Christopher Monsour on receiving the 2026 Ohio Teacher of the Year Award.,4,2025-09-03,https://legiscan.com/OH/bill/SR187/2025
OH,2043450,,Honoring Westlake United Methodist Church on its Two Hundredth Anniversary.,Honoring Westlake United Methodist Church on its Two Hundredth Anniversary.,4,2025-09-08,https://legiscan.com/OH/bill/SR188/2025
OH,2043464,,Honoring the Rotary Club of Newcomerstown on its Centennial.,Honoring the Rotary Club of Newcomerstown on its Centennial.,4,2025-09-08,https://legiscan.com/OH/bill/SR189/2025
OH,2043594,,Honoring Jim Charters on receiving the 2025 Ivonette Wright Miller Award.,Honoring Jim Charters on receiving the 2025 Ivonette Wright Miller Award.,4,2025-09-10,https://legiscan.com/OH/bill/SR190/2025
OH,2044210,,Honoring Herlihy Funeral Home on its One Hundredth Anniversary.,Honoring Herlihy Funeral Home on its One Hundredth Anniversary.,4,2025-09-16,https://legiscan.com/OH/bill/SR191/2025
OH,2044425,,"Recognizing Rutherford B. Hayes Day in Ohio October 4, 2025.","Recognizing Rutherford B. Hayes Day in Ohio October 4, 2025.",4,2025-09-17,https://legiscan.com/OH/bill/SR192/2025
OH,2044998,,Honoring Order of the Eastern Star Jewel Chapter 20 on its One Hundred Thirtieth Anniversary.,Honoring Order of the Eastern Star Jewel Chapter 20 on its One Hundred Thirtieth Anniversary.,4,2025-09-23,https://legiscan.com/OH/bill/SR193/2025
OH,2045381,,In memory of Mary Rose Oakar.,In memory of Mary Rose Oakar.,4,2025-09-30,https://legiscan.com/OH/bill/SR194/2025
OH,2045370,,Honoring the Akron Urban League on its One Hundredth Anniversary.,Honoring the Akron Urban League on its One Hundredth Anniversary.,4,2025-09-30,https://legiscan.com/OH/bill/SR195/2025
OH,2045378,,Honoring the Olentangy High School baseball team on winning the 2025 Division I State Championship.,Honoring the Olentangy High School baseball team on winning the 2025 Division I State Championship.,4,2025-09-30,https://legiscan.com/OH/bill/SR196/2025
OH,2045373,,Honoring the Olentangy High School girls lacrosse team on winning the 2025 Division I State Championship.,Honoring the Olentangy High School girls lacrosse team on winning the 2025 Division I State Championship.,4,2025-09-30,https://legiscan.com/OH/bill/SR197/2025
OH,2045377,,Honoring Katie Moon as a 2025 World Athletics Championships gold medalist.,Honoring Katie Moon as a 2025 World Athletics Championships gold medalist.,4,2025-09-30,https://legiscan.com/OH/bill/SR198/2025
OH,2045385,,Honoring the Fairfield County Fair on its one hundred seventy-fifth season.,Honoring the Fairfield County Fair on its one hundred seventy-fifth season.,4,2025-09-30,https://legiscan.com/OH/bill/SR199/2025
OH,2045371,,Honoring LaPorte United Methodist Church on its Bicentennial.,Honoring LaPorte United Methodist Church on its Bicentennial.,4,2025-09-30,https://legiscan.com/OH/bill/SR200/2025
OH,2045526,,Honoring Saint Ignatius High School on its One Hundred Fortieth Anniversary.,Honoring Saint Ignatius High School on its One Hundred Fortieth Anniversary.,4,2025-10-01,https://legiscan.com/OH/bill/SR201/2025
OH,2045843,,Honoring Lehner's Pumpkin Farm on being voted the Best Pumpkin Patch in the United States.,Honoring Lehner's Pumpkin Farm on being voted the Best Pumpkin Patch in the United States.,4,2025-10-07,https://legiscan.com/OH/bill/SR202/2025
OH,2046265,,Honoring Kennedy's Bakery on its Centennial.,Honoring Kennedy's Bakery on its Centennial.,4,2025-10-14,https://legiscan.com/OH/bill/SR203/2025
OH,2046267,,Honoring the East Palestine Fire Department on its One Hundred Fiftieth Anniversary.,Honoring the East Palestine Fire Department on its One Hundred Fiftieth Anniversary.,4,2025-10-14,https://legiscan.com/OH/bill/SR204/2025
OH,2046549,,Honoring Indian Creek High School as a Special Olympics Unified National Banner School.,Honoring Indian Creek High School as a Special Olympics Unified National Banner School.,4,2025-10-15,https://legiscan.com/OH/bill/SR205/2025
OH,2047003,,Honoring Ella Borstelman as the 2025 Division II State Diving Champion.,Honoring Ella Borstelman as the 2025 Division II State Diving Champion.,4,2025-10-21,https://legiscan.com/OH/bill/SR206/2025
OH,2047013,,Honoring the Toledo Zoo and Aquarium on its One Hundred Twenty-fifth Anniversary.,Honoring the Toledo Zoo and Aquarium on its One Hundred Twenty-fifth Anniversary.,4,2025-10-21,https://legiscan.com/OH/bill/SR207/2025
OH,2046999,,Honoring the Notre Dame High School softball team as the 2025 Division VII State Champion.,Honoring the Notre Dame High School softball team as the 2025 Division VII State Champion.,4,2025-10-21,https://legiscan.com/OH/bill/SR208/2025
OH,2047171,,In memory of Trooper Nicholas P. Cayton.,In memory of Trooper Nicholas P. Cayton.,4,2025-10-22,https://legiscan.com/OH/bill/SR209/2025
OH,2047158,,Honoring Croatian Fraternal Union Lodge 136 on its One Hundred Twenty-fifth Anniversary.,Honoring Croatian Fraternal Union Lodge 136 on its One Hundred Twenty-fifth Anniversary.,4,2025-10-22,https://legiscan.com/OH/bill/SR210/2025
OH,2047146,,Honoring St. John the Evangelist Catholic Church on its One Hundred Seventy-fifth Anniversary.,Honoring St. John the Evangelist Catholic Church on its One Hundred Seventy-fifth Anniversary.,4,2025-10-22,https://legiscan.com/OH/bill/SR211/2025
OH,2047578,,Honoring Bob Hinkle on his retirement from the Ohio Auditor of State's Office.,Honoring Bob Hinkle on his retirement from the Ohio Auditor of State's Office.,4,2025-10-28,https://legiscan.com/OH/bill/SR212/2025
OH,2047555,,Honoring the Miami Fort Power Plant on its Centennial.,Honoring the Miami Fort Power Plant on its Centennial.,4,2025-10-28,https://legiscan.com/OH/bill/SR213/2025
OH,2047546,,Honoring George W. Boas II for outstanding service to the Ohio General Assembly.,Honoring George W. Boas II for outstanding service to the Ohio General Assembly.,4,2025-10-28,https://legiscan.com/OH/bill/SR214/2025
OH,2047568,,Honoring Wendy Zhan for thirty years of commendable service to the Ohio Legislative Service Commission.,Honoring Wendy Zhan for thirty years of commendable service to the Ohio Legislative Service Commission.,4,2025-10-28,https://legiscan.com/OH/bill/SR215/2025
OH,2051546,,Honoring the Ohio Department of Natural Resources Division of Parks and Watercraft on receiving the 2025 National Gold Medal Award for Excellence in Park and Recreation Management.,Honoring the Ohio Department of Natural Resources Division of Parks and Watercraft on receiving the 2025 National Gold Medal Award for Excellence in Park and Recreation Management.,4,2025-11-04,https://legiscan.com/OH/bill/SR216/2025
OH,2052127,,Honoring Brice Fuller as the 2025 Division III State Boys Cross Country Champion.,Honoring Brice Fuller as the 2025 Division III State Boys Cross Country Champion.,4,2025-11-10,https://legiscan.com/OH/bill/SR217/2025
OH,2052165,,Honoring Kirk Kiefer as the 2025 NAWEOA Officer of the Year.,Honoring Kirk Kiefer as the 2025 NAWEOA Officer of the Year.,4,2025-11-10,https://legiscan.com/OH/bill/SR218/2025
OH,2052148,,Honoring the Gahanna Lincoln High School girls cross country team as the 2025 Division I State Champion.,Honoring the Gahanna Lincoln High School girls cross country team as the 2025 Division I State Champion.,4,2025-11-10,https://legiscan.com/OH/bill/SR219/2025
OH,2052139,,Honoring Arianna Kiessling as the 2025 Division II State Girls Bowling Champion.,Honoring Arianna Kiessling as the 2025 Division II State Girls Bowling Champion.,4,2025-11-10,https://legiscan.com/OH/bill/SR220/2025
OH,2052138,,Honoring the St. Charles Preparatory School water polo team as the 2025 Division I State Champion.,Honoring the St. Charles Preparatory School water polo team as the 2025 Division I State Champion.,4,2025-11-10,https://legiscan.com/OH/bill/SR221/2025
OH,2052296,,Relative to mileage reimbursement.,Relative to mileage reimbursement.,4,2025-11-12,https://legiscan.com/OH/bill/SR222/2025
OH,2052264,,Honoring Officer Jason Keller and K-9 Officer Scout as the recipients of the 2025 NAWEOA Loyal Partner Award.,Honoring Officer Jason Keller and K-9 Officer Scout as the recipients of the 2025 NAWEOA Loyal Partner Award.,4,2025-11-12,https://legiscan.com/OH/bill/SR223/2025
OH,2052272,,Honoring Jerriel Missionary Baptist Church on its Centennial.,Honoring Jerriel Missionary Baptist Church on its Centennial.,4,2025-11-12,https://legiscan.com/OH/bill/SR224/2025
OH,2052283,,Honoring the Crestview High School boys cross country team as the 2025 Division IV State Champion.,Honoring the Crestview High School boys cross country team as the 2025 Division IV State Champion.,4,2025-11-12,https://legiscan.com/OH/bill/SR225/2025
OH,2052309,,"In memory of Zelda ""Zettie"" Zoe Keeran.","In memory of Zelda ""Zettie"" Zoe Keeran.",4,2025-11-12,https://legiscan.com/OH/bill/SR226/2025
OH,2052278,,Honoring Kaitlyn Carr on winning a 2025 Division IV State Cross Country Championship.,Honoring Kaitlyn Carr on winning a 2025 Division IV State Cross Country Championship.,4,2025-11-12,https://legiscan.com/OH/bill/SR227/2025
OH,2053039,,Honoring the Legal Aid Society of Cleveland on its One Hundred Twentieth Anniversary.,Honoring the Legal Aid Society of Cleveland on its One Hundred Twentieth Anniversary.,4,2025-11-18,https://legiscan.com/OH/bill/SR228/2025
OH,2053033,,Honoring the Avon High School boys soccer team on winning the 2025 Division II State Championship.,Honoring the Avon High School boys soccer team on winning the 2025 Division II State Championship.,4,2025-11-18,https://legiscan.com/OH/bill/SR229/2025
OH,2053049,,Honoring the Avon High School girls volleyball team as the 2025 Division II State Champion.,Honoring the Avon High School girls volleyball team as the 2025 Division II State Champion.,4,2025-11-18,https://legiscan.com/OH/bill/SR230/2025
OH,2053055,,Honoring Paul Stechschulte as the 2025 Division III State Champion in boys golf.,Honoring Paul Stechschulte as the 2025 Division III State Champion in boys golf.,4,2025-11-18,https://legiscan.com/OH/bill/SR231/2025
OH,2053052,,Honoring the Thomas Worthington High School field hockey team on securing the 2025 Division I State Championship.,Honoring the Thomas Worthington High School field hockey team on securing the 2025 Division I State Championship.,4,2025-11-18,https://legiscan.com/OH/bill/SR232/2025
OH,2053042,,Honoring James W. Erisman on his One Hundredth Birthday.,Honoring James W. Erisman on his One Hundredth Birthday.,4,2025-11-18,https://legiscan.com/OH/bill/SR233/2025
OH,2053034,,Honoring the Tippecanoe High School girls volleyball team on securing the 2025 Division III State Championship.,Honoring the Tippecanoe High School girls volleyball team on securing the 2025 Division III State Championship.,4,2025-11-18,https://legiscan.com/OH/bill/SR234/2025
OH,2053071,,Honoring the Upper Arlington High School girls water polo team on securing the 2025 State Championship title.,Honoring the Upper Arlington High School girls water polo team on securing the 2025 State Championship title.,4,2025-11-18,https://legiscan.com/OH/bill/SR235/2025
OH,2053074,,Honoring the Upper Arlington High School girls soccer team as the 2025 Division I State Champion.,Honoring the Upper Arlington High School girls soccer team as the 2025 Division I State Champion.,4,2025-11-18,https://legiscan.com/OH/bill/SR236/2025
OH,2053067,,Honoring the Lexington High School boys cross country team on winning the 2025 Division II State Championship.,Honoring the Lexington High School boys cross country team on winning the 2025 Division II State Championship.,4,2025-11-18,https://legiscan.com/OH/bill/SR237/2025
OH,2053077,,Honoring the Beavercreek High School boys cross country team on winning the 2025 Division I State Championship.,Honoring the Beavercreek High School boys cross country team on winning the 2025 Division I State Championship.,4,2025-11-18,https://legiscan.com/OH/bill/SR238/2025
OH,2053307,,Honoring Jim Kelly for his stalwart service to the Legislative Service Commission.,Honoring Jim Kelly for his stalwart service to the Legislative Service Commission.,4,2025-11-19,https://legiscan.com/OH/bill/SR239/2025
OH,2053306,,Honoring the Oakwood High School girls cross country team on winning the 2025 Division III State Championship.,Honoring the Oakwood High School girls cross country team on winning the 2025 Division III State Championship.,4,2025-11-19,https://legiscan.com/OH/bill/SR240/2025
OH,2054226,,Honoring the Seton High School girls volleyball team as the 2025 Division I State Champion.,Honoring the Seton High School girls volleyball team as the 2025 Division I State Champion.,4,2025-11-25,https://legiscan.com/OH/bill/SR241/2025
OH,2057022,,Honoring Baylynn Bendik as the USATF Middle School Girls Cross Country National 4K Champion.,Honoring Baylynn Bendik as the USATF Middle School Girls Cross Country National 4K Champion.,4,2025-12-03,https://legiscan.com/OH/bill/SR242/2025
OH,2057334,,Honoring The Ohio State University pistol team on winning the 2025 National Championship.,Honoring The Ohio State University pistol team on winning the 2025 National Championship.,4,2025-12-08,https://legiscan.com/OH/bill/SR243/2025
OH,2057302,,Honoring Esther Price Candies on its Centennial.,Honoring Esther Price Candies on its Centennial.,4,2025-12-08,https://legiscan.com/OH/bill/SR244/2025
OH,2057324,,Honoring the American Association of University Women of Toledo on its One Hundred Twenty-fifth Anniversary.,Honoring the American Association of University Women of Toledoon its One Hundred Twenty-fifth Anniversary.,4,2025-12-08,https://legiscan.com/OH/bill/SR245/2025
OH,2057641,,Honoring the Ohio University Heritage College of Osteopathic Medicine on its Fiftieth Anniversary.,Honoring the Ohio University Heritage College of Osteopathic Medicine on its Fiftieth Anniversary.,4,2025-12-09,https://legiscan.com/OH/bill/SR246/2025
OH,2059476,,Honoring the Olentangy Orange High School football team as the 2025 Division I State Champion.,Honoring the Olentangy Orange High School football team as the 2025 Division I State Champion.,4,2025-12-17,https://legiscan.com/OH/bill/SR247/2025
OH,2059483,,Honoring the Summit Country Day High School girls soccer team as the 2025 Division IV State Champion.,Honoring the Summit Country Day High School girls soccer team as the 2025 Division IV State Champion.,4,2025-12-17,https://legiscan.com/OH/bill/SR248/2025
OH,2059493,,Honoring Grady Kinsey as Ohio's Mr. Football for 2025.,Honoring Grady Kinsey as Ohio's Mr. Football for 2025.,4,2025-12-17,https://legiscan.com/OH/bill/SR249/2025
OH,2059452,,Honoring the Avon High School football team as the 2025 Division II State Champion.,Honoring the Avon High School football team as the 2025 Division II State Champion.,4,2025-12-17,https://legiscan.com/OH/bill/SR250/2025
OH,2059461,,Honoring the Liberty Center High School football team as the 2025 Division V State Champion.,Honoring the Liberty Center High School football team as the 2025 Division V State Champion.,4,2025-12-17,https://legiscan.com/OH/bill/SR251/2025
OH,2060924,,Honoring Shelby First United Methodist Church on its Two Hundredth Anniversary.,Honoring Shelby First United Methodist Church on its Two Hundredth Anniversary.,4,2025-12-23,https://legiscan.com/OH/bill/SR252/2025
OH,2060916,,Honoring the Calvert High School girls volleyball team as the 2025 Division VII State Champion.,Honoring the Calvert High School girls volleyball team as the 2025 Division VII State Champion.,4,2025-12-23,https://legiscan.com/OH/bill/SR253/2025
OH,2061064,,Honoring the Midview High School cheerleading squad as the 2025 Division III State Spirit Champion.,Honoring the Midview High School cheerleading squad as the 2025 Division III State Spirit Champion.,4,2025-12-29,https://legiscan.com/OH/bill/SR254/2025
OH,2061320,,In memory of David Lee Wycuff.,In memory of David Lee Wycuff.,4,2025-12-30,https://legiscan.com/OH/bill/SR255/2025
OH,2065243,,Honoring the Newark Catholic High School girls volleyball team on winning the 2025 Division VI State Championship.,Honoring the Newark Catholic High School girls volleyball team on winning the 2025 Division VI State Championship.,4,2026-01-05,https://legiscan.com/OH/bill/SR256/2025
OH,2071317,,Honoring Jonathan Thomas for outstanding service to the State of Ohio.,Honoring Jonathan Thomas for outstanding service to the State of Ohio.,4,2026-01-12,https://legiscan.com/OH/bill/SR257/2025
OH,2071355,,Honoring the St. Henry High School football team on placing first at the 2025 Division VII State Championship.,Honoring the St. Henry High School football team on placing first at the 2025 Division VII State Championship.,4,2026-01-12,https://legiscan.com/OH/bill/SR258/2025
OH,2071277,,Honoring The Ohio State University club football team as the 2025 NCFA Champion.,Honoring The Ohio State University club football team as the 2025 NCFA Champion.,4,2026-01-12,https://legiscan.com/OH/bill/SR259/2025
OH,2078956,,Recognizing American Heart Month in Ohio.,Recognizing American Heart Month in Ohio.,4,2026-01-14,https://legiscan.com/OH/bill/SR260/2025
OH,2086635,,Urge Congress to create a National Infrastructure Bank.,To urge the United States Congress to create a National Infrastructure Bank to finance urgently needed infrastructure projects.,1,2026-01-20,https://legiscan.com/OH/bill/SR261/2025
OH,2086918,,"Honoring Shumaker, Loop, and Kendrick, LLP on its One Hundredth Anniversary.","Honoring Shumaker, Loop, and Kendrick, LLP on its One Hundredth Anniversary.",4,2026-01-20,https://legiscan.com/OH/bill/SR262/2025
OH,2092074,,Honoring the Ursuline Sisters of Cleveland on its One Hundred Seventy-fifth Anniversary.,Honoring the Ursuline Sisters of Cleveland on its One Hundred Seventy-fifth Anniversary.,4,2026-01-22,https://legiscan.com/OH/bill/SR263/2025
OH,2101946,,Honoring the Cuyahoga Falls Lions Club on its Centennial.,Honoring the Cuyahoga Falls Lions Club on its Centennial.,4,2026-01-28,https://legiscan.com/OH/bill/SR264/2025
OH,2101713,,Honoring the Wadsworth Public Library on its One Hundredth Anniversary.,Honoring the Wadsworth Public Library on its One Hundredth Anniversary.,4,2026-01-28,https://legiscan.com/OH/bill/SR265/2025
OH,2103981,,Honoring The Ohio State University spirit team as a 2026 UCA and UDA College Cheerleading and Dance Team National Champion.,Honoring The Ohio State University spirit team as a 2026 UCA and UDA College Cheerleading and Dance Team National Champion.,4,2026-02-02,https://legiscan.com/OH/bill/SR266/2025
OH,2103925,,Honoring The Ohio State University dance team as the 2026 UCA & UDA College National Division IA Jazz Champion.,Honoring The Ohio State University dance team as the 2026 UCA & UDA College National Division IA Jazz Champion.,4,2026-02-02,https://legiscan.com/OH/bill/SR267/2025
OH,2104263,,Honoring the Ohio Soybean Association on its Sixtieth Anniversary.,Honoring the Ohio Soybean Association on its Sixtieth Anniversary.,4,2026-02-02,https://legiscan.com/OH/bill/SR268/2025
OH,2107571,,Honoring College Club West on its Centennial.,Honoring College Club West on its Centennial.,4,2026-02-04,https://legiscan.com/OH/bill/SR269/2025
OH,2107434,,Honoring Edith Solet on being named the 2026 Ohio Fairs' Queen.,Honoring Edith Solet on being named the 2026 Ohio Fairs' Queen.,4,2026-02-04,https://legiscan.com/OH/bill/SR270/2025
OH,2113191,,Support the United States of Kindness initiative,To support the United States of Kindness initiative to honor our nation's 250th birthday by performing 250 acts of kindness.,1,2026-02-10,https://legiscan.com/OH/bill/SR271/2025
OH,2113229,,Honoring New California Presbyterian Church on its Two Hundredth Anniversary.,Honoring New California Presbyterian Church on its Two Hundredth Anniversary.,4,2026-02-10,https://legiscan.com/OH/bill/SR272/2025
OH,2113213,,Honoring the Rotary Club of Tiffin on its Centennial.,Honoring the Rotary Club of Tiffin on its Centennial.,4,2026-02-10,https://legiscan.com/OH/bill/SR273/2025
OH,2113155,,Honoring the Fremont Rotary Club on its One Hundredth Anniversary.,Honoring the Fremont Rotary Club on its One Hundredth Anniversary.,4,2026-02-10,https://legiscan.com/OH/bill/SR274/2025
OH,2114254,,"Authorizing Ohio YMCA Youth and Government to use the Ohio Senate Chamber and committee rooms on February 12-13, 2026.","Authorizing Ohio YMCA Youth and Government to use the Ohio Senate Chamber and committee rooms on February 12-13, 2026.",4,2026-02-11,https://legiscan.com/OH/bill/SR275/2025
OH,2118126,,Honoring the Cardington FFA conduct of chapter meetings team on earning the 2025 National FFA Championship.,Honoring the Cardington FFA conduct of chapter meetings team on earning the 2025 National FFA Championship.,4,2026-02-17,https://legiscan.com/OH/bill/SR276/2025
OH,2118244,,Honoring Stautzenberger College on its One Hundredth Anniversary.,Honoring Stautzenberger College on its One Hundredth Anniversary.,4,2026-02-17,https://legiscan.com/OH/bill/SR277/2025
OH,2118181,,Honoring the Lorain Public Library System on its One Hundred Twenty-fifth Anniversary.,Honoring the Lorain Public Library System on its One Hundred Twenty-fifth Anniversary.,4,2026-02-17,https://legiscan.com/OH/bill/SR278/2025
OH,2118252,,Honoring Lakewood United Methodist Church on its Sesquicentennial.,Honoring Lakewood United Methodist Church on its Sesquicentennial.,0,,https://legiscan.com/OH/bill/SR279/2025
OH,2119115,,"Authorizing the Ohio Speech and Debate Association to use the Ohio Senate Chamber on March 21, 2026.","Authorizing the Ohio Speech and Debate Association to use the Ohio Senate Chamber on March 21, 2026.",4,2026-02-18,https://legiscan.com/OH/bill/SR280/2025
OH,2119175,,"Authorizing the Ohio-West Virginia Youth Leadership Association to use the Ohio Senate Chamber and committee rooms on April 9-11, 2026.","Authorizing the Ohio-West Virginia Youth Leadership Association to use the Ohio Senate Chamber and committee rooms on April 9-11, 2026.",4,2026-02-18,https://legiscan.com/OH/bill/SR281/2025
OH,2122384,,Honoring the Sisters of Charity of St. Augustine on its One Hundred Seventy-fifth Anniversary.,Honoring the Sisters of Charity of St. Augustine on its One Hundred Seventy-fifth Anniversary.,4,2026-02-23,https://legiscan.com/OH/bill/SR282/2025
OH,2122324,,Honoring The Ohio State University Brutus Buckeye mascot team as the 2026 UCA and UDA National Champion.,Honoring The Ohio State University Brutus Buckeye mascot team as the 2026 UCA and UDA National Champion.,4,2026-02-23,https://legiscan.com/OH/bill/SR283/2025
OH,2125415,,Honoring Elena Aldrink on placing first at the 2025 Division I State Cross Country Championship.,Honoring Elena Aldrink on placing first at the 2025 Division I State Cross Country Championship.,4,2026-02-26,https://legiscan.com/OH/bill/SR284/2025
OH,2125275,,Honoring Crown Battery Manufacturing on its One Hundredth Anniversary.,Honoring Crown Battery Manufacturing on its One Hundredth Anniversary.,4,2026-02-26,https://legiscan.com/OH/bill/SR285/2025
OH,2125367,,Honoring Case Western Reserve University on its Two Hundredth Anniversary.,Honoring Case Western Reserve University on its Two Hundredth Anniversary.,4,2026-02-26,https://legiscan.com/OH/bill/SR286/2025
OH,2127409,,Honoring Laila Edwards as a 2026 Olympic gold medalist.,Honoring Laila Edwards as a 2026 Olympic gold medalist.,4,2026-03-02,https://legiscan.com/OH/bill/SR287/2025
OH,2127373,,Honoring the Mars Hill Academy girls volleyball team as the 2025 OCSAA State Champion.,Honoring the Mars Hill Academy girls volleyball team as the 2025 OCSAA State Champion.,4,2026-03-02,https://legiscan.com/OH/bill/SR288/2025
OH,2129122,,Honoring Zach Werenski as a member of the gold medal winning Team USA men's hockey team.,Honoring Zach Werenski as a member of the gold medal winning Team USA men's hockey team.,4,2026-03-04,https://legiscan.com/OH/bill/SR289/2025
OH,2132336,,Honoring Meadow Tian on winning the 2025 OHSAA Division I State Championship in girls golf.,Honoring Meadow Tian on winning the 2025 OHSAA Division I State Championship in girls golf.,4,2026-03-11,https://legiscan.com/OH/bill/SR290/2025
OH,2132319,,Honoring the Kirtland High School football team on securing the 2025 Division VI State Championship.,Honoring the Kirtland High School football team on securing the 2025 Division VI State Championship.,4,2026-03-11,https://legiscan.com/OH/bill/SR291/2025
OH,2132353,,Honoring the Worthington Christian School boys soccer team as the 2025 Division IV State Champion.,Honoring the Worthington Christian School boys soccer team as the 2025 Division IV State Champion.,4,2026-03-11,https://legiscan.com/OH/bill/SR292/2025
OH,2134294,,Highlight importance of the U.S. founding documents for citizens,"Highlighting the importance of the United States founding documents, including the Constitution of the United States, in establishing the rights and privileges of citizens and residents.",1,2026-03-16,https://legiscan.com/OH/bill/SR293/2025
OH,2134082,,Honoring the Springfield Fire Rescue Division as the 2026 Ohio Fire Department of the Year.,Honoring the Springfield Fire Rescue Division as the 2026 Ohio Fire Department of the Year.,4,2026-03-16,https://legiscan.com/OH/bill/SR294/2025
OH,2134144,,Honoring Alex Drachuk as a 2026 OHSAA Division I State Champion in swimming.,Honoring Alex Drachuk as a 2026 OHSAA Division I State Champion in swimming.,4,2026-03-16,https://legiscan.com/OH/bill/SR295/2025
OH,2134113,,Honoring the Southview Middle School eighth-grade boys basketball team as the 2026 State Champion.,Honoring the Southview Middle School eighth-grade boys basketball team as the 2026 State Champion.,4,2026-03-16,https://legiscan.com/OH/bill/SR296/2025
OH,2136001,,Honoring Acme Fresh Market on its One Hundred Thirty-fifth Anniversary.,Honoring Acme Fresh Market on its One Hundred Thirty-fifth Anniversary.,4,2026-03-19,https://legiscan.com/OH/bill/SR297/2025
OH,2136035,,Honoring The University of Akron women's swimming and diving team as the 2026 Mid-American Conference Champion.,Honoring The University of Akron women's swimming and diving team as the 2026 Mid-American Conference Champion.,4,2026-03-19,https://legiscan.com/OH/bill/SR298/2025
OH,2136005,,In memory of Captain Seth R. Koval.,In memory of Captain Seth R. Koval.,4,2026-03-19,https://legiscan.com/OH/bill/SR299/2025
OH,2136908,,Honoring the Tallmadge Blue Devils wheelchair basketball team on winning the 2025-2026 OIAS State Championship.,Honoring the Tallmadge Blue Devils wheelchair basketball team on winning the 2025-2026 OIAS State Championship.,4,2026-03-23,https://legiscan.com/OH/bill/SR300/2025
OH,2137717,,In memory of Captain Curtis J. Angst.,In memory of Captain Curtis J. Angst.,4,2026-03-24,https://legiscan.com/OH/bill/SR301/2025
OH,2138264,,Honoring Jake Hughes on securing a 2026 Division II State Wrestling Championship title.,Honoring Jake Hughes on securing a 2026 Division II State Wrestling Championship title.,4,2026-03-25,https://legiscan.com/OH/bill/SR302/2025
OH,2138239,,Honoring Matt Oyster for outstanding service to the State of Ohio.,Honoring Matt Oyster for outstanding service to the State of Ohio.,4,2026-03-25,https://legiscan.com/OH/bill/SR303/2025
OH,1936962,,Urge designation of illicit fentanyl a weapon of mass destruction,"To urge the 119th Congress to introduce and pass legislation similar to the Stop Our Scourge Act of 2023, directing the Secretary of Homeland Security to designate illicit fentanyl as a weapon of mass destruction.",2,2025-02-26,https://legiscan.com/OH/bill/SCR1/2025
OH,1945830,,"Urge investment into security, reliability of electric grid","Urging Ohio electric utility stakeholders, the Governor, and the Congress of the United States to invest resources into the security, reliability, and resiliency of the state and national interconnected electric grids against natural and man-made threats.",4,2025-10-15,https://legiscan.com/OH/bill/SCR2/2025
OH,1945542,,Urge Fair Labor Standards Act changes for employees under 16,To urge Congress to make changes to the Fair Labor Standards Act to allow a person under 16 years of age to be employed between 7 p.m. and 9 p.m. during the school year.,4,2025-11-05,https://legiscan.com/OH/bill/SCR3/2025
OH,1946269,,Adopt the Legislative Code of Ethics,"To adopt the Legislative Code of Ethics for the members and employees of both chambers of the 136th General Assembly, employees of any legislative agency, and candidates for the 137th General Assembly.",4,2025-02-05,https://legiscan.com/OH/bill/SCR4/2025
OH,1964859,,Urge Presidential support for Medicaid work requirements,To urge the President of the United States to support the Ohio Department of Medicaid's request to implement work requirements for certain Medicaid recipients.,4,2025-05-14,https://legiscan.com/OH/bill/SCR5/2025
OH,1964991,,Urge Congress to make daylight saving time the permanent,To urge Congress to make daylight saving time the permanent standard time.,1,2025-02-10,https://legiscan.com/OH/bill/SCR6/2025
OH,1964924,,Urge Congress reissue DoD Civilian Retiree Identification Cards,To urge Congress to reissue Department of Defense Civilian Retiree Identification Cards.,2,2025-04-02,https://legiscan.com/OH/bill/SCR7/2025
OH,1984229,,Urge Congress pass Reducing Accidents in Locomotives (RAIL) Act,"To urge the Congress of the United States to pass H.R. 971, known as The Reducing Accidents in Locomotives (RAIL) Act.",1,2025-02-25,https://legiscan.com/OH/bill/SCR8/2025
OH,1984074,,Urge Congress to make the 2017 Tax Cuts and Jobs Act permanent,To urge the Congress of the United States to make the 2017 Tax Cuts and Jobs Act permanent and protect prosperity.,1,2025-02-25,https://legiscan.com/OH/bill/SCR9/2025
OH,1999765,,Support work of the Ohio Commission for U.S. Semiquincentennial,To support and encourage the work of the Ohio Commission for the United States Semiquincentennial in celebrating the nation's 250th anniversary.,2,2025-10-01,https://legiscan.com/OH/bill/SCR10/2025
OH,2029225,,Urge Congress to designate Buckeye Trail a National Scenic Trail,To urge Congress to designate the Buckeye Trail as a National Scenic Trail.,1,2025-05-06,https://legiscan.com/OH/bill/SCR11/2025
OH,2047767,,Recognize 250th anniversary of the United States Postal Service,To recognize the 250th anniversary of the founding of the United States Postal Service.,1,2025-10-29,https://legiscan.com/OH/bill/SCR12/2025
OH,2052146,,Honor partnership between Province of QuÃ©bec and State of Ohio,Honoring the longstanding partnership between the Province of QuÃ©bec and the State of Ohio.,1,2025-11-10,https://legiscan.com/OH/bill/SCR13/2025
OH,2059491,,Urge Congress to reject moratorium on state regulation of AI,To urge the Congress of the United States to reject any moratorium on state laws regulating artificial intelligence.,1,2025-12-17,https://legiscan.com/OH/bill/SCR14/2025
OH,2086885,,Urge Congress to review and evaluate credit reporting agencies,To urge the United States Congress to review and evaluate credit reporting agencies and how credit scores and credit ratings create economic inequities.,1,2026-01-20,https://legiscan.com/OH/bill/SCR15/2025
OH,2114308,,Urge Congress to dismantle United States Department of Education,To urge Congress to dismantle the United States Department of Education.,1,2026-02-11,https://legiscan.com/OH/bill/SCR16/2025
OH,2128042,,Support the creation of a U.S. Great Lakes Waterfront Trail,To support the creation of a U.S. Great Lakes Waterfront Trail.,1,2026-03-03,https://legiscan.com/OH/bill/SCR17/2025
OH,2132338,,"Urge Congress to grant statehood to Washington, D.C.","To urge the Congress of the United States to grant statehood to Washington, D.C.",1,2026-03-11,https://legiscan.com/OH/bill/SCR18/2025
OH,2136153,,Urge Congress to enact the Ohio River Restoration Program Act,"To urge the Congress of the United States to enact the Ohio River Restoration Program Act to bring clean water, enhanced fish and aquatic wildlife, economic benefits, expanded recreation opportunities, and public health protections to Ohio.",1,2026-03-19,https://legiscan.com/OH/bill/SCR19/2025
OH,1945672,,CA: Increase the membership of the General Assembly,"Proposing to amend Section 2 of Article II and Sections 1, 3, 4, and 5 of Article XI of the Constitution of the State of Ohio to increase the membership of the General Assembly to 51 senators and 153 representatives beginning January 1, 2033.",1,2025-01-28,https://legiscan.com/OH/bill/SJR1/2025
OH,1945924,,CA: Modify process for statutes proposed by initiative petition,Proposing to amend Sections 1b and 1g of Article II of the Constitution of the State of Ohio to modify the process for statutes proposed by initiative petition.,1,2025-01-28,https://legiscan.com/OH/bill/SJR2/2025
OH,1956570,,Apply to Congress: Constitutional Convention for certain purposes,"Application to the Congress of the United States for a Convention of the States under Article V of the Constitution of the United States that is limited to proposing amendments that impose fiscal restraints on the federal government, limit the power and jurisdiction of the federal government, and limit the terms of office for its officials and Members of Congress.",1,2025-02-04,https://legiscan.com/OH/bill/SJR3/2025
OH,1964843,,CA: Authorize bonds to refund school debt; create education fund,"Proposing to enact Section 12 of Article VIII of the Constitution of the State of Ohio to conditionally authorize the issuance of state obligations to refund pending school district obligations, to conditionally waive, beginning in 2027, the requirement that schools levy property taxes to pay debt charges on their obligations, and to conditionally authorize a treasury fund that is restricted exclusively to educational purposes.",1,2025-02-10,https://legiscan.com/OH/bill/SJR4/2025
OH,1970139,,Apply for Convention of the States re: term limits,Applying to the Congress of the United States for a limited national convention for the exclusive purpose of proposing an amendment to the Constitution of the United States to establish term limits for members of Congress.,1,2025-02-12,https://legiscan.com/OH/bill/SJR6/2025
OH,2047046,,CA: Authorize land value taxes,Proposing to amend Section 2 of Article XII and to enact Section 2b of Article XII of the Constitution of the State of Ohio to authorize land value taxes.,1,2025-10-21,https://legiscan.com/OH/bill/SJR7/2025
OH,2047543,,CA: Establish constitutional right to hunt and fish,Proposing to enact Section 23 of Article I of the Constitution of the State of Ohio to establish a constitutional right to hunt and fish.,1,2025-10-28,https://legiscan.com/OH/bill/SJR8/2025
OH,2125596,,CA: Eliminate prohibition against taxing food and beverages,Proposing to repeal Section 13 of Article XII of the Constitution of the State of Ohio to no longer prohibit wholesale excise taxation of food and nonalcoholic beverages.,1,2026-02-26,https://legiscan.com/OH/bill/SJR9/2025
