state,bill_id,bill_number,title,description,status,status_date,url
OR,2101303,,Relating to immigration.,"The Act directs the DOJ to study immigration enforcement. The Act directs the DOJ to give the results of the study to the legislature. (Flesch Readability Score: 60.7). Requires the Department of Justice to study ways the state may address unlawful immigration enforcement activity. Directs the department to submit findings to the interim committees of the Legislative Assembly related to the judiciary no later than September 15, 2027. Sunsets on January 2, 2028.",6,2026-03-06,https://legiscan.com/OR/bill/HB4001/2026
OR,2101427,,Relating to legislative measures; declaring an emergency.,"The Act limits the number of measure requests that may be made of LC during long regular sessions to stated numbers. The Act sets forth exceptions to those limits. The Act takes effect when signed. (Flesch Readability Score: 76.5). Limits to 25 the number of legislative measures that a member of the Legislative Assembly may ask the Legislative Counsel to prepare for a regular session of the Legislative Assembly that begins in an odd-numbered year. Limits to 15 the number of legislative measures that a committee of the Legislative Assembly may ask the Legislative Counsel to prepare for a regular session of the Legislative Assembly that begins in an odd-numbered year. Provides exceptions. Limits to 200 the combined total number of legislative measures that the Governor and state agencies under the authority of the Governor may ask the Legislative Counsel to prepare for a regular session of the Legislative Assembly that begins in an odd-numbered year. Provides exceptions. Limits to 15 the number of legislative measures that other statewide elected officials and the Judicial Department may each ask the Legislative Counsel to prepare for a regular session of the Legislative Assembly that begins in an odd-numbered year. Authorizes the Senate Rules Committee or the House Rules Committee to ask the Legislative Counsel to prepare additional measures on behalf of requesters. Authorizes the measure's requester to ask the Legislative Counsel to prepare an additional measure when the first legislative chamber passes or adopts a measure. Applies to requests for legislative measures made for the 2027 regular session and subsequent odd-numbered year regular sessions. Declares an emergency, effective on passage.",6,2026-03-06,https://legiscan.com/OR/bill/HB4002/2026
OR,2101076,,Relating to medical assistance; declaring an emergency.,"The Act changes how OHA decides which health services are covered in the state Medicaid program. (Flesch Readability Score: 63.6). Removes provisions relating to the use of the prioritized list of health services in the state medical assistance program. Requires the Oregon Health Authority to establish a definition of medical necessity and medical necessity criteria. Requires the Health Evidence Review Commission to develop and maintain clinical coverage policies that are consistent with the authority's definition of medical necessity and with federal laws governing mandatory and optional medical assistance services. Declares an emergency, effective on passage.",6,2026-03-06,https://legiscan.com/OR/bill/HB4003/2026
OR,2101354,,Relating to natural resources; and prescribing an effective date.,The Act says certain tax is not owed for land that does not qualify for forest special assessment due to pests or disease. The Act says the Water Resources Department may allow time extensions for certain water right holders. The Act changes who must be a registered engineer at the department. The Act says the department must help certain water users sign up for a water conservation program. (Flesch Readability Score: 60.5). Provides that additional taxes otherwise imposed upon disqualification of land from certain forestland special assessment programs may not be collected if the disqualification is due to the suspension of reforestation requirements as a result of insects or disease. Authorizes the Water Resources Department to grant time extensions for specified water right permit holders to complete construction and apply water beneficially. Modifies requirement that the department's director or principal assistant be a registered engineer. Modifies provision specifying when a proposed order of the department becomes final. Directs the department to facilitate certain water users' enrollment in a federal conservation program. Takes effect on the 91st day following adjournment sine die.,3,2026-03-04,https://legiscan.com/OR/bill/HB4004/2026
OR,2101345,,Relating to Water Professionals Appreciation Week; and prescribing an effective date.,Makes a yearly celebration of water workers in this state that takes place in October. (Flesch Readability Score: 61.8). Designates the first Saturday of October of each year through the end of the Sunday of the following weekend as Water Professionals Appreciation Week. Takes effect on the 91st day following adjournment sine die.,4,2026-03-17,https://legiscan.com/OR/bill/HB4005/2026
OR,2101286,,Relating to water rights with points of diversion between river miles 252 and 303 on the Columbia River.,"This Act makes changes to laws as they relate to some Columbia River water rights. (Flesch Readability Score: 67.5). Authorizes holders of certain Columbia River water rights to change the point of diversion or use the water right on land to which the right is not appurtenant, provided certain conditions are met. Exempts certain Columbia River water rights from the application requirements for a change to the use of the water right, provided certain conditions are met. Exempts the irrigation systems of intergovernmental entities, with respect to certain water rights, from the application of certain laws pertaining to irrigation ditches and reservoirs. Authorizes the Mid-Columbia Water Commission to participate in the district water rights mapping process, with respect to certain water rights. Requires the commission to report to the Legislative Assembly on the effects of this Act for a period of 10 years.",6,2026-03-06,https://legiscan.com/OR/bill/HB4006/2026
OR,2101010,,Relating to transportation; and prescribing an effective date.,"The Act defines what a ""powered micromobility device"" is. It also combines the laws for kids under 16, making it clear that they must wear helmets when riding bikes, e-bikes, e-scooters and some other vehicles. Changes age a kid must be to use different classes of e-bikes and other types of vehicles. Says a store may not sell a vehicle that looks like an e-bike if it is not an e-bike by state law. The Act tells ODOT to make a new pilot program and let trucks haul more milk on certain routes. The Act tells ODOT to report on the results of the pilot program. Gives DAS more time to finish review of HCAS. (Flesch Readability Score: 73.1). [Digest: The Act defines what a ""powered micromobility device"" is. It also combines the laws for kids under 16, making it clear that they must wear helmets when riding bikes, e-bikes, e-scooters and some other vehicles. Changes age a kid must be to use different classes of e-bikes and other types of vehicles. Says a store may not sell a vehicle that looks like an e-bike if it is not an e-bike by state law. The Act tells ODOT to make a new pilot program and let trucks haul more milk on certain routes. The Act tells ODOT to report on the results of the pilot program. (Flesch Readability Score: 70.7).] Defines ""powered micromobility device"" for the vehicle code. Consolidates and makes uniform standards for wearing protective headgear for children under 16 years of age when riding or using a bicycle, electric assisted bicycle, motor assisted scooter, powered micromobility device and certain nonmotorized vehicles. Lowers the age requirement to operate a Class 1 electric assisted bicycle. Provides that there is no minimum age requirement to operate a Class 1 or Class 2 electric assisted bicycle if the person is participating in a bicycle safety program. Lowers age requirement to operate motor assisted scooter. Creates offense of improper sale or lease of a vehicle. Punishes by maximum fine of $250. Creates offense of selling an impostor vehicle. Punishes by maximum fine of $250. Directs the Department of Transportation to establish a five-year pilot program that allows vehicles to haul fluid milk products with a loaded weight of not more than 129,000 pounds on routes approved by the department. Directs the department to conduct a study and prepare a report on the results of the pilot program. Extends the time the Oregon Department of Administrative Services has to undertake its review of the methodology for the highway cost allocation study. Makes the report due March 15, 2028. Takes effect on the 91st day following adjournment sine die.",3,2026-03-05,https://legiscan.com/OR/bill/HB4007/2026
OR,2101498,,Relating to a transit funding task force; declaring an emergency.,"The Act makes the Transit Funding Task Force and tells the task force to make a report. (Flesch Readability Score: 100). Establishes the Transit Funding Task Force and directs the task force to report to an interim committee of the Legislative Assembly related to transportation no later than December 1, 2026. Declares an emergency, effective on passage.",6,2026-03-06,https://legiscan.com/OR/bill/HB4008/2026
OR,2101314,,Relating to transportation; prescribing an effective date.,The Act would phase in a mandatory per-mile road usage charge for owners and lessees of electric and hybrid cars and delivery vans engaged in e-commerce. The Act would allow a flat annual fee in lieu of the per-mile road usage charge. The Act would have ODOT biennially recommend a rate for the per-mile road usage charge that would raise the money needed to keep up the highways in this state. The Act would pause an EV rebate and limit another EV rebate to one per household. (Flesch Readability Score: 62.2). Phases in a mandatory per-mile road usage charge for registered owners and lessees of electric and hybrid passenger vehicles and delivery vehicles engaged in e-commerce. Allows an annual flat fee in lieu of the mandatory per-mile road usage charge. Requires the Department of Transportation to submit a biennial report to the Legislative Assembly recommending a rate for the per-mile road usage charge that would sustainably raise the revenue necessary to maintain the public highways in this state. Prohibits the Department of Environmental Quality from providing certain zero-emission and electric vehicle rebates for a period of time. Limits the charge ahead rebate to one per household. Takes effect on the 91st day following adjournment sine die.,6,2026-03-06,https://legiscan.com/OR/bill/HB4009/2026
OR,2101069,,Relating to required payments for changes to the scope of work on construction contracts; prescribing an effective date.,Tells state agencies that want more work on a construction project than the contract calls for to issue a change order for the work by a certain date or to pay interest if the agency does not. Makes contractors do the same for subcontractors and owners do the same in private contracts. (Flesch Readability Score: 61.6). Requires contracting agencies that procure public improvement contracts or contracts for public works and require additional work outside the scope set forth in the public improvement contract or contract for public works to issue change orders for the additional work within a specific time or to pay interest for failing to do so. Requires similar duties from contractors to subcontractors and from owners to contractors in private construction contracts. Takes effect on the 91st day following adjournment sine die.,6,2026-03-06,https://legiscan.com/OR/bill/HB4010/2026
OR,2101047,,Relating to mandatory subjects of collective bargaining for school districts.,The Act would make changes to laws with respect to school district collective bargaining. (Flesch Readability Score: 65.7). Expands the requirement to discuss class size and caseload as mandatory subjects of bargaining for purposes of school district collective bargaining.,6,2026-03-06,https://legiscan.com/OR/bill/HB4011/2026
OR,2101599,,Relating to labor contractors; and prescribing an effective date.,"The Act tells the CCB to work with BOLI to carry out a targeted assessment initiative. The Act becomes law 91 days after sine die. (Flesch Readability Score: 68.9). [Digest: This Act tells BOLI to study the laws that govern labor contractors. (Flesch Readability Score: 67.7).] [Requires the Bureau of Labor and Industries to study the adequacy of the statutory provisions governing labor contractors. Directs the bureau to submit findings to the interim committees of the Legislative Assembly related to labor and business no later than September 15, 2027.] Directs the Construction Contractors Board to consult and collaborate with the Bureau of Labor and Industries to carry out a targeted assessment initiative to observe and collect information regarding the use of services of unlicensed labor contractors and unlicensed construction labor contractors at construction job sites. Requires the board and the bureau to report on the operation and outcomes of the targeted assessment initiative to the interim committees of the Legislative Assembly related to business and labor no later than October 1, 2027. Sunsets on January 2, 2028. Takes effect on the 91st day following adjournment sine die.",4,2026-03-17,https://legiscan.com/OR/bill/HB4012/2026
OR,2101595,,Relating to labor standards.,The Act specifies which federal rules BOLI must use when adopting rules that set work hour limits for minors. (Flesch Readability Score: 62.8). Clarifies which federal rules apply to the scope of the rulemaking authority of the Bureau of Labor and Industries regarding rules that govern the hours a minor can work.,4,2026-03-17,https://legiscan.com/OR/bill/HB4013/2026
OR,2101296,,Relating to state finance; declaring an emergency.,"The Act creates a task force to study how Oregon taxes income earned by companies doing business in more than one country. (Flesch Readability Score: 60.6). [Digest: The Act directs the LRO to study the state financial system. (Flesch Readability Score: 72.6).] [Requires the Legislative Revenue Officer to study the state financial system. Directs the Legislative Revenue Officer to submit findings to the interim committees of the Legislative Assembly related to revenue not later than December 1, 2027.] Establishes the Task Force on Taxation of International Income. Directs the task force to investigate whether changes to Oregon's tax code could improve or simplify the state's tax treatment of international income and to submit a report to the interim committees of the Legislative Assembly related to revenue no later than December 1, 2026. Sunsets the task force on December 31, 2027. Declares an emergency, effective on passage.",6,2026-03-06,https://legiscan.com/OR/bill/HB4014/2026
OR,2101614,,Relating to connection to federal tax law; prescribing an effective date.,Updates the tie date to the federal Internal Revenue Code and other federal tax laws. Becomes law 91 days from sine die. (Flesch Readability Score: 64.9). Updates the connection date to the federal Internal Revenue Code and other provisions of federal tax law. Takes effect on the 91st day following adjournment sine die.,6,2026-03-06,https://legiscan.com/OR/bill/HB4015/2026
OR,2101139,,Relating to tax compliance; and prescribing an effective date.,"Says that people who get public contracts must obey tax laws and must show proof of compliance with tax laws. (Flesch Readability Score: 76.8). Requires public contractors to demonstrate and maintain tax compliance, through a certification process, as a condition of the execution of a public contract. Becomes operative January 1, 2027. Directs the Secretary of State to study methods for collecting information through business registry function to ensure tax compliance by persons doing business in this state. Takes effect on the 91st day following adjournment sine die.",3,2026-03-06,https://legiscan.com/OR/bill/HB4016/2026
OR,2101470,,Relating to use of campaign contributions; and declaring an emergency.,"The Act permits certain campaign money to be used for security costs. (Flesch Readability Score: 60.7). Provides that amounts received as contributions by a candidate, principal campaign committee of a candidate and principal campaign committee of a holder of public office may be used for specified security-related expenses. Provides that a candidate or holder of public office may convert to personal use specified items obtained as security-related expenses after the candidate or holder of public office is no longer a candidate or holder of public office. Provides that the conversion to personal use of specified security-related expenses is not a gift for the purposes of government ethics laws. Declares an emergency, effective on passage.",3,2026-03-02,https://legiscan.com/OR/bill/HB4017/2026
OR,2101251,,Relating to elections; and declaring an emergency.,"The Act changes laws about campaign money. (Flesch Readability Score: 66.7). Modifies the timelines for the enactment of certain campaign finance regulations. Modifies the names of certain political committees. Modifies provisions related to in-kind contributions and provisions related to campaign funds that may be carried forward. Temporarily reenacts previously repealed provisions related to covered organizations. Permits corporations and labor unions to establish separate, segregated funds that operate like political committees. Modifies specified deadlines regarding certain filings. Permits a person to cure a violation of election laws. Declares an emergency, effective on passage.",3,2026-03-05,https://legiscan.com/OR/bill/HB4018/2026
OR,2101055,,Relating to permits; prescribing an effective date.,The Act says that some agencies have to base approval or denial of permits on the rules in force when the application is done. (Flesch Readability Score: 62.6). Requires certain agencies to base approval or denial of an application for a new permit on the rules and standards that are applicable at the time that the agency determines the application is complete. Takes effect on the 91st day following adjournment sine die.,6,2026-03-06,https://legiscan.com/OR/bill/HB4019/2026
OR,2101258,,Relating to permits; and prescribing an effective date.,The Act makes some agencies tell a permit applicant the legal reason for denial and give a guide about contesting the denial. The Act makes some agencies make a KPM for how fast the agency gives out permits. (Flesch Readability Score: 60.6). Requires certain agencies to specify the authority justifying the denial of a permit application and provide the applicant a guide on how to contest the denial. Requires certain agencies to develop a performance measure to measure the timeliness of permit and permit renewal processing and issuance. Takes effect on the 91st day following adjournment sine die.,3,2026-03-05,https://legiscan.com/OR/bill/HB4020/2026
OR,2101569,,Relating to administrative rules; and prescribing an effective date.,"The Act changes the effective date and notice given for some agencies' rules. The Act tells some agencies to let people know where to ask questions about the agencies' rules. (Flesch Readability Score: 67.5). Modifies effective date and notice requirements for certain permanent rules adopted, amended or repealed by certain agencies. Requires certain agencies to make available on the agency's website contact information for questions about each rule adopted, amended or repealed. Takes effect on the 91st day following adjournment sine die.",3,2026-03-04,https://legiscan.com/OR/bill/HB4021/2026
OR,2101580,,Relating to children's literacy.,"The Act establishes a program to provide a free book each month to certain children. (Flesch Readability Score: 67.5). Establishes the Oregon Imagination Library Program to provide a free book each month to eligible children, encourage children to develop a love of reading and learning and improve school readiness, third-grade reading proficiency and high school graduation rates. Directs the Department of Early Learning and Care to implement and administer the program. Authorizes the Early Learning Council, in consultation with the department, to adopt rules necessary to implement the program. Establishes the Oregon Imagination Library Account within the department for purposes of funding the program.",4,2026-03-17,https://legiscan.com/OR/bill/HB4022/2026
OR,2101448,,Relating to mass transit districts initiated by resolution; prescribing an effective date.,The Act limits methods of financing for some mass transit districts. (Flesch Readability Score: 60.7). Restores the restrictions on methods of financing for certain mass transit districts. Takes effect on the 91st day following adjournment sine die.,6,2026-03-06,https://legiscan.com/OR/bill/HB4023/2026
OR,2101087,,Relating to speculative ticket sales; and prescribing an effective date.,"Says a reseller may not offer or resell a ticket unless the reseller has or can get the ticket. (Flesch Readability Score: 62.8). Prohibits a reseller or person affiliated with a reseller from offering for resale or engaging in a resale of an admission ticket unless the reseller or person affiliated with the reseller has actual or constructive possession of the admission ticket or explicit authorization in a written contract to obtain the admission ticket from an operator, a ticket seller or a person the operator or ticket seller authorized to purchase the admission ticket in an initial sale. Takes effect on the 91st day following adjournment sine die.",4,2026-03-17,https://legiscan.com/OR/bill/HB4024/2026
OR,2101556,,Relating to the residential rates of public utilities; and prescribing an effective date.,Allows a public utility other than a power or gas company to raise rates year-round. Takes effect 91 days after sine die. (Flesch Readability Score: 61.0). Allows an increase in the residential rates of a public utility to take effect from November 1 to March 31 for public utilities other than public utilities that provide electricity or natural gas services. Takes effect on the 91st day following adjournment sine die.,4,2026-03-17,https://legiscan.com/OR/bill/HB4025/2026
OR,2101058,,Relating to consumer protection.,"Tells a state agency to look at consumer protection and do a report. (Flesch Readability Score: 63.4). Requires the Department of Consumer and Business Services to study consumer protection. Directs the department to submit findings to the interim committees of the Legislative Assembly related to consumer protection not later than September 15, 2027. Sunsets on January 2, 2028.",6,2026-03-06,https://legiscan.com/OR/bill/HB4026/2026
OR,2101585,,Relating to the Bureau of Labor and Industries; and prescribing an effective date.,"The Act would have DCBS set a rate to put at least a minimum amount in a new fund to pay for the duties of the head of BOLI and the related costs of the head of DCBS. The Act would also have the rate be set to create and maintain a 12-month reserve in the new fund. The Act would bar moneys from the Workers Benefit Fund being used to make up the new assessment amounts in the new fund. The Act would raise the cap on the fee paid by public agencies for contracts subject to the prevailing wage rate. The Act would require BOLI to report every other year as to whether the cap brings in enough money to pay for BOLI's staffing needs. (Flesch Readability Score: 71.1). [Digest: Tells LPRO to conduct a study on how state labor agencies in other states are funded. (Flesch Readability Score: 68.9).] [Requires the Legislative Policy and Research Director to conduct a study of the manner in which state labor agencies in other states are funded. Directs the director to submit findings to the interim committees of the Legislative Assembly related to labor and business no later than September 15, 2027.] [Sunsets on January 2, 2028.] Amends the Workers' Benefit Fund assessment statute to direct the Department of Consumer and Business Services to set an additional assessment rate in order to deposit in a new BOLI Expenses Fund at least the greater of a minimum dollar amount or 12 months of projected expenses to fund the duties of the Commissioner of the Bureau of Labor and Industries, subject to a cap on the costs of new positions, to reimburse certain related expenses of the Director of the Department of Consumer and Business Services and to create and maintain a 12-month reserve in the new fund. Prohibits the transfer of assessment moneys in the Workers' Benefit Fund to the new fund to make up the new assessment amounts. Raises the maximum fee amount paid by public agencies that award public works contracts subject to the prevailing wage rate. Requires the Bureau of Labor and Industries to submit a biennial report to the interim committees of the Legislative Assembly relating to labor that examines whether the maximum fee amount raises enough revenue for the bureau to meet its staffing needs. Takes effect on the 91st day following adjournment sine die.",3,2026-03-04,https://legiscan.com/OR/bill/HB4027/2026
OR,2101082,,Relating to behavioral health.,"The Act limits how insurers, OHA and CCOs may conduct audits. The Act adds new information that some carriers must report to DCBS. (Flesch Readability Score: 62.7). [Digest: The Act limits how insurers, OHA and CCOs may conduct audits. The Act adds new information that some carriers must report to DCBS. The Act takes effect 91 days after session ends. (Flesch Readability Score: 66.4).] Imposes requirements and restrictions on insurer and coordinated care organization audits of claims for reimbursement submitted by behavioral health treatment providers. Becomes operative on January 1, 2027. Adds information that certain carriers must annually report to the Department of Consumer and Business Services regarding compliance with behavioral health parity requirements. [Takes effect on the 91st day following adjournment sine die.].",6,2026-03-06,https://legiscan.com/OR/bill/HB4028/2026
OR,2101170,,Relating to solar energy systems; and prescribing an effective date.,"Says what a person must tell a resident before selling or leasing a solar energy system to the resident. Says what must be in a contract for a sale or lease of a solar energy system. (Flesch Readability Score: 64.0). Requires a solar energy contractor or person that installs a solar energy system to have a license appropriate for the scope of work the solar energy contractor or person will perform. Specifies disclosures required in purchase agreements, lease agreements and power purchase agreements related to solar energy systems. Specifies elements and provisions that an installation contract for a solar energy system must have. Prohibits deceptive statements concerning the provisions of an installation contract. Punishes a violation or a failure to comply with the provisions of the Act as an unlawful practice under the Unlawful Trade Practices Act. Takes effect on the 91st day following adjournment sine die.",4,2026-03-17,https://legiscan.com/OR/bill/HB4029/2026
OR,2101245,,Relating to packaging subject to producer responsibility requirements; prescribing an effective date.,"This Act exempts some berry and meat, poultry, fish and seafood packaging from a recycling law. (Flesch Readability Score: 63.6). Exempts packaging for certain berries and meat, poultry, fish and seafood from producer responsibility requirements for packaging, paper and food serviceware. Takes effect on the 91st day following adjournment sine die.",6,2026-03-06,https://legiscan.com/OR/bill/HB4030/2026
OR,2101189,,Relating to the siting of renewable energy facilities; and prescribing an effective date.,"Creates an exception to needing a site certificate from EFSC. (Flesch Readability Score: 61.3). Exempts an energy facility from needing a site certificate from the Energy Facility Siting Council if the energy facility produces power from a renewable energy source, qualifies for certain federal renewable energy tax credits and is placed in service on or before December 31, 2030, or a date allowed by exception and a local land use application for the facility is submitted [construction begins] on or before December 31, 2028. Takes effect on the 91st day following adjournment sine die.",4,2026-03-17,https://legiscan.com/OR/bill/HB4031/2026
OR,2101496,,Relating to fuel storage sites.,This Act tells ODOE to study and make a report on emergency fuel storage sites. (Flesch Readability Score: 67.5). Directs the State Department of Energy to evaluate and prioritize geographically dispersed emergency fuel storage sites. Requires the department to submit preliminary and final findings to the interim committees of the Legislative Assembly related to energy and emergency management.,6,2026-03-06,https://legiscan.com/OR/bill/HB4032/2026
OR,2101166,,Relating to emergency volunteers; and declaring an emergency.,"The Act puts ODEM in charge of the volunteer database known as ORVID. The Act tells ODEM to adapt the database in specified ways. (Flesch Readability Score: 67.7). Transfers responsibility for the volunteer database known as ORVID from the Higher Education Coordinating Commission to the Oregon Department of Emergency Management. Directs the department to adapt and maintain the database. Declares an emergency, effective on passage.",3,2026-03-05,https://legiscan.com/OR/bill/HB4033/2026
OR,2101483,,Relating to animal rescue entities.,"The Act changes a definition for places that rescue animals. The Act changes the agency that oversees places that rescue animals. The Act changes the records that the places have to keep. The Act makes changes related to licensing the places. (Flesch Readability Score: 66.4). [Digest: The Act changes the agency that oversees places that rescue animals. The Act changes the records that the places have to keep. The Act makes changes related to licensing the places. (Flesch Readability Score: 70.8).] Revises the definition of ""animal rescue entity."" Provides that veterinary facilities do not qualify as animal rescue entities for purposes of regulating animal rescue entities. Directs the State Department of Agriculture to enforce provisions related to regulating animal rescue entities. Makes changes related to recordkeeping and licensing requirements for animal rescue entities. Removes the impoundment of animals as a civil penalty for a violation of provisions related to animal rescue entities.",4,2026-03-17,https://legiscan.com/OR/bill/HB4034/2026
OR,2101079,,Relating to land use; and declaring an emergency.,"This Act amends temp UGB program and lets LCDC award grants. (Flesch Readability Score: 80.3). Expands eligibility for cities and Metro to amend their urban growth boundaries under a temporary program. Provides an alternative pathway within the temporary program by which the City of Woodburn may amend its urban growth boundary. Authorizes the Land Conservation and Development Commission to issue grants to implement the commission's duties. Declares an emergency, effective on passage.",3,2026-03-02,https://legiscan.com/OR/bill/HB4035/2026
OR,2101244,,Relating to affordable housing; and declaring an emergency.,"This Act sets up a bond fund to preserve low-cost housing and requires OHCS to report on low-cost housing barriers. (Flesch Readability Score: 63.8). Establishes the Housing Opportunity, Longevity and Durability Fund to deposit Article XI-Q bonds to be used by the Housing and Community Services Department to preserve affordable housing at risk of loss. [Authorizes the State Treasurer to issue $100 million in bonds for the fund for the 2025-2027 biennium.] Requires the department to, with input from stakeholders, report to the interim committees of the Legislative Assembly relating to housing on or before December 1, 2026, on legal and policy barriers to affordable housing production. Declares an emergency, effective on passage.",3,2026-03-06,https://legiscan.com/OR/bill/HB4036/2026
OR,2101095,,Relating to housing; and prescribing an effective date.,"This Act changes some housing programs, agencies and laws and rules about home building. (Flesch Readability Score: 65.7). Adjusts certain terms of the revolving loan program for cities and counties to fund affordable housing projects. Allows state agencies to adjust terms of a grant made to the Network for Oregon Affordable Housing in the last biennium. Limits the building permit plan review for housing with two or fewer dwelling units. Establishes a local government process for land use approvals for housing subject only to clear and objective standards, conditions and procedures. Becomes operative on July 1, 2026. Establishes responsibilities for landlords and tenants for residential tenancies destroyed by natural disasters. Requires state agencies to give priority to housing providers when transferring surplus real property. Requires the Land Conservation and Development Commission to adopt rules regarding prioritization of lands added to urban reserves. Limits the amount of commercial lands within certain planned areas that may be used for affordable housing. Takes effect on the 91st day following adjournment sine die.",3,2026-03-04,https://legiscan.com/OR/bill/HB4037/2026
OR,2101210,,Relating to health care cost growth; prescribing an effective date.,"The Act prohibits OHA from enforcing the Health Care Cost Growth Target program for 10 years. (Flesch Readability Score: 63.6). Prohibits the Oregon Health Authority from taking enforcement actions against providers or payers under the Health Care Cost Growth Target program before January 1, 2036. Sunsets January 2, 2036. Takes effect on the 91st day following adjournment sine die.",6,2026-03-06,https://legiscan.com/OR/bill/HB4038/2026
OR,2101136,,Relating to medical assistance; and declaring an emergency.,"The Act requires OHA to change the way it sets rates for CCOs. The Act adds steps that OHA must take before making new rules. (Flesch Readability Score: 92.6). [Digest: The Act requires OHA to change the way it sets rates for CCOs. The Act adds steps that OHA must take before making new rules. The Act prevents OHA from taking certain costly measures until January 2, 2028. (Flesch Readability Score: 69.3).] Requires the Oregon Health Authority to develop a transparent and data-driven process for developing capitation rates for coordinated care organizations. [Requires the Oregon Health Policy Board to establish a process for public review of and comment on the authority's rate development process. Requires the authority to commission an independent review of the current rate development process and report back to the Legislative Assembly.] Requires the authority to prepare a medical assistance cost impact statement before adopting rules other than procedural rules. [Prohibits the authority from adopting a new rule, program or contractual requirement that will cost $1 million or more during a biennium. Sunsets on January 2, 2028.] [Imposes a three-year moratorium on the requirement for a coordinated care organization to spend a portion of the organization's annual net income or reserves on addressing health disparities and the social determinants of health.] Declares an emergency, effective on passage.",3,2026-03-02,https://legiscan.com/OR/bill/HB4039/2026
OR,2101430,,Relating to health care; and declaring an emergency.,"The Act changes the rules for how certain health care is given in this state. The Act alters how certain health care providers are licensed or regulated. The Act changes some insurance rules. The Act changes some pharmacy and drug rules. The Act takes effect when signed. (Flesch Readability Score: 79.7). Modifies the requirements for screening a hospital patient for presumptive eligibility for financial assistance. [Prohibits the Oregon Health Authority from requiring certain home health agencies to comply with Medicare conditions of participation.] [Modifies the requirements for how the Department of Human Services must publish Residential Care Quality Measurement Program data.] Removes the requirement that an applicant for a residential care facility administrator license hold a bachelor's degree in a health or social service related field. Allows a person residing in a correctional facility to receive prerelease medical assistance benefits under certain circumstances. [Prohibits the authority or a coordinated care organization from requiring prior authorization for medical assistance coverage for repairing complex rehabilitation technology if the repair costs $1,500 or less.] Modifies the requirements for meetings held by the Health Evidence Review Commission. Modifies the composition of the Medicaid Advisory Committee. Modifies the eligibility requirements for parent providers who are paid to provide attendant care services to their children. [*redacted text - see A-Eng Bill*.] Allows a full-time dentistry student enrolled in an out-of-state dental education program to practice dentistry without a license if the student is supervised by a faculty member of a dental education program accredited by the Commission on Dental Accreditation of the American Dental Association. Requires casualty or health insurance policies to provide coverage for medically necessary anesthesia services, regardless of duration, for any covered procedures. Requires dental insurers to follow certain rules for payment and denial of claims. Requires the Legislative Policy and Research Director to develop and propose to the [Legislative Policy and Research Committee] committees with jurisdiction over health care an insurance coverage mandate impact statement policy. Directs the [committee] committees to perform due diligence in considering the proposal and authorizes the [committee] committees to modify the proposal if the [committee] committees so [determines] determine, and then to adopt the policy. Repeals requirement that enrollees in individual or group policies or certificates of health insurance [or members of coordinated care organizations] be assigned by their insurer [or organization] to primary care providers under certain circumstances. Specifies exemptions from the requirement that pharmacy services administrative organizations must register with the Department of Consumer and Business Services as third party administrators. [*redacted text - see A-Eng Bill*] Modifies requirements for the Prescription Drug Affordability Board's annual affordability determination for insulin products. Allows licensees of the Occupational Therapy Licensing Board and the Oregon Board of Physical Therapy to provide psilocybin services as licensed psilocybin service facilitators while providing occupational therapy or physical therapy services. [*redacted text - See A-Eng Bill*] Lowers the age at which a naturopathic physician may request a retired license status from 70 years of age to [60] 65 years of age. Includes nurse practitioners and physician associates in the definition of ""attending physician"" for purposes of the treatment of workers’ compensable injuries. Declares an emergency, effective on passage.",3,2026-03-05,https://legiscan.com/OR/bill/HB4040/2026
OR,2101443,,Relating to public safety; and declaring an emergency.,"The Act changes laws about crime and sentencing. The Act takes effect when the Governor signs it. (Flesch Readability Score: 78.7). Reduces penalties for driving while suspended if the suspension is due to a conviction for criminal mischief resulting from the operation of a motor vehicle or reckless driving. Punishes by a maximum of $2,000 fine. Increases the crime category, for the sentencing guidelines grid of the Oregon Criminal Justice Commission, for felony fleeing or attempting to elude a police officer when the defendant has a prior conviction or causes injury. Establishes a final time period for any person to file a petition for post-conviction relief based on a nonunanimous jury verdict. Creates a procedure by which the Department of Corrections or the state can petition the sentencing court, after determining that a person was released from department custody as the result of a material error in sentence computation or legal interpretation, for a determination as to whether the person is subject to further incarceration. Provides for a process for requesting and ordering that the person be held or taken into custody pending the hearing. Establishes time limits on when petitions can be filed. Requires the Department of Corrections to provide notice to specified persons after performing certain sentence recomputations that result in a new projected release date. Limits how presentence incarceration credit may be applied in specified circumstances. [Authorizes] Requires the Department of Corrections to grant an additional 120 days of short-term transitional leave to certain persons released from custody due to a material error in sentence computation or legal interpretation concerning presentence incarceration credits. Increases the dollar amounts in specified property crimes that serve as a minimum value amount of damages or stolen property or as a threshold between offense levels of the crime. Declares an emergency, effective on passage.",4,2026-03-17,https://legiscan.com/OR/bill/HB4041/2026
OR,2101239,,Relating to the welfare of young people.,The Act makes changes to the regulation of CCAs and creates exceptions to some child placements limits. (Flesch Readability Score: 60.1). Expands the types of adverse licensing actions the Department of Human Services may take against child-caring agencies following certain findings. Modifies certain provisions regarding the use of restraints on children in care. Creates exceptions to certain placement limitations.,6,2026-03-06,https://legiscan.com/OR/bill/HB4042/2026
OR,2101223,,Relating to courts.,"The Act lets the State Treasurer issue bonds to pay to expand or renovate courthouses. The Act also changes who has to notify the court, and when, if a defendant found unfit to proceed is not complying with CRS. (Flesch Readability Score: 65.5). [Digest: The Act lets the State Treasurer issue bonds to pay to expand or renovate courthouses. (Flesch Readability Score: 61.8).] Authorizes the State Treasurer to issue Article XI-Q general obligation bonds to finance renovation or expansion of courthouses. Directs the community mental health program director to notify the court within two judicial days when a defendant found unfit to proceed is not complying with community restoration services. Authorizes the director to delegate the duty to the entity providing the services.",3,2026-03-06,https://legiscan.com/OR/bill/HB4043/2026
OR,2101112,,Relating to emergency management.,"The Act creates a new office in DHS to provide human services in emergencies. The Act creates new assistance programs for emergencies. (Flesch Readability Score: 61.0). [Digest: The Act creates a new office in DHS to provide human services in emergencies. The Act creates grant programs for emergencies. (Flesch Readability Score: 67.2).] Creates the Office of Resilience and Emergency Management within the Department of Human Services. Sets forth the powers and duties of the office. Establishes the Oregon Public Assistance Grant Program, administered by the Oregon Department of Emergency Management, to issue grants to government units and certain nonprofit organizations to perform emergency-related work to protect public health, safety or property. Establishes the Oregon Individual Assistance [Grant] Program, administered by the Department of Human Services, to [issue grants] provide assistance to address critical emergency-related needs of individuals. Appropriates moneys for the program.",6,2026-03-06,https://legiscan.com/OR/bill/HB4044/2026
OR,2101326,,Relating to search warrant response time limits; and declaring an emergency.,"The Act requires a response within a specified time for certain search warrants. The Act goes into effect when the Governor signs it. (Flesch Readability Score: 70.1). [Digest: The Act requires a response within 72 hours for certain search warrants. The Act goes into effect when the Governor signs it. (Flesch Readability Score: 72.6).] Requires a [communications provider] social media platform to respond to a search warrant within 72 hours of service, and all other communications providers to respond within five business days of service, when the warrant pertains to an investigation of stalking or a crime constituting domestic violence. Declares an emergency, effective on passage.",3,2026-03-02,https://legiscan.com/OR/bill/HB4045/2026
OR,2101562,,Relating to nuclear energy; declaring an emergency.,"Tells ODOE to study nuclear energy and make a report on its findings. (Flesch Readability Score: 63.4). Directs the State Department of Energy, subject to the availability of funding, to conduct a study on nuclear energy, including advanced nuclear reactors. Directs the department to engage with tribal governments, consult with certain [state agencies and] organizations and utilize moneys from federal, private and other public sources to carry out the study. Requires the department to report and make public information on the sources of moneys or assistance and amounts of moneys that the department receives to carry out this Act, anticipated uses of those moneys or assistance and any potential conflicts of interest. Directs the department to submit the report to the interim committees or committees of the Legislative Assembly related to energy not later than one year after the date the department receives the moneys or assistance necessary to complete the study. Directs the department to provide an update on the department's progress in carrying out this Act to the interim committees or committees of the Legislative Assembly related to energy not later than February 15, 2027. Establishes the Nuclear Energy Study Fund. Sunsets January 2, [2028] 2030. Declares an emergency, effective on passage.",6,2026-03-06,https://legiscan.com/OR/bill/HB4046/2026
OR,2101616,,Relating to rural emergency hospitals; and prescribing an effective date.,The Act tells OHA to create a new hospital license type. (Flesch Readability Score: 80.3). Requires the Oregon Health Authority to adopt rules and procedures to allow a hospital to apply for a license as a rural emergency hospital. Takes effect on the 91st day following adjournment sine die.,3,2026-03-04,https://legiscan.com/OR/bill/HB4047/2026
OR,2101344,,Relating to rural health care tax credits; prescribing an effective date.,"The Act lets a pharmacist get a tax credit if they work in a rural area. (Flesch Readability Score: 79.5). Expands the rural health care income tax credit to include pharmacist services performed in rural communities. Directs the Office of Rural Health to establish criteria for certifying pharmacists as eligible for the credit. Applies to tax years beginning on or after January 1, 2027. Takes effect on the 91st day following adjournment sine die.",6,2026-03-06,https://legiscan.com/OR/bill/HB4048/2026
OR,2101267,,Relating to Harney Basin water; prescribing an effective date.,This Act lets ground water users in Harney Valley make agreements to limit their water use. (Flesch Readability Score: 63.6). [Directs] Authorizes the Water Resources Commission to encourage and approve voluntary agreements between ground water users in the Greater Harney Valley Groundwater Area of Concern to achieve reasonably stable ground water levels. Takes effect on the 91st day following adjournment sine die.,6,2026-03-06,https://legiscan.com/OR/bill/HB4049/2026
OR,2101302,,Relating to funding for education; declaring an emergency.,"Tells LPRO to conduct a study on funding for education. (Flesch Readability Score: 61.3). Requires the Legislative Policy and Research Director to study processes to align educational funding with educational costs. Directs the director to submit a report to the interim committees of the Legislative Assembly related to education no later than November 15, 2026. Sunsets on January 2, 2027. Declares an emergency, effective on passage.",6,2026-03-06,https://legiscan.com/OR/bill/HB4050/2026
OR,2101402,,Relating to first-time homeownership; declaring an emergency.,"The Act would have loans made to first-time home buyers to offset closing costs. The Act would make the loan plus interest due when the home is sold, the borrower moves out or, if the home is a mobile home, it is moved out of state. The Act would have the program run for three years. (Flesch Readability Score: 88.1). Creates a program for deferred loans to first-time home buyers in an amount not greater than the lesser of the closing costs on the purchase or one percent of the purchase price. Makes the deferred loans repayable when the home changes ownership, is no longer the homestead of the borrower or, if the home is mobile, is moved out of state. Retires the program after three years. Declares an emergency, effective on passage.",6,2026-03-06,https://legiscan.com/OR/bill/HB4051/2026
OR,2101625,,Relating to a tax credit for de novo banks; and prescribing an effective date.,"The Act makes a new tax credit for new banks. (Flesch Readability Score: 100.0). Creates a corporate excise tax credit for each of the first three years that a bank does business in this state. Applies only to Oregon-chartered banks that commence business in tax years beginning on or after January 1, 2027, and before January 1, 2033. Takes effect on the 91st day following adjournment sine die.",3,2026-03-04,https://legiscan.com/OR/bill/HB4052/2026
OR,2101459,,Relating to emergency medical services; and prescribing an effective date.,"The Act makes an EMS Program Fund and changes the name of a committee. The Act tells OHA to make minimum education requirements for EMS providers. The Act also makes a subcommittee. (Flesch Readability Score: 61.1). Establishes the Emergency Medical Services Program Fund. Changes the name of the Pediatric Emergency Medical Services Advisory Committee to the Emergency Medical Services for Children Advisory Committee. Directs the Oregon Health Authority to establish by rule minimum educational requirements for licensure as an emergency medical services provider. Prohibits a person from using certain titles or initials unless the person is licensed at a level that corresponds to the title or initials. Becomes operative on January 1, 2027. Establishes the Long Term Care and Senior Care Emergency Medical Services Advisory Subcommittee within the Emergency Medical Services Advisory Committee to provide advice and recommendations to the committee on issues related to long term care and senior care. Becomes operative on January 1, 2029. Takes effect on the 91st day following adjournment sine die.",3,2026-03-02,https://legiscan.com/OR/bill/HB4053/2026
OR,2101591,,Relating to downcoding.,Tells some health insurers to inform health care providers when they use AI to downcode a claim for reimbursement. (Flesch Readability Score: 62.8). Requires certain health insurers offering a health benefit plan in this state that provide utilization review or have utilization review provided on their behalf to notify a health care provider each time the insurer uses artificial intelligence or other automated technology to automatically downcode a claim for reimbursement submitted by the provider. Requires insurers to make an appeals process available to a provider who has had a claim automatically downcoded using artificial intelligence or other automated technology.,6,2026-03-06,https://legiscan.com/OR/bill/HB4054/2026
OR,2101384,,Relating to information security; declaring an emergency.,"Tells a local public body to give a report to the state when there is an information security incident. Prescribes what must be in the report. (Flesch Readability Score: 63.4). Requires a local government, local service district or special government body to notify and submit a report to the State Chief Information Officer within 48 hours of an information security incident or ransomware incident. Prescribes the information that a public body is required to report. Directs the State Chief Information Officer to establish a reporting system that allows a public body to submit a notification or report in a timely, secure and confidential manner. Directs the State Chief Information Officer to create a webpage to provide instructions on how to provide notification and submit a report. Requires the State Chief Information Officer to provide an annual report to the Governor and the Joint Legislative Committee on Information Management and Technology on the information security incidents and ransomware incidents reported for the preceding year. Exempts information security incident or ransomware incident reports from disclosure under public records laws and allows for the sharing of information under certain circumstances. Becomes operative July 1, 2026. Declares an emergency, effective on passage.",6,2026-03-06,https://legiscan.com/OR/bill/HB4055/2026
OR,2101577,,Relating to fire protection costs; declaring an emergency.,"The Act provides funds to offset landowners' fire protection costs. (Flesch Readability Score: 61.3). Appropriates moneys to the State Forestry Department to offset landowners' costs of fire protection provided by the department. Declares an emergency, effective on passage.",6,2026-03-06,https://legiscan.com/OR/bill/HB4056/2026
OR,2101117,,Relating to the development of children; and declaring an emergency.,"Tells DELC to provide information to some people who are looking for child care. Allows ODHS to provide that information on behalf of DELC. (Flesch Readability Score 67.7). [Digest: Tells DELC to provide information to some people who are looking for child care. Allows ODHS to provide that information on behalf of DELC. Directs DELC, with ODE and TSPC, to review background checks for people who work with kids and submit a report to the legislature. Takes effect when the Governor signs it. (Flesch Readability Score: 69.3).] Directs the Department of Early Learning and Care to provide standardized information on all publicly funded early learning and care programs and resources available in this state to people who apply for or are placed on the waitlist for the Employment Related Day Care subsidy program. Allows the Early Learning System Director to delegate this responsibility to the Department of Human Services by interagency agreement with the Director of Human Services. [Directs the Department of Early Learning and Care, in consultation with the Department of Education and the Teacher Standards and Practices Commission, to review and develop recommendations on background check requirements for publicly funded staff working under the jurisdiction of these agencies and submit a report to the interim committees of the Legislative Assembly related to education and early learning and care no later than September 15, 2026.] Declares an emergency, effective on passage.",3,2026-03-03,https://legiscan.com/OR/bill/HB4057/2026
OR,2101153,,Relating to human services; declaring an emergency.,"The Act lets DHS place certain children in out of state placements if certain criteria are met. (Flesch Readability Score: 65.1). [Digest: The Act lets DHS place Indian children in another state if certain standards are met. (Flesch Readability Score: 67.5).] [Permits the Department of Human Services to place an Indian child in an out-of-state placement without requiring the placement to be licensed by or under contract with the department or to be a qualified residential treatment facility if certain standards are met.] Permits the Department of Human Services to make certain out of state placements of children in specified circumstances. Declares an emergency, effective on passage.",6,2026-03-06,https://legiscan.com/OR/bill/HB4058/2026
OR,2101365,,Relating to child abuse; declaring an emergency.,"The Act changes what ""abuse"" means when talking about hurting a child. It says that DHS can only look into some reports of child abuse. It also makes a rule for how certain reports of child abuse are resolved. It is an emergency law and starts right away. (Flesch Readability Score: 76.5). [Digest: The Act changes what ""threatened harm"" means when talking about hurting a child. It says that DHS can only look into some reports of child abuse. It also makes a rule for how certain reports of child abuse are resolved. It is an emergency law and starts right away. (Flesch Readability Score: 78.7).] Modifies the definition of [""threatened harm""] ""abuse"" for purposes of determining whether a child has been abused. Limits the investigative jurisdiction of the Department of Human Services to investigate certain reports of child abuse. Prohibits making findings in abuse investigations where the alleged perpetrator was a minor at the time of the alleged abuse. Creates exceptions. [Creates a statutory substantiation standard for certain reports of alleged child abuse.] Increases the standard of proof necessary for reporting certain abuse investigation findings to the central state registry. Directs the department to monitor implementation of new child abuse investigation processes and report back to the interim committees of the Legislative Assembly relating to human services. Declares an emergency, effective on passage.",6,2026-03-06,https://legiscan.com/OR/bill/HB4059/2026
OR,2101604,,Relating to fluorescent lamps; and declaring an emergency.,"This Act says that sales of fluorescent lamps to buyers with large buildings are not banned until 2030. The Act says that some care facilities do not have to submit plans to replace lamps that are banned until 2030. (Flesch Readability Score: 61.2). [Digest: This Act says that sales of fluorescent lamps to buyers with large buildings are not banned until 2030. (Flesch Readability Score: 61.6).] Exempts sales to purchasers with facilities totaling more than one million square feet from a prohibition on sales of certain fluorescent lamps until January 1, 2030. Exempts residential care facilities and long term care facilities from the requirement to submit for review plans to replace light fixtures designed to use prohibited fluorescent lamps. Declares an emergency, effective on passage.",3,2026-03-03,https://legiscan.com/OR/bill/HB4060/2026
OR,2101449,,Relating to a unified trade strategy for Oregon; and declaring an emergency.,"The Act would have Business Oregon give grants to small businesses for costs that are due to tariffs. The Act would have the agency work with other state and local bodies to update the state's unified trade strategy. (Flesch Readability Score: 60.6). [Digest: The Act would have Business Oregon give grants to small businesses for costs due to federal tariffs. The Act would have Business Oregon work with other state and local bodies to update the state's unified trade strategy. The Act would have DAS make a procurement reform roadmap by December 15 of this year. The Act would set up a task force to advise on how to retain business and private investment in this state. (Flesch Readability Score: 60.0).] Directs the Oregon Business Development Department to set up a program for micro-enterprise tariff adjustment grants to small businesses for costs increased by federal tariffs. Directs the Oregon Business Development Department to collaborate with the Port of Portland, the Oregon Tourism Commission, the State Department of Agriculture and other stakeholders on updating the unified trade strategy for Oregon. [Directs the Oregon Department of Administrative Services to produce a procurement reform roadmap and deliver the roadmap to a committee or interim committee of the Legislative Assembly related to general government no later than December 15, 2026.] [Establishes the Task Force on Business Retention for the purpose of making recommendations to the Legislative Assembly for improving strategies to retain businesses and private investment in this state.] Declares an emergency, effective on passage.",3,2026-03-06,https://legiscan.com/OR/bill/HB4061/2026
OR,2101543,,Relating to evaluating Business Oregon programs; and declaring an emergency.,"The Act would have Business Oregon look at its programs and try to streamline them. (Flesch Readability Score: 73.1). Requires the Director of the Oregon Business Development Department to evaluate the programs administered by the department and provide recommendations for streamlining them. Declares an emergency, effective on passage.",3,2026-03-06,https://legiscan.com/OR/bill/HB4062/2026
OR,2101505,,Relating to Kei trucks.,"The Act makes laws about Kei trucks. (Flesch Readability Score: 100.0). Allows a person to title and register a Kei truck in Oregon. Amends and creates laws related to allowing Kei trucks to operate on highways in Oregon. Creates the offense of unlawfully operating a Kei truck on a highway. Punishes by a maximum fine of $1,000.",6,2026-03-06,https://legiscan.com/OR/bill/HB4063/2026
OR,2101621,,Relating to acquisitions of real property by foreclosure for delinquent taxes; prescribing an effective date.,The Act would establish when charges made by HOAs and condo associations start to accrue on property deeded to the county in a tax foreclosure. The Act would create a lien for the amount of the charges on the property. The Act would bar certain costs from inclusion in the amount of the charges secured by the lien. The Act would say who is liable for the charges and the date on which the lien must be satisfied. (Flesch Readability Score: 69.9). Establishes when homeowners and condominium association assessments accrue on property deeded to the county in the tax foreclosure process. Creates a lien for the amount of the assessments against the property. Excludes certain costs from the amount of assessments secured by the lien. Establishes the liability for the assessments and the date on which the lien must be satisfied. Takes effect on the 91st day following adjournment sine die.,6,2026-03-06,https://legiscan.com/OR/bill/HB4064/2026
OR,2101015,,Relating to seed contract payments; and declaring an emergency.,"The Act makes changes related to the late payment of seed contracts. The Act declares an emergency, effective on passage. (Flesch Readability Score: 61.3). Modifies provisions relating to late payment of seed production contracts and seed purchase contracts for agricultural seed and other seed. Declares an emergency, effective on passage.",3,2026-03-03,https://legiscan.com/OR/bill/HB4065/2026
OR,2101081,,Relating to education; and declaring an emergency.,"Changes laws related to the OHSU board, school board stipends, the ICEOMC, rules of ODE, school district budgets, a study by PSU and lamps used by ESDs. (Flesch Readability Score: 63.4). [Digest: Changes laws related to the OHSU board, stipends for ESDs and school districts, terms in the ICEOMC and rules of ODE. (Flesch Readability Score: 68.6).] Prohibits the student member of the Oregon Health and Science University Board of Directors from participating in any discussions or action by the board or attending any executive session of the board involving collective bargaining issues that affect students. Requires the board to meet at least four times per year. Allows directors of education service district boards to receive stipends. Specifies when adjustments for inflation can be made for stipends of school districts. Changes the definition for the term ""active duty"" in the Interstate Compact on Educational Opportunity for Military Children. Clarifies that the rulemaking authority for the Department of Education is by the State Board of Education. Allows a school district to not include a member of the educational equity advisory committee on the budget committee if no member of the educational equity advisory committee is willing or able to serve on the budget committee. Directs Portland State University instead of the Higher Education Coordinating Commission to report to the Legislative Assembly on a study examining the labor standards and working experiences of farmworkers in this state and evaluating the adequacy and availability of existing workplace protections for farmworkers. Allows education service districts to be temporarily exempt from certain requirements applicable to lamps in buildings used to provide educational services to students. Declares an emergency, effective on passage.",3,2026-03-02,https://legiscan.com/OR/bill/HB4066/2026
OR,2101319,,Relating to education.,"Directs ODE to study the state of education in this state. (Flesch Readability Score: 72.6). Requires the Department of Education to study the adequacy of education in the public schools of this state. Directs the department to submit findings to the interim committees of the Legislative Assembly related to education no later than September 15, 2027. Sunsets on January 2, 2028.",6,2026-03-06,https://legiscan.com/OR/bill/HB4067/2026
OR,2101499,,Relating to residential treatment homes for transition aged youth; and declaring an emergency.,"The Act changes the age range for young adults to be considered transition aged youth for purposes of a program in OHA. (Flesch Readability Score: 61.4). Modifies the definition of ""transition aged youth residential treatment home"" to include young adults between the ages of 17 and 25. Declares an emergency, effective on passage.",4,2026-03-17,https://legiscan.com/OR/bill/HB4068/2026
OR,2101243,,Relating to the safety of behavioral health workers; and prescribing an effective date.,The Act requires a safety plan in certain mental health and SUD treatment settings. (Flesch Readability Score: 65.7). Requires a behavioral health employer to [develop and] implement a written safety policy or plan for the physical safety of individuals working for the behavioral health employer.,3,2026-03-03,https://legiscan.com/OR/bill/HB4069/2026
OR,2101624,,Relating to health care; and prescribing an effective date.,"The Act makes changes to laws about mental health and substance use disorder treatment. The Act changes a law about quality reviews of CCOs. The Act says who can be reimbursed for telehealth services. (Flesch Readability Score: 70.9). [Digest: The Act makes changes to laws relating to mental health and SUD treatment. (Flesch Readability Score: 76.5).] Requires the Oregon Health Authority and coordinated care organizations to ensure that access to behavioral health treatment in the medical assistance program is comparable to access to medical and surgical treatment and that limitations are applied to behavioral health treatment no more stringently than to medical and surgical treatment. Prohibits the authority or a contracted external quality review organization, under certain circumstances, from making a negative finding about or imposing a penalty on a coordinated care organization based on documents or templates created by the authority for use by a coordinated care organization. Modifies certain statutes to clarify roles and responsibilities for the delivery of behavioral health services and to update terminology. Modifies the types of providers that may be reimbursed in the state medical assistance program for the cost of health services delivered using telemedicine. Becomes operative on January 1, 2027. Takes effect on the 91st day following adjournment sine die.",3,2026-03-03,https://legiscan.com/OR/bill/HB4070/2026
OR,2101328,,Relating to recreation; declaring an emergency.,"The Act says that an operator may require a person who does recreation to release the operator from some types of claims. Tells OBDD to study issues for the recreation industry and make a report. (Flesch Readability Score: 60.9). Provides that an operator may require an adult person who engages in a sport, fitness or recreational activity in various ways to release the operator from claims for ordinary negligence. Directs the Oregon Business Development Department to study recreation commerce and report to an appropriate committee or interim committee of the Legislative Assembly no later than December 15, 2026. Declares an emergency, effective on passage.",6,2026-03-06,https://legiscan.com/OR/bill/HB4071/2026
OR,2101539,,Relating to arraignment; and prescribing an effective date.,The Act changes the time period within which a person released from custody must be arraigned. The Act takes effect on the 91st day after sine die. (Flesch Readability Score: 70.9). Excludes specified periods of time from the time period within which a person released from custody must be arraigned. Takes effect on the 91st day following adjournment sine die.,3,2026-03-02,https://legiscan.com/OR/bill/HB4072/2026
OR,2101104,,Relating to administrative law.,The Act changes some laws about agency actions. (Flesch Readability Score: 61.2). Modifies provisions relating to administrative law. Relocates provisions relating to portions of the fiscal impact statement for administrative rules regarding businesses and small businesses.,6,2026-03-06,https://legiscan.com/OR/bill/HB4073/2026
OR,2101400,,Relating to hospital staffing.,"Makes changes to the laws regarding hospital nurse staffing plans. (Flesch Readability Score: 61.3). Directs a hospital to implement a hospital-wide nurse staffing plan that has been developed and adopted by the hospital nurse staffing committee or, if the committee has not adopted a plan, a hospital-wide nurse staffing plan that meets the statutory requirements. Directs that the statutory direct care registered nurse-to-patient staffing ratios constitute the nurse staffing plan for a unit if the hospital nurse staffing committee has not adopted a nurse staffing plan for the unit. Changes from four to five the number of patients that a direct care registered nurse may be assigned for a medical-surgical unit under the statutory staffing ratios. Allows a type C hospital to vary from the statutory direct care registered nurse-to-patient staffing ratios. Modifies the definition of type C hospital. Requires a unit manager to notify the cochairs of the hospital nurse staffing committee after each deviation from a nurse staffing plan. Directs the Oregon Health Authority to determine whether a complaint is valid or not within 30 days after receiving the complaint. Requires the authority to accept an attestation from a hospital as sufficient documentation the hospital took certain actions. Establishes a maximum amount in civil penalties that may be imposed for violations of the hospital staffing requirements. Directs that all civil penalties collected shall be paid into the Hospital Quality Assurance Fund. Requires the authority to submit an annual report on the number and types of violations to the committees or interim committees of the Legislative Assembly related to health care. Prohibits the impositions of civil penalties for violations that occur before July 1, 2030.",6,2026-03-06,https://legiscan.com/OR/bill/HB4074/2026
OR,2101265,,Relating to hospital finance; and declaring an emergency.,"This Act makes the State Treasurer use unclaimed moneys to guarantee a loan to a hospital. (Flesch Readability Score: 63.6). [Digest: This Act lets the State Treasurer loan unclaimed moneys to rural hospitals. (Flesch Readability Score: 60.7).] [Authorizes] Requires the State Treasurer to [loan] use up to [20 percent of] $44 million from the Unclaimed Property and Estates Fund to guarantee a loan made to a rural [hospitals] hospital for financial stabilization. Declares an emergency, effective on passage.",3,2026-03-06,https://legiscan.com/OR/bill/HB4075/2026
OR,2101333,,Relating to energy; and prescribing an effective date.,"Specifies a reason why EFSC may take an exception to goal compliance. (Flesch Readability Score: 60.7). Requires the Energy Facility Siting Council to find that reasons justify why the state policy in applicable statewide planning goals should not apply to a proposed energy facility if the council finds that the proposed energy facility will deliver electricity to the electric grid using an existing energy facility's surplus interconnection and does not require associated transmission lines more than two miles from the existing energy facility. Defines ""surplus interconnection."" Allows a local government to justify a reason for an exception to a statewide land use planning goal relating to agricultural lands for the development of a renewable energy facility if an exception is required under rules of the Land Conservation and Development Commission, the county adopts certain findings and the proposed facility will deliver electricity to the electric grid using an existing energy facility's unused interconnection capacity and does not require associated transmission lines more than two miles from the existing energy facility. Takes effect on the 91st day following adjournment sine die.",3,2026-03-03,https://legiscan.com/OR/bill/HB4076/2026
OR,2101320,,Relating to the securitization of a public utility's insurance program; and prescribing an effective date.,"Lets a public utility raise money for insurance costs. Takes effect 91 days after sine die. (Flesch Readability Score: 61.2). Authorizes a public utility, upon approval by the Public Utility Commission, to issue bonds and securitize debt for costs and expenses incurred or to be incurred by the public utility associated with a self-insurance or captive insurance program. Takes effect on the 91st day following adjournment sine die.",3,2026-03-02,https://legiscan.com/OR/bill/HB4077/2026
OR,2101452,,Relating to an income tax subtraction allowed for plaintiffs in wildfire litigation; prescribing an effective date.,"Exempts awards from and legal fees paid in wildfire suits from corporate excise and income tax. (Flesch Readability Score: 76.5). Creates Oregon corporate excise and income tax subtractions for amounts received in resolution of a civil action arising from wildfire. Creates Oregon corporate excise and income tax subtractions for wildfire-related legal fees paid by plaintiffs. Allows a taxpayer to amend a return to claim a refund for the earliest tax year in which a subtraction is allowed. Applies to declarations and executive orders issued on or after January 1, 2018, and before January 1, 2027, and to amounts received, losses incurred and legal fees paid in tax years beginning on or after January 1, 2018. Takes effect on the 91st day following adjournment sine die.",6,2026-03-06,https://legiscan.com/OR/bill/HB4078/2026
OR,2101193,,Relating to policies for when federal immigration authorities enter public education property; and prescribing an effective date.,"Tells public schools to have a policy for how to respond to immigration issues at the school. (Flesch Readability Score: 65.1). Directs school district boards and governing bodies of institutions of higher education to adopt policies that address how the school district or the institution of higher education will respond when a federal immigration authority enters school property or a campus. Prescribes the requirements of the policies. [Declares an emergency, effective on passage.] Takes effect on September 30, 2026.",3,2026-03-02,https://legiscan.com/OR/bill/HB4079/2026
OR,2101425,,Relating to portable solar photovoltaic energy devices; prescribing an effective date.,"Allows a person to use a plug-in solar power device. (Flesch Readability Score: 61.3). Allows a retail electricity consumer to install and use portable solar photovoltaic energy devices with up to a total maximum generating capacity of 1,200 watts. Defines ""portable solar photovoltaic energy device."" Requires a retail electricity consumer to first file a declaration with the electric utility. Limits restrictions on portable solar photovoltaic energy devices in residences by landlords, homeowners associations, and condominium associations. Allows the Director of the Department of Consumer and Business Services to amend the state building code as necessary to address the installation or use of portable solar photovoltaic energy devices. Becomes operative January 1, 2027. Takes effect July 1, 2026.",6,2026-03-06,https://legiscan.com/OR/bill/HB4080/2026
OR,2101088,,Relating to photo radar in highway work zones.,Makes changes to the highway worker photo radar laws. (Flesch Readability Score: 66.1). Makes changes to the highway worker photo radar laws.,6,2026-03-06,https://legiscan.com/OR/bill/HB4081/2026
OR,2101035,,Relating to housing for older persons; and prescribing an effective date.,"This Act allows cities to add sites to their UGB for manufactured dwelling parks or housing for older persons. (Flesch Readability Score: 62.8). Adds to a temporary UGB addition program an option for each city or Metro to also add to its urban growth boundary a site for manufactured dwellings, prefabricated structures or manufactured dwelling parks, or for housing that is predominantly for older persons and affordable for households with incomes not more than 120 percent of area median income. Sunsets January 2, 2033. Takes effect on the 91st day following adjournment sine die.",3,2026-03-04,https://legiscan.com/OR/bill/HB4082/2026
OR,2101388,,Relating to behavioral health care providers; and prescribing an effective date.,"The Act makes OHA pick a system for a CCO to vet a behavioral health provider. The Act lets some BH care providers supervise BH care providers even if they do not have the same kind of license. (Flesch Readability Score: 67.3). [Digest: The Act makes OHA create a portal to vet a behavioral health care provider. The Act also lets some BH care providers supervise other BH care providers who have different licenses. The Act tells the MHRA to oversee and help run the BLSW. (Flesch Readability Score: 61.6).] Requires the Oregon Health Authority to, no later than June 30, 2027, adopt a uniform process for credentialing [organizational] behavioral health providers and [establish a centralized portal for processing applications] select an existing electronic credentialing system. Prohibits a coordinated care organization from requiring a behavioral health provider to comply with any additional credentialing procedures. Requires a coordinated care organization to begin using the selected electronic credentialing system no later than July 1, 2027. Requires the authority to minimize unnecessary administrative burden for individual and organizational behavioral health providers who serve medical assistance recipients and to report biennially to the Governor and the Legislative Assembly. Allows certain licensed behavioral health care providers to provide supervision for other behavioral health care providers who hold different license types. [Provides that the Mental Health Regulatory Agency will provide administrative and regulatory oversight and centralized service for the State Board of Licensed Social Workers.] Takes effect on the 91st day following adjournment sine die.",4,2026-03-17,https://legiscan.com/OR/bill/HB4083/2026
OR,2101284,,Relating to economic development; and prescribing an effective date.,The Act would set up a Joint Permitting Council to run a fast track permit program. The Act would direct certain state agencies to publish a list of certain permits that can be issued by the agencies. The Act would adjust certain requirements of the enterprise zone program and restrict the use of the program for data centers. The Act would adjust the tax credit for a taxpayer that creates new jobs. (Flesch Readability Score: 67.5). [Digest: The Act would set up a Joint Permitting Council to run a fast track permit program.] [The Act would direct certain state agencies to publish a list of certain permits that can be issued by the agencies.] [The Act would adjust certain requirements of the enterprise zone program.] [The Act would give money to OBDD. (Flesch Readability Score: 71.3).] Establishes the Joint Permitting Council. Directs the council to administer a fast track permitting program. Directs certain state agencies to publish a catalog of permits related to economic development projects issued by the agencies within 120 days after the effective date of the Act. Updates certain requirements and thresholds for the enterprise zone program. Restricts the use of the program for data centers. [Appropriates moneys to the Oregon Business Development Department for deposit in the Industrial Site Loan Fund.] Modifies provisions establishing a personal income or corporate excise tax credit for a taxpayer that creates new jobs. Takes effect on the 91st day following adjournment sine die.,3,2026-03-06,https://legiscan.com/OR/bill/HB4084/2026
OR,2101494,,Relating to autonomous vehicles.,"Allows the use of a self-driving vehicle without a license or permit. Allows the use of a self-driving vehicle to transport persons or property for hire. Preempts local laws and rules. (Flesch Readability Score: 62.6). Allows a person to operate an autonomous vehicle with the automated driving system engaged without a grant of driving privileges if certain conditions are met. Requires an automated driving system to be able to achieve a minimal risk condition or issue a request to intervene. Requires an autonomous vehicle to operate in compliance with state vehicle laws and comply with federal safety standards. Provides for exemptions. Allows the Department of Transportation to grant an autonomous vehicle that operates exclusively by an automated driving system and without an onboard driver an exemption to any state equipment requirement. Requires a person operating an autonomous vehicle that is involved in a collision that results in damages to property to perform certain duties. Exempts a person operating an autonomous vehicle from other certain duties of a driver. Prescribes financial responsibility requirements for a person operating an autonomous vehicle. Authorizes a person to operate an autonomous vehicle for the purpose of transporting persons or property for hire if the person provides certain information to the department and provides a first responder interaction plan. Prescribes that authorization does not expire unless suspended or revoked. Exempts autonomous vehicles and on-demand autonomous vehicle networks from provisions related to motor carriers. Prohibits local governments from regulating, imposing a tax or fee on or requiring a license or permit for on-demand autonomous vehicle networks. Prohibits local governments from prohibiting or regulating the operation of autonomous vehicles or on-demand autonomous vehicle networks.",6,2026-03-06,https://legiscan.com/OR/bill/HB4085/2026
OR,2101269,,Relating to economic development; and prescribing an effective date.,"The Act would have Business Oregon make a plan to boost industrial symbiosis, which means the use of the resources of one firm by a second firm. The Act would set up four pilots that would get tech help from the agency for symbiosis projects. The Act would let certain county service districts fund their facilities with the charges they collect. (Flesch Readability Score: 62.7). [Digest: The Act would have Business Oregon make a plan to boost industrial symbiosis, which means the use of the resources of one firm by a second firm. The Act would set up four pilots that would get tech help from the agency for symbiosis projects. The Act would grant funds to the Oregon Coast Visitors Association for a project that has to do with the food and nonfood use of fish. The Act would let certain county service districts fund their facilities with the charges they collect. (Flesch Readability Score: 64.1).] Directs the Oregon Business Development Department to develop a roadmap for the purpose of promoting industrial symbiosis activities in Oregon. Directs the department to provide technical assistance for priority capital projects to four industrial symbiosis pilot communities. [Directs the department to award appropriated moneys to the Oregon Coast Visitors Association to replicate the success of the Iceland Ocean Cluster 100% Fish Project.] Authorizes county service districts providing sewage and water management services to finance service facilities with charges imposed for the services. Takes effect on the 91st day following adjournment sine die.",3,2026-03-06,https://legiscan.com/OR/bill/HB4086/2026
OR,2101391,,Relating to infants born alive.,"The Act requires that a doctor provide the same standard of care to any child born alive that requires life-saving treatment. (Flesch Readability Score: 62.6). Requires a health care practitioner to exercise the proper degree of care to preserve the health and life of a child born alive, regardless of whether the birth was the result of an induced abortion. Allows specified persons to bring an action against a health care practitioner for violations. Allows the court to order that the identity or personally identifiable information of specified persons is protected from disclosure.",6,2026-03-06,https://legiscan.com/OR/bill/HB4087/2026
OR,2101216,,Relating to health; and declaring an emergency.,"The Act says that it is the policy of this state to make sure people are allowed to get certain kinds of health care, including care for their bodies and gender identity. The Act also makes changes to laws about helping the federal government and other states in cases arising involving this kind of care, makes some records and information private and says that midwives who give this kind of care will not get in trouble if they follow the rules. The new law starts right away. (Flesch Readability Score: 60.7). Declares this state's policy to protect engagement in certain activities relating to reproductive health care and gender-affirming treatment. Prohibits cooperation with law enforcement agencies of the federal government or other states in actions involving legally-protected reproductive or gender-affirming health care activities. Modifies provisions regarding interstate actions involving legally-protected reproductive or gender-affirming health care activities. Makes specified records and information confidential. Provides protection from disciplinary action for direct entry midwives who provide reproductive health care and gender-affirming treatment under specified circumstances. Declares an emergency, effective on passage.",3,2026-03-05,https://legiscan.com/OR/bill/HB4088/2026
OR,2101528,,Relating to criminal offenses related to work.,"The Act changes the crime of theft of services and changes some crimes related to contractor licenses. (Flesch Readability Score: 60.1). Modifies the crime of theft of services to include partial payments. Provides that a prosecution for theft of services does not preclude other forms of relief. Directs the Interagency Compliance Network to develop investigative methods concerning persons who may be committing theft of services and not complying with taxation and employment laws. Punishes knowingly entering into a contract with an unlicensed labor contractor, if committed by a direct contractor or subcontractor, by a maximum of 364 days' imprisonment, $6,250 fine, or both. Punishes a second or subsequent conviction by a maximum of five years' imprisonment, $125,000 fine, or both. Increases the penalty for the intentional use of a contractor's license number without authorization. Punishes by a maximum of five years' imprisonment, $125,000 fine, or both. Increases the penalty for the use of a contractor's license number with the intent to deceive the public. Punishes by a maximum of five years' imprisonment, $125,000 fine, or both.",3,2026-03-05,https://legiscan.com/OR/bill/HB4089/2026
OR,2101356,,Relating to county vehicle registration fees; prescribing an effective date.,"The Act permits a large county to reduce or get rid of county vehicle fees in zones for which ODOT finds median income is less than $____. The Act also permits a large county to adopt a plan to use fee moneys for projects with areas listed in the plan, instead of the usual ways fee moneys are used. (Flesch Readability Score: 60.7). Authorizes a county with a population of 700,000 or more to, by ordinance, identify zones within the county where the Department of Transportation has estimated that median household income is less than $____ and to reduce or eliminate county registration fees within those zones. Authorizes a county with a population of 700,000 or more to establish a regional allocation plan and allocate county registration fee revenues derived from sub-areas identified in the plan to specific transportation projects within those sub-areas. Requires counties that adopt fee reduction or elimination ordinances or regional allocation plans to annually report to affected cities and to the Legislative Assembly on specified effects of these decisions. Takes effect on the 91st day following adjournment sine die.",6,2026-03-06,https://legiscan.com/OR/bill/HB4090/2026
OR,2101512,,Relating to the Oregon National Guard; declaring an emergency.,"Allows the AG to help with a call into active service of the Oregon guard only for certain reasons. (Flesch Readability Score: 62.8). Allows the Adjutant General to facilitate, assist or coordinate in the mobilization of the Oregon National Guard under Title 10 of the United States Code or Title 32 of the United States Code under an authority other than the Governor, only if the active service is for certain listed reasons. Prohibits the state government from facilitating, assisting or coordinating in the mobilization of the Oregon National Guard under Title 10 of the United States Code or Title 32 of the United States Code under an authority other than the Governor if the active service is for law enforcement duties or immigration enforcement duties. Prohibits the Governor or the Adjutant General from allowing an individual or unit of the Oregon National Guard to be called into active service if the call into active service results in the Oregon National Guard being incapable of responding to a statewide emergency. Prohibits the militia or armed forces of another state, territory or district of the United States from entering the borders of this state for the purpose of performing military duty within the borders of this state or performing military duty within the borders of this state, unless the Governor consents or the militia or armed forces are serving in a federal active duty status. Declares an emergency, effective on passage.",6,2026-03-06,https://legiscan.com/OR/bill/HB4091/2026
OR,2101063,,Relating to child safety systems.,"Says that a person may not sell or offer for sale a child safety system unless the system meets certain standards. Says that the person must disclose whether the system meets the standards. (Flesch Readability Score: 69.5). Prohibits a retailer from knowingly selling or offering for sale, and a retail platform operator from knowingly permitting a retailer to advertise or offer for sale, a child safety system that does not comply with federal standards or standards the Department of Transportation adopts by rule. [Requires a retailer to disclose clearly and conspicuously in any advertisement or offer for a child safety system whether the child safety system complies with federal standards or standards the Department of Transportation adopts by rule.] Prohibits a retail platform operator from permitting a retailer to advertise or offer for sale a child safety system unless the retailer affirmatively discloses to the retail platform operator whether the child safety system complies with federal standards or standards the Department of Transportation adopts by rule. [Punishes] Provides for a private right of action to enforce a violation of, or failure to comply with, the requirements and prohibitions set forth in the Act, allowing a recovery of the greater of the plaintiff's actual damages or statutory damages of $500 after allowing for a period of 30 days to cure the violation or failure to comply. [as an unlawful practice under the Unlawful Trade Practices Act.].",4,2026-03-17,https://legiscan.com/OR/bill/HB4092/2026
OR,2101227,,Relating to protections for persons with disabilities.,"The Act makes new laws with respect to people with disabilities. (Flesch Readability Score: 64.9). Directs the Bureau of Labor and Industries to create certain guidance and informational materials to assist employers and employees. Prohibits employers from denying an employee's request to have [an authorized representative] a support person accompany the employee in discussions concerning reasonable accommodation subject to specific conditions. Extends prohibition against discrimination in government services, programs and activities to local governments. Prohibits employers from using minimum physical requirements [to screen out persons with disabilities] in a job posting without connecting the physical requirements to the essential functions of the job.",6,2026-03-06,https://legiscan.com/OR/bill/HB4093/2026
OR,2101175,,Relating to compensation for certain unused paid time off upon termination of employment; prescribing an effective date.,"This Act makes laws about payouts for certain unused paid time off. (Flesch Readability Score: 81.8). [Requires employers who provide paid vacation time to compensate employees for all earned or accrued but unused paid vacation time when employment terminates.] Requires employers that provide, by written policy or employment contract, for the payment of earned or accrued but unused paid time off upon termination to make such payments in accordance with statutory requirements governing final wages. Takes effect on the 91st day following adjournment sine die.",6,2026-03-06,https://legiscan.com/OR/bill/HB4094/2026
OR,2101024,,Relating to semi-independent state agencies.,The Act makes some state agencies do the LFO budget process. The Act makes the state agencies follow some other laws about money. (Flesch Readability Score: 73.7). Makes certain semi-independent state agencies subject to certain provisions regarding the budget process and fiscal matters.,6,2026-03-06,https://legiscan.com/OR/bill/HB4095/2026
OR,2101382,,Relating to felon in possession of a firearm.,"The Act creates the new crime of aggravated felon in possession of a firearm. (Flesch Readability Score: 65.7). Creates the crime of aggravated felon in possession of a firearm when a person who has been convicted of a felony possesses three or more firearms or has certain prior convictions. Punishes by a maximum of 10 years' imprisonment, $250,000 fine, or both.",6,2026-03-06,https://legiscan.com/OR/bill/HB4096/2026
OR,2101113,,Relating to the Oregon Ocean Science Trust.,This Act lets the Oregon Ocean Science Trust form a nonprofit. (Flesch Readability Score: 72.6). Authorizes the Oregon Ocean Science Trust to create and maintain a nonprofit organization.,4,2026-03-17,https://legiscan.com/OR/bill/HB4097/2026
OR,2101268,,Relating to violations of the Insurance Code as unlawful trade practices.,"Adds bad acts done with respect to insurance to the list of bad acts that are subject to the Unlawful Trade Practices Act. Lets a person get from a court relief in addition to damages under the UTPA. Tells a district attorney to get permission from a state agency to take action under the UTPA in relation to insurance. (Flesch Readability Score: 60.6). Provides that a violation of prohibitions against certain practices with respect to insurance is subject to an enforcement action under the Unlawful Trade Practices Act. Specifies exemptions. Removes some exemptions for insurance from the definition of ""real estate, goods or services"" under the Unlawful Trade Practices Act. Permits a person to obtain, and a court to award, appropriate equitable relief in addition to monetary damages under the Unlawful Trade Practices Act. Requires the Director of the Department of Consumer and Business Services to request action before a prosecuting attorney may take action under the Unlawful Trade Practices Act against an act or practice related to insurance.",1,2026-02-02,https://legiscan.com/OR/bill/HB4098/2026
OR,2101521,,Relating to a task force on veterans in crisis; and prescribing an effective date.,"This Act creates the Task Force on Responding to Veterans in Crisis and makes the task force submit a report to the legislature. (Flesch Readability Score: 62.1). Establishes the Task Force on Responding to Veterans in Crisis and directs the task force to submit a report to the interim committee of the Legislative Assembly related to emergency management and veterans no later than September 15, 2026. Sunsets the task force on December 31, 2027. Takes effect on the 91st day following adjournment sine die.",4,2026-03-17,https://legiscan.com/OR/bill/HB4099/2026
OR,2101053,,Relating to bulk fuel terminals; and declaring an emergency.,"This Act makes owners of bulk oils and liquid fuels terminals show they can cover the costs of oil or fuel spills. (Flesch Readability Score: 80.6). Requires owners or operators of bulk oils or liquid fuels terminals to obtain a certificate of financial responsibility from the Department of Environmental Quality. Directs the Environmental Quality Commission to establish rules pertaining to certificates of financial responsibility. Requires the department to report to the Legislative Assembly on the implementation of the Act each even-numbered year. Preempts local governments from requiring financial assurance that exceeds or is in addition to the requirements of the Act. Declares an emergency, effective on passage.",3,2026-03-06,https://legiscan.com/OR/bill/HB4100/2026
OR,2101188,,Relating to the offense of fleeing or attempting to elude a police officer; prescribing an effective date.,The Act increases crime seriousness for the crime of attempting to elude a police officer. The Act states the OCJC must make sentence longer than the OCJC has it now. (Flesch Readability Score: 70.3). Increases sentencing guidelines for felony fleeing or attempting to elude a police officer. Takes effect on the 91st day following adjournment sine die.,6,2026-03-06,https://legiscan.com/OR/bill/HB4101/2026
OR,2101131,,Relating to Department of Environmental Quality regulatory processes; and prescribing an effective date.,This Act changes the way DEQ can agree to make a regulatory process work faster or better. (Flesch Readability Score: 60.1). Modifies the authority of the Department of Environmental Quality to enter into agreements with regulated entities to expedite or enhance a regulatory process. Takes effect on the 91st day following adjournment sine die.,3,2026-03-02,https://legiscan.com/OR/bill/HB4102/2026
OR,2101106,,Relating to artificial intelligence.,"The Act makes a commission on AI to look at the state's use of AI. The Act also tells DAS to hire a person to make a privacy, data protection and AI plan for the state. (Flesch Readability Score: 80.4). [Digest: The Act makes a commission on AI to be a central resource on using AI in this state. The Act also tells DAS to hire a Chief Artificial Intelligence Officer. (Flesch Readability Score: 67.5).] Establishes the Senator Aaron Woods Commission on Artificial Intelligence within the office of Enterprise Information Services. [Establishes the commission's purpose to serve as a central resource to monitor the use of artificial intelligence technologies and systems in this state and report on long-term policy implications.] Directs the commission to identify and report on long-term policy implications in the use of artificial intelligence technologies by the state. Directs the commission to [provide] submit an annual report to the Legislative Assembly. Allows the commission to make recommendations for legislation, regulations or policy to the Legislative Assembly. Directs the Oregon Department of Administrative Services to hire [a Chief Artificial Intelligence Officer to assist the commission in carrying out the commission's duties.] an individual responsible for developing the state's strategic vision related to privacy, data protection and artificial intelligence. Allows the department to charge a state [or local agency or public body] agency, officer, board or commission for [the commission's] services provided by the department or the Senator Aaron Woods Commission on Artificial Intelligence.",6,2026-03-06,https://legiscan.com/OR/bill/HB4103/2026
OR,2101036,,Relating to economic development; declaring an emergency.,"The Act would let state CHIPS Fund grants be awarded to firms that could get federal semiconductor financial assistance under the CHIPS Act but have not applied for it. The Act would expand the kinds of businesses that may receive state CHIPS Fund grants. The Act would rename the Oregon CHIPS Fund as the Oregon Fostering Innovation Strength at Home and CHIPS Fund. (Flesch Readability Score: 61.9). Authorizes Oregon CHIPS Fund grants and loans to businesses that are eligible for federal semiconductor financial assistance under the CHIPS Act but have not applied for it. Expands the kinds of businesses that may receive Oregon CHIPS Fund grants and loans. Renames the Oregon CHIPS Fund as the Oregon Fostering Innovation Strength at Home and CHIPS Fund. Declares an emergency, effective on passage.",6,2026-03-06,https://legiscan.com/OR/bill/HB4104/2026
OR,2101122,,Relating to reliable forest management outcomes; declaring an emergency.,"The Act tells the State Forester to see how much forestland there is. The Act tells the State Forester to make harvest levels for cutting timber on state forestland. The Act tells the State Forester to manage state forestland. The Act says some people can ask for a court order to tell the State Forester to comply with this Act. (Flesch Readability Score: 75.9). Directs the State Forester to determine the available state forestland, establish sustainable harvest levels for harvesting timber on state forestland and manage available state forestland. Allows certain persons to seek a court order if the State Forester fails to establish sustainable harvest levels or manage available state forestland. Declares an emergency, effective on passage.",6,2026-03-06,https://legiscan.com/OR/bill/HB4105/2026
OR,2101380,,Relating to transportation of persons subject to involuntary treatment; prescribing an effective date.,"The Act says that peace officers have certain protections when they use safe holds or force when transporting people who require treatment they may not want. (Flesch Readability Score: 63.3). Declares that peace officers are immune from criminal and civil liability for the use of restraints or physical force during the transportation of a person subject to involuntary treatment, provided certain criteria are met. Takes effect on the 91st day following adjournment sine die.",6,2026-03-06,https://legiscan.com/OR/bill/HB4106/2026
OR,2101552,,Relating to urgent care centers.,"The Act says an urgent care center has to make some information public and has to offer certain health care services. (Flesch Readability Score: 64.6). Requires an urgent care center to make publicly available specified information about the urgent care center, offer specified services and, except in certain circumstances, have at least one licensed health care provider on site during the hours of operation. Defines ""urgent care center.""",3,2026-03-03,https://legiscan.com/OR/bill/HB4107/2026
OR,2101064,,Relating to annexation of land noncontiguous to a city.,This Act lets Eugene add some noncontiguous land to the city. (Flesch Readability Score: 72.6). Allows the City of Eugene to annex noncontiguous land upon receipt of a petition from all owners of the land that satisfies four eligibility criteria.,3,2026-03-04,https://legiscan.com/OR/bill/HB4108/2026
OR,2101147,,Relating to unemployment insurance benefits.,"The Act would repeal the law that allows UI benefits to be paid to a person who is unemployed due to an active strike. (Flesch Readability Score: 69.6). Repeals Enrolled Senate Bill 916 (2025), which authorized unemployment insurance benefits for individuals who are unemployed due to a strike.",6,2026-03-06,https://legiscan.com/OR/bill/HB4109/2026
OR,2101618,,Relating to ibogaine; prescribing an effective date.,"The Act says a doctor can give a patient ibogaine if the ibogaine will help to treat the patient's disorder. (Flesch Readability Score: 63.8). Allows an attending physician to provide ibogaine to a patient for the patient's consumption to treat certain disorders. Defines ""attending physician"" and ""ibogaine."" Exempts ibogaine, when obtained, provided and consumed as specified, from the definition of ""controlled substance."" Takes effect on the 91st day following adjournment sine die.",6,2026-03-06,https://legiscan.com/OR/bill/HB4110/2026
OR,2101414,,Relating to immigration-related practices; and prescribing an effective date.,"The Act says that data about a party's or a witness's immigration status may not be used in a civil case. The Act makes some exceptions. The Act makes it unlawful for employers to punish employees for taking certain actions after a lawful change in their work authorization documents. The Act makes changes to the definition of ""profiling."" The Act becomes law 91 days after sine die. (Flesch Readability Score: 60.6). Provides that evidence of a party's or a witness's immigration status is not admissible as evidence in a civil proceeding. Provides exceptions. Makes it unlawful for employers to discriminate, retaliate or take other adverse action against an employee because the employee updates, or attempts to update, the employee's personal information based on a lawful change to the employee's employment authorization documentation. Clarifies what actions constitute an unlawful practice. For purposes of law enforcement profiling requirements, modifies the definition of ""profiling"" to include immigration status. Takes effect on the 91st day following adjournment sine die.",3,2026-03-05,https://legiscan.com/OR/bill/HB4111/2026
OR,2101612,,Relating to outdoor school; declaring an emergency.,"The Act raises the amount of lottery moneys for outdoor school. (Flesch Readability Score: 64.9). Increases the biennial lottery allocation made for the outdoor school program. Declares an emergency, effective on passage.",6,2026-03-06,https://legiscan.com/OR/bill/HB4112/2026
OR,2101185,,Relating to housing development opportunities conditioned upon land conservation.,"This Act makes DLCD study housing credits. (Flesch Readability Score: 66.7). Requires the Department of Land Conservation and Development to study housing development opportunities conditioned upon land conservation. Directs the department to submit findings to the interim committees of the Legislative Assembly related to land use no later than September 15, 2027. Sunsets on January 2, 2028.",6,2026-03-06,https://legiscan.com/OR/bill/HB4113/2026
OR,2101530,,Relating to law enforcement operations; and declaring an emergency.,"The Act says that a person can sue a person who under color of law comes in property without a warrant or an exception. (Flesch Readability Score: 62.6). [Digest: The Act sets rules for when federal agents or agents from another state carry out operations in this state. The Act also creates a cause of action when agents violate the rules. The Act goes into effect when the Governor signs it. (Flesch Readability Score: 69.7).] Creates a civil cause of action against [federal law enforcement agents and law enforcement agents of another state in specified circumstances.] certain individuals who under color of law enter certain property without a warrant or an exception to the warrant requirement. Allows for an award of attorney fees to a prevailing plaintiff and, under certain circumstances, to a prevailing defendant. [Requires federal law enforcement agents and law enforcement agents of another state to provide notice to the Department of Justice prior to conducting planned operations within this state.] [Specifies identification requirements for federal law enforcement agents and law enforcement agents of another state conducting law enforcement operations within this state.] [Prohibits a state or local law enforcement agency from coordinating with a federal law enforcement agency or a law enforcement agency of another state that does not provide notice as required, violates the identification requirements or targets a sensitive location without authorization.] Declares an emergency, effective on passage.",3,2026-03-05,https://legiscan.com/OR/bill/HB4114/2026
OR,2101404,,Relating to health care providers; and prescribing an effective date.,"The Act makes changes to how often DHS and OHA may require caregivers to get a new background check. The Act requires a CCO to pay certain providers back to the date that the provider enrolled in the state Medicaid program. The Act makes other changes related to the process for vetting certain health care providers. (Flesch Readability Score: 62.4). Provides that a criminal records check on certain caregivers shall last for three years, subject to exceptions. Requires certain valid criminal records checks to be portable to other care settings. Requires the authority to publish information about when a credentialed behavioral health provider must undergo a new background check. Requires a coordinated care organization to reimburse a contracted behavioral health provider retroactively to the date the provider submitted a successful application for enrollment in the state medical assistance program. Prohibits a coordinated care organization from requiring a credentialed behavioral health provider to submit a new credentialing application when the provider changes employer. Takes effect on the 91st day following adjournment sine die.",3,2026-03-04,https://legiscan.com/OR/bill/HB4115/2026
OR,2101343,,Relating to consumer finance loans; and prescribing an effective date.,Declares that this state does not want a certain federal law to apply to consumer finance loans made in this state. Says who the laws that govern consumer finance loans in this state apply to and when. Says what needs to be in an application for a license to make consumer finance loans in this state. (Flesch Readability Score: 73.0). Declares that this state does not want the amendments set forth in section 521 of the Depository Institutions Deregulation and Monetary Control Act of 1980 to apply to consumer finance loans made in this state. Specifies persons to whom the consumer finance laws of this state apply and circumstances in which the laws apply. Specifies the requirements for an application for a license to make consumer finance loans in this state. Takes effect on the 91st day following adjournment sine die.,3,2026-03-05,https://legiscan.com/OR/bill/HB4116/2026
OR,2101142,,Relating to universal representation; declaring an emergency.,"The Act gives funds to DAS to put in the Universal Representation Fund. (Flesch Readability Score: 63.4). Appropriates moneys from the General Fund to the Oregon Department of Administrative Services for purposes of deposit in the Universal Representation Fund. Declares an emergency, effective on passage.",6,2026-03-06,https://legiscan.com/OR/bill/HB4117/2026
OR,2101610,,Relating to food; declaring an emergency.,"The Act makes changes to laws related to food waste and food access. (Flesch Readability Score: 83.0). Requires the Department of Human Services to provide replacement supplemental nutrition assistance benefits if a recipient's benefits are stolen through electronic theft. Requires the Department of Human Services to report to the Legislative Assembly about underutilization of the temporary assistance for needy families program. Requires the Oregon Health Authority to report to the Legislative Assembly about underutilization of the Women, Infants and Children Program. Requires the Hunger Task Force to study food wasted by grocery stores, farms and schools and submit a report to the Legislative Assembly. Sunsets January 2, 2028. Requires the Hunger Task Force to study food deserts and programs that provide food in this state and submit a report to the Legislative Assembly. Sunsets January 2, 2028. Declares an emergency, effective on passage.",6,2026-03-06,https://legiscan.com/OR/bill/HB4118/2026
OR,2101574,,Relating to workers' compensation.,"The Act would make it so that an MCO plan could not discriminate against any willing provider in its area. The Act would expand the kinds of providers who may treat injured workers as attending physicians. (Flesch Readability Score: 61.6). Requires for the certification of a managed care provider plan that the plan not discriminate against any willing provider within the geographical service area of the managed care organization. Includes nurse practitioners, physician associates, chiropractic physicians and naturopathic physicians in the definition of ""attending physician"" for purposes of the treatment of workers' compensable injuries.",6,2026-03-06,https://legiscan.com/OR/bill/HB4119/2026
OR,2101513,,Relating to smoking policies in residential tenancies.,This Act lets landlords restrict smoking in apartments. (Flesch Readability Score: 61.2). Allows residential landlords of multifamily housing to convert premises to nonsmoking for existing tenants upon [90] 180 days' written notice. Applies to new and existing rental agreements.,3,2026-03-03,https://legiscan.com/OR/bill/HB4120/2026
OR,2101597,,Relating to emergency management.,The Act creates new systems and structures and changes law to improve emergency response in the state. (Flesch Readability Score: 65.1). Creates [statewide emergency preparedness offices and authorities] authority to coordinate emergency management. [Authorizes bonding for public safety projects.] Requires state agencies to designate liaisons for emergency management. Imposes duties on the Oregon Department of Emergency Management related to management of emergency preparedness assets. Modifies the definitions of and grant requirements for Resilience Hubs and Resilience Networks. Authorizes certain training facilities to host overnight training activities. Requires the Oregon Department of Emergency Management to obtain fingerprints of employees and contractors. Authorizes counties to waive certain civil penalties related to food service facilities during emergencies. Requires the Department of the State Fire Marshal to study health coverage for firefighters. [Requires legislative committees to identify a revenue source for certain public safety programs.] Establishes grant programs for emergencies.,3,2026-03-06,https://legiscan.com/OR/bill/HB4121/2026
OR,2101535,,Relating to student government at public universities.,"The Act would make changes to the law for student government at public universities in this state. (Flesch Readability Score: 60.1). Establishes statutory definition of ""student government"" for purposes of public universities in this state. Specifies the powers, rights and duties of such student government. Provides the official name of the student government at each public university. Changes the name of ""mandatory incidental fee"" to ""mandatory student-initiated fee."" Modifies provisions related to ""mandatory student-initiated fees"" at public universities.",6,2026-03-06,https://legiscan.com/OR/bill/HB4122/2026
OR,2101531,,Relating to landlord disclosure of confidential information; and prescribing an effective date.,This Act limits the private information that a landlord can share. (Flesch Readability Score: 64.9). Limits the circumstances under which a landlord may disclose confidential information. Authorizes statutory damages for individuals affected by knowing violations. Takes effect on the 91st day following adjournment sine die.,3,2026-03-02,https://legiscan.com/OR/bill/HB4123/2026
OR,2101173,,Relating to the state post-secondary education system; and declaring an emergency.,"Tells the HECC to study the system of higher education in Oregon. Tells the HECC to submit two reports. Declares an emergency and becomes law when the Governor signs it. (Flesch Readability Score: 62.6). [Digest: Tells the HECC to study the system of higher education in Oregon. Tells the HECC to submit a report. Declares an emergency and becomes law when the Governor signs it. (Flesch Readability Score: 64.1).] Directs the Higher Education Coordinating Commission to conduct a study of the condition of Oregon's post-secondary education system and to develop detailed recommendations for the design, implementation and operation of a viable and superior institutional framework. [Directs the commission to submit a report to the interim committees of the Legislative Assembly related to higher education on or before December 1, 2026.] Directs the commission to submit a preliminary report by October 1, 2026, and a final report by April 1, 2027, to the interim or regular committees of the Legislative Assembly related to higher education. Declares an emergency, effective on passage.",3,2026-03-04,https://legiscan.com/OR/bill/HB4124/2026
OR,2101439,,Relating to revenue estimates; prescribing an effective date.,"The Act adds detail for methods of making estimates of how much tax money comes into the General Fund. (Flesch Readability Score: 61.6). Prescribes methodology for the preparation of revenue estimates used in the budgeting process and as applicable to the surplus revenue refund process. Applies to estimates prepared on or after January 1, 2027. Requires the Department of Revenue to estimate the difference in surplus revenue calculations using stated methodologies, and transfer an amount equal to the difference for use for various purposes. Establishes the One-Time Emergencies and Finance Fund. Takes effect on the 91st day following adjournment sine die.",6,2026-03-06,https://legiscan.com/OR/bill/HB4125/2026
OR,2101094,,Relating to road usage charges; declaring an emergency.,"The Act would have ODOT biennially recommend a rate for the per-mile road usage charge that would raise the money needed to keep up the highways in this state. (Flesch Readability Score: 60.7). Requires the Department of Transportation to submit a biennial report to the Legislative Assembly recommending a rate for the per-mile road usage charge that would sustainably raise the revenue necessary to maintain the public highways in this state. Declares an emergency, effective on passage.",6,2026-03-06,https://legiscan.com/OR/bill/HB4126/2026
OR,2101132,,Relating to Medicaid payments to reproductive health care providers; and declaring an emergency.,"The Act allows OHA to pay health care providers that may not receive federal Medicaid funds. The Act requires OHA to pay providers using only state funds. (Flesch Readability Score: 62.7). Requires the Oregon Health Authority to adopt a payment mechanism to pay certain nonprofit reproductive health care providers that are not eligible to receive federal Medicaid funds for services provided to medical assistance recipients. Applies to claims for payment for services provided on or after July 4, 2025, if the claim is not eligible for federal financial participation and has not yet been paid. Declares an emergency, effective on passage.",3,2026-03-06,https://legiscan.com/OR/bill/HB4127/2026
OR,2101453,,Relating to sale of single-family residences.,"This Act bans some large entities from buying some houses until the houses have been listed for sale on the market for at least 90 days. This Act makes those entities give a notice form to the seller of the house and the Department of Justice. This Act allows the department to enforce the ban and notice form, including the power to impose civil penalties and seek attorney fees and costs in court. (Flesch Readability Score: 62.7). [Digest: This Act forbids some house purchases by large investors who do not wait 90 days and give notices and awards damages to those who sue law breakers. (Flesch Readability Score: 60.3).] Prohibits covered entities from purchasing, acquiring or offering to purchase or acquire a single-family residence unless the residence has been listed for sale to the general public for at least 90 days. Requires a covered entity, upon making or accepting an offer to purchase or acquire a single-family residence, to submit a completed and notarized disclosure form to the seller or seller's agent. Requires the covered entity to submit a copy of the form to the Department of Justice within three days of submitting the form to the seller or seller's agent. [Authorizes any person to bring a civil action in circuit court against a covered entity for a violation of the 90-day waiting period or disclosure form requirements or to otherwise compel compliance with those requirements. Provides for statutory damages.] Authorizes the Attorney General to bring a civil action in circuit court against a covered entity for declaratory relief, to restrain a threatened or actual violation of the 90-day waiting period or the disclosure form requirements or to otherwise compel compliance with those requirements. Authorizes the Attorney General to serve and enforce an investigative demand on a person with relevant information, or a person with information that could lead to the discovery of relevant information, in an investigation of a violation of the 90-day waiting period or the disclosure form requirements. Authorizes the Attorney General to impose a civil penalty against a covered entity upon finding a violation of the 90-day waiting period or the disclosure form requirements. Allows a court to award the costs of investigation and reasonable attorney fees if the Attorney General prevails in a civil action or imposes a civil penalty.",3,2026-03-02,https://legiscan.com/OR/bill/HB4128/2026
OR,2101146,,Relating to fuel; prescribing an effective date.,"This Act caps low carbon fuel standards at a ten percent reduction and stops local governments from banning large fuel tanks. (Flesch Readability Score: 64.6). Limits greenhouse gas emission reductions, for purposes of low carbon fuel standards, to 10 percent below 2010 levels. Prohibits local governments from prohibiting or limiting the storage capacity of fossil fuel terminals. Takes effect on the 91st day following adjournment sine die.",6,2026-03-06,https://legiscan.com/OR/bill/HB4129/2026
OR,2101237,,Relating to farm use.,"The Act would grant the tax break for land that is in ""farm use"" to land under a processing facility. The Act would clarify what ""preparing"" farmland products and by-products means in the context of the tax break. (Flesch Readability Score: 69.5). [Digest: The Act would clarify what ""preparing"" farmland products and by-products means in the context of the tax break for land that is in ""farm use."" (Flesch Readability Score: 66.4).] Allows property tax special assessment for land under processing facilities. Clarifies, for purposes of the special assessment, the meaning of ""preparing"" products or by-products raised for human or animal use on a farm unit for purposes of the definition of ""farm use.""",3,2026-03-06,https://legiscan.com/OR/bill/HB4130/2026
OR,2101062,,Relating to mobile pharmacies; and prescribing an effective date.,The Act says the BOP has to give a license to run a mobile pharmacy to someone who meets the requirements. (Flesch Readability Score: 64.6). Directs the State Board of Pharmacy to issue a license to operate a mobile pharmacy to a qualified applicant. Establishes requirements for a mobile pharmacy. Takes effect on the 91st day following adjournment sine die.,3,2026-03-04,https://legiscan.com/OR/bill/HB4131/2026
OR,2101525,,Relating to veterans; and prescribing an effective date.,"Makes changes to veteran laws. (Flesch Readability Score: 66.4). [Declares that it is the goal of the Legislative Assembly to fund the Department of Veterans' Affairs in an amount that is not less than $10,000,000, from the General Fund, in 2015 dollars, adjusted for inflation.] [Requires the Director of Veterans' Affairs to add additional full-time positions within the department. Creates in the department the position of Veterans Employment Coordinator.] Requires the director to be a veteran who has received a discharge or release under other than dishonorable conditions. Allows the director to appoint a deputy director, subject to approval by the Governor. Directs the department to develop and implement a grant program for suicide prevention and workforce training and preparation. Allows moneys in the Veterans' Services Fund to be used for the grant program. Increases an expenditure limitation for the purpose of the grant program. Directs the director to distribute moneys appropriated for county veterans' service officer programs on a quarterly basis. Directs the department to provide a report on the quarterly distribution process. Changes who are allowed to request county veteran discharge records. Increases, from $5,000 to $10,000, the cap on the individual grant amount that is allowed under the Veteran Educational Bridge Grant Program. Directs the Judicial Department, in consultation with the Oregon Criminal Justice Commission, to study methods for providing access to veterans' treatment courts to residents of each county or judicial district. Takes effect on July 1, 2026.",3,2026-03-06,https://legiscan.com/OR/bill/HB4132/2026
OR,2101339,,Relating to alignment with federal education law; declaring an emergency.,"Tells state agencies to help the state to meet federal laws that fund education. (Flesch Readability Score: 65.7). Requires participation by the state in a federal program that allows tax credits for contributions by individuals to scholarship granting organizations. Provides directives to the Governor and state agencies to ensure compliance with the federal Workforce Pell Grant program. Declares an emergency, effective on passage.",6,2026-03-06,https://legiscan.com/OR/bill/HB4133/2026
OR,2101280,,Relating to funding for natural resource matters; prescribing an effective date; and providing for revenue raising that requires approval by a three-fifths majority.,"The Act increases a tax on short-term lodging. The Act changes the name of a subaccount related to wildlife. The Act lists how moneys from the tax increase must be distributed. (Flesch Readability Score: 70.8). Increases the state transient lodging tax. Changes the name of the Oregon Conservation Strategy Subaccount to the Recovering Oregon's Wildlife Fund Subaccount. Specifies how moneys attributable to the increase are to be distributed. Applies the transient lodging tax increase to transient lodging charges occurring on or after January 1, 2027. Takes effect on the 91st day following adjournment sine die.",3,2026-03-04,https://legiscan.com/OR/bill/HB4134/2026
OR,2101325,,Relating to HPV Awareness Day; and declaring an emergency.,"Makes March 4th of each year HPV Awareness Day. (Flesch Readability Score: 84.9). Designates March 4th of each year as HPV Awareness Day. Declares an emergency, effective on passage.",4,2026-03-17,https://legiscan.com/OR/bill/HB4135/2026
OR,2101281,,Relating to tax treatment of mortgage interest; prescribing an effective date.,"The Act ends the tax deduction for mortgage interest paid for a taxpayer's second home. (Flesch Readability Score: 61.8). Disallows, for purposes of personal income taxation, a mortgage interest deduction for a residence other than the taxpayer's principal residence, unless the taxpayer sells the residence or actively markets the residence for sale. Establishes the Oregon Homeownership Opportunity Account. Transfers an amount equal to the estimated increase in revenue attributable to restrictions on the deduction of mortgage interest to the account, for the purpose of making down payment assistance payments. Applies to tax years beginning on or after January 1, 2026. Takes effect on the 91st day following adjournment sine die.",6,2026-03-06,https://legiscan.com/OR/bill/HB4136/2026
OR,2101019,,Relating to the transfer of interest in motor vehicles.,"If a traffic ticket is sent to a person who sold a car before the traffic offense happened, the old owner may let the court know that they are not required to pay the ticket. (Flesch Readability Score: 62.5). Provides that, in lieu of making a first appearance for a traffic violation citation, the person who is the previous owner of a vehicle may notify the court that the person has transferred interest in the vehicle and is not liable for the citation.",3,2026-03-03,https://legiscan.com/OR/bill/HB4137/2026
OR,2101099,,Relating to limitations on the actions of public employees; and declaring an emergency.,"The Act sets police ID rules and limits the actions of public employees when working with U.S. or out-of-state law enforcement. The Act also allows a person to seek an injunction when the rules are violated. The Act goes into effect when the Governor signs it. (Flesch Readability Score: 62.5). Requires law enforcement agencies to require officers to wear uniforms with specified identifying information. Specifies exceptions. Requires law enforcement agencies to enact policies prohibiting the wearing of facial coverings by officers except in specified circumstances. Prohibits the wearing of facial coverings by law enforcement officers except in specified circumstances. Prohibits employees of state and local law enforcement agencies and other public bodies in this state from participating in certain actions. Directs state and local law enforcement agencies and other public bodies to enact policies prohibiting engagement in certain actions. Provides that volunteers in a civil defense force are agents of a public body for purposes of the Oregon Tort Claims Act. Allows a person harmed by violations of certain provisions to seek an injunction. Declares an emergency, effective on passage.",3,2026-03-05,https://legiscan.com/OR/bill/HB4138/2026
OR,2101501,,Relating to cannabis; prescribing an effective date.,"The Act gives more money to the IMMEGP fund. The Act also changes what the phrase ""debilitating medical condition"" means. (Flesch Readability Score: 61.3). [Digest: The Act says what the term ""industrial hemp-derived cannabinoid product"" means. The Act tells the OLCC and the ODA to inspect some premises and to have law enforcement join the OLCC and the ODA for the inspections. The Act also makes changes to other laws that regulate cannabis. (Flesch Readability Score: 60.1).] [Defines ""container"" and ""industrial hemp-derived cannabinoid product."" Changes the definition of ""adult use cannabis item."" Imposes a retail sales tax on industrial hemp-derived cannabinoid products. Directs the Oregon Liquor and Cannabis Commission to immediately suspend a license to produce marijuana for specified reasons. Directs the commission to inspect a premises licensed by the commission without advance notice for specified reasons and to request that law enforcement accompany the commission to the premises.] [Requires the State Department of Agriculture to complete a criminal records check on an applicant for an industrial hemp handler license. Requires an applicant for an industrial hemp grower license to provide a land use compatibility statement and information related to land ownership to the department. Directs the department to inspect a premises licensed by the department without advance notice for specified reasons and to request that law enforcement accompany the department to the premises.] Increases quarterly distributions to the Oregon Criminal Justice Commission for deposit into the Illegal Marijuana Market Enforcement Grant Program Fund from $750,000 to $3 million. Expands the definition of ""debilitating medical condition"" to include medical conditions that an attending provider determines might be mitigated by the medical use of marijuana. Takes effect on the 91st day following adjournment sine die.",6,2026-03-06,https://legiscan.com/OR/bill/HB4139/2026
OR,2101042,,Relating to metal property.,"The Act adds new requirements for scrap metal businesses. The Act changes the definition for a type of scrap metal. (Flesch Readability Score: 61.3). [Digest: The Act creates a new crime about selling or trading scrap metal without being registered as a scrap metal seller. The Act adds new requirements for scrap metal businesses. (Flesch Readability Score: 60.8).] Modifies the crime of criminal mischief in the first degree by expanding the types of telecommunications entities whose property may be subject to ORS 164.365. [Prohibits certain individuals from selling or trading nonferrous metal property or commercial metal property to a scrap metal business unless the individual is registered as a scrap metal seller with the Department of Justice. Punishes by a maximum of 364 days' imprisonment, $6,250 fine, or both. Specifies exemptions. Requires the department to establish a scrap metal seller registration database.] Modifies the definition of ""commercial metal property"" and requires scrap metal businesses to check ownership of certain types of commercial metal property before purchasing or receiving the commercial metal property. Requires scrap metal businesses to sign up with a national scrap metal theft alert system and use the system in conducting business activity. [Requires scrap metal businesses to check that individuals are registered as scrap metal sellers before completing a transaction.].",3,2026-03-03,https://legiscan.com/OR/bill/HB4140/2026
OR,2101264,,Relating to debt resolution services; prescribing an effective date.,Says what a person that bargains with a consumer's creditors to lower debt can and may not do in this state. (Flesch Readability Score: 72.7). Requires a person that provides debt resolution services to consumers in this state to register with the Department of Consumer and Business Services and regulates the activities of debt resolution service providers. Takes effect on the 91st day following adjournment sine die.,6,2026-03-06,https://legiscan.com/OR/bill/HB4141/2026
OR,2101197,,Relating to marijuana for medical use; and prescribing an effective date.,"The Act says that some entities have to write a policy and teach their staff about the medical use of marijuana. (Flesch Readability Score: 60.6). Expands the definition of ""debilitating medical condition"" for the medical use of marijuana. Requires an organization or residential facility that is designated as an additional caregiver for a medical marijuana cardholder to create and maintain a written policy and provide educational training for certain staff regarding the medical use of marijuana. Exempts hospitals and hospital-affiliated clinics from the requirements. Requires that in order to engage in the medical use of marijuana, the patient or resident of the organization or residential facility must be a medical marijuana cardholder or have applied to be a medical marijuana cardholder. Protects an organization or residential facility [and its employees and contractors] from certain criminal liability related to the medical use of marijuana. Prohibits the Oregon State Board of Nursing from taking disciplinary action against a nurse for discussing the medical use of marijuana with a patient. Takes effect on the 91st day following adjournment sine die.",3,2026-03-05,https://legiscan.com/OR/bill/HB4142/2026
OR,2101469,,Relating to payments to the federal government; prescribing an effective date.,"The Act lets the state not pay money to the U.S. if the U.S. unlawfully keeps money away from the state. (Flesch Readability Score: 76.7). Authorizes the Governor to direct state agencies to withhold moneys owed to the federal government if federal funds are being withheld from the state in contravention of a valid court order. Requires the state to indemnify officers, employees or agents for civil claims arising from compliance with the Act. Sunsets on January 2, 2037. Takes effect on the 91st day following adjournment sine die.",6,2026-03-06,https://legiscan.com/OR/bill/HB4143/2026
OR,2101149,,Relating to batteries.,This Act says that makers of batteries must carry out a plan to collect and recycle batteries. (Flesch Readability Score: 60.1). Requires producers of batteries or battery-containing products to join a battery producer responsibility organization and implement a battery producer responsibility program for the collection and recycling of batteries. Directs the Department of Environmental Quality to administer and enforce requirements of the Act. Establishes the Battery Producer Responsibility Fund. Imposes civil penalties for violations of the Act.,3,2026-03-05,https://legiscan.com/OR/bill/HB4144/2026
OR,2101225,,Relating to firearms; and declaring an emergency.,"The Act changes when Ballot Measure 114 applies. The Act goes into effect when the Governor signs it. (Flesch Readability Score: 66.1). [Digest: The Act makes changes to the gun permit and transfer process and to the LCM prohibition. The Act goes into effect when the Governor signs it. (Flesch Readability Score: 73.2).] [Modifies the firearm permit provisions of Ballot Measure 114 (2022). Specifies where a person may apply for a permit to purchase a firearm and adds an eligibility requirement. Provides that information obtained during the application process and during the criminal background check and maintained within the database of permit holders is exempt from disclosure as a public record. Extends the time, from 30 to 60 days from receipt of the application, by which a permit agent must issue a permit to a qualified applicant or mail reasons for a denial in writing to the applicant. Increases the maximum fee that may be charged for an initial application for and renewal of a permit. Specifies the portion of the fee payable to the Department of State Police for conducting a criminal background check. Establishes alternatives to a firearms training course or class that may be used to satisfy the requirement of proof of completion of a firearm safety course for the permit. Provides that permits are not required for firearm transfers until January 1, 2028. Establishes an exception to the permit requirement for certain active law enforcement officers.] [Modifies the affirmative defense language for the large-capacity magazine provisions of Ballot Measure 114 (2022). Provides that a person may not be prosecuted for prohibited conduct occurring while enforcement of the provisions is enjoined by a court. Provides that gun dealers and manufacturers have 180 days after entry of an appellate judgment reversing or vacating the injunction to take certain actions concerning large-capacity magazines.] [Provides that a challenge to the legality of the Act must be commenced in the Circuit Court for Marion County.] [Provides that the Legislative Assembly does not intend the Act to affect current court proceedings concerning Ballot Measure 114 (2022).] Provides that the provisions of Ballot Measure 114 (2022) apply to firearm transfers conducted, and large-capacity magazine manufacture, importation, possession, use, purchase, sale or transfer occurring, on or after January 1, 2028. Declares an emergency, effective on passage.",3,2026-03-05,https://legiscan.com/OR/bill/HB4145/2026
OR,2101059,,Relating to alcohol; prescribing an effective date; providing for revenue raising that requires approval by a three-fifths majority.,"The Act tells OLCC to let a distillery be a craft low-proof spirit distillery. The Act tells OLCC to let some stores sell low-proof spirit beverages. The Act also taxes the low-proof spirit beverages. (Flesch Readability Score: 60.9). Defines ""craft low-proof spirit distiller"" and ""low-proof spirit beverage."" Allows the Oregon Liquor and Cannabis Commission to issue a craft low-proof spirit distiller endorsement to certain distillery licensees. Directs the commission to issue a low-proof spirit beverage endorsement to the holder of an off-premises sales license for a premises that is greater than 4,000 square feet. Directs the commission to establish a craft brewery and distillery marketing and economic development grant program to support the craft brewery and distillery industry. Establishes the Craft Brewery and Distillery Marketing and Economic Development Grant Program Fund in the State Treasury. Imposes a tax on low-proof spirit beverages. Takes effect on the 91st day following adjournment sine die.",6,2026-03-06,https://legiscan.com/OR/bill/HB4146/2026
OR,2101364,,Relating to medical assistance; prescribing an effective date.,The Act tells the Oregon Health Authority to create a report about large employers that have employees who get health care from the state. Takes effect 91 days after the session ends. (Flesch Readability Score: 66.3). Requires the Oregon Health Authority to collaborate with the Department of Human Services and the Employment Department to submit an annual report that [identifies] provides information about employers that employ [50] 500 or more employees in this state and [that] have employees [or dependents of the employees] who are medical assistance recipients. Takes effect on the 91st day following adjournment sine die.,6,2026-03-06,https://legiscan.com/OR/bill/HB4147/2026
OR,2101486,,Relating to local taxation; and prescribing an effective date.,"The Act would let local transient lodging tax money be used for grants to small dining and lodging businesses. The Act would also let the tax money be used for services provided by a special district in lieu of a city or county. The Act would change the split of tax uses from at least 70 percent for tourism and no more than 30 percent for local services to at least 50 percent and no more than 50 percent. The Act would let local governments with grandfathered tax laws use the tax money in the new split ratios. The Act would make local governments file a tax revenue report every other year for LRO to combine and submit to the legislature. The Act would have LRO study the uses of the net revenue as allowed under the Act and turn its findings in to the legislature. (Flesch Readability Score: 61.6). [Digest: The Act would let local transient lodging tax money be used for city or county services provided by a special district in lieu of the city or county. The Act would change the split of tax uses from at least 70 percent for tourism and no more than 30 percent for local services to at least 40 percent and no more than 60 percent. The Act would let local governments with grandfathered tax laws use the new provisions of the Act. The Act would make local governments file a tax revenue report every other year. (Flesch Readability Score: 60.7).] Allows net local transient lodging tax revenue to be used for resiliency grants for small businesses in the restaurant and lodging industry. Allows city and county services for which net local transient lodging tax revenue may be used to be provided either directly by the city or county or indirectly by a special district. Changes the division of allowable uses of net local transient lodging tax revenue from at least 70 percent for tourism-related expenses and no more than 30 percent for city or county services, to at least [40] 50 percent and no more than [60] 50 percent, respectively. Allows units of local government with restricted grandfathered local transient lodging tax regimes to take advantage of the new provisions of the Act. Establishes biennial reporting by local governments of amounts and uses of local transient lodging tax revenue, the reported information to be aggregated by the Legislative Revenue Officer and submitted to the Legislative Assembly. Directs the Legislative Revenue Officer to conduct a study of the percentage requirements for allowable uses of local transient lodging tax revenue as amended by the Act and to submit the findings to the Legislative Assembly. Takes effect on the 91st day following adjournment sine die.",3,2026-03-05,https://legiscan.com/OR/bill/HB4148/2026
OR,2101009,,Relating to homeless students.,"Requires school districts and ODE to help homeless students. (Flesch Readability Score: 66.1). Directs school districts to adopt policies that provide for the immediate enrollment, school placement and provision of services to homeless students. Directs the Department of Education to designate a state coordinator for the education of homeless students.",3,2026-03-03,https://legiscan.com/OR/bill/HB4149/2026
OR,2101107,,Relating to recipients of public funds; declaring an emergency.,"The Act says that persons who contract with the state or get grants from the state must promise not to help transport people for deportation. (Flesch Readability Score: 69.7). Directs state agencies to require prospective contractors, subcontractors and grant recipients to attest that they do not and will not transport individuals detained by federal agencies for the purpose of deportation, except in accordance with judicial orders. Provides that if the attestations are false or become false, contractors are disqualified from contracting with the state agency for a specified period, and grant recipients must repay the grant moneys to the state. Declares an emergency, effective on passage.",6,2026-03-06,https://legiscan.com/OR/bill/HB4150/2026
OR,2101583,,Relating to initiating a false report.,"The Act changes the crime of initiating a false report. (Flesch Readability Score: 69.7). Increases the penalties for the crime of initiating a false report when [the report] a person intentionally causes an enhanced law enforcement response [that results in] and recklessly causes serious physical injury or death as a result of the response. Punishes by a maximum of five years' imprisonment, $125,000 fine, or both.",3,2026-03-05,https://legiscan.com/OR/bill/HB4151/2026
OR,2101126,,Relating to remote marriage solemnization of deployed persons.,The Act lets deployed people get married even if they cannot be there in person if certain criteria are met. (Flesch Readability Score: 60.6). Modifies provisions regarding solemnization of marriage to permit deployed service members to be married remotely. .,4,2026-03-17,https://legiscan.com/OR/bill/HB4152/2026
OR,2101199,,Relating to farm stores.,"Allows farm stores on farmlands. (Flesch Readability Score: 90.9). Allows counties to approve farm stores[, instead of farm stands,] as nonfarm use on lands zoned for farm use.",3,2026-03-06,https://legiscan.com/OR/bill/HB4153/2026
OR,2101358,,Relating to student attendance data; and declaring an emergency.,"Makes public data that are collected about students going to school. (Flesch Readability Score: 64.9). Requires the compilation of data about students who are regular attenders or who are chronically absent. [Takes effect July 1, 2026.] Declares an emergency, effective on passage.",3,2026-03-03,https://legiscan.com/OR/bill/HB4154/2026
OR,2101368,,Relating to infertility.,"The Act tells some insurers to cover care for some fertility treatments and exempts some insurers from parts of this requirement. Tells DCBS to make a program to cover costs for exempt insurers. Creates a new fund. (Flesch Readability Score: 66.2). [Digest: The Act tells some insurers, OEBB and PEBB to cover care for some fertility treatments. The Act tells OHA and DCBS to study access to reproductive treatments and report back to the committee on health. The Act makes it an emergency. (Flesch Readability Score: 65.0).] Requires certain health insurers[, the Oregon Educators Benefit Board and the Public Employees' Benefit Board] to cover fertility services and treatments. Exempts certain insurers from specific coverage requirements. [Directs the Oregon Health Authority and the Department of Consumer and Business Services to study access to fertility and reproductive endocrinology services and report findings to the interim committees of the Legislative Assembly related to health.] [Declares an emergency, effective on passage.] Directs the Department of Consumer and Business Services to administer a program to provide reimbursement for the costs for treatments when not covered by exempted insurers. Establishes the Family Building Fund in the State Treasury.",6,2026-03-06,https://legiscan.com/OR/bill/HB4155/2026
OR,2101412,,Relating to medical assistance reimbursement of emergency medical services; and declaring an emergency.,"The Act makes changes to the program for paying for GEMT services. (Flesch Readability Score: 81.8). Modifies the requirements for Medicaid supplemental reimbursements paid to emergency medical services providers. Declares an emergency, effective on passage.",3,2026-03-03,https://legiscan.com/OR/bill/HB4156/2026
OR,2101457,,Relating to hearsay; and prescribing an effective date.,"The Act says that some hearsay about some sex crimes can come into evidence though the speaker is available. (Flesch Readability Score: 62.8). Provides that certain hearsay statements related to certain sex crimes are not inadmissible in evidence, even though the declarant is available as a witness. Takes effect on the 91st day following adjournment sine die.",3,2026-03-03,https://legiscan.com/OR/bill/HB4157/2026
OR,2108183,,Relating to wage requirements for individuals performing companionship services.,"This Act updates the laws on what wages must be paid to workers who engage in certain domestic services. (Flesch Readability Score: 67.3). Clarifies the meaning of ""companionship services"" for purposes of minimum wage and overtime requirements for certain individuals performing such services.",6,2026-03-06,https://legiscan.com/OR/bill/HB4158/2026
OR,2108171,,Relating to the Oregon Government Ethics Commission.,The Act says that one person put on the OGEC must have a certain background. The Act protects certain protected words during investigations by the OGEC. (Flesch Readability Score: 63.4). [Digest: The Act says that the Governor has to put a person with a certain background on the OGEC. The Act protects certain protected words during investigations by the OGEC. (Flesch Readability Score: 60.8).] [Provides that the Governor shall appoint one member of the Oregon Government Ethics Commission who has local government experience.] Provides that at least one member who is appointed to the Oregon Government Ethics Commission must have local government experience. Provides that attorney-client privilege is not waived when a communication is made to the commission for purposes of providing information regarding a complaint alleging a violation of government ethics laws or public meetings laws.,3,2026-03-05,https://legiscan.com/OR/bill/HB4159/2026
OR,2108217,,Relating to procedures for medical emergencies in schools; and prescribing an effective date.,"Requires schools to have a plan for a cardiac emergency, which must include AEDs. (Flesch Readability Score: 65.7). Directs schools to have a cardiac emergency response plan as part of the procedures for responding to medical emergencies. Prescribes the requirements of a cardiac emergency response plan, including requirements related to automated external defibrillators. Takes effect July 1, [2026] 2027.",3,2026-03-03,https://legiscan.com/OR/bill/HB4160/2026
OR,2108149,,Relating to use of official position or office; and declaring an emergency.,"The Act allows a public body to give public employees certain things. (Flesch Readability Score: 60.7). Provides exceptions to the prohibited use by a public official of official position or office to obtain financial gain or avoid financial detriment that permit a public body to give public officials food, beverages and merchandise. Declares an emergency, effective on passage.",3,2026-03-05,https://legiscan.com/OR/bill/HB4161/2026
OR,2108274,,Relating to cannabis worker unionization.,The Act ends a law on cannabis worker unions. (Flesch Readability Score: 66.1). Repeals Ballot Measure 119 (2024) that requires certain licensees of the Oregon Liquor and Cannabis Commission to enter into labor peace agreements with bona fide labor organizations representing the licensees' employees.,3,2026-03-02,https://legiscan.com/OR/bill/HB4162/2026
OR,2108159,,Relating to automatic voter registration.,"The Act tells the SOS to study automatic voter signing up. (Flesch Readability Score: 64.9). Requires the Secretary of State to study automatic voter registration. Directs the Secretary of State to submit findings to the interim committees of the Legislative Assembly related to elections no later than September 15, 2027. Sunsets on January 2, 2028.",6,2026-03-06,https://legiscan.com/OR/bill/HB4163/2026
OR,2108206,,Relating to campaign finance.,"The Act tells the SOS to study campaign finance. (Flesch Readability Score: 84.9). Requires the Secretary of State to study campaign finance. Directs the Secretary of State to submit findings to the interim committees of the Legislative Assembly related to elections no later than September 15, 2027. Sunsets on January 2, 2028.",6,2026-03-06,https://legiscan.com/OR/bill/HB4164/2026
OR,2108241,,Relating to campaign finance.,"The Act tells the SOS to study campaign finance. (Flesch Readability Score: 84.9). Requires the Secretary of State to study campaign finance. Directs the Secretary of State to submit findings to the interim committees of the Legislative Assembly related to elections no later than September 15, 2027. Sunsets on January 2, 2028.",6,2026-03-06,https://legiscan.com/OR/bill/HB4165/2026
OR,2108056,,Relating to community safety.,"The Act directs the CJC to study the effect of types of sentences on community safety. The Act directs the CJC to provide the results of the study to the legislature. (Flesch Readability Score: 62.8). Requires the Oregon Criminal Justice Commission to study the effect of different types of sentences on community safety. Directs the commission to submit findings to the interim committees of the Legislative Assembly related to the judiciary no later than September 15, 2027. Sunsets on January 2, 2028.",6,2026-03-06,https://legiscan.com/OR/bill/HB4166/2026
OR,2108044,,Relating to environmental regulation.,"This Act tells the DEQ to study regulation of the environment and make a report. (Flesch Readability Score: 61.8). Requires the Department of Environmental Quality to study environmental regulation. Directs the department to submit findings to the interim committees of the Legislative Assembly related to the environment no later than September 15, 2027. Sunsets on January 2, 2028.",6,2026-03-06,https://legiscan.com/OR/bill/HB4167/2026
OR,2108194,,Relating to food assistance.,"The Act tells DHS to study food assistance. (Flesch Readability Score: 82.3). Requires the Department of Human Services to study food assistance. Directs the department to submit findings to the interim committees of the Legislative Assembly related to human services no later than September 15, 2027. Sunsets on January 2, 2028.",6,2026-03-06,https://legiscan.com/OR/bill/HB4168/2026
OR,2108137,,Relating to health care.,"The Act tells OHA to study health care. (Flesch Readability Score: 92.9). Requires the Oregon Health Authority to study health care. Directs the authority to submit findings to the interim committees of the Legislative Assembly related to health care no later than September 15, 2027. Sunsets on January 2, 2028.",6,2026-03-06,https://legiscan.com/OR/bill/HB4169/2026
OR,2108125,,Relating to housing.,"This Act makes OHCS study housing. (Flesch Readability Score: 87.9). Requires the Housing and Community Services Department to study housing. Directs the department to submit findings to the interim committees of the Legislative Assembly related to housing no later than September 15, 2027. Sunsets on January 2, 2028.",6,2026-03-06,https://legiscan.com/OR/bill/HB4170/2026
OR,2108264,,Relating to immigration.,"Makes DHS do a study on immigration and submit a report on its findings. (Flesch Readability Score: 65.7). Requires the Department of Human Services to study immigration. Directs the department to submit findings to the interim committees of the Legislative Assembly related to human services not later than September 15, 2027. Sunsets on January 2, 2028.",6,2026-03-06,https://legiscan.com/OR/bill/HB4171/2026
OR,2108252,,Relating to government ethics.,"The Act tells the OGEC to study government ethics. (Flesch Readability Score: 66.1). Requires the Oregon Government Ethics Commission to study government ethics. Directs the commission to submit findings to the interim committees of the Legislative Assembly related to government ethics no later than September 15, 2027. Sunsets on January 2, 2028.",6,2026-03-06,https://legiscan.com/OR/bill/HB4172/2026
OR,2108091,,Relating to public meetings.,"Tells OGEC to study and report on public meetings. (Flesch Readability Score: 66.1). Requires the Oregon Government Ethics Commission to study public meetings. Directs the commission to submit findings to the interim committees of the Legislative Assembly related to the judiciary no later than September 15, 2027. Sunsets on January 2, 2028.",6,2026-03-06,https://legiscan.com/OR/bill/HB4173/2026
OR,2108079,,Relating to public records.,"Tells DOJ to study and report on public records. (Flesch Readability Score: 75.5). Requires the Department of Justice to study public records. Directs the department to submit findings to the interim committees of the Legislative Assembly related to the judiciary no later than September 15, 2027. Sunsets on January 2, 2028.",6,2026-03-06,https://legiscan.com/OR/bill/HB4174/2026
OR,2108229,,Relating to transportation.,"The Act says that ODOT must study speed bumps. (Flesch Readability Score: 94.3). Requires the Department of Transportation to study the development of uniform standards for speed bump height and markings. Sunsets January 2, 2028.",6,2026-03-06,https://legiscan.com/OR/bill/HB4175/2026
OR,2108102,,Relating to health care.,"The Act tells OHA to study health care. (Flesch Readability Score: 92.9). Requires the Oregon Health Authority to study health care. Directs the authority to submit findings to the interim committees of the Legislative Assembly related to health care no later than September 15, 2027. Sunsets on January 2, 2028.",6,2026-03-06,https://legiscan.com/OR/bill/HB4176/2026
OR,2109247,,Relating to public meetings; and prescribing an effective date.,"The Act changes how officials may talk outside of public meetings. The Act changes how OGEC oversees and trains on the public meetings law. The Act changes some duties from a governing body to the public body. The Act changes how governing bodies and public bodies may cure public meetings law violations. The Act takes effect 91 days after session ends. (Flesch Readability Score: 62.6). Restates the serial communications prohibitions for public meetings law purposes. Identifies the types of communications between governing body members that are excluded from public meetings requirements. Changes the obligation to provide notice for meetings from a governing body to the public body for each of its governing bodies. Changes the obligation to provide for the sound, video or digital recording or the taking of written minutes from a governing body to the public body for each of its governing bodies. Clarifies that public meetings may be held in person, through use of electronic means or in a hybrid format of in-person and electronic means. Requires public meetings law complainants to provide specified documentation to the Oregon Government Ethics Commission before complaints are considered filed. Requires complainants to proceed in court if the complaint alleges a public meetings law violation by one or more members of the commission. Modifies requirements concerning which public officials must attend public meetings law training and when those officials must attend the training. Allows the commission to proceed against a public body or a public official associated with a public body for violations of public meetings laws. Establishes methods by which governing bodies and public bodies may cure public meetings law violations under certain circumstances. Clarifies the imposition of penalties by the Oregon Government Ethics Commission against public bodies and public officials. Takes effect on the 91st day following adjournment sine die.",3,2026-03-06,https://legiscan.com/OR/bill/HB4177/2026
OR,2117587,,Relating to rounding procedures in transactions; and declaring an emergency.,"The Act allows places of public accommodation and public bodies to round some transactions to the nearest five cents. Says it is an emergency. (Flesch Readability Score: 60.7). [Digest: The Act allows places of public accommodation to round some transactions to the nearest five cents. Says it is an emergency. (Flesch Readability Score: 63.2).] Allows [a] some [place] places of public accommodation offering goods or services to adopt a rounding policy under which the final digit of the total amount due or remaining amount due in certain in-person transactions will be rounded to the nearest five-cent increment. Specifies rounding procedures. Provides an exception for a buyer who pays in exact change. Requires a place of public accommodation to post signs giving notice of the rounding policy. [Declares that rounding done in accordance with the Act is not an unlawful distinction, discrimination or restriction against United States coins or currency under ORS chapter 659A or price misrepresentation under ORS 618.236.] Exempts from liability as an unlawful trade or business practice any rounding done in accordance with the Act. Allows a public body to establish a reasonable rounding policy under which the final digit of the total amount due or remaining amount due in certain in-person transactions with the public body may be rounded to the nearest five-cent increment. Requires a public body to post signs giving notice of the rounding policy and publicize the rounding policy. Declares that rounding done in accordance with the Act by a place of public accommodation or a public body is not an unlawful distinction, discrimination or restriction against United States coins or currency under ORS chapter 659A or price misrepresentation under ORS 618.236. Declares an emergency, effective on passage.",3,2026-03-05,https://legiscan.com/OR/bill/HB4178/2026
OR,2117495,,Relating to entities created by the Oregon Health and Science University.,The Act says that OHSU must be a member of a nonprofit entity it creates. (Flesch Readability Score: 73.1). Permits the Oregon Health and Science University to create and maintain a nonprofit corporation under the laws of this state so long as the university is a corporate member of the corporation. Provides that certain individuals who provide patient care for the nonprofit corporation are acting within the scope of their state employment or duties. [and that certain prohibitions regarding the practice of medicine do not apply to the nonprofit corporation.] Provides that the entity is a public employer for purposes of the Public Employee Collective Bargaining Act. Provides that certain provisions of the Oregon Professional Corporation Act do not apply to the entity.,3,2026-03-05,https://legiscan.com/OR/bill/HB4179/2026
OR,2111526,,Relating to state financial administration; declaring an emergency.,"The Act is a budget bill for an unspecified state agency. (Flesch Readability Score: 64.9). Establishes biennial appropriations and expenditure limitations for ______ for the biennium ending June 30, 2027. Declares an emergency, effective on passage.",6,2026-03-06,https://legiscan.com/OR/bill/HB5201/2026
OR,2111562,,Relating to state financial administration; declaring an emergency.,"The Act is a budget bill for an unspecified state agency. (Flesch Readability Score: 64.9). Establishes biennial appropriations and expenditure limitations for ______ for the biennium ending June 30, 2027. Declares an emergency, effective on passage.",6,2026-03-06,https://legiscan.com/OR/bill/HB5202/2026
OR,2111503,,Relating to state financial administration; and declaring an emergency.,"The Act approves certain fees charged by state agencies. (Flesch Readability Score: 75.5). Approves certain new or increased fees adopted by state agencies. Declares an emergency, effective on passage.",3,2026-03-06,https://legiscan.com/OR/bill/HB5203/2026
OR,2111555,,Relating to state financial administration; and declaring an emergency.,"The Act makes budget changes for the current biennium. (Flesch Readability Score: 66.1). Establishes and modifies certain biennial appropriations made from the General Fund to specified state agencies and the Emergency Board. Establishes and modifies limitations on expenditures for certain biennial expenses for specified state agencies. Declares an emergency, effective on passage.",3,2026-03-06,https://legiscan.com/OR/bill/HB5204/2026
OR,2101461,,Celebrating the Oregon Fire District Directors Association.,Honors an important agency that helps fight fires as it turns 75 years old. (Flesch Readability Score: 71.7). Celebrates the 75th anniversary of the Oregon Fire District Directors Association.,4,2026-02-27,https://legiscan.com/OR/bill/HCR201/2026
OR,2109598,,Declaring a state policy goal that by 2033 Oregon's health care system will be more affordable and accessible.,Declares the need to improve our state's health care system. (Flesch Readability Score: 78.2). Declares a state policy goal that by 2033 Oregon's health care system will be more affordable and accessible.,4,2026-03-06,https://legiscan.com/OR/bill/HCR202/2026
OR,2129345,,Adjourning sine die the 2026 regular session of the Eighty-third Legislative Assembly.,Ends session. (Flesch Readability Score: 77.9). Adjourns sine die the 2026 regular session of the Eighty-third Legislative Assembly.,6,2026-03-06,https://legiscan.com/OR/bill/HCR203/2026
OR,2129459,,Establishing deadlines for presession-filed legislative measures for the 2027 regular session of the Eighty-fourth Legislative Assembly.,Sets dates for early bill asks for 2027. (Flesch Readability Score: 61.2). Establishes deadlines for presession-filed legislative measures for the 2027 regular session of the Eighty-fourth Legislative Assembly.,6,2026-03-06,https://legiscan.com/OR/bill/HCR204/2026
OR,2101011,,Proposing an amendment to the Oregon Constitution relating to primary elections.,"Proposes a change to the state Constitution. Requires the names of all candidates to be listed on a single ballot for a primary. (Flesch Readability Score: 60.0). Proposes an amendment to the Oregon Constitution to require that primary election ballots must contain the names of all candidates of any political party affiliation for specified offices. Provides that a registered elector in this state may not be denied the right to vote in any primary election in this state solely because that elector is registered as unaffiliated with any political party. Permits a political party to decline to participate in a primary election, subject to certain requirements. Designates a minor political party. Refers the proposed amendment to the people for their approval or rejection at the next regular general election.",6,2026-03-06,https://legiscan.com/OR/bill/HJR201/2026
OR,2101130,,Urging Congress to pass legislation to permanently extend federal tax cuts for wildfire victims.,Asks Congress to pass a new law so people who were victims of wildfires will keep getting the help they need. (Flesch Readability Score: 86.7). Urges Congress to pass legislation to permanently extend federal tax cuts for wildfire victims.,4,2026-02-27,https://legiscan.com/OR/bill/HJM201/2026
OR,2111803,,Relating to the Moda Center; and declaring an emergency.,"The Act allows DAS to enter into agreements to own and operate the Moda Center. The Act sends certain tax revenue to a fund to pay for costs of the Moda Center. (Flesch Readability Score: 68.9). Authorizes the Oregon Department of Administrative Services to enter into agreements to own and oversee the operations of the Moda Center in the City of Portland. Provides that agreements may not pledge or obligate state moneys except for moneys in the Oregon Arena Fund. Creates the Oregon Arena Fund in the State Treasury. Dedicates certain tax revenues related to work in and around the Moda Center to the fund. Sets forth prerequisite conditions for tax diversion and debt issuance. Sets forth mandatory provisions of agreements relating to the Moda Center. Declares an emergency, effective on passage.",3,2026-03-06,https://legiscan.com/OR/bill/SB1501/2026
OR,2128808,,Relating to proposed legislative measures to be filed by the Secretary of State; and prescribing an effective date.,The Act tells the SOS to file a bill for the 2027 session that sets forth ideas to implement campaign finance limits. The Act takes effect 91 days after sine die. (Flesch Readability Score: 71.0). Directs the Secretary of State to presession file a proposed legislative measure for consideration during the 2027 regular session of the Legislative Assembly that sets forth the recommendations of the secretary for changes to campaign finance limitations presently being implemented in this state. Takes effect on the 91st day following adjournment sine die.,3,2026-03-06,https://legiscan.com/OR/bill/SB1502/2026
OR,2101514,,Relating to the administration of epinephrine.,Allows for the use of epinephrine in schools by means other than shots. (Flesch Readability Score: 76.5). Allows for the provision of epinephrine in schools by methods other than injections. Broadens the training requirements related to the administration of epinephrine.,4,2026-03-17,https://legiscan.com/OR/bill/SB1504/2026
OR,2101228,,Relating to the Home and Community-Based Services Workforce Standards Board.,"The Act would make new laws about a workforce standards board for some workers in the home and community-based services sector. (Flesch Readability Score: 60.6). Establishes the Home and Community-Based Services Workforce Standards Board. Prescribes the duties of the board. Directs the board to establish minimum working standards for the home and community-based services workforce. Requires the board to take certain actions before adopting proposed minimum standards. Directs certain state agencies to conduct a fiscal impact analysis to determine whether a proposed minimum standard will increase the fiscal obligations of the state, including an increase in Medicaid reimbursement rates. Requires the board to report to the Legislative Assembly and to the Governor the increase in funding needed to implement the standard. Provides that a rule establishing a minimum standard may not take effect before the Legislative Assembly has appropriated funding and the board has received approval from the Centers for Medicare and Medicaid Services, if applicable. Permits the Bureau of Labor and Industries to conduct investigations, issue subpoenas, administer oaths, obtain evidence and take testimony to make determinations regarding implementation and compliance with the minimum standards established by the board. Provides remedies for allegations of violations of the minimum standards established by the board. Clarifies that relief may be sought for alleged violations no sooner than 90 days after a rule establishing a minimum standard takes effect. Requires the board to conduct a quadrennial comprehensive review, including a labor market analysis to inform the board's decisions to adopt new minimum standards or revise existing standards. Requires the board to submit a biennial report to the Governor and the Legislative Assembly summarizing the results of the comprehensive review and any actions taken by the board in the prior biennium. Requires the online registry administered by the Department of Human Services to include workers from the home and community-based services workforce. Requires that any public hearing conducted by the board be accessible through electronic or virtual means, if possible. .",6,2026-03-06,https://legiscan.com/OR/bill/SB1505/2026
OR,2101176,,Relating to the Bureau of Labor and Industries; prescribing an effective date.,"The Act would have DCBS set a rate in order to put at least a minimum amount in a new fund to pay for certain BOLI positions. The Act would also have the rate be set to create and maintain a year of expenses for this purpose. The Act would bar moneys from the Workers' Benefit Fund being used for this purpose. The Act would raise the cap on the fee paid by public agencies for contracts subject to the prevailing wage rate. The Act would require BOLI to report every other year as to whether the cap brings in enough money to pay for BOLI's staffing needs. (Flesch Readability Score: 71.3). [Digest: Tells LPRO to conduct a study on how state labor agencies in other states are funded. (Flesch Readability Score: 68.9).] [Requires the Legislative Policy and Research Director to conduct a study of the manner in which state labor agencies in other states are funded. Directs the director to submit findings to the interim committees of the Legislative Assembly related to labor and business no later than September 15, 2027.] [Sunsets on January 2, 2028.] Amends the Workers' Benefit Fund assessment statute to direct the Department of Consumer and Business Services to set an additional assessment rate in order to deposit in a new BOLI Expenses Fund at least the greater of a minimum dollar amount to fund certain positions at the Bureau of Labor and Industries or 12 months of projected expenses for this purpose. Requires the assessment rate be set at a level to create and maintain a 12-month reserve in the new fund. Prohibits the transfer of assessment moneys in the Workers' Benefit Fund to the new fund for the Bureau of Labor and Industries positions. Raises the maximum fee amount paid by public agencies that award public works contracts subject to the prevailing wage rate. Requires the Bureau of Labor and Industries to submit a biennial report to the interim committees of the Legislative Assembly relating to labor that examines whether the maximum fee amount raises enough revenue for the bureau to meet its staffing needs. Takes effect on the 91st day following adjournment sine die.",6,2026-03-06,https://legiscan.com/OR/bill/SB1506/2026
OR,2101536,,Relating to revenue; and prescribing an effective date.,"The Act updates the tie date to the federal Internal Revenue Code and other federal tax laws. Disconnects from certain federal tax laws. Increases the amount of the earned income tax credit. Makes a new tax credit for new jobs. (Flesch Readability Score: 67.6). [Digest: The Act would reduce income taxes and other taxes if the state collects a retail sales tax. (Flesch Readability Score: 70.1).] [Reduces taxes imposed under various tax programs, operative conditioned upon imposition of a statewide retail sales tax dedicated to specified purposes. Directs the Department of Revenue to estimate the revenue lost to tax reductions and to direct an equal amount of revenue to various purposes.] Updates the connection date to the federal Internal Revenue Code and other provisions of federal tax law. Increases the amount of the earned income tax credit allowed as a percentage of the federal earned income tax credit. Disconnects from, and requires addback of amounts for, federal provisions allowing deductions of personal auto loan interest and bonus depreciation and allowing exclusion of gain from small business stock. Applies to tax years beginning on or after January 1, 2026. Creates a personal income or corporate excise tax credit for a taxpayer creating new jobs in the tax year. Applies to tax years beginning on or after January 1, 2026, and before January 1, 2032. Takes effect on the 91st day following adjournment sine die.",3,2026-02-25,https://legiscan.com/OR/bill/SB1507/2026
OR,2101089,,Relating to elections.,"The Act tells the SOS to study elections. (Flesch Readability Score: 82.3). Requires the Secretary of State to study elections. Directs the Secretary of State to submit findings to the interim committees of the Legislative Assembly related to elections no later than September 15, 2027. Sunsets on January 2, 2028.",6,2026-03-06,https://legiscan.com/OR/bill/SB1508/2026
OR,2101201,,Relating to electors of President and Vice President of the United States; and prescribing an effective date.,"The Act allows for the switch of electors of President and Vice President if they do not vote like they pledged. (Flesch Readability Score: 72.7). Establishes the qualifications of an elector of President and Vice President of the United States. Provides the contents of a certificate of ascertainment of electors. Provides that an elector who does not vote in accordance with the signed pledge of electors vacates the office of elector. Provides for the filling of the vacancy. Provides for mileage expenses to be given to electors who attend the meeting of electors and whose ballot is not invalid. Takes effect on July 1, 2026.",3,2026-03-04,https://legiscan.com/OR/bill/SB1509/2026
OR,2101374,,Relating to taxation; and prescribing an effective date.,"The Act makes technical fixes and slight policy updates to some tax statutes. (Flesch Readability Score: 63.4). Updates the terminology used to describe certain income earned by multinational corporations to reflect a change in the term used in federal law. Aligns sunset dates for earned income tax credit provisions with the underlying sunset date for the credit. Expands the tax credit for certified film production development contributions to allow the use of contributions for the production of commercials. Applies to fiscal years beginning on or after July 1, 2026. [Provides an exception from the annual filing requirement for the property tax exemption for property burdened by an affordable housing covenant used for owner-occupied housing. Applies to property tax years beginning on or after July 1, 2027.] Extends the sunset for the property tax exemption for cargo containers. Repeals the requirement that revenue from a tribal tax on the distribution of motor vehicle fuel that is exempt from the gas taxes under Oregon law is subject to the highway-use restrictions under the Oregon Constitution. Extends the applicability of the pass-through business alternative income tax and tax credit through the 2027 tax year. Allows overpayments to be credited as estimated payments for the next tax year. Requires the State Board of Tax Practitioners to register as enrolled agents individuals who are authorized by the Internal Revenue Service to represent taxpayers as enrolled agents. Takes effect on the 91st day following adjournment sine die.",3,2026-03-04,https://legiscan.com/OR/bill/SB1510/2026
OR,2101161,,Relating to the estate tax; prescribing an effective date.,"The Act increases the amount of an estate that is not taxed and changes estate tax rates. (Flesch Readability Score: 75.1). [Digest: The Act tells the LRO to study the estate tax. (Flesch Readability Score: 95.1).] [Requires the Legislative Revenue Officer to study the estate tax. Directs the Legislative Revenue Officer to submit findings to the interim committees of the Legislative Assembly related to revenue not later than December 1, 2027.] Converts the $1 million exclusion for an estate subject to tax to a deduction of $2.5 million. Phases in the tax above the deduction. Raises the filing threshold for an estate tax return. Adjusts the deduction and filing threshold for inflation. Adjusts estate tax rates. Applies to the estates of decedents dying on or after January 1, 2027. Takes effect on the 91st day following adjournment sine die.",6,2026-03-06,https://legiscan.com/OR/bill/SB1511/2026
OR,2101273,,Relating to workforce development.,"The Act makes changes to the goals of a workforce development program. (Flesch Readability Score: 67.7). Expands the goals and purposes of the Prosperity 10,000 Program. Requires the Higher Education Coordinating Commission to award grants to local workforce development boards to administer the program. Requires local workforce development boards to consider certain factors when distributing funds to certain entities.",4,2026-03-17,https://legiscan.com/OR/bill/SB1512/2026
OR,2101381,,Relating to real estate professionals; and declaring an emergency.,"The Act ends and later brings back law about terms used in real estate team names. (Flesch Readability Score: 90.1). [Digest: The Act gives more time for real estate teams to comply with new law about terms used in real estate team names. (Flesch Readability Score: 84.5).] [Provides that real estate teams are not required to change terms used in the team name until July 1, 2027.] Delays until July 1, 2027, the requirement that a real estate team change the terms used in the team name. Declares an emergency, effective on passage.",3,2026-03-02,https://legiscan.com/OR/bill/SB1513/2026
OR,2101620,,Relating to the regulation of public property with respect to persons experiencing homelessness; declaring an emergency.,"The Act would repeal the law that set a state standard for city and county laws that govern the use of public property by the homeless. (Flesch Readability Score: 63.3). Repeals the statute enacted by House Bill 3115 (2021) that established objective reasonableness as a statewide standard, for city and county laws regulating the use of public property with respect to persons experiencing homelessness, as the basis for a cause of action for injunctive and declaratory relief to challenge such laws and as an affirmative defense in the prosecution of violations of such laws. Declares an emergency, effective on passage.",6,2026-03-06,https://legiscan.com/OR/bill/SB1514/2026
OR,2101118,,Relating to wrongful convictions; and declaring an emergency.,"The Act changes the law about compensation for wrongful convictions and makes a new PCR process when a conviction is based on some discredited science. The Act goes into effect when the Governor signs it. (Flesch Readability Score: 60.9). Modifies provisions relating to petitions for compensation for wrongful conviction. Creates a new post-conviction relief petition process when a person has a conviction that is based on scientific expert testimony, scientific expert evidence or scientific expert opinion derived from specified discredited forensic science disciplines. Sunsets the new petition process on January 2, 2031. Declares an emergency, effective on passage.",3,2026-03-05,https://legiscan.com/OR/bill/SB1515/2026
OR,2101395,,Relating to public safety; and declaring an emergency.,"The Act puts limits on law enforcement's use of ALPRs. The Act allows a person to sue an ALPR vendor for misuse or improper release of the person's data. The Act says that a standing order on pretrial release does not affect how the court makes the release decision. The Act also makes changes to the Justice Equity Reinvestment Program. The Act goes into effect when the Governor signs it. (Flesch Readability Score: 64.9). [Digest: The Act changes a crime to include subjecting a public official to alarm by conveying a threat. The Act also says that a standing order on pretrial release does not affect how the court makes the release decision. The Act goes into effect when the Governor signs it. (Flesch Readability Score: 63.6).] [Expands the crime of aggravated harassment to include threats concerning public officials in specified circumstances. Punishes by a maximum of five years' imprisonment, a fine of up to $125,000, or both.] Provides that standing pretrial release orders do not affect the authority of a magistrate to consider the primary and secondary release criteria when making a release decision. Restricts law enforcement agencies' use of automated license plate recognition systems except for specified authorized uses. Limits retention of captured license plate data to no more than 30 days unless the captured license plate data is related to an ongoing criminal investigation or court proceeding. Requires law enforcement agencies to adopt policies for ALPR vendor contracts and the use of ALPRs and captured license plate data. Limits sharing of captured license plate data with non-Oregon law enforcement agencies. Prohibits ALPR vendors from accessing, selling or disclosing captured license plate data. Provides exemptions. Authorizes the imposition of civil penalties for intentional or grossly negligent violations. Authorizes civil actions for violations. Removes the named administrator of and technical assistance provider for the Justice Reinvestment Equity Program and requires the Oregon Criminal Justice Commission to select a technical assistance provider according to specified criteria. Declares an emergency, effective on passage.",3,2026-03-05,https://legiscan.com/OR/bill/SB1516/2026
OR,2101549,,Relating to civil litigation; and declaring an emergency.,"The Act says that an operator can make a person doing sports, fitness or recreation waive some claims for negligence. The Act says that some types of claims may not be waived. The Act says that whether a risk is inherent to an activity is a question of law. (Flesch Readability Score: 76.5). [Digest: The Act says that an operator can make a person doing sports, fitness or recreation waive some claims for negligence. The Act says that some types of claims may not be waived. (Flesch Readability Score: 82.2).] Provides that an operator may require a participant in a sport, fitness or recreational activity to release the operator for claims for ordinary negligence under certain circumstances. Specifies certain types of claims that may not be waived. Provides that in a claim for damages for injuries sustained while a participant is engaged in a sport, fitness or recreational activity, whether a risk is inherent to the activity is a question of law. Declares an emergency, effective on passage.",3,2026-03-05,https://legiscan.com/OR/bill/SB1517/2026
OR,2101028,,Relating to worker protections.,"This Act updates the laws on what wages must be paid to workers who engage in certain domestic services. (Flesch Readability Score: 67.3). [Digest: The Act directs BOLI to study issues about worker protections. The Act tells BOLI to submit a report by September 15 of next year. (Flesch Readability Score: 60.7).] [Requires the Bureau of Labor and Industries to study issues relating to worker protections. Directs the bureau to submit findings to the interim committees of the Legislative Assembly related to labor and business no later than September 15, 2027.] [Sunsets on January 2, 2028.] Clarifies the meaning of ""companionship services"" for purposes of minimum wage and overtime requirements for certain individuals performing such services.",4,2026-03-04,https://legiscan.com/OR/bill/SB1518/2026
OR,2101518,,Relating to total disability.,"The Act would change how total disability comp is set. (Flesch Readability Score: 69.7). [Digest: The Act would pay a temp total disability comp claim based on the part of weekly pay that is at or below, or more than, 75% of the average weekly wage for the state. (Flesch Readability Score: 60.3).] [Provides that the percentage of a worker's wage paid as compensation during a period of temporary total disability shall be determined by the portion of the worker's wage that is less than or equal to, or greater than, 75 percent of the state average weekly wage.] Changes the formula for determining permanent and temporary total disability compensation.",3,2026-03-03,https://legiscan.com/OR/bill/SB1519/2026
OR,2101293,,Relating to the administration of moneys within the Paid Family and Medical Leave Insurance Fund; and prescribing an effective date.,This Act directs OED to adopt rules for administering the funds in the Paid Family and Medical Leave Insurance Fund. The Act becomes law 91 days after sine die. (Flesch Readability Score: 63.7). Authorizes the Director of the Employment Department to adopt rules establishing an accounting system for handling moneys in the Paid Family and Medical Leave Insurance Fund. Takes effect on the 91st day following adjournment sine die.,4,2026-03-04,https://legiscan.com/OR/bill/SB1520/2026
OR,2101573,,Relating to local requirements to develop affordable housing.,"This Act makes Portland-area cities and counties make up the usual costs to a builder when making the builder add low-cost homes. (Flesch Readability Score: 61.4). Prohibits cities and counties within the Portland MSA from enforcing requirements that developers provide affordable units in multiunit dwellings unless the city or county first calculates the developers' average expected losses due to providing affordable housing and the city or county offsets those losses. Becomes operative for rental housing on January 1, 2028. Becomes operative for all housing on January 1, 2029.",3,2026-03-04,https://legiscan.com/OR/bill/SB1521/2026
OR,2101190,,Relating to housing.,"This Act makes OHCS study housing. (Flesch Readability Score: 87.9). Requires the Housing and Community Services Department to study housing. Directs the department to submit findings to the interim committees of the Legislative Assembly related to housing no later than September 15, 2027. Sunsets on January 2, 2028.",6,2026-03-06,https://legiscan.com/OR/bill/SB1522/2026
OR,2101579,,Relating to electronic access to residential tenancies; and prescribing an effective date.,"This Act allows a tenant or applicant for housing to opt not to use a tenant portal or to pay by card or electronic means. (Flesch Readability Score: 63.0). Defines ""tenant portal"" for the purposes of residential tenancies. Requires landlords to provide an alternative to a tenant portal in response to a request from an applicant or tenant under certain circumstances. Prohibits landlords from requiring payments via a tenant portal, card or electronic means. Requires landlords to provide an alternative to a tenant portal to access common areas of the premises. Allows landlords to charge tenants for payment processing fees for payments made by credit card or tenant portal. Takes effect on the 91st day following adjournment sine die.",4,2026-03-17,https://legiscan.com/OR/bill/SB1523/2026
OR,2101025,,Relating to horse racing.,"The Act uses money from the lottery to support horse racing. (Flesch Readability Score: 64.9). Creates a continuing allocation of lottery revenues to support specified horse racing events and facilities. Becomes operative July 1, 2027.",6,2026-03-06,https://legiscan.com/OR/bill/SB1524/2026
OR,2101491,,Relating to organizations relevant to Oregon's coastal resources; and prescribing an effective date.,"This Act creates the Blue Economy Task Force and lets the Oregon Ocean Science Trust form a nonprofit. (Flesch Readability Score: 66.3). Establishes the Blue Economy Task Force. Directs the task force to study Oregon's blue economy and submit a report to the Legislative Assembly no later than September 15, 2027. Authorizes the Oregon Ocean Science Trust to create and maintain a nonprofit organization. Takes effect on the 91st day following adjournment sine die.",3,2026-03-05,https://legiscan.com/OR/bill/SB1525/2026
OR,2101477,,Relating to the facilitation of projects.,"Tells ODOE to apply for moneys to pay for the formation of a new entity that can finance projects. (Flesch Readability Score: 62.8). Requires the State Department of Energy to apply for grant moneys from the State Agency Program Fund to cover the costs and expenses of carrying out pre-startup activities and forming a nonprofit entity. Allows the department to also apply for moneys from other sources. Directs the department to carry out pre-startup activities, including [recruiting and] convening a founding board and filling the founding board's membership, if the department secures sufficient grant moneys. Directs the founding board to form a nonprofit entity for the purpose of financing clean energy and resilience projects. Requires the entity to report annually to the appropriate committees or interim committees of the Legislative Assembly. Directs the Oregon Business Development Department and the State Department of Energy to work with the entity.",6,2026-03-06,https://legiscan.com/OR/bill/SB1526/2026
OR,2101542,,Relating to health care.,"The Act tells some health insurers, OEBB and PEBB to pay for some cancer screenings and exams. (Flesch Readability Score: 80.0). [Digest: The Act tells health insurers to pay for some cancer screenings and exams. (Flesch Readability Score: 76.5).] Prohibits cost-sharing on certain health insurance, Oregon Educators Benefit Board and Public Employees' Benefit Board coverage of cervical cancer screenings and follow-up examinations.",4,2026-03-17,https://legiscan.com/OR/bill/SB1527/2026
OR,2101587,,Relating to health care.,"This Act expands what a drug manufacturer must report on each year. Starts on 1/1/2028. (Flesch Readability Score: 63.8). [Digest: The Act tells OHA to study health care. (Flesch Readability Score: 92.9).] [Requires the Oregon Health Authority to study health care. Directs the authority to submit findings to the interim committees of the Legislative Assembly related to health care no later than September 15, 2027.] [Sunsets on January 2, 2028.] Expands drug manufacturer annual reporting requirements to include all patient assistance programs offered or funded by the manufacturer that provided assistance to consumers in this state in the previous calendar year. Becomes operative on January 1, 2028.",6,2026-03-06,https://legiscan.com/OR/bill/SB1528/2026
OR,2101410,,Relating to health care.,"The Act tells OHA to study health care. (Flesch Readability Score: 92.9). Requires the Oregon Health Authority to study health care. Directs the authority to submit findings to the interim committees of the Legislative Assembly related to health care no later than September 15, 2027. Sunsets on January 2, 2028.",6,2026-03-06,https://legiscan.com/OR/bill/SB1529/2026
OR,2101608,,Relating to crime; declaring an emergency.,"The Act changes a crime to include subjecting a public official to alarm by conveying a threat. The Act goes into effect when the Governor signs it. (Flesch Readability Score: 64.6). Expands the crime of aggravated harassment to include threats concerning public officials in specified circumstances. Punishes by a maximum of five years' imprisonment, a fine of up to $125,000, or both. Declares an emergency, effective on passage.",6,2026-03-06,https://legiscan.com/OR/bill/SB1530/2026
OR,2101472,,Relating to funding for emergency medical services.,"The Act tells OHA to conduct a study about EMS funding. (Flesch Readability Score: 72.6). Requires the Oregon Health Authority to study the feasibility of funding emergency medical services through a universal health care model. Directs the authority to submit findings to the interim committees of the Legislative Assembly related to emergency management no later than September 15, 2027. Sunsets on January 2, 2028.",6,2026-03-06,https://legiscan.com/OR/bill/SB1531/2026
OR,2101231,,Relating to services for vulnerable persons; and declaring an emergency.,"The Act makes changes to laws about long term care facilities and persons who provide I/DD services. The Act modifies laws about out-of-state placements of children in care and when DHS can find that a person abused a child in care. (Flesch Readability Score: 64.6). Adds requirements for imposing a condition on the license of a residential care facility or long term care facility in response to a preliminary finding or substantiated finding of immediate jeopardy. Directs the Department of Human Services to adopt a model consent form for the use of a video camera or other electronic monitoring device in a resident's room at a residential care facility. Requires the department and the Oregon Health Authority to achieve full compliance with certain provisions of chapter 619, Oregon Laws 2025, no later than January 1, 2027. Requires the department, in setting agency payment rates, to adopt a differentiated rate model for [providers of attendant care services] agencies that employ direct support professionals who reside with their clients. Creates exceptions to certain child placement limitations. Modifies certain provisions regarding the use of restraints on children in care. Declares an emergency, effective on passage.",4,2026-03-17,https://legiscan.com/OR/bill/SB1532/2026
OR,2101070,,Relating to the rights of children in care; and declaring an emergency.,"The Act makes changes to the Oregon Foster Children's Bill of Rights and the Oregon Foster Children's Sibling Bill of Rights. The Act requires DHS to tell some people that a DHS employee cannot give legal advice to them. (Flesch Readability Score: 69.9). [Digest: The Act makes changes to the Oregon Foster Children's Bill of Rights and the Oregon Foster Children's Sibling Bill of Rights.] [The Act excludes a child's parents from some laws about abuse of a child in care and requires DHS to tell some people that a DHS employee cannot give legal advice to them. (Flesch Readability Score: 65.0).] Modifies the Oregon Foster Children's Bill of Rights and the Oregon Foster Children's Sibling Bill of Rights. [Creates an exception to abuse of a child in care provisions when the suspected abuse was committed by the parent of the child in care.] Requires the Department of Human Services to notify a child's parents or guardians that the department representative is acting on behalf of the department and cannot give the parent or guardian legal advice. Declares an emergency, effective on passage.",3,2026-03-02,https://legiscan.com/OR/bill/SB1533/2026
OR,2101300,,Relating to the welfare of young people; declaring an emergency.,"The Act makes changes to laws about children in care and CCA regulation. (Flesch Readability Score: 69.9). Modifies provisions regarding abuse of children in care. Modifies provisions regarding licensing of child-caring agencies. Modifies provisions regarding out-of-state placements of children in care. Declares an emergency, effective on passage.",6,2026-03-06,https://legiscan.com/OR/bill/SB1534/2026
OR,2101337,,Relating to child care; and prescribing an effective date.,"The Act allows ELC to change some standards for who can use a day care subsidy program. The Act tells DELC to create a work group to study and report to the Senate and the House on liability insurance issues for child care providers and on how to increase access and reduce costs for those providers. The Act sunsets the work group in 2029. The Act takes effect 91 days after session ends. (Flesch Readability Score: 67.7). [Digest: The Act tells DELC to study child care and submit a report to the legislature. (Flesch Readability Score: 73.1).] [Requires the Department of Early Learning and Care to study child care. Directs the department to submit findings to the interim committees of the Legislative Assembly related to child care no later than September 15, 2027.] [Sunsets on January 2, 2028.] Allows the Early Learning Council to modify the priority given to families receiving temporary assistance for needy families for participation in the Employment Related Day Care subsidy program. Directs the Department of Early Learning and Care to convene a work group to study the cost and availability of liability insurance and other liability issues for child care providers. Identifies work group participants. Directs the work group to report to the Legislative Assembly on options to increase child care provider access to liability insurance, to reduce the financial burden of liability insurance on child care providers and to use other strategies to address liability issues for child care providers. Requires the work group to submit the report to the Legislative Assembly by November 1, 2027. Sunsets the work group on January 2, 2029. Takes effect on the 91st day following adjournment sine die.",3,2026-03-04,https://legiscan.com/OR/bill/SB1535/2026
OR,2101389,,Relating to educational assessments.,"Directs ODE to conduct a study about tests given in public schools. (Flesch Readability Score: 67.7). Requires the Department of Education to study the adequacy of assessments administered in the public schools of this state. Directs the department to submit findings to the interim committees of the Legislative Assembly related to education no later than September 15, 2027. Sunsets on January 2, 2028.",6,2026-03-06,https://legiscan.com/OR/bill/SB1536/2026
OR,2101172,,Relating to boards of education of community college districts; declaring an emergency.,"This Act changes some laws related to the board of a community college. This Act takes effect when the Governor signs it. (Flesch Readability Score: 72.6). Requires the members of a board of education of a community college district to have an official electronic mail address that is posted on a publicly accessible website. Requires the board to include at least one nonvoting member of the board who is a student at a community college in the district. Requires the board to report to the Legislative Assembly on the board's compliance with certain provisions of the Act. Modifies requirements for filling vacancies on the board. Declares an emergency, effective on passage.",6,2026-03-06,https://legiscan.com/OR/bill/SB1537/2026
OR,2101212,,Relating to conduct of public education; and prescribing an effective date.,"Tells schools how to respond to immigration issues. (Flesch Readability Score: 61.2). Requires district school boards to admit all students to all schools and instructional programs of the school district. Prohibits discrimination in education related to immigration or citizenship status. Makes limited exceptions. Adds requirements for model policies prepared by the Attorney General related to immigration enforcement at public schools. Requires school districts and education service districts to [adopt related policies and procedures and to provide training to district employees related to the policies and procedures] provide applicable model policies to employees. Takes effect July 1, 2026.",4,2026-03-17,https://legiscan.com/OR/bill/SB1538/2026
OR,2101355,,Relating to providing animal health care.,"The Act says a person might be allowed to do certain jobs with animals, like checking if cows are pregnant, even if they are not veterinarians. Allows the OSVMEB to adopt rules to explain when this is okay. (Flesch Readability Score: 62.8). [Digest: The Act says a person might be allowed to do certain jobs with animals, like checking if cows are pregnant, even if they are not veterinarians. Allows the ODA to adopt rules to explain when this is okay. (Flesch Readability Score: 65.1).] Allows an individual to verify whether cattle are pregnant without holding a valid license issued by the Oregon State Veterinary Medical Examining Board under certain circumstances. Permits the [State Department of Agriculture] board to adopt rules. Sunsets on January 1, 2031.",3,2026-02-27,https://legiscan.com/OR/bill/SB1539/2026
OR,2101157,,Relating to property insurance; prescribing an effective date.,"Tells an insurer to give to a state agency the details of models the insurer uses to score property for wildfire risk. Tells the insurer to give notice about what actions a policy holder can take to better the risk score. Takes effect 91 days after the session ends. (Flesch Readability Score: 62.4). Requires an insurer that uses a catastrophe model or wildfire risk model or scoring method to provide the Director of the Department of Consumer and Business Services a description of each model or scoring method, along with related information, and an explanation of how the insurer uses the model or scoring method in underwriting decisions. Specifies [elements] that an insurer must [include in] incorporate applicable community-level mitigation actions and property-specific mitigation actions into each model and requires the insurer to give a premium discount or adjustment, or other incentive, to a policy holder that demonstrates having undertaken a property-specific mitigation action or that a community-level mitigation action occurred in proximity to the policy holder's property. Requires an insurer to post on the insurer's website, and provide to an applicant for insurance or a policy holder seeking a renewal, information about premium discounts or adjustments, or other incentives, that are available to applicants or policy holders that undertake a property-specific mitigation action or demonstrate that a community-level mitigation action occurred in proximity to the applicant's or policy holder's property. Permits an applicant or policy holder to appeal an insurer's classification of the applicant's or policy holder's property or to dispute the amount of a premium discount or adjustment or other incentive the insurer provides. Takes effect on the 91st day following adjournment sine die.",6,2026-03-06,https://legiscan.com/OR/bill/SB1540/2026
OR,2101560,,Relating to greenhouse gas emissions; prescribing an effective date.,This Act creates a program to recover the costs of climate change. (Flesch Readability Score: 81.8). Establishes the Climate Superfund Cost Recovery Program as an interagency response to the effects of climate change. Directs the Department of Land Conservation and Development to serve as the lead agency of an interagency team. Requires [the department] certain agencies to conduct an assessment on the costs of greenhouse gas emissions. Directs the Department of Environmental Quality to issue cost recovery demand notices to entities determined to be responsible for the costs of climate change. Establishes the Climate Superfund Cost Recovery Program Account. Takes effect on the 91st day following adjournment sine die.,6,2026-03-06,https://legiscan.com/OR/bill/SB1541/2026
OR,2101603,,Relating to transportation.,Directs OTC to create a 10-year CIP. The CIP must include a way to score and rank projects before they are added to the STIP. The Act tells ODOT to report on how the roads are faring. The OTC must add more information to its website. (Flesch Readability Score: 86.9). Directs the Oregon Transportation Commission to create a 10-year capital investment plan. Provides that the plan must include a scoring methodology to prioritize and rank projects that are included in the Statewide Transportation Improvement Program. Specifies requirements for the scoring methodology. Adds criteria to the list the commission must consider before adding a project to the Statewide Transportation Improvement Program. Requires the Department of Transportation to produce a condition report on the highways. Specifies additional information the commission must include on its website.,6,2026-03-06,https://legiscan.com/OR/bill/SB1542/2026
OR,2101435,,Relating to transportation; declaring an emergency.,"The Act makes changes to OTC and tells the OTC to make a policy about how to handle debt for road projects. The Act says that ODOT may still ask to issue bonds, but first it must let the OTC know and review the request. (Flesch Readability Score: 82.4). Modifies membership of the Oregon Transportation Commission. Directs the commission to develop a debt financing management policy for all forms of debt financing issued to finance highway projects. Provides that before the Department of Transportation may request the State Treasurer to issue bonds, the department must first submit the proposed request to the Oregon Transportation Commission for review. Declares an emergency, effective on passage.",6,2026-03-06,https://legiscan.com/OR/bill/SB1543/2026
OR,2101568,,Relating to transportation; and prescribing an effective date.,"The Act changes laws about dismantlers. The Act alters a defined term used in laws about funding public transit. (Flesch Readability Score: 68.0). [Digest: The Act tells ODOT to report on its progress with current requirements. The Act tells ODOT to create a database like WDOT has and create a transportation university like other states have. The Act tells the director of ODOT to use the central office for project delivery work instead of the regional offices. The Act ends the JCT. The Act changes laws about dismantlers. The Act says certain entities may get funds to provide public transportation services. (Flesch Readability Score: 60.8).] [Directs the Department of Transportation to report on a required audit, progress in implementing design practices, establishing a transportation university and the creation of a database equivalent to one created by the State of Washington.] [Directs the Director of Transportation to centralize project delivery efforts.] [Eliminates the Joint Committee on Transportation.] Makes changes to laws regulating dismantlers. Expands the definition of ""qualified entity"" for purposes of public transportation funding. Takes effect on the 91st day following adjournment sine die.",3,2026-03-05,https://legiscan.com/OR/bill/SB1544/2026
OR,2101299,,Relating to corner crossing; declaring an emergency.,"This Act lets a person cross from one parcel of public land to another without committing a trespass. (Flesch Readability Score: 61.6). Establishes immunity from action for trespass for persons that corner cross on public land. Establishes immunity for landowner for damages due to negligence or gross negligence arising out of corner crossing. Excludes lawful corner crossing from the definition of ""enter or remain unlawfully"" for purposes of criminal trespass laws. Declares an emergency, effective on passage.",6,2026-03-06,https://legiscan.com/OR/bill/SB1545/2026
OR,2101544,,Relating to artificial intelligence companions.,"Tells those who make AI software to tell users that the users are talking to software, not a human. Tells them they must try to prevent users from getting output that causes suicidal feelings or thoughts. (Flesch Readability Score: 71.0). Requires operators of artificial intelligence companions and artificial intelligence companion platforms to provide notice to users that the users are interacting with artificial output if a reasonable person that interacts with the artificial intelligence companion or artificial intelligence companion platform would believe that the person was interacting with a natural person. Requires the operators to have in place a protocol for detecting suicidal ideation or intent or self-harm ideation or intent and to prevent output that could cause such ideation or intent in users. Specifies minimum contents of the protocol, including referral to an appropriate crisis lifeline and additional intervention informed by clinical best practices and expertise. Requires an operator to make certain statements and disclosures if the operator has reason to believe that a user that interacts with the operator's artificial intelligence companion or artificial intelligence platform is a minor. Requires the operator to take reasonable steps to prevent the artificial intelligence companion from generating statements that would lead a reasonable person to believe that the person was interacting with a natural person and to require the artificial intelligence companion to make certain other statements. Requires an operator to post a report each year on a publicly accessible website that discloses incidents in which the operator referred a user to resources to prevent suicidal ideation, suicide or self-harm. Allows a user that suffers ascertainable harm to bring an action for damages and injunctive relief.",3,2026-03-04,https://legiscan.com/OR/bill/SB1546/2026
OR,2101052,,Relating to licensed behavioral health and wellness practitioners; and prescribing an effective date.,"The Act makes a new profession called a licensed behavioral health and wellness practitioner. The Act says what the licensee can do. The Act also says that the licensee has to report some kinds of abuse. (Flesch Readability Score: 67.7). Authorizes the Oregon Board of Psychology to issue a license to practice behavioral health promotion, prevention and brief intervention to a qualified applicant. Defines the ""practice of behavioral health promotion, prevention and brief intervention"" and ""licensed behavioral health and wellness practitioner."" Prohibits a person from using the title ""licensed behavioral health and wellness practitioner"" without a license. Creates a licensed behavioral health and wellness practitioner-client privilege for certain communications. Requires a licensed behavioral health and wellness practitioner to report certain types of abuse. Takes effect on the 91st day following adjournment sine die.",4,2026-03-17,https://legiscan.com/OR/bill/SB1547/2026
OR,2101481,,Relating to marijuana; prescribing an effective date.,"The Act says that cannabis edibles have to be in single-unit packages. The Act also says how strong one edible can be. (Flesch Readability Score: 64.9). [Digest: The Act says that cannabis edibles have to be in single unit packages and says how strong one edible can be. The Act also tells OLCC to make sure that cannabis items include some health information for the buyer. (Flesch Readability Score: 61.2).] Requires cannabinoid edibles to be individually packaged and allows up to 10 milligrams of adult use cannabinoid per individual cannabinoid edible. [Requires cannabinoid edibles and other cannabinoid products to be packaged in a manner that is tailored judiciously to the specific purpose of protecting minors from the negative health effects of unlawfully using cannabinoids edibles and other cannabinoid products. Allows local governments to establish buffer zones of more than 1,000 feet around adult use cannabis and medical marijuana operations in the interest of public health and safety.] Becomes operative January 1, 2027. [Requires the Oregon Liquor and Cannabis Commission to adopt rules to require that marijuana items and inhalant delivery systems that contain industrial hemp-derived cannabinoids bear a label, or include an insert, describing certain risks of using marijuana items and inhalant delivery systems that contain industrial hemp-derived cannabinoids. Becomes operative July 1, 2027.] Takes effect on the 91st day following adjournment sine die.",6,2026-03-06,https://legiscan.com/OR/bill/SB1548/2026
OR,2101134,,Relating to a tax credit for political contributions; prescribing an effective date.,"The Act makes a bigger amount for the tax credit that is allowed for gifts of money to political parties or to people who run for office. (Flesch Readability Score: 60.3). Increases the maximum allowable amount of political contribution personal income tax credit. Applies to tax years beginning on or after January 1, 2026, and before January 1, 2028. Takes effect on the 91st day following adjournment sine die.",6,2026-03-06,https://legiscan.com/OR/bill/SB1549/2026
OR,2101279,,Relating to scrutinizing death.,"This Act changes laws related to what government must do after a person dies in some situations. (Flesch Readability Score: 60.1). Directs [law enforcement] specified investigators of deaths of decedents, prior to making any findings as to the cause or manner of death where the decedent is suspected to have died from suicide, [overdose or] accident or other undetermined cause, to review documented evidence of abuse and interview family members of the decedent if the decedent has a history as a victim of domestic violence or child abuse and certain conditions exist. [Requires law enforcement to submit a written request to the district medical examiner for the performance of an autopsy if a reasonable basis exists that the death of the decedent may be the result of domestic violence or child abuse.] [Directs a medical examiner or district attorney to order the performance of an autopsy in certain circumstances.] Directs the law enforcement officer or district medical examiner to request further post-mortem examination of the decedent if a reasonable basis exists to suspect the death is a homicide due to domestic violence or child abuse. Directs the Chief Medical Examiner to engage in collaborative consultation regarding appropriate actions to take. Prohibits the release of the body of the decedent until the consultation has occurred and recommended actions have been completed. Authorizes appropriate post-mortem assessments. Provides that certain individuals may examine and obtain copies of evidence generated during an autopsy or investigation of death. Requires law enforcement to provide notice of rights to certain members of the decedent's family upon opening an investigation of a death that is suspected to have been caused by suicide[, overdose or accident] or occurred under suspicious circumstances.",6,2026-03-06,https://legiscan.com/OR/bill/SB1550/2026
OR,2101159,,Relating to fire hardening of residential properties; and prescribing an effective date.,This Act stops HOAs or deed terms from limiting an owner from upgrading the fire safety of materials in their home. (Flesch Readability Score: 60.6). Invalidates deed restrictions and planned community governing documents prohibiting the [removal] replacement of nonfire-hardened building materials or installation of fire-hardened building materials on residential properties. Limits a homeowners association's ability to enforce regulations that would constrain installation of fire-hardened building materials. Applies to new and existing deed restrictions and planned communities. Takes effect on the 91st day following adjournment sine die.,3,2026-03-02,https://legiscan.com/OR/bill/SB1551/2026
OR,2101359,,Relating to the transfer of real property; declaring an emergency.,"The Act would make the county clerk let an owner know when the clerk gets a document that affects the title to the owner's real property. The Act would make an exception for documents that are turned in by real estate professionals. (Flesch Readability Score: 66.6). Requires the county clerk to notify the owner of real property when an instrument affecting the title to the property is presented for recordation unless presented by a financial institution, an insurer or an attorney, or an employee or agent of the professional person. Declares an emergency, effective on passage.",6,2026-03-06,https://legiscan.com/OR/bill/SB1552/2026
OR,2101140,,Relating to wildfires resulting from the fault of an electric company; declaring an emergency.,"Bans the recoupment of certain costs that a power company incurs from claims based on a wildfire. (Flesch Readability Score: 65.1). Prohibits an electric company from recovering from retail electricity consumers certain litigation or settlement costs or expenses if a court or jury finds that a wildfire resulted from the negligence or a higher degree of fault on the part of the electric company. Requires an electric company that has been found to be liable for damages in a civil action arising out of allegations that the conduct of the electric company caused or substantially contributed to a wildfire to establish and maintain a qualified escrow fund for the benefit of those persons to whom the electric company is found to be liable. Provides that an electric company that is found to be liable for damages in a civil action arising out of allegations that the conduct of the electric company caused or substantially contributed to a wildfire shall also be liable for any federal income tax liability that a plaintiff or class member owes or pays on amounts the plaintiff or class member receives in relation to the civil action. [Provides jurisdiction to the Supreme Court to hear and determine all appeals from the circuit court in any civil action arising out of allegations that the conduct of the electric company caused or substantially contributed to a wildfire.] Establishes the Wildfire Recovery Fund, to become operative January 1, 2027. Directs that 60 percent of the punitive damages awarded in a civil action arising out of allegations that the conduct of the electric company caused or substantially contributed to a wildfire be deposited in the Wildfire Recovery Fund. Reserves the first $50 million deposited in the fund to be payable to the Criminal Injuries Compensation Account. Applies to wildfires ignited on or after January 1, 2020, and before January 1, 2025. Declares an emergency, effective on passage.",6,2026-03-06,https://legiscan.com/OR/bill/SB1553/2026
OR,2101183,,Relating to infants born alive.,"The Act requires that a doctor provide the same standard of care to any child born alive that requires life-saving treatment. (Flesch Readability Score: 62.6). Requires a health care practitioner to exercise the proper degree of care to preserve the health and life of a child born alive, regardless of whether the birth was the result of an induced abortion. Allows specified persons to bring an action against a health care practitioner for violations. Allows the court to order that the identity or personally identifiable information of specified persons is protected from disclosure.",6,2026-03-06,https://legiscan.com/OR/bill/SB1554/2026
OR,2101456,,Relating to the constitutional requirements for public education appropriations; declaring an emergency.,"Changes the method that is used to prepare a report on the amount of state money that is used to fund public education. (Flesch Readability Score: 62.1). Directs the Joint Interim Committee on Ways and Means to use a cost model for the purpose of calculating the sum of moneys sufficient to meet the state's system of public education quality goals. Modifies the public education quality goals for the purpose of the cost model and makes related changes specifying when a school district is a standard school district. Abolishes a joint committee related to the appropriation of moneys for public education. Abolishes the Quality Education Commission. Declares an emergency, effective on passage.",6,2026-03-06,https://legiscan.com/OR/bill/SB1555/2026
OR,2101096,,Relating to representation of persons in the magistrate division of the Oregon Tax Court; and prescribing an effective date.,"The Act changes the laws for the magistrate division of the Oregon Tax Court. (Flesch Readability Score: 65.7). Consolidates statutes governing the representation of parties before the magistrate division of the Oregon Tax Court. Applies to proceedings commenced on or after January 1, 2027. Takes effect on the 91st day following adjournment sine die.",3,2026-03-02,https://legiscan.com/OR/bill/SB1556/2026
OR,2101017,,Relating to courts; and prescribing an effective date.,Changes some laws about contempt of court. The Act changes some laws about surrogacy contracts. (Flesch Readability Score: 63.8). [Digest: Changes some laws about contempt of court. (Flesch Readability Score: 78.8).] Modifies provisions relating to contempt proceedings. Modifies provisions relating to the confidentiality of surrogacy agreements.,3,2026-03-03,https://legiscan.com/OR/bill/SB1557/2026
OR,2101565,,Relating to hospital staffing.,"Makes changes to the laws regarding hospital nurse staffing plans. (Flesch Readability Score: 61.3). Requires a vote to adopt a nurse staffing plan by a hospital nurse staffing committee to be documented in the staffing plan. Directs a hospital to implement a hospital-wide nurse staffing plan that has been developed and adopted by the hospital nurse staffing committee or, if the committee has not adopted a plan, a hospital-wide nurse staffing plan that meets the statutory requirements. Directs that the statutory direct care registered nurse-to-patient staffing ratios constitute the nurse staffing plan for a unit if the hospital nurse staffing committee has not adopted a nurse staffing plan for the unit. Changes from four to five the number of patients that a direct care registered nurse may be assigned for a medical-surgical unit under the statutory staffing ratios. Allows a type C hospital to vary from the statutory direct care registered nurse-to-patient staffing ratios. Requires a unit manager to notify the cochairs of the hospital nurse staffing committee after each deviation from a nurse staffing plan. Establishes a maximum amount in civil penalties that may be imposed for violations of the hospital staffing requirements. Directs that all civil penalties collected shall be distributed to the local public health authorities. Prohibits the impositions of civil penalties for violations that occur before July 1, 2027. Modifies what constitutes a single violation for purposes of failure to comply with certain staffing ratios.",6,2026-03-06,https://legiscan.com/OR/bill/SB1558/2026
OR,2101260,,Relating to health care.,"The Act tells OHA to study health care. (Flesch Readability Score: 92.9). Requires the Oregon Health Authority to study health care. Directs the authority to submit findings to the interim committees of the Legislative Assembly related to health care no later than September 15, 2027. Sunsets on January 2, 2028.",6,2026-03-06,https://legiscan.com/OR/bill/SB1559/2026
OR,2101600,,Relating to allowable uses of place of worship.,This Act limits county rules that would limit a church's use of its property. (Flesch Readability Score: 77.8). Limits counties' ability to regulate allowable activities within places of worship.,6,2026-03-06,https://legiscan.com/OR/bill/SB1560/2026
OR,2101399,,Relating to restoration of dwellings damaged by involuntary causes.,This Act allows an owner a separate path to restore a destroyed home. (Flesch Readability Score: 69.9). Requires local governments to approve restoration or replacement of dwellings rendered uninhabitable under an alternative process that is not a land use decision.,3,2026-03-02,https://legiscan.com/OR/bill/SB1561/2026
OR,2101524,,Relating to local taxation; prescribing an effective date.,"The Act would let local transient lodging tax money be used for city or county services provided by a special district in lieu of the city or county. The Act would change the split of tax uses from at least 70 percent for tourism and no more than 30 percent for local services to at least 40 percent and no more than 60 percent. The Act would let local governments with grandfathered tax laws use the new provisions of the Act. The Act would make local governments file a tax revenue report every other year. (Flesch Readability Score: 60.7). Allows city and county services for which net local transient lodging tax revenue may be used to be provided either directly by the city or county or indirectly by a special district. Changes the division of allowable uses of net local transient lodging tax revenue from at least 70 percent for tourism-related expenses and no more than 30 percent for city or county services, to at least 40 percent and no more than 60 percent, respectively. Allows units of local government with restricted grandfathered local transient lodging tax regimes to take advantage of the new provisions of the Act. Establishes biennial reporting by local governments of amounts and uses of local transient lodging tax revenue. Takes effect on the 91st day following adjournment sine die.",6,2026-03-06,https://legiscan.com/OR/bill/SB1562/2026
OR,2101351,,Relating to civil rights; prescribing an effective date.,"The Act lets a person whose civil rights have been violated by a person acting under the color of law sue for damages and other relief. The Act lets a plaintiff who wins this type of suit recover attorney fees. The Act lets a defendant who wins this type of suit recover attorney fees if the plaintiff's claim was frivolous. (Flesch Readability Score: 62.7). Allows a person who has been deprived of rights, privileges or immunities secured by the Oregon Constitution or the laws of this state by a person acting under color of law to bring a civil action for economic and noneconomic damages and for injunctive or other equitable relief. Provides for the award of attorney fees and costs to a prevailing plaintiff, or to a prevailing defendant if the court finds that a plaintiff's claim was frivolous, unreasonable or without foundation. Takes effect on the 91st day following adjournment sine die.",6,2026-03-06,https://legiscan.com/OR/bill/SB1563/2026
OR,2101411,,Relating to the City of Woodburn's urban growth boundary; prescribing an effective date.,This Act adds land to Woodburn's UGB. (Flesch Readability Score: 100.0). Adds specified lands to the City of Woodburn's urban growth boundary. Requires the city to designate lands for certain development. Takes effect on the 91st day following adjournment sine die.,6,2026-03-06,https://legiscan.com/OR/bill/SB1564/2026
OR,2101041,,Relating to snowmobiles; and prescribing an effective date.,The Act makes snowmobile fees higher. (Flesch Readability Score: 73.8). Increases snowmobile registration fees. Takes effect on the 91st day following adjournment sine die.,3,2026-03-05,https://legiscan.com/OR/bill/SB1565/2026
OR,2101488,,Relating to the prevailing rate of wage; prescribing an effective date.,"Says that a public agency does not need to set a certain wage level for a project that is affordable housing. (Flesch Readability Score: 60.6). Exempts certain projects for public works, primarily related to affordable housing, from the requirement to pay a prevailing rate of wage. Takes effect on the 91st day following adjournment sine die.",6,2026-03-06,https://legiscan.com/OR/bill/SB1566/2026
OR,2101252,,Relating to mixed income housing; and prescribing an effective date.,"This Act lets OHCS make loans for mixed income housing projects. (Flesch Readability Score: 87.9). Authorizes the Housing and Community Services Department to fund mixed income housing. Requires the department to develop a mixed income housing loan program. Establishes the Mixed Income Development Loan Fund for such purposes. Transfers moneys to the fund from the Housing Project Revolving Loan Fund. Requires the department to adopt initial program rules by January 1, 2027. Takes effect on the 91st day following adjournment sine die.",3,2026-03-04,https://legiscan.com/OR/bill/SB1567/2026
OR,2101479,,Relating to perinatal services; and declaring an emergency.,"The Act requires OHA, CCOs and health benefit plans that cover birth and pregnancy costs to also cover doula costs up to stated amounts of service. The Act requires that those entities and health benefit plans also cover lactation counselor costs. The Act requires those changes for contracts or plans that start or renew in 2028 or later. The Act requires the THW Commission to adopt rules about lactation counselors. The Act starts when it is signed. (Flesch Readability Score: 61.5). Establishes coverage levels for doula services in the state medical assistance program and for health benefit plans that provide coverage for pregnancy and childbirth expenses. Requires the Oregon Health Authority, coordinated care organizations and health benefit plans that provide coverage for pregnancy and childbirth to provide coverage for services of lactation counselors. Specifies that minimum coverage level modifications for doula services and required coverage for lactation counselor services become operative on January 1, 2028. Directs the Traditional Health Workers Commission to establish a voluntary registration system for lactation counselors. Becomes operative on January 1, 2028. Creates the Oregon Perinatal Collaborative in the Oregon Health and Science University. Declares an emergency, effective on passage.",3,2026-03-04,https://legiscan.com/OR/bill/SB1568/2026
OR,2101241,,Relating to public employee retirement.,The Act makes some groups of workers police officers for PERS. (Flesch Readability Score: 80.3). Provides that certain members of the Public Employees Retirement System qualify as police officers under the system.,6,2026-03-06,https://legiscan.com/OR/bill/SB1569/2026
OR,2101100,,Relating to protections in health care facilities; and prescribing an effective date.,Limits when a hospital may share certain info. Tells a hospital to assign which areas of the hospital are not open to the public. (Flesch Readability Score: 64.2). [Prohibits a hospital from disclosing for purposes of law enforcement individually identifiable health information or information concerning a person's citizenship or immigration status unless disclosure is required by state or federal law or court order or for ensuring continuity of care.] Requires [a hospital] hospitals to have policies and procedures in place that address how the hospital will respond if a law enforcement authority arrives at the hospital and to designate which areas of the hospital are not open to the public. Makes it an unlawful employment practice for a hospital or federally qualified health center to retaliate or take disciplinary action against an employee for distributing informational or educational materials concerning immigration rights and legal services. Allows an employee alleging a violation to file a complaint with the Bureau of Labor and Industries. Requires hospitals and federally qualified health centers to treat information concerning a person's citizenship or immigration status or a person's country of birth in the same manner as protected health information. Prohibits hospitals and federally qualified health centers from disclosing for the purpose of law enforcement information concerning a person's citizenship or immigration status or a person's country of birth unless disclosure is required by state or federal law or an order of a court. Takes effect on the 91st day following adjournment sine die.,3,2026-03-02,https://legiscan.com/OR/bill/SB1570/2026
OR,2101195,,Relating to consumer products for adults; and prescribing an effective date.,"This Act changes some laws that apply to products with tobacco or nicotine. (Flesch Readability Score: 63.4). Adds a definition of ""nicotine"" and expands the definition of ""tobacco products."" [Repeals existing criminal prohibition on the sale of inhalant delivery systems or tobacco products to a person under 21 years of age and replaces the repealed law with a civil prohibition enforced by the Oregon Health Authority. Authorizes imposition of civil penalties for violations.] [Establishes a civil prohibition on providing, without compensation, inhalant delivery systems or tobacco products.] [Authorizes the authority to adopt rules to administer certain laws that apply to inhalant delivery systems and tobacco products.] [Requires any sale of tobacco products, cigarettes, inhalant delivery systems or smokeless tobacco products to occur in person at licensed premises.] Takes effect on the 91st day following adjournment sine die.",3,2026-03-02,https://legiscan.com/OR/bill/SB1571/2026
OR,2101214,,Relating to education; prescribing an effective date.,"Makes changes in the law related to school discipline, high school diplomas and third grade reading. (Flesch Readability Score: 63.6). Authorizes a teacher to immediately remove from the classroom setting a student who repeatedly interferes with the teacher's ability to communicate effectively with the students in the class or with the ability of the students to learn. Prescribes requirements for the return of a student to the classroom setting. Requires a school district to convene a placement review committee when a student is removed from a classroom setting. Requires a student to demonstrate proficiency in specified Essential Learning Skills prior to the student being awarded a high school diploma or a modified diploma. Directs the State Board of Education to adopt academic content standards for language arts based on the science of reading and writing. Prohibits school districts from advancing students who are not able to demonstrate third-grade reading proficiency. Provides exceptions. Takes effect July 1, 2026.",6,2026-03-06,https://legiscan.com/OR/bill/SB1572/2026
OR,2101215,,Relating to syringe service programs.,"The Act says a syringe service program may not operate by a school or child care facility. (Flesch Readability Score: 65.1). Prohibits a syringe service program from operating a mobile or temporary location within 2,000 feet of a school or licensed child care facility. Defines ""syringe service program."" Provides that any person may bring a cause of action for damages against a syringe service program operating in violation of the prohibition.",6,2026-03-06,https://legiscan.com/OR/bill/SB1573/2026
OR,2101050,,Relating to voting at primary elections.,The Act allows certain persons who are 17 years old on the date of a primary to vote in the primary. (Flesch Readability Score: 68.6). Permits a person who will be 17 years of age on the date of a primary election and 18 years of age on the date of the general election to vote at the primary election for candidates of a major political party with which the person is affiliated. Appropriates moneys from the General Fund to the Secretary of State for the purpose of printing and counting additional ballots.,6,2026-03-06,https://legiscan.com/OR/bill/SB1574/2026
OR,2101406,,Relating to hospice licensure; and declaring an emergency.,"The Act makes changes to licensing laws for hospice programs. (Flesch Readability Score: 69.7). Adds new requirements for obtaining an initial license to operate and maintain a hospice program. [Requires a hospice program to apply for a new initial license after a change in ownership.] Prohibits individuals who have been excluded from participation in Medicare or Medicaid or have been found liable for fraud or abuse from holding an ownership interest in a hospice program. Requires the Oregon Health Authority to complete rulemaking within 24 months. Subject to exceptions, prohibits the authority from issuing new hospice licenses until rulemaking is complete. Declares an emergency, effective on passage.",3,2026-03-04,https://legiscan.com/OR/bill/SB1575/2026
OR,2101350,,Relating to accessibility standards for housing; and prescribing an effective date.,Tells two state agencies to set rules for making housing easier to access and use for people with disabilities. Takes effect 91 days after the session ends. (Flesch Readability Score: 61.5). Requires the Director of the Department of Consumer and Business Services to adopt rules to conform the state building code to accessibility requirements under the Fair Housing Act [and to certain American National Standards Institute standards for housing accessibility]. Prohibits the Housing and Community Services Department from funding new rental housing that is a subsidized development unless the housing meets specified accessibility standards. Takes effect on the 91st day following adjournment sine die.,3,2026-03-02,https://legiscan.com/OR/bill/SB1576/2026
OR,2101275,,Relating to the labeling of alternative protein food products.,"The Act says that foods made with plant-based, insect-based or lab-grown proteins are misbranded if their labels imply that they are made of meat or eggs. (Flesch Readability Score: 66.5). Provides that a manufactured-protein food product that bears a label suggesting that the food product is made from meat is misbranded unless the food product label contains text disclosing that the food product is not made from meat. Provides that a fabricated-egg food product that bears a label suggesting that the food product is made from eggs is misbranded unless the food product label contains text disclosing that the food product is not made from eggs.",6,2026-03-06,https://legiscan.com/OR/bill/SB1577/2026
OR,2101074,,Relating to rural residential development.,"This Act allows rural counties to zone up to 50 acres for homes and allows more rural ADUs. (Flesch Readability Score: 66.3). Allows counties with a population density of less than 30 people per square mile to rezone up to 50 acres to be divided and developed for residential dwellings of at least five units per acre. Sunsets January 2, 2034. Expands allowed development of accessory dwelling units to farmland with certain existing nonfarm dwellings. Allows the development of larger rural accessory dwelling units.",6,2026-03-06,https://legiscan.com/OR/bill/SB1578/2026
OR,2101338,,Relating to false reports of child abuse; prescribing an effective date.,"The Act increases the penalty for making a false report of child abuse. (Flesch Readability Score: 63.4). Modifies the offense of making a false report of child abuse. Punishes a first offense by a maximum of six months' imprisonment, $2,500 fine, or both. Punishes a second offense by a maximum of 364 days' imprisonment, $6,250 fine, or both. Punishes a third or subsequent offense by a maximum of five years' imprisonment, $125,000 fine, or both. Takes effect on the 91st day following adjournment sine die.",6,2026-03-06,https://legiscan.com/OR/bill/SB1579/2026
OR,2101440,,Relating to compensation for journalism.,"Requires a covered platform to have an agreement in order to access the online content of a news provider. Creates a group for civic information to give grants. (Flesch Readability Score: 62.7). Prohibits an online news aggregating platform from accessing for an Oregon audience the online content of a digital journalism provider without an agreement. Specifies requirements that an agreement must meet. Creates a private cause of action that a digital journalism provider may bring against a platform if the platform accesses for an Oregon audience the online content of the digital journalism provider without an agreement or fails to comply with an agreement. Allows for the recovery of the greater of statutory or actual damages, and for punitive damages. Bars a cause of action if the platform is participating in arbitration or in compliance with a final arbitration order, judgment or settlement agreement. Bars a cause of action for access that occurs between January 1, 2027, and December 31, 2028, if the platform elects to pay a certain sum amount. Allows a platform or group of digital journalism providers to initiate an arbitration process to determine a percentage of the platform's advertising revenue to be remitted to the digital journalism providers. Requires platforms to report annually certain information about compensation paid to digital journalism providers. Establishes the Oregon Civic Information Consortium. Directs the consortium to award grants for applicants that seek to improve civic information.",6,2026-03-06,https://legiscan.com/OR/bill/SB1580/2026
OR,2101550,,Relating to school meals; prescribing an effective date.,"Makes school meals available at no cost. (Flesch Readability Score: 78.8). Requires school districts to offer lunch and breakfast to students at no charge, regardless of income. Provides exceptions. Requires school districts that make breakfast accessible at a school site to make breakfast accessible at the school site after the beginning of the day. [Prescribes nutrition standards for reimbursable meals that are paid for by state sources.] Takes effect on July 1, 2026.",6,2026-03-06,https://legiscan.com/OR/bill/SB1581/2026
OR,2101179,,Relating to energy; prescribing an effective date.,"Makes each power company create a program for buying grid services. (Flesch Readability Score: 64.9). Requires each electric company to develop a distributed power plant program for the procurement of grid services to be provided by distributed energy resources. Specifies the grid services that may be eligible for compensation and the classes of distributed energy resources technologies that must be eligible to provide the grid services. Allows a customer to enroll directly or through a third party in an electric company's distributed power plant program. Requires an electric company to use a standard offer, open access tariff. Allows an electric company to recover in rates prudently incurred costs associated with the program. Directs the Public Utility Commission to develop and adopt annual procurement targets and performance incentives. Allows an electric company to earn performance incentives for meeting program targets. Requires each electric company to file an annual report with the commission on the status of the electric company's distributed power plant program, including the capacity enrolled in the program. Provides for initial requirements and an implementing timeline. Requires an initial distributed power plant program to provide compensation for system-wide peak load reduction that is provided by an energy storage device that is a battery. Takes effect on the 91st day following adjournment sine die.",6,2026-03-06,https://legiscan.com/OR/bill/SB1582/2026
OR,2101508,,Relating to substance use.,The Act transfers duties from the OAC to a new committee within the CJC. (Flesch Readability Score: 77.8). Establishes the Behavioral Health and Deflection Committee within the Oregon Criminal Justice Commission. Directs the committee to administer grant programs for Behavioral Health Resource Networks and deflection programs. Transfers the duties of the Oversight and Accountability Council to the committee.,6,2026-03-06,https://legiscan.com/OR/bill/SB1583/2026
OR,2101570,,Relating to the creation of credits for the restoration of salmon habitat; prescribing an effective date.,"This Act tells the DSL to make a pilot program for owners of land to restore salmon habitat. (Flesch Readability Score: 71.0). Directs the Department of State Lands, in consultation with the State Department of Fish and Wildlife, to develop a salmon credit pilot program to encourage the voluntary restoration of salmonid habitat in the Coquille and Coos watershed basins. Establishes the Salmon Credit Trust Fund. Directs the Department of State Lands and the State Department of Fish and Wildlife to consult with the United States Army Corps of Engineers to seek federal approval for a bank instrument and authorization of activities that occur in navigable waters of the United States. Becomes operative on the date that the federal authorization and bank instrument are approved. Provides that the Department of State Lands may not approve a salmon credit project on or after January 1 of the sixth year following federal approval. Takes effect on the 91st day following adjournment sine die.",6,2026-03-06,https://legiscan.com/OR/bill/SB1584/2026
OR,2101315,,Relating to matching grants for cities; and prescribing an effective date.,The Act would set a maximum percent required for matching grants made by the state to small cities for capital projects. (Flesch Readability Score: 64.6). Sets maximum matching fund requirements for state grants to small incorporated cities for certain capital construction and municipal infrastructure and improvements. Takes effect on the 91st day following adjournment sine die.,3,2026-03-06,https://legiscan.com/OR/bill/SB1585/2026
OR,2101030,,Relating to economic development; prescribing an effective date.,"The Act would change the tax credit for semiconductor research. The Act would set up and change some tax breaks for advanced manufacturing, enterprise zones and regionally significant industrial sites. The Act would direct certain state agencies to set up deadlines to process applications for permits and to make the deadlines public. The Act would make those agencies, no later than 60 days after the date on which the Act becomes law, publish a list of the permits that they issue. The Act would change tax and other laws and rezone lands to aid economic growth. (Flesch Readability Score: 60.4). Modifies the tax credit allowed for semiconductor research. Creates and amends certain programs offering tax breaks related to advanced manufacturing, enterprise zones and regionally significant industrial sites. Directs certain state agencies to establish deadlines within which the agency intends to process applications for permits and make the deadlines available to the public. Directs certain state agencies to publish a catalog of permits issued by the agency within 60 days after the effective date of the Act. Adds rural reserves in Washington County to Metro to be used for high-technology and advanced manufacturing purposes. Takes effect on the 91st day following adjournment sine die.",6,2026-03-06,https://legiscan.com/OR/bill/SB1586/2026
OR,2101259,,Relating to data brokers; and prescribing an effective date.,"The Act says that a public body may not give certain data to a data broker unless the data broker says that it will not be used to enforce immigration law. The Act provides certain exceptions. (Flesch Readability Score: 64.0). [Digest: The Act says that a public body may not give certain data to a data broker unless the data broker says that it will not be used to enforce immigration law. A public body can also give out data under public records law or a court order. (Flesch Readability Score: 60.5).] Prohibits public bodies from disclosing personally identifiable information to a data broker unless the data broker attests that the information will not be sold or transferred to any entity that will use it to enforce federal immigration law. Does not apply if disclosure is required under public records law or by a court order. Does not apply if disclosure is made under the same terms and conditions under which the information is available to the general public. [Declares an emergency, effective on passage.] Takes effect on the 91st day following adjournment sine die.",3,2026-03-02,https://legiscan.com/OR/bill/SB1587/2026
OR,2101222,,Relating to inclusive utility investment programs.,Tells each power company to make a program to help pay for energy projects that reduce customers' costs. Sets out program standards. (Flesch Readability Score: 64.9). Requires each electric company to develop an inclusive utility investment program to provide financing for customers' energy efficiency upgrades or renewable energy projects. Requires an inclusive utility investment program to provide savings reflected in the reduction in a customer's electricity or energy utility costs. Allows the Public Utility Commission to establish minimum financial savings standards and adopt and provide electric companies with performance incentives.,6,2026-03-06,https://legiscan.com/OR/bill/SB1588/2026
OR,2101151,,Relating to lobbying; prescribing an effective date.,"The Act says that lobbyists must give certain information to the OGEC. (Flesch Readability Score: 67.7). Requires lobbyists to provide a notice to the Oregon Government Ethics Commission regarding certain information about the lobbyist's representation of certain clients, the lobbyist's compensation and the lobbyist's new or different position on legislative action or administrative action. Provides for the contents of the notice. Takes effect on the 91st day following adjournment sine die.",6,2026-03-06,https://legiscan.com/OR/bill/SB1589/2026
OR,2101322,,Relating to public lands; and declaring an emergency.,"This Act prohibits state public bodies from helping the feds sell their public lands. (Flesch Readability Score: 69.9). Prohibits public bodies from assisting the federal government with privatization of certain federally owned lands. Sunsets January 2, 2032. Declares an emergency, effective on passage.",3,2026-03-02,https://legiscan.com/OR/bill/SB1590/2026
OR,2101431,,Relating to an inland port; prescribing an effective date.,"The Act tells OBDD to study the creation of a new inland port. (Flesch Readability Score: 89.5). Requires the Oregon Business Development Department to study the legislative establishment of an inland port for the purposes of coordinating infrastructure development, improving trade mobility and promoting economic development. Directs the department to submit findings to the interim committees of the Legislative Assembly related to economic development no later than September 15, 2027. Sunsets on January 2, 2028. Takes effect on the 91st day following adjournment sine die.",6,2026-03-06,https://legiscan.com/OR/bill/SB1591/2026
OR,2101490,,Relating to primary elections.,"The Act changes how primary elections are done in this state. The Act changes how certain vacancies in office are filled. (Flesch Readability Score: 71.2). Provides that any elector may vote in a primary election. Requires that all candidates of any political party appear on one ballot at a primary election. Provides that the two candidates who receive the two highest numbers of votes at a primary election are nominated to the general election. Permits a political party to decline to participate in the primary election and to nominate the party's candidates using the party's individual nominating process. Provides for the process by which vacancies in specified offices are to be filled. Permits political parties that endorse candidates at an election to be listed on the ballot. Prohibits political parties from endorsing candidates unless the parties provide for fair and open participation by all electors affiliated with those parties in making the endorsement. Repeals provisions regarding precinct committeepersons, county central committees and state central committees.",6,2026-03-06,https://legiscan.com/OR/bill/SB1592/2026
OR,2101168,,Relating to recreation; declaring an emergency.,"The Act says that an operator may require a person who does recreation to waive some kinds of claims. (Flesch Readability Score: 71.7). [Digest: The Act says that an operator may require a person who does recreation to release the operator from some types of claims. Tells OBDD to study issues for the recreation industry and make a report. (Flesch Readability Score: 60.9).] Provides that an operator may require [an adult] a person who engages in a sport, fitness or recreational activity in various ways to release the operator from claims for ordinary negligence. [Directs the Oregon Business Development Department to study recreation commerce and report to an appropriate committee or interim committee of the Legislative Assembly no later than December 15, 2026.] Declares an emergency, effective on passage.",6,2026-03-06,https://legiscan.com/OR/bill/SB1593/2026
OR,2101119,,Relating to immigration; and declaring an emergency.,"Directs DOJ to consult with OIRA. (Flesch Readability Score: 73.8). Requires the Department of Justice to consult with the Office of Immigrant and Refugee Advancement when the department develops, reviews or updates model policies intended to limit immigration enforcement at public facilities. Declares an emergency, effective on passage.",3,2026-03-02,https://legiscan.com/OR/bill/SB1594/2026
OR,2101433,,Relating to professional workforce; and declaring an emergency.,"The Act says that some boards have to publish some information and make sure staff get trained by January 1, 2028. (Flesch Readability Score: 60.6). Requires a professional licensing board to publish specified guidance regarding licensure and ensure certain staff receive culturally responsive training not later than January 1, 2028. Declares an emergency, effective on passage.",3,2026-03-05,https://legiscan.com/OR/bill/SB1595/2026
OR,2101021,,Relating to play-based learning.,Allows learning by playing to count towards time required by the State Board of Education. (Flesch Readability Score: 61.8). Directs the State Board of Education to allow play-based learning to be considered instructional time for students in kindergarten through grade five.,4,2026-03-17,https://legiscan.com/OR/bill/SB1596/2026
OR,2101294,,Relating to energy generation; prescribing an effective date.,Makes a power provider tell the public the costs to store nuclear waste made from making electric power. (Flesch Readability Score: 61.6). [Digest: Makes a power provider disclose the costs to store the waste made from making electric power. (Flesch Readability Score: 63.6).] Requires an electric utility to disclose to its customers the costs of storing [the] nuclear waste produced by an energy facility in generating electricity. Requires a person who develops an energy facility to disclose to the electric utility and the public the costs of storing [the] any nuclear waste produced by the energy facility in generating electricity. Takes effect on the 91st day following adjournment sine die.,6,2026-03-06,https://legiscan.com/OR/bill/SB1597/2026
OR,2108114,,Relating to access to health services; and declaring an emergency.,"Updates the preventive health services that must be covered by some health benefit plans. Gives the Public Health Officer the power to make some health benefit plans provide coverage for vaccines. Gives the Public Health Officer the power to issue a standing order for a prescription. Takes effect when the Governor signs it. (Flesch Readability Score: 62.4). Requires certain health benefit plans to provide coverage for preventive health services in accordance with federal rules in effect on June 30, 2025, and immunizations recommended by the Public Health Officer in the future. Authorizes the Public Health Officer, or designated physician, to issue a standing order for a prescription to control, prevent, mitigate or treat any infectious or noninfectious disease or other significant public health concern. Declares an emergency, effective on passage.",3,2026-03-03,https://legiscan.com/OR/bill/SB1598/2026
OR,2108067,,Relating to a special election date for Referendum Petition 2026-302; and declaring an emergency.,"The Act says the vote on the transportation ballot measure will be in May. (Flesch Readability Score: 77.8). Moves the election date for the parts of chapter 1, Oregon Laws 2025 (special session), referred to the people by Referendum Petition 2026-302, to the primary election held on May 19, 2026. Sets the procedure for the statewide special election on Referendum Petition 2026-302. Declares an emergency, effective on passage.",4,2026-03-04,https://legiscan.com/OR/bill/SB1599/2026
OR,2111496,,Relating to Legislative Equity Office operations; declaring an emergency.,"The Act changes what can be made public during and after a Rule 27 investigation of charges of rule violations. The Act takes effect when it is signed. (Flesch Readability Score: 65.7). Modifies confidentiality and disclosure standards for records associated with investigations under legislative branch personnel rules. Eliminates the role of an offsite process counselor. Declares an emergency, effective on passage.",6,2026-03-06,https://legiscan.com/OR/bill/SB1600/2026
OR,2111517,,Relating to state financial administration; and declaring an emergency.,"The Act makes changes to the law that are related to budget decisions. (Flesch Readability Score: 69.9). [Digest: The Act fixes an error in a law about judicial pay. (Flesch Readability Score: 72.6).] Amends an incorrect internal reference in a law relating to judicial compensation. Extends the deadline for sex offender classification. Modifies reporting requirements relating to summer learning grants. Eliminates references to monthly pay for certain state officials. Authorizes the use of certain funding for PCB testing. Transfers specified moneys to the General Fund for general governmental purposes. Transfers certain moneys and redirects certain revenues for Department of Transportation operations and maintenance. Removes the cap on transfers of lottery moneys to the County Fair Account. Declares an emergency, effective on passage.",3,2026-03-06,https://legiscan.com/OR/bill/SB1601/2026
OR,2111541,,Relating to state financial administration; and declaring an emergency.,"The Act changes law relating to borrowing by the state for certain projects. (Flesch Readability Score: 63.4). [Digest: The Act changes lottery bonds from prior sessions. (Flesch Readability Score: 61.2).] Modifies amounts authorized for issuance of debt instruments for the biennium. Authorizes issuance of bonds and certificates of participation for Moda Center capital improvement in the current biennium and subsequent biennium, subject to certain conditions. Modifies previously approved lottery bonding provisions. Authorizes issuance of various lottery bonds. Provides that the Oregon State University Cascades Student Health and Recreation Center project is subject to certain requirements related to apprenticeship, outreach and benefits. Declares an emergency, effective on passage.",3,2026-03-06,https://legiscan.com/OR/bill/SB5701/2026
OR,2111533,,Relating to state financial administration; and declaring an emergency.,"The Act changes the budgets and the timelines for state capital projects. (Flesch Readability Score: 60.7). [Digest: The Act sets the amounts allowed to be spent on capital construction. (Flesch Readability Score: 67.7).] Establishes and modifies limits on payment of expenses from specified funds by certain state agencies for capital construction. Extends expiration dates of certain capital construction project approvals and expenditure limitations. Declares an emergency, effective on passage.",3,2026-03-06,https://legiscan.com/OR/bill/SB5702/2026
OR,2111510,,Relating to state financial administration; and declaring an emergency.,"The Act changes the allocation of money from certain funds. (Flesch Readability Score: 61.3). [Digest: The Act is a budget bill for an unspecified state agency. (Flesch Readability Score: 64.9).] [Establishes biennial appropriations and expenditure limitations for ______ for the biennium ending June 30, 2027.] Modifies amounts allocated from the Administrative Services Economic Development Fund, Veterans' Services Fund, Criminal Fine Account, Oregon Marijuana Account and Fund for Student Success. Declares an emergency, effective on passage.",3,2026-03-06,https://legiscan.com/OR/bill/SB5703/2026
OR,2101031,,Celebrating the 250th anniversary of the United States Postal Service.,Honors the USPS for its 250th birthday. (Flesch Readability Score: 66.7). Celebrates the 250th anniversary of the United States Postal Service.,4,2026-02-27,https://legiscan.com/OR/bill/SCR201/2026
OR,2101438,,Urging Oregonians to avoid psychoactive drug use except for legitimate medical purposes.,Warns of the dangers of drug use and urges people not to use them except for medical reasons. (Flesch Readability Score: 71.0). Urges Oregonians to avoid the use of psychoactive drugs except as needed for legitimate medical purposes.,6,2026-03-06,https://legiscan.com/OR/bill/SCR202/2026
OR,2101014,,In memoriam: Moses Ross.,"Pays respect to the life and memory of Moses Ross. (Flesch Readability Score: 78.2). In memoriam: Moses Ross, 1966-2025.",4,2026-03-02,https://legiscan.com/OR/bill/SCR203/2026
OR,2101034,,Honoring the Association of Oregon Counties on the 120th anniversary of its founding.,Honors the AOC on the 120th year since it was founded. (Flesch Readability Score: 72.6). Honors the Association of Oregon Counties on the 120th anniversary of its founding.,4,2026-02-27,https://legiscan.com/OR/bill/SCR204/2026
OR,2101046,,Adjourning sine die the 2026 regular session of the Eighty-third Legislative Assembly.,Ends session. (Flesch Readability Score: 77.9). Adjourns sine die the 2026 regular session of the Eighty-third Legislative Assembly.,4,2026-03-10,https://legiscan.com/OR/bill/SCR205/2026
OR,2101307,,In memoriam: State Senator Aaron Lionel Woods.,"Pays respect to the life and memory of Aaron Woods. (Flesch Readability Score: 78.2). In memoriam: State Senator Aaron Lionel Woods, 1949-2025.",4,2026-03-05,https://legiscan.com/OR/bill/SCR206/2026
OR,2101373,,Establishing procedural rules for legislative branch.,Fixes firm dates for measures during session. (Flesch Readability Score: 66.7). Establishes deadlines and procedural rules for completion of legislative measures for the 2026 regular session of the Eighty-third Legislative Assembly.,4,2026-02-06,https://legiscan.com/OR/bill/SCR207/2026
OR,2111548,,Amending Legislative Branch Personnel Rule 27 and adopting Legislative Branch Personnel Rule 27-C.,"The measure makes changes to LBPR 27 to streamline processes and make the role of the investigator uniform. Says the LEO may help parties to agree as a way to resolve matters. Limits records to be made public to the final report. Defines terms and makes other changes. (Flesch Readability Score: 65.9). Modifies Legislative Branch Personnel Rule 27 to combine conduct report and conduct complaint processes into a single process. Provides that only the final investigative report is disclosable to the public, under certain conditions. Authorizes the Legislative Equity Officer to seek a voluntary resolution of investigations. Permits participating impacted parties to withdraw allegations under certain circumstances. Authorizes the officer to continue investigations even without the participation of any impacted party if evidence supports continuing the investigation. Establishes definitions of ""legislative business"" and ""workplace"" for determining application of the rule. Modifies other definitions and makes the role of investigator the same without regard to impacted parties or respondents. Applies to conduct reports and complaint statements made on or after the date of the adoption of the concurrent resolution, and to investigations of those reports and statements.",6,2026-03-06,https://legiscan.com/OR/bill/SCR208/2026
OR,2129229,,Establishing deadlines for presession-filed legislative measures for the 2027 regular session of the Eighty-fourth Legislative Assembly.,Sets dates for early bill asks for 2027. (Flesch Readability Score: 61.2). Establishes deadlines for presession-filed legislative measures for the 2027 regular session of the Eighty-fourth Legislative Assembly.,4,2026-03-10,https://legiscan.com/OR/bill/SCR209/2026
OR,2101285,,Proposing an amendment to the Oregon Constitution relating to surplus revenue.,"The measure would change the personal kicker to have half the moneys used for schools and wildfire, if the excess revenue was more than a certain amount. (Flesch Readability Score: 60.3). Proposes an amendment to the Oregon Constitution to require a portion of surplus revenue that would otherwise be returned to personal income taxpayers to be used for funding public kindergarten through grade 12 education, community colleges and wildfire prevention and suppression, if surplus revenue exceeds a certain threshold. Refers the proposed amendment to the people for their approval or rejection at the next regular general election.",6,2026-03-06,https://legiscan.com/OR/bill/SJR201/2026
OR,2101235,,Proposing an amendment to the Oregon Constitution relating to the duration of regular sessions of the Legislative Assembly.,Asks voters to say yes or no to adding a day to the length of a regular session for each day that the Senate or the House fails to get a quorum after trying to do so. Asks voters to decide at the next general election. (Flesch Readability Score: 73.1). Proposes an amendment to the Oregon Constitution to extend the duration of a regular session of the Legislative Assembly by one calendar day for each day that the Senate or the House of Representatives fails to achieve a quorum after attempting to do so. Refers the proposed amendment to the people for their approval or rejection at the next regular general election.,6,2026-03-06,https://legiscan.com/OR/bill/SJR202/2026
OR,2101466,,Proposing an amendment to the Oregon Constitution relating to the identifiability of law enforcement officers.,Amends the Constitution to say that there is a right to be free from enforcement of the law by secret police. (Flesch Readability Score: 64.6). [Digest: Amends the Constitution to say that police may not wear masks and must wear ID. (Flesch Readability Score: 78.8).] Proposes an amendment to the Oregon Constitution [providing that law enforcement officers may not be masked and must wear certain identifying information except in specified circumstances] establishing a right to be free from enforcement of the law by secret police. Refers the proposed amendment to the people for their approval or rejection at the next regular general election.,6,2026-03-06,https://legiscan.com/OR/bill/SJR203/2026
