state,bill_id,bill_number,title,description,status,status_date,url
SD,2060593,,Provide for prescribed burning of state-owned land by a person owning adjoining land and to declare an emergency.,Provide for prescribed burning of state-owned land by a person owning adjoining land and to declare an emergency.,4,2026-03-09,https://legiscan.com/SD/bill/HB1001/2026
SD,2060579,,Revise the daily meal allowance for wildland fire employees and fire suppression forces in certain circumstances.,Revise the daily meal allowance for wildland fire employees and fire suppression forces in certain circumstances.,4,2026-02-17,https://legiscan.com/SD/bill/HB1002/2026
SD,2060581,,Amend provisions pertaining to the required criminal background investigation of certain school employees.,Amend provisions pertaining to the required criminal background investigation of certain school employees.,4,2026-02-26,https://legiscan.com/SD/bill/HB1003/2026
SD,2060586,,Authorize the recall of county commissioners.,Authorize the recall of county commissioners.,1,2026-01-13,https://legiscan.com/SD/bill/HB1004/2026
SD,2061028,,Provide a sales and use tax exemption for goods and services related to data center operations.,Provide a sales and use tax exemption for goods and services related to data center operations.,1,2026-01-13,https://legiscan.com/SD/bill/HB1005/2026
SD,2061041,,Create a taskforce to study the creation of Indian medicaid managed care entities in the state.,Create a taskforce to study the creation of Indian medicaid managed care entities in the state.,4,2026-03-30,https://legiscan.com/SD/bill/HB1006/2026
SD,2061026,,Amend the definition of law enforcement officer to include tribal law enforcement officers.,Amend the definition of law enforcement officer to include tribal law enforcement officers.,4,2026-03-09,https://legiscan.com/SD/bill/HB1007/2026
SD,2061033,,Direct the amendment of the Administrative Rules of South Dakota regarding the awarding of high school credit for participation in extracurricular athletics.,Direct the amendment of the Administrative Rules of South Dakota regarding the awarding of high school credit for participation in extracurricular athletics.,1,2026-01-13,https://legiscan.com/SD/bill/HB1008/2026
SD,2061037,,Revise the speed limit restriction applicable to the operation of a golf cart on certain highways.,Revise the speed limit restriction applicable to the operation of a golf cart on certain highways.,1,2026-01-13,https://legiscan.com/SD/bill/HB1009/2026
SD,2061021,,Modify requirements regarding the use of a mobile electronic device while operating a motor vehicle.,Modify requirements regarding the use of a mobile electronic device while operating a motor vehicle.,1,2026-01-13,https://legiscan.com/SD/bill/HB1010/2026
SD,2061020,,Modify fees charged by the clerk of courts for certain copies of court records.,Modify fees charged by the clerk of courts for certain copies of court records.,4,2026-02-17,https://legiscan.com/SD/bill/HB1011/2026
SD,2061032,,Revise and repeal provisions allowing probation for contempt of a custody or visitation decree.,Revise and repeal provisions allowing probation for contempt of a custody or visitation decree.,4,2026-03-03,https://legiscan.com/SD/bill/HB1012/2026
SD,2061042,,Clarify the purposes permitted for certain offenders to operate a motor vehicle.,Clarify the purposes permitted for certain offenders to operate a motor vehicle.,4,2026-03-03,https://legiscan.com/SD/bill/HB1013/2026
SD,2061036,,Modify the surcharge for a responding party in a forcible entry and detainer action.,Modify the surcharge for a responding party in a forcible entry and detainer action.,4,2026-03-03,https://legiscan.com/SD/bill/HB1014/2026
SD,2061027,,Create a pilot program in the Unified Judicial System to develop a pretrial release program.,Create a pilot program in the Unified Judicial System to develop a pretrial release program.,1,2026-01-13,https://legiscan.com/SD/bill/HB1015/2026
SD,2061040,,Modify provisions related to the controlled substances schedule and to declare an emergency.,Modify provisions related to the controlled substances schedule and to declare an emergency.,4,2026-02-12,https://legiscan.com/SD/bill/HB1016/2026
SD,2061031,,Permit the board of a school district to require that certain students receive instruction in alternative settings.,Permit the board of a school district to require that certain students receive instruction in alternative settings.,3,2026-03-04,https://legiscan.com/SD/bill/HB1017/2026
SD,2061022,,Amend the reversion date for moneys appropriated to the Department of Education to improve and renovate the Cultural Heritage Center.,Amend the reversion date for moneys appropriated to the Department of Education to improve and renovate the Cultural Heritage Center.,4,2026-03-02,https://legiscan.com/SD/bill/HB1018/2026
SD,2061023,,Revise provisions regarding pesticide laws.,Revise provisions regarding pesticide laws.,4,2026-02-26,https://legiscan.com/SD/bill/HB1019/2026
SD,2061039,,Increase the maximum amount allowable for the livestock ownership inspection fee and to declare an emergency.,Increase the maximum amount allowable for the livestock ownership inspection fee and to declare an emergency.,4,2026-02-23,https://legiscan.com/SD/bill/HB1020/2026
SD,2061030,,"Authorize the Department of Agriculture and Natural Resources to dismantle and demolish buildings on the South Dakota State Fairgrounds, to make an appropriation therefor, and to declare an emergency.","Authorize the Department of Agriculture and Natural Resources to dismantle and demolish buildings on the South Dakota State Fairgrounds, to make an appropriation therefor, and to declare an emergency.",4,2026-02-11,https://legiscan.com/SD/bill/HB1021/2026
SD,2061035,,Revise and repeal provisions related to the crime victims' compensation program.,Revise and repeal provisions related to the crime victims' compensation program.,4,2026-03-03,https://legiscan.com/SD/bill/HB1022/2026
SD,2064818,,Establish requirements and liability protection for registered nurses and licensed practical nurses serving on ambulance crews.,Establish requirements and liability protection for registered nurses and licensed practical nurses serving on ambulance crews.,4,2026-02-09,https://legiscan.com/SD/bill/HB1023/2026
SD,2064813,,Modify requirements for ambulance operators.,Modify requirements for ambulance operators.,4,2026-02-09,https://legiscan.com/SD/bill/HB1024/2026
SD,2064824,,"Authorize the issuance of no-trespass orders by private security officers, require the establishment of buffer zones per written no-trespass orders, and afford municipalities greater authority to regulate trespass.","Authorize the issuance of no-trespass orders by private security officers, require the establishment of buffer zones per written no-trespass orders, and afford municipalities greater authority to regulate trespass.",1,2026-01-13,https://legiscan.com/SD/bill/HB1025/2026
SD,2064815,,Provide for the licensing of property data collectors and the registration of property data collection companies and to provide a penalty therefor.,Provide for the licensing of property data collectors and the registration of property data collection companies and to provide a penalty therefor.,1,2026-01-13,https://legiscan.com/SD/bill/HB1026/2026
SD,2064817,,Update certain citations to federal regulations regarding pipeline safety inspections.,Update certain citations to federal regulations regarding pipeline safety inspections.,4,2026-03-12,https://legiscan.com/SD/bill/HB1027/2026
SD,2064814,,Establish a criminal background check requirement for multistate licensure under the social work licensure compact.,Establish a criminal background check requirement for multistate licensure under the social work licensure compact.,4,2026-02-17,https://legiscan.com/SD/bill/HB1028/2026
SD,2064827,,Revise provisions related to the practice of addiction counseling and prevention services.,Revise provisions related to the practice of addiction counseling and prevention services.,4,2026-02-17,https://legiscan.com/SD/bill/HB1029/2026
SD,2065292,,Amend provisions pertaining to the timing of municipal elections.,Amend provisions pertaining to the timing of municipal elections.,4,2026-02-23,https://legiscan.com/SD/bill/HB1030/2026
SD,2065252,,Revise and repeal provisions related to rape offenses and to increase the penalty therefor.,Revise and repeal provisions related to rape offenses and to increase the penalty therefor.,1,2026-01-13,https://legiscan.com/SD/bill/HB1031/2026
SD,2066313,,Eliminate a limit on the accumulation of the unused index factor for property taxation.,Eliminate a limit on the accumulation of the unused index factor for property taxation.,1,2026-01-13,https://legiscan.com/SD/bill/HB1032/2026
SD,2066253,,Update the reference to the Internal Revenue Code to reflect current federal law for the administration of higher education savings plans.,Update the reference to the Internal Revenue Code to reflect current federal law for the administration of higher education savings plans.,4,2026-02-06,https://legiscan.com/SD/bill/HB1033/2026
SD,2067230,,Increase fees for decals and license plates mailed to vehicle owners.,Increase fees for decals and license plates mailed to vehicle owners.,4,2026-02-23,https://legiscan.com/SD/bill/HB1034/2026
SD,2067416,,Modify provisions related to the licensure of public accountants.,Modify provisions related to the licensure of public accountants.,4,2026-03-02,https://legiscan.com/SD/bill/HB1035/2026
SD,2066809,,Limit annual valuation increases on owner-occupied single-family dwellings and nonagricultural property.,Limit annual valuation increases on owner-occupied single-family dwellings and nonagricultural property.,1,2026-01-13,https://legiscan.com/SD/bill/HB1036/2026
SD,2066931,,Exempt active-duty members of the armed forces of the United States and veterans from paying a resident fishing license fee.,Exempt active-duty members of the armed forces of the United States and veterans from paying a resident fishing license fee.,1,2026-01-13,https://legiscan.com/SD/bill/HB1037/2026
SD,2066869,,Allow the Public Utilities Commission to assess actual costs to data centers that are customers of public utilities.,Allow the Public Utilities Commission to assess actual costs to data centers that are customers of public utilities.,4,2026-03-30,https://legiscan.com/SD/bill/HB1038/2026
SD,2067837,,Provide requirements related to the cardiac health evaluation of minors.,Provide requirements related to the cardiac health evaluation of minors.,1,2026-01-13,https://legiscan.com/SD/bill/HB1039/2026
SD,2067659,,Revise the child support obligation schedule.,Revise the child support obligation schedule.,2,2026-02-19,https://legiscan.com/SD/bill/HB1040/2026
SD,2067923,,"Authorize the expansion and renovation of the Sturgis Readiness Center, to make an appropriation therefor, and to declare an emergency.","Authorize the expansion and renovation of the Sturgis Readiness Center, to make an appropriation therefor, and to declare an emergency.",4,2026-03-09,https://legiscan.com/SD/bill/HB1041/2026
SD,2067569,,"Authorize the construction of a National Guard vehicle maintenance shop in Sturgis, to make an appropriation therefor, and to declare an emergency.","Authorize the construction of a National Guard vehicle maintenance shop in Sturgis, to make an appropriation therefor, and to declare an emergency.",4,2026-02-12,https://legiscan.com/SD/bill/HB1042/2026
SD,2067746,,"Make an appropriation to reimburse health care professionals who have complied with the requirements for rural recruitment assistance programs, and to declare an emergency.","Make an appropriation to reimburse health care professionals who have complied with the requirements for rural recruitment assistance programs, and to declare an emergency.",4,2026-02-25,https://legiscan.com/SD/bill/HB1043/2026
SD,2067481,,"Make an appropriation to implement the rural health transformation program, and to declare an emergency.","Make an appropriation to implement the rural health transformation program, and to declare an emergency.",4,2026-01-29,https://legiscan.com/SD/bill/HB1044/2026
SD,2069115,,Revise certain provisions related to child support.,Revise certain provisions related to child support.,4,2026-03-12,https://legiscan.com/SD/bill/HB1045/2026
SD,2069083,,"Authorize the Department of Corrections to demolish the Pierre Minimum Center, to make an appropriation therefor, and to declare an emergency.","Authorize the Department of Corrections to demolish the Pierre Minimum Center, to make an appropriation therefor, and to declare an emergency.",4,2026-03-09,https://legiscan.com/SD/bill/HB1046/2026
SD,2068886,,"Make an appropriation for the construction costs at the Blue Dog State Fish Hatchery, and to declare an emergency.","Make an appropriation for the construction costs at the Blue Dog State Fish Hatchery, and to declare an emergency.",4,2026-02-11,https://legiscan.com/SD/bill/HB1047/2026
SD,2068915,,Make an appropriation for the expansion of broadband infrastructure and to declare an emergency.,Make an appropriation for the expansion of broadband infrastructure and to declare an emergency.,3,2026-03-04,https://legiscan.com/SD/bill/HB1048/2026
SD,2069520,,Protect electric infrastructure in this state.,Protect electric infrastructure in this state.,4,2026-03-12,https://legiscan.com/SD/bill/HB1049/2026
SD,2069462,,Increase civil penalties for commercial driver violations.,Increase civil penalties for commercial driver violations.,1,2026-01-13,https://legiscan.com/SD/bill/HB1050/2026
SD,2069344,,Revise property tax levies for school districts and to revise the state aid to general and special education formulas.,Revise property tax levies for school districts and to revise the state aid to general and special education formulas.,4,2026-03-30,https://legiscan.com/SD/bill/HB1051/2026
SD,2069404,,"Authorize the transfer of certain surplus real property by the Department of Game, Fish and Parks to the Spearfish Canyon Foundation for a public purpose.","Authorize the transfer of certain surplus real property by the Department of Game, Fish and Parks to the Spearfish Canyon Foundation for a public purpose.",4,2026-02-11,https://legiscan.com/SD/bill/HB1052/2026
SD,2070105,,Require that terminal care facilities allow terminally ill patients to use medical cannabis.,Require that terminal care facilities allow terminally ill patients to use medical cannabis.,1,2026-01-13,https://legiscan.com/SD/bill/HB1053/2026
SD,2069923,,Repeal the creation and budgeting for the Digital Dakota Network.,Repeal the creation and budgeting for the Digital Dakota Network.,4,2026-02-12,https://legiscan.com/SD/bill/HB1054/2026
SD,2070069,,Update the official code of laws.,Update the official code of laws.,4,2026-02-12,https://legiscan.com/SD/bill/HB1055/2026
SD,2072853,,Require that the Department of Social Services submit a federal waiver request to exclude soft drinks from the supplemental nutrition assistance program.,Require that the Department of Social Services submit a federal waiver request to exclude soft drinks from the supplemental nutrition assistance program.,4,2026-03-04,https://legiscan.com/SD/bill/HB1056/2026
SD,2072712,,"Prohibit the manufacture, sale, and distribution of any product containing cell-cultured protein, and to provide a penalty therefor.","Prohibit the manufacture, sale, and distribution of any product containing cell-cultured protein, and to provide a penalty therefor.",1,2026-01-14,https://legiscan.com/SD/bill/HB1057/2026
SD,2072925,,"Require licensure for online pari-mutuel wagering pools for horse and dog races, and clarify the application of tax therefor.","Require licensure for online pari-mutuel wagering pools for horse and dog races, and clarify the application of tax therefor.",4,2026-02-17,https://legiscan.com/SD/bill/HB1058/2026
SD,2073279,,Increase the amounts required in a motor vehicle liability policy.,Increase the amounts required in a motor vehicle liability policy.,1,2026-01-14,https://legiscan.com/SD/bill/HB1059/2026
SD,2073209,,Remove the five percent calculation requirement from the county budgetary process.,Remove the five percent calculation requirement from the county budgetary process.,4,2026-02-17,https://legiscan.com/SD/bill/HB1060/2026
SD,2072641,,Require the acceptance of cash as payment in certain transactions.,Require the acceptance of cash as payment in certain transactions.,1,2026-01-14,https://legiscan.com/SD/bill/HB1061/2026
SD,2074021,,Revise a provision related to aggravated assault.,Revise a provision related to aggravated assault.,4,2026-03-09,https://legiscan.com/SD/bill/HB1062/2026
SD,2077406,,Establish requirements for natural hair braiding provided for compensation.,Establish requirements for natural hair braiding provided for compensation.,1,2026-01-14,https://legiscan.com/SD/bill/HB1063/2026
SD,2078239,,Provide for the sale of producer-raised meat and meat food products directly to consumers pending legalization under federal law.,Provide for the sale of producer-raised meat and meat food products directly to consumers pending legalization under federal law.,4,2026-02-17,https://legiscan.com/SD/bill/HB1064/2026
SD,2077858,,Revise the medical purpose affirmative defense in cannabis prosecution.,Revise the medical purpose affirmative defense in cannabis prosecution.,2,2026-02-17,https://legiscan.com/SD/bill/HB1065/2026
SD,2077671,,"Revise a provision related to theft by a contractor, subcontractor, or supplier.","Revise a provision related to theft by a contractor, subcontractor, or supplier.",4,2026-03-30,https://legiscan.com/SD/bill/HB1066/2026
SD,2079490,,Provide a rebuttable presumption in favor of joint physical custody of a minor child.,Provide a rebuttable presumption in favor of joint physical custody of a minor child.,1,2026-01-15,https://legiscan.com/SD/bill/HB1067/2026
SD,2078960,,"Authorize the dispensing of ivermectin and hydroxychloroquine under a written protocol developed by a health care provider, and to provide liability protection therefor.","Authorize the dispensing of ivermectin and hydroxychloroquine under a written protocol developed by a health care provider, and to provide liability protection therefor.",1,2026-01-15,https://legiscan.com/SD/bill/HB1068/2026
SD,2079138,,Establish the lifetime registration of and license fees for certain small trailers.,Establish the lifetime registration of and license fees for certain small trailers.,1,2026-01-15,https://legiscan.com/SD/bill/HB1069/2026
SD,2078425,,Expand the days that a retailer is permitted to sell fireworks to residents of this state.,Expand the days that a retailer is permitted to sell fireworks to residents of this state.,1,2026-01-15,https://legiscan.com/SD/bill/HB1070/2026
SD,2079315,,Establish a ten-year boat registration for owners of certain boats.,Establish a ten-year boat registration for owners of certain boats.,1,2026-01-15,https://legiscan.com/SD/bill/HB1071/2026
SD,2079665,,Provide an appropriation for a payment for state employee salaries.,Provide an appropriation for a payment for state employee salaries.,1,2026-01-15,https://legiscan.com/SD/bill/HB1072/2026
SD,2080486,,Provide for the creation of a cardiac emergency plan in every school and to make an appropriation therefor.,Provide for the creation of a cardiac emergency plan in every school and to make an appropriation therefor.,1,2026-01-15,https://legiscan.com/SD/bill/HB1073/2026
SD,2080466,,Provide for compensation to counties for administering tax increment financing districts created by a municipality.,Provide for compensation to counties for administering tax increment financing districts created by a municipality.,1,2026-01-15,https://legiscan.com/SD/bill/HB1074/2026
SD,2080506,,Require notification of property owners prior to the establishment of a tax increment financing district.,Require notification of property owners prior to the establishment of a tax increment financing district.,1,2026-01-15,https://legiscan.com/SD/bill/HB1075/2026
SD,2081070,,Revise restrictions on residence within a community safety zone and to declare an emergency.,Revise restrictions on residence within a community safety zone and to declare an emergency.,4,2026-02-17,https://legiscan.com/SD/bill/HB1076/2026
SD,2081915,,Consider a cultivated-protein food product to be adulterated food.,Consider a cultivated-protein food product to be adulterated food.,5,2026-02-10,https://legiscan.com/SD/bill/HB1077/2026
SD,2082973,,Direct the amendment of the Administrative Rules of South Dakota regarding the coursework required for high school graduation.,Direct the amendment of the Administrative Rules of South Dakota regarding the coursework required for high school graduation.,1,2026-01-16,https://legiscan.com/SD/bill/HB1078/2026
SD,2083363,,Revise the conditions for denial or restriction of a motor vehicle or motorcycle operator license or permit if an individual has a medical condition that can be controlled under the care of a physician.,Revise the conditions for denial or restriction of a motor vehicle or motorcycle operator license or permit if an individual has a medical condition that can be controlled under the care of a physician.,1,2026-01-16,https://legiscan.com/SD/bill/HB1079/2026
SD,2083993,,Allow a business owner who is a veteran to display military specialty plates on a noncommercial vehicle registered to the veteran's business and to limit personal liability to the business owner and veteran.,Allow a business owner who is a veteran to display military specialty plates on a noncommercial vehicle registered to the veteran's business and to limit personal liability to the business owner and veteran.,4,2026-02-23,https://legiscan.com/SD/bill/HB1080/2026
SD,2083839,,"Exempt certain individuals from, and require specific notice for, jury duty.","Exempt certain individuals from, and require specific notice for, jury duty.",1,2026-01-16,https://legiscan.com/SD/bill/HB1081/2026
SD,2083739,,Establish parameters for the reimbursement of school districts that provide free or reduced-price meals to students.,Establish parameters for the reimbursement of school districts that provide free or reduced-price meals to students.,3,2026-03-09,https://legiscan.com/SD/bill/HB1082/2026
SD,2083893,,"Revise certain provisions related to stalking, establish the crime of felony stalking of a public official, and provide a penalty therefor.","Revise certain provisions related to stalking, establish the crime of felony stalking of a public official, and provide a penalty therefor.",1,2026-01-16,https://legiscan.com/SD/bill/HB1083/2026
SD,2083943,,Amend provisions pertaining to the public availability of information contained in certain records.,Amend provisions pertaining to the public availability of information contained in certain records.,4,2026-03-09,https://legiscan.com/SD/bill/HB1084/2026
SD,2084379,,Establish provisions for the coverage of nonopioid prescription drugs.,Establish provisions for the coverage of nonopioid prescription drugs.,1,2026-01-20,https://legiscan.com/SD/bill/HB1085/2026
SD,2084127,,Make an appropriation for providing a grant to a nonprofit that delivers programming to support offenders and correctional staff.,Make an appropriation for providing a grant to a nonprofit that delivers programming to support offenders and correctional staff.,1,2026-01-20,https://legiscan.com/SD/bill/HB1086/2026
SD,2084001,,Prohibit the use of paid petition circulators.,Prohibit the use of paid petition circulators.,1,2026-01-20,https://legiscan.com/SD/bill/HB1087/2026
SD,2084506,,"Remove the requirement that counties remit to municipalities an amount equal to the road levy for calendar years 1984, 1985, and 1986.","Remove the requirement that counties remit to municipalities an amount equal to the road levy for calendar years 1984, 1985, and 1986.",4,2026-02-17,https://legiscan.com/SD/bill/HB1088/2026
SD,2085513,,Modify the distributions of revenues collected from severance taxation on new permits.,Modify the distributions of revenues collected from severance taxation on new permits.,4,2026-03-30,https://legiscan.com/SD/bill/HB1089/2026
SD,2085511,,Require publication of notices of gubernatorial appointments and reappointments.,Require publication of notices of gubernatorial appointments and reappointments.,1,2026-01-20,https://legiscan.com/SD/bill/HB1090/2026
SD,2085509,,Require that corrected information be posted at least twenty-four hours prior to a meeting of a political subdivision.,Require that corrected information be posted at least twenty-four hours prior to a meeting of a political subdivision.,1,2026-01-20,https://legiscan.com/SD/bill/HB1091/2026
SD,2085514,,Update provisions pertaining to open records.,Update provisions pertaining to open records.,4,2026-03-12,https://legiscan.com/SD/bill/HB1092/2026
SD,2086018,,Create small-batch alcohol licenses.,Create small-batch alcohol licenses.,1,2026-01-20,https://legiscan.com/SD/bill/HB1093/2026
SD,2086448,,Clarify that consent for the donation of ovum or sperm must be explicit.,Clarify that consent for the donation of ovum or sperm must be explicit.,1,2026-01-20,https://legiscan.com/SD/bill/HB1094/2026
SD,2086346,,Modify provisions pertaining to the submission of a nominating petition.,Modify provisions pertaining to the submission of a nominating petition.,3,2026-03-03,https://legiscan.com/SD/bill/HB1095/2026
SD,2086547,,Allow for the direct creation of a limited liability limited partnership.,Allow for the direct creation of a limited liability limited partnership.,4,2026-03-04,https://legiscan.com/SD/bill/HB1096/2026
SD,2086395,,Make an appropriation for providing a grant to a nonprofit that delivers diversion programming.,Make an appropriation for providing a grant to a nonprofit that delivers diversion programming.,1,2026-01-20,https://legiscan.com/SD/bill/HB1097/2026
SD,2086931,,Amend certain provisions pertaining to special education funding.,Amend certain provisions pertaining to special education funding.,1,2026-01-20,https://legiscan.com/SD/bill/HB1098/2026
SD,2086604,,Reschedule the pharmaceutical composition of crystalline polymorph psilocybin in a drug product approved by the Food and Drug Administration as a Schedule IV controlled substance.,Reschedule the pharmaceutical composition of crystalline polymorph psilocybin in a drug product approved by the Food and Drug Administration as a Schedule IV controlled substance.,4,2026-03-10,https://legiscan.com/SD/bill/HB1099/2026
SD,2086715,,Revise provisions relating to the use of the livestock disease emergency fund.,Revise provisions relating to the use of the livestock disease emergency fund.,1,2026-01-21,https://legiscan.com/SD/bill/HB1100/2026
SD,2087607,,"Prohibit an insurer from declining or limiting life, disability, or long-term care insurance policies based solely on an individual's status as a living organ donor.","Prohibit an insurer from declining or limiting life, disability, or long-term care insurance policies based solely on an individual's status as a living organ donor.",4,2026-03-09,https://legiscan.com/SD/bill/HB1101/2026
SD,2087680,,Reschedule the date for filing certain annual reports.,Reschedule the date for filing certain annual reports.,4,2026-03-12,https://legiscan.com/SD/bill/HB1102/2026
SD,2087858,,Require that annual withdrawal of groundwater from any groundwater source may not exceed the annual recharge of water to the groundwater source.,Require that annual withdrawal of groundwater from any groundwater source may not exceed the annual recharge of water to the groundwater source.,1,2026-01-21,https://legiscan.com/SD/bill/HB1103/2026
SD,2088299,,Revise the application requirements for special license plates and parking permits for individuals with disabilities.,Revise the application requirements for special license plates and parking permits for individuals with disabilities.,4,2026-03-04,https://legiscan.com/SD/bill/HB1104/2026
SD,2088849,,"Restrict contracts and declarations that prohibit the use of commercial or residential property for any healthcare service in medically underserved areas or communities, or in areas with a medically underserved population under federal law.","Restrict contracts and declarations that prohibit the use of commercial or residential property for any healthcare service in medically underserved areas or communities, or in areas with a medically underserved population under federal law.",2,2026-02-11,https://legiscan.com/SD/bill/HB1105/2026
SD,2088609,,Revise the terms of county extension board members.,Revise the terms of county extension board members.,4,2026-03-10,https://legiscan.com/SD/bill/HB1106/2026
SD,2088689,,Modify restrictions on lands for certain public purposes.,Modify restrictions on lands for certain public purposes.,4,2026-03-12,https://legiscan.com/SD/bill/HB1107/2026
SD,2088222,,Require the sealing of court files upon dismissal or denial of a petition for a protection order.,Require the sealing of court files upon dismissal or denial of a petition for a protection order.,4,2026-03-30,https://legiscan.com/SD/bill/HB1108/2026
SD,2088532,,Allow for the expungement of records pertinent to dismissed protection order cases.,Allow for the expungement of records pertinent to dismissed protection order cases.,1,2026-01-22,https://legiscan.com/SD/bill/HB1109/2026
SD,2088379,,Amend provisions relating to an individual's status as a voter for municipal or school district elections.,Amend provisions relating to an individual's status as a voter for municipal or school district elections.,1,2026-01-22,https://legiscan.com/SD/bill/HB1110/2026
SD,2088771,,Modify the requirements for obtaining an agricultural processor's lien.,Modify the requirements for obtaining an agricultural processor's lien.,4,2026-03-04,https://legiscan.com/SD/bill/HB1111/2026
SD,2089930,,Modify the definition of an electronic smoking device.,Modify the definition of an electronic smoking device.,1,2026-01-22,https://legiscan.com/SD/bill/HB1112/2026
SD,2090580,,Establish a manufactured housing downpayment assistance program.,Establish a manufactured housing downpayment assistance program.,1,2026-01-23,https://legiscan.com/SD/bill/HB1113/2026
SD,2090889,,Require that certain mental health information be submitted to and subsequently removed from the National Instant Criminal Background Check System.,Require that certain mental health information be submitted to and subsequently removed from the National Instant Criminal Background Check System.,1,2026-01-23,https://legiscan.com/SD/bill/HB1114/2026
SD,2091752,,Revise a provision related to unauthorized possession of a controlled drug or substance.,Revise a provision related to unauthorized possession of a controlled drug or substance.,1,2026-01-23,https://legiscan.com/SD/bill/HB1115/2026
SD,2091790,,Prohibit a video streaming service from transmitting certain advertising during children's programming and provide a penalty therefor.,Prohibit a video streaming service from transmitting certain advertising during children's programming and provide a penalty therefor.,1,2026-01-23,https://legiscan.com/SD/bill/HB1116/2026
SD,2091494,,Modify provisions of a report required by the Governor's Office of Economic Development on certain awards and grants.,Modify provisions of a report required by the Governor's Office of Economic Development on certain awards and grants.,1,2026-01-23,https://legiscan.com/SD/bill/HB1117/2026
SD,2091715,,Make an appropriation for the design and construction of an addition to the existing swine wean-to-finish barn at South Dakota State University and to declare an emergency.,Make an appropriation for the design and construction of an addition to the existing swine wean-to-finish barn at South Dakota State University and to declare an emergency.,4,2026-02-25,https://legiscan.com/SD/bill/HB1118/2026
SD,2091827,,Modify provisions regarding directors serving on a farm mutual insurer’s board.,Modify provisions regarding directors serving on a farm mutual insurer’s board.,4,2026-03-04,https://legiscan.com/SD/bill/HB1119/2026
SD,2091678,,"Revise certain provisions related to operating a vehicle, boat, or aircraft while under the influence.","Revise certain provisions related to operating a vehicle, boat, or aircraft while under the influence.",1,2026-01-23,https://legiscan.com/SD/bill/HB1120/2026
SD,2091866,,Expand the locations at which raw milk may be purchased for personal use by a consumer.,Expand the locations at which raw milk may be purchased for personal use by a consumer.,1,2026-01-23,https://legiscan.com/SD/bill/HB1121/2026
SD,2091639,,"Provide for the licensure of certain fishing guides, and to provide a penalty therefor.","Provide for the licensure of certain fishing guides, and to provide a penalty therefor.",1,2026-01-23,https://legiscan.com/SD/bill/HB1122/2026
SD,2091563,,"Establish a pilot program to provide benefits for menstrual hygiene products and diapers for individuals who receive temporary assistance for needy families, and to make an appropriation therefor.","Establish a pilot program to provide benefits for menstrual hygiene products and diapers for individuals who receive temporary assistance for needy families, and to make an appropriation therefor.",1,2026-01-23,https://legiscan.com/SD/bill/HB1123/2026
SD,2091601,,"Establish the crime of trespass upon a place of worship, provide a penalty therefor, and declare an emergency.","Establish the crime of trespass upon a place of worship, provide a penalty therefor, and declare an emergency.",1,2026-01-23,https://legiscan.com/SD/bill/HB1124/2026
SD,2091990,,Create a taskforce to study the impact of artificial intelligence systems on the state.,Create a taskforce to study the impact of artificial intelligence systems on the state.,1,2026-01-26,https://legiscan.com/SD/bill/HB1125/2026
SD,2092030,,Revise a provision related to driving under the influence.,Revise a provision related to driving under the influence.,4,2026-03-09,https://legiscan.com/SD/bill/HB1126/2026
SD,2092330,,Revise provisions related to birth centers and the practice of certified professional midwives at birth centers.,Revise provisions related to birth centers and the practice of certified professional midwives at birth centers.,1,2026-01-26,https://legiscan.com/SD/bill/HB1127/2026
SD,2092550,,Exempt certain nonresident military personnel from payment of motor vehicle excise tax.,Exempt certain nonresident military personnel from payment of motor vehicle excise tax.,1,2026-01-26,https://legiscan.com/SD/bill/HB1128/2026
SD,2092418,,Provide for the carrying of a concealed pistol by certain school district employees.,Provide for the carrying of a concealed pistol by certain school district employees.,1,2026-01-26,https://legiscan.com/SD/bill/HB1129/2026
SD,2093318,,Amend permissible uses of a school district's capital outlay fund.,Amend permissible uses of a school district's capital outlay fund.,4,2026-03-04,https://legiscan.com/SD/bill/HB1130/2026
SD,2093124,,Amend the process by which certain school districts calculate the general fund base percentage.,Amend the process by which certain school districts calculate the general fund base percentage.,1,2026-01-26,https://legiscan.com/SD/bill/HB1131/2026
SD,2093362,,Prohibit the use of property and personnel in the enforcement of certain federal laws pertaining to firearms.,Prohibit the use of property and personnel in the enforcement of certain federal laws pertaining to firearms.,1,2026-01-26,https://legiscan.com/SD/bill/HB1132/2026
SD,2093361,,Remove an enhanced permit as a condition of carrying a concealed pistol while on the campus of a public institution of higher education.,Remove an enhanced permit as a condition of carrying a concealed pistol while on the campus of a public institution of higher education.,1,2026-01-26,https://legiscan.com/SD/bill/HB1133/2026
SD,2093370,,Make an appropriation for the economic development prosperity of South Dakota.,Make an appropriation for the economic development prosperity of South Dakota.,2,2026-02-24,https://legiscan.com/SD/bill/HB1134/2026
SD,2093368,,Make an appropriation to enhance the economic health of South Dakota.,Make an appropriation to enhance the economic health of South Dakota.,2,2026-02-24,https://legiscan.com/SD/bill/HB1135/2026
SD,2093367,,Make an appropriation for the development of South Dakota.,Make an appropriation for the development of South Dakota.,1,2026-01-26,https://legiscan.com/SD/bill/HB1136/2026
SD,2093391,,Make an appropriation for the design and construction of an athletic facility at the University of South Dakota and to declare an emergency.,Make an appropriation for the design and construction of an athletic facility at the University of South Dakota and to declare an emergency.,4,2026-02-25,https://legiscan.com/SD/bill/HB1137/2026
SD,2093409,,"Require the licensure of non-medical home care agencies, and to provide a penalty therefor.","Require the licensure of non-medical home care agencies, and to provide a penalty therefor.",5,2026-03-30,https://legiscan.com/SD/bill/HB1138/2026
SD,2093527,,"Appropriate money for the ordinary expenses of the legislative, judicial, and executive departments of the state, the current expenses of state institutions, interest on the public debt, and common schools.","Appropriate money for the ordinary expenses of the legislative, judicial, and executive departments of the state, the current expenses of state institutions, interest on the public debt, and common schools.",1,2026-01-26,https://legiscan.com/SD/bill/HB1139/2026
SD,2093488,,"Permit a court to impose as a condition of probation, or parole in certain circumstances, treatment at a nonprofit entity awarded an alternative care program grant.","Permit a court to impose as a condition of probation, or parole in certain circumstances, treatment at a nonprofit entity awarded an alternative care program grant.",4,2026-03-30,https://legiscan.com/SD/bill/HB1140/2026
SD,2093596,,Provide an additional means of determining the purchase price of a used motor vehicle acquired by gift or other transfer.,Provide an additional means of determining the purchase price of a used motor vehicle acquired by gift or other transfer.,1,2026-01-27,https://legiscan.com/SD/bill/HB1141/2026
SD,2093555,,Provide for the disclosure of any third party that has a right to receive a payment contingent upon the outcome of a civil action.,Provide for the disclosure of any third party that has a right to receive a payment contingent upon the outcome of a civil action.,1,2026-01-27,https://legiscan.com/SD/bill/HB1142/2026
SD,2093808,,Authorize the possession and self-administration of diabetes medications by a student on school property and at school-related events and activities.,Authorize the possession and self-administration of diabetes medications by a student on school property and at school-related events and activities.,4,2026-03-09,https://legiscan.com/SD/bill/HB1143/2026
SD,2093753,,Restrict the use of artificial intelligence in therapy and psychotherapy services and to provide a penalty therefor.,Restrict the use of artificial intelligence in therapy and psychotherapy services and to provide a penalty therefor.,1,2026-01-27,https://legiscan.com/SD/bill/HB1144/2026
SD,2093640,,"Clarify provisions related to the licensure of certified social workers in private, independent practice and establish an alternative to the licensure examination.","Clarify provisions related to the licensure of certified social workers in private, independent practice and establish an alternative to the licensure examination.",1,2026-01-27,https://legiscan.com/SD/bill/HB1145/2026
SD,2093667,,Adopt the physician assistant licensure compact.,Adopt the physician assistant licensure compact.,4,2026-03-09,https://legiscan.com/SD/bill/HB1146/2026
SD,2093863,,Make an appropriation for the purchase and distribution of food by a statewide distribution organization.,Make an appropriation for the purchase and distribution of food by a statewide distribution organization.,1,2026-01-27,https://legiscan.com/SD/bill/HB1147/2026
SD,2093723,,Adopt the respiratory care interstate compact.,Adopt the respiratory care interstate compact.,4,2026-03-30,https://legiscan.com/SD/bill/HB1148/2026
SD,2093835,,Adopt the athletic trainer licensure compact.,Adopt the athletic trainer licensure compact.,4,2026-03-30,https://legiscan.com/SD/bill/HB1149/2026
SD,2093781,,Make an appropriation to increase the rate of payment for federally qualified health centers.,Make an appropriation to increase the rate of payment for federally qualified health centers.,1,2026-01-27,https://legiscan.com/SD/bill/HB1150/2026
SD,2093695,,Ban kratom and kratom products and to provide a penalty therefor.,Ban kratom and kratom products and to provide a penalty therefor.,1,2026-01-27,https://legiscan.com/SD/bill/HB1151/2026
SD,2093867,,Require that the secretary of the Department of Education apply to the United States Department of Education for the authority to develop and implement an innovative assessment system.,Require that the secretary of the Department of Education apply to the United States Department of Education for the authority to develop and implement an innovative assessment system.,1,2026-01-27,https://legiscan.com/SD/bill/HB1152/2026
SD,2094221,,Protect certain rights of healthcare providers.,Protect certain rights of healthcare providers.,1,2026-01-27,https://legiscan.com/SD/bill/HB1153/2026
SD,2094417,,Establish public benefit corporations in South Dakota.,Establish public benefit corporations in South Dakota.,1,2026-01-27,https://legiscan.com/SD/bill/HB1154/2026
SD,2094521,,Permit the state to invest in Bitcoin.,Permit the state to invest in Bitcoin.,1,2026-01-27,https://legiscan.com/SD/bill/HB1155/2026
SD,2094488,,Extend each waterfowl hunting season for veterans and active duty personnel.,Extend each waterfowl hunting season for veterans and active duty personnel.,1,2026-01-27,https://legiscan.com/SD/bill/HB1156/2026
SD,2094661,,"Establish a task force for the purpose of studying aquatic invasive species infestations, to make an appropriation therefor, and to declare an emergency.","Establish a task force for the purpose of studying aquatic invasive species infestations, to make an appropriation therefor, and to declare an emergency.",1,2026-01-28,https://legiscan.com/SD/bill/HB1157/2026
SD,2094699,,Revise provisions pertaining to requirements for students receiving alternative instruction.,Revise provisions pertaining to requirements for students receiving alternative instruction.,1,2026-01-28,https://legiscan.com/SD/bill/HB1158/2026
SD,2094594,,Impose a moratorium on industrial dairy operations.,Impose a moratorium on industrial dairy operations.,1,2026-01-28,https://legiscan.com/SD/bill/HB1159/2026
SD,2094560,,Repeal the medical marijuana oversight committee.,Repeal the medical marijuana oversight committee.,2,2026-02-23,https://legiscan.com/SD/bill/HB1160/2026
SD,2094627,,"Amend provisions related to changing rooms, sleeping quarters, and restrooms.","Amend provisions related to changing rooms, sleeping quarters, and restrooms.",4,2026-03-30,https://legiscan.com/SD/bill/HB1161/2026
SD,2094858,,Add certain substances to Schedule I of the controlled substances schedule.,Add certain substances to Schedule I of the controlled substances schedule.,4,2026-03-09,https://legiscan.com/SD/bill/HB1162/2026
SD,2094896,,Prohibit certain persons from requiring genetic-based vaccinations.,Prohibit certain persons from requiring genetic-based vaccinations.,1,2026-01-28,https://legiscan.com/SD/bill/HB1163/2026
SD,2094815,,Establish the crime of fraudulent assisted reproduction and provide a penalty and civil liability therefor.,Establish the crime of fraudulent assisted reproduction and provide a penalty and civil liability therefor.,4,2026-03-10,https://legiscan.com/SD/bill/HB1164/2026
SD,2095075,,"Establish basic and advanced esthetics licenses, and to revise the licensure chapter for cosmetology, nail technology, and esthetics.","Establish basic and advanced esthetics licenses, and to revise the licensure chapter for cosmetology, nail technology, and esthetics.",1,2026-01-28,https://legiscan.com/SD/bill/HB1165/2026
SD,2095048,,"Require financial interest statements from members of certain state authorities, boards, and commissions, and to provide a penalty therefor.","Require financial interest statements from members of certain state authorities, boards, and commissions, and to provide a penalty therefor.",1,2026-01-28,https://legiscan.com/SD/bill/HB1166/2026
SD,2095019,,Revise a provision related to loitering within a community safety zone.,Revise a provision related to loitering within a community safety zone.,1,2026-01-28,https://legiscan.com/SD/bill/HB1167/2026
SD,2095276,,Provide a property tax credit for the payment of nonpublic school tuition.,Provide a property tax credit for the payment of nonpublic school tuition.,1,2026-01-28,https://legiscan.com/SD/bill/HB1168/2026
SD,2095219,,Classify medetomidine as a Schedule III controlled substance and establish permissible uses.,Classify medetomidine as a Schedule III controlled substance and establish permissible uses.,4,2026-03-09,https://legiscan.com/SD/bill/HB1169/2026
SD,2095104,,Allow online access to verify registry status for organ donation.,Allow online access to verify registry status for organ donation.,1,2026-01-28,https://legiscan.com/SD/bill/HB1170/2026
SD,2095191,,Establish provisions related to the disclosure of COVID-19 and mRNA vaccination status and blood donations.,Establish provisions related to the disclosure of COVID-19 and mRNA vaccination status and blood donations.,1,2026-01-28,https://legiscan.com/SD/bill/HB1171/2026
SD,2095431,,Terminate certain school district excess tax levies.,Terminate certain school district excess tax levies.,1,2026-01-28,https://legiscan.com/SD/bill/HB1172/2026
SD,2095678,,Require certain applicants that seek a permit from the Public Utilities Commission of the State of South Dakota to prepare and pay for an environmental impact statement.,Require certain applicants that seek a permit from the Public Utilities Commission of the State of South Dakota to prepare and pay for an environmental impact statement.,2,2026-02-17,https://legiscan.com/SD/bill/HB1173/2026
SD,2095578,,Classify 911 telecommunicators as Class B members of the South Dakota Retirement System.,Classify 911 telecommunicators as Class B members of the South Dakota Retirement System.,1,2026-01-28,https://legiscan.com/SD/bill/HB1174/2026
SD,2095540,,Revise provisions related to Division of Criminal Investigation cooperation with Indian tribes.,Revise provisions related to Division of Criminal Investigation cooperation with Indian tribes.,4,2026-03-30,https://legiscan.com/SD/bill/HB1175/2026
SD,2095710,,Clarify bond or pre-trial release upon sobriety program participation.,Clarify bond or pre-trial release upon sobriety program participation.,2,2026-02-10,https://legiscan.com/SD/bill/HB1176/2026
SD,2095656,,Replace the index used to calculate the salaries of members of the Legislature.,Replace the index used to calculate the salaries of members of the Legislature.,1,2026-01-28,https://legiscan.com/SD/bill/HB1177/2026
SD,2095559,,Establish provisions for homeownership through shared equity agreements.,Establish provisions for homeownership through shared equity agreements.,1,2026-01-28,https://legiscan.com/SD/bill/HB1178/2026
SD,2099904,,Modify provisions related to the reimbursement fee for preparation of a garnishment disclosure.,Modify provisions related to the reimbursement fee for preparation of a garnishment disclosure.,2,2026-02-06,https://legiscan.com/SD/bill/HB1179/2026
SD,2096691,,Ensure the validity of non-compete agreements in the context of jointly owned business entities.,Ensure the validity of non-compete agreements in the context of jointly owned business entities.,4,2026-03-12,https://legiscan.com/SD/bill/HB1180/2026
SD,2097658,,Prohibit weather and climate modification activities and provide a penalty therefor.,Prohibit weather and climate modification activities and provide a penalty therefor.,1,2026-01-28,https://legiscan.com/SD/bill/HB1181/2026
SD,2100223,,Establish a data collection system pertaining to assisted reproductive technology and to provide a penalty therefor.,Establish a data collection system pertaining to assisted reproductive technology and to provide a penalty therefor.,1,2026-01-29,https://legiscan.com/SD/bill/HB1182/2026
SD,2099584,,Revise qualifications for immunity from prosecution following a drug-related overdose.,Revise qualifications for immunity from prosecution following a drug-related overdose.,4,2026-03-30,https://legiscan.com/SD/bill/HB1183/2026
SD,2096046,,Define man and woman throughout the state.,Define man and woman throughout the state.,4,2026-03-30,https://legiscan.com/SD/bill/HB1184/2026
SD,2099261,,Require that a voter use a black ink ballpoint pen when marking an optical scan ballot.,Require that a voter use a black ink ballpoint pen when marking an optical scan ballot.,1,2026-01-29,https://legiscan.com/SD/bill/HB1185/2026
SD,2096367,,Require the approval of the county for the creation of a tax increment financing district by a municipality.,Require the approval of the county for the creation of a tax increment financing district by a municipality.,1,2026-01-29,https://legiscan.com/SD/bill/HB1186/2026
SD,2100844,,Add coaches to the list of mandatory reporters of child abuse or neglect.,Add coaches to the list of mandatory reporters of child abuse or neglect.,4,2026-03-30,https://legiscan.com/SD/bill/HB1187/2026
SD,2100521,,"Limit the liability of law enforcement officers and others when removing a disabled vehicle from a highway, a right of way, or public waters.","Limit the liability of law enforcement officers and others when removing a disabled vehicle from a highway, a right of way, or public waters.",4,2026-03-09,https://legiscan.com/SD/bill/HB1188/2026
SD,2100614,,Establish a greater tire weight limit for a mobile crane moving on any highway in this state.,Establish a greater tire weight limit for a mobile crane moving on any highway in this state.,4,2026-03-04,https://legiscan.com/SD/bill/HB1189/2026
SD,2100660,,Establish the South Dakota-tribal consultation commission.,Establish the South Dakota-tribal consultation commission.,1,2026-01-29,https://legiscan.com/SD/bill/HB1190/2026
SD,2100427,,Provide a sales tax holiday on firearms.,Provide a sales tax holiday on firearms.,1,2026-01-29,https://legiscan.com/SD/bill/HB1191/2026
SD,2100933,,Allow the parole of certain inmates sentenced to life imprisonment without parole.,Allow the parole of certain inmates sentenced to life imprisonment without parole.,1,2026-01-29,https://legiscan.com/SD/bill/HB1192/2026
SD,2100568,,Modify the provisions for a refund of taxes to disabled veterans and surviving spouses under certain property tax relief programs.,Modify the provisions for a refund of taxes to disabled veterans and surviving spouses under certain property tax relief programs.,4,2026-03-30,https://legiscan.com/SD/bill/HB1193/2026
SD,2100471,,"Clarify authority for the Cosmetology Commission to credit work experience for educational hours for certain out-of-state licensure applicants, and to require the commission to promulgate rules therefor.","Clarify authority for the Cosmetology Commission to credit work experience for educational hours for certain out-of-state licensure applicants, and to require the commission to promulgate rules therefor.",4,2026-03-30,https://legiscan.com/SD/bill/HB1194/2026
SD,2100288,,Provide free admission to state parks and recreation areas for residents enrolled as members of Indian tribes.,Provide free admission to state parks and recreation areas for residents enrolled as members of Indian tribes.,1,2026-01-29,https://legiscan.com/SD/bill/HB1195/2026
SD,2100998,,"Provide for the participation of delegates from this state in an Article V convention, and to provide a penalty therefor.","Provide for the participation of delegates from this state in an Article V convention, and to provide a penalty therefor.",1,2026-01-29,https://legiscan.com/SD/bill/HB1196/2026
SD,2100990,,Revise a provision related to the venue of adoption proceedings.,Revise a provision related to the venue of adoption proceedings.,4,2026-03-04,https://legiscan.com/SD/bill/HB1197/2026
SD,2101540,,Require that certain facilities obtain conditional use permits from adjacent political subdivisions.,Require that certain facilities obtain conditional use permits from adjacent political subdivisions.,1,2026-01-29,https://legiscan.com/SD/bill/HB1198/2026
SD,2101255,,Address prior authorization and reporting requirements by utilization review organizations and health carriers.,Address prior authorization and reporting requirements by utilization review organizations and health carriers.,4,2026-03-30,https://legiscan.com/SD/bill/HB1199/2026
SD,2101526,,Make an appropriation for victim services provided by nonprofit organizations.,Make an appropriation for victim services provided by nonprofit organizations.,4,2026-03-30,https://legiscan.com/SD/bill/HB1200/2026
SD,2101502,,"Authorize the use of bingo games, lotteries, and pull-tab devices by booster clubs.","Authorize the use of bingo games, lotteries, and pull-tab devices by booster clubs.",4,2026-02-26,https://legiscan.com/SD/bill/HB1201/2026
SD,2101409,,"Authorize the construction of a trades center on the campus of Lake Area Technical College, to make an appropriation therefor, and to declare an emergency.","Authorize the construction of a trades center on the campus of Lake Area Technical College, to make an appropriation therefor, and to declare an emergency.",1,2026-01-29,https://legiscan.com/SD/bill/HB1202/2026
SD,2101607,,Exempt a volunteer firefighter from certain motor vehicle registration fees.,Exempt a volunteer firefighter from certain motor vehicle registration fees.,1,2026-01-29,https://legiscan.com/SD/bill/HB1203/2026
SD,2101628,,"Create the South Dakota school construction fund, provide for the transfer of moneys to the fund, and make an appropriation therefor.","Create the South Dakota school construction fund, provide for the transfer of moneys to the fund, and make an appropriation therefor.",1,2026-01-29,https://legiscan.com/SD/bill/HB1204/2026
SD,2101601,,Amend the manner of calculating state aid to general and special education funding.,Amend the manner of calculating state aid to general and special education funding.,1,2026-01-29,https://legiscan.com/SD/bill/HB1205/2026
SD,2101054,,Clarify the use of public funds for the purpose of alternative instruction.,Clarify the use of public funds for the purpose of alternative instruction.,1,2026-01-29,https://legiscan.com/SD/bill/HB1206/2026
SD,2101128,,Amend the period of time before which ballots and other election materials may be destroyed following an election.,Amend the period of time before which ballots and other election materials may be destroyed following an election.,1,2026-01-29,https://legiscan.com/SD/bill/HB1207/2026
SD,2101305,,Revise licensure provisions for electricians.,Revise licensure provisions for electricians.,1,2026-01-29,https://legiscan.com/SD/bill/HB1208/2026
SD,2101615,,Require employment verification eligibility through the e-verify program and to provide a penalty therefor.,Require employment verification eligibility through the e-verify program and to provide a penalty therefor.,3,2026-03-04,https://legiscan.com/SD/bill/HB1209/2026
SD,2101594,,Prohibit COVID-19 vaccination requirements and to provide a penalty therefor.,Prohibit COVID-19 vaccination requirements and to provide a penalty therefor.,1,2026-01-29,https://legiscan.com/SD/bill/HB1210/2026
SD,2101317,,Create a digital registry identification card for medical cannabis patients.,Create a digital registry identification card for medical cannabis patients.,1,2026-01-29,https://legiscan.com/SD/bill/HB1211/2026
SD,2101394,,Revise provisions in order to strengthen protections for unborn children.,Revise provisions in order to strengthen protections for unborn children.,1,2026-01-29,https://legiscan.com/SD/bill/HB1212/2026
SD,2101465,,Make an appropriation for a statewide educator retention initiative.,Make an appropriation for a statewide educator retention initiative.,1,2026-01-29,https://legiscan.com/SD/bill/HB1213/2026
SD,2101557,,Require that courts consider as a mitigating factor during sentencing an individual's history as a victim of abuse and provide for a reduced sentence in certain circumstances.,Require that courts consider as a mitigating factor during sentencing an individual's history as a victim of abuse and provide for a reduced sentence in certain circumstances.,1,2026-01-29,https://legiscan.com/SD/bill/HB1214/2026
SD,2101428,,Authorize counties and municipalities to issue a license for a cigar bar.,Authorize counties and municipalities to issue a license for a cigar bar.,4,2026-03-30,https://legiscan.com/SD/bill/HB1215/2026
SD,2101436,,Revise the list of mandatory reporters of suspected child abuse or neglect.,Revise the list of mandatory reporters of suspected child abuse or neglect.,1,2026-01-29,https://legiscan.com/SD/bill/HB1216/2026
SD,2101232,,Limit the use of taxpayer funds and resources by a public education employer to support a labor organization or affiliate and to provide a penalty therefor.,Limit the use of taxpayer funds and resources by a public education employer to support a labor organization or affiliate and to provide a penalty therefor.,1,2026-01-29,https://legiscan.com/SD/bill/HB1217/2026
SD,2101458,,"Create a new class of nonagricultural property for purposes of taxation, and to provide a penalty therefor.","Create a new class of nonagricultural property for purposes of taxation, and to provide a penalty therefor.",1,2026-01-29,https://legiscan.com/SD/bill/HB1218/2026
SD,2101097,,Require the provision of interpreter or translator services for parties to an administrative contested case.,Require the provision of interpreter or translator services for parties to an administrative contested case.,4,2026-03-09,https://legiscan.com/SD/bill/HB1219/2026
SD,2101584,,"Regulate the sale of nicotine products, and to provide a penalty therefor.","Regulate the sale of nicotine products, and to provide a penalty therefor.",4,2026-03-30,https://legiscan.com/SD/bill/HB1220/2026
SD,2101148,,Establish a post-employment restriction for employees of the Governor's Office of Economic Development and create a penalty therefor.,Establish a post-employment restriction for employees of the Governor's Office of Economic Development and create a penalty therefor.,1,2026-01-29,https://legiscan.com/SD/bill/HB1221/2026
SD,2101578,,Prohibit members of the Board of Economic Development from having any interest in moneys from or approved by the Board of Economic Development.,Prohibit members of the Board of Economic Development from having any interest in moneys from or approved by the Board of Economic Development.,1,2026-01-29,https://legiscan.com/SD/bill/HB1222/2026
SD,2101091,,Revise the scope of practice for occupational therapy.,Revise the scope of practice for occupational therapy.,1,2026-01-29,https://legiscan.com/SD/bill/HB1223/2026
SD,2101040,,Protect persons from discrimination by financial institutions.,Protect persons from discrimination by financial institutions.,1,2026-01-29,https://legiscan.com/SD/bill/HB1224/2026
SD,2101534,,Enhance the future of education in South Dakota.,Enhance the future of education in South Dakota.,1,2026-01-29,https://legiscan.com/SD/bill/HB1225/2026
SD,2101060,,"Authorize boards of county commissioners to adopt policies for investigating allegations of misconduct of county departments, employees, and officers.","Authorize boards of county commissioners to adopt policies for investigating allegations of misconduct of county departments, employees, and officers.",1,2026-01-29,https://legiscan.com/SD/bill/HB1226/2026
SD,2101517,,Increase the annual fee required of an owner of an electric motor vehicle.,Increase the annual fee required of an owner of an electric motor vehicle.,4,2026-02-26,https://legiscan.com/SD/bill/HB1227/2026
SD,2101158,,Provide a stipend to certain members of the National Guard who donate an organ for the purpose of transplantation to another individual.,Provide a stipend to certain members of the National Guard who donate an organ for the purpose of transplantation to another individual.,1,2026-01-29,https://legiscan.com/SD/bill/HB1228/2026
SD,2101495,,Require the inclusion of certain features within a manufacturer's application store or on a developer's application.,Require the inclusion of certain features within a manufacturer's application store or on a developer's application.,1,2026-01-29,https://legiscan.com/SD/bill/HB1229/2026
SD,2101083,,Modify requirements for payment of the employer's investment in South Dakota's future fee.,Modify requirements for payment of the employer's investment in South Dakota's future fee.,1,2026-01-29,https://legiscan.com/SD/bill/HB1230/2026
SD,2101450,,Clarify documentation requirements for assistance animals in rental dwelling units.,Clarify documentation requirements for assistance animals in rental dwelling units.,1,2026-01-29,https://legiscan.com/SD/bill/HB1231/2026
SD,2101386,,Establish principles for a state agency to consider when formulating or implementing a program that has the potential of affecting tribal members on a reservation.,Establish principles for a state agency to consider when formulating or implementing a program that has the potential of affecting tribal members on a reservation.,4,2026-03-30,https://legiscan.com/SD/bill/HB1232/2026
SD,2101564,,Modify provisions for a tax collection agreement with an Indian tribe.,Modify provisions for a tax collection agreement with an Indian tribe.,4,2026-03-04,https://legiscan.com/SD/bill/HB1233/2026
SD,2101217,,Revise provisions related to serving a subpoena in a contested case.,Revise provisions related to serving a subpoena in a contested case.,4,2026-03-12,https://legiscan.com/SD/bill/HB1234/2026
SD,2101360,,Increase communication between agencies of this state and tribal governments.,Increase communication between agencies of this state and tribal governments.,1,2026-01-29,https://legiscan.com/SD/bill/HB1235/2026
SD,2101120,,Establish civil liability for furnishing alcohol to an obviously intoxicated person.,Establish civil liability for furnishing alcohol to an obviously intoxicated person.,1,2026-01-29,https://legiscan.com/SD/bill/HB1236/2026
SD,2101135,,"Require age verification before an individual may access an application from an online application store, publicly available website, electronic service, or other online platform.","Require age verification before an individual may access an application from an online application store, publicly available website, electronic service, or other online platform.",1,2026-01-29,https://legiscan.com/SD/bill/HB1237/2026
SD,2101283,,"Protect financial institutions taking action to prevent the financial exploitation of consenting, senior, or vulnerable adults.","Protect financial institutions taking action to prevent the financial exploitation of consenting, senior, or vulnerable adults.",4,2026-03-12,https://legiscan.com/SD/bill/HB1238/2026
SD,2101510,,Require that the Department of Education provide for the compensation of a teacher employed by a school district.,Require that the Department of Education provide for the compensation of a teacher employed by a school district.,1,2026-02-02,https://legiscan.com/SD/bill/HB1239/2026
SD,2101667,,"Establish requirements for the distribution and sale of vapor products, and to provide a penalty therefor.","Establish requirements for the distribution and sale of vapor products, and to provide a penalty therefor.",1,2026-02-02,https://legiscan.com/SD/bill/HB1240/2026
SD,2101846,,"Modify the requirements for public notice of a hearing prior to a vote to impose an excess tax levy, and to modify requirements to refer an excess tax levy of a school district to a vote.","Modify the requirements for public notice of a hearing prior to a vote to impose an excess tax levy, and to modify requirements to refer an excess tax levy of a school district to a vote.",2,2026-02-17,https://legiscan.com/SD/bill/HB1241/2026
SD,2101786,,Require emergency personnel to use flares or emergency reflective triangles to mark stopped emergency vehicles in some circumstances.,Require emergency personnel to use flares or emergency reflective triangles to mark stopped emergency vehicles in some circumstances.,1,2026-02-02,https://legiscan.com/SD/bill/HB1242/2026
SD,2101938,,Require the display of the state motto in public schools and provide for associated legal representation.,Require the display of the state motto in public schools and provide for associated legal representation.,1,2026-02-02,https://legiscan.com/SD/bill/HB1243/2026
SD,2102287,,Repeal the special donations fund and make an appropriation to the Department of Education for the provision of a grant to support the Jobs for America's Graduates-South Dakota program.,Repeal the special donations fund and make an appropriation to the Department of Education for the provision of a grant to support the Jobs for America's Graduates-South Dakota program.,3,2026-03-04,https://legiscan.com/SD/bill/HB1244/2026
SD,2103023,,Authorize municipalities to establish a local funding mechanism for capital improvement projects.,Authorize municipalities to establish a local funding mechanism for capital improvement projects.,4,2026-03-30,https://legiscan.com/SD/bill/HB1245/2026
SD,2103285,,Prohibit nondisclosure of certain agreements related to data centers.,Prohibit nondisclosure of certain agreements related to data centers.,1,2026-02-02,https://legiscan.com/SD/bill/HB1246/2026
SD,2103409,,Lower the cost threshold at which a tax increment finance base must be redetermined.,Lower the cost threshold at which a tax increment finance base must be redetermined.,1,2026-02-02,https://legiscan.com/SD/bill/HB1247/2026
SD,2103436,,Amend provisions of the Uniform Commercial Code.,Amend provisions of the Uniform Commercial Code.,1,2026-02-02,https://legiscan.com/SD/bill/HB1248/2026
SD,2103351,,"Amend provisions pertaining to the School Finance Accountability Board, and the process by which a recommendation of the board is approved.","Amend provisions pertaining to the School Finance Accountability Board, and the process by which a recommendation of the board is approved.",3,2026-03-09,https://legiscan.com/SD/bill/HB1249/2026
SD,2103321,,Revise the types of community-based providers for purposes of state funded services.,Revise the types of community-based providers for purposes of state funded services.,4,2026-03-30,https://legiscan.com/SD/bill/HB1250/2026
SD,2103379,,"Create the community-based providers methodology supplement fund, create the target teacher salary supplement fund, and provide for the transfer of certain unobligated cash balances to the fund.","Create the community-based providers methodology supplement fund, create the target teacher salary supplement fund, and provide for the transfer of certain unobligated cash balances to the fund.",1,2026-02-02,https://legiscan.com/SD/bill/HB1251/2026
SD,2103671,,"Provide for indigent legal services by the Commission on Indigent Legal Services, and to provide an appropriation therefor.","Provide for indigent legal services by the Commission on Indigent Legal Services, and to provide an appropriation therefor.",1,2026-02-02,https://legiscan.com/SD/bill/HB1252/2026
SD,2103708,,Adjust the assessment methodology for owner-occupied single-family dwellings and nonagricultural property.,Adjust the assessment methodology for owner-occupied single-family dwellings and nonagricultural property.,2,2026-02-18,https://legiscan.com/SD/bill/HB1253/2026
SD,2103633,,Exempt any soil amendment used exclusively for agricultural purposes from sales tax.,Exempt any soil amendment used exclusively for agricultural purposes from sales tax.,3,2026-03-03,https://legiscan.com/SD/bill/HB1254/2026
SD,2103747,,Require that the Department of Health accept the medical records of a veteran applying for a medical cannabis registry identification card.,Require that the Department of Health accept the medical records of a veteran applying for a medical cannabis registry identification card.,1,2026-02-03,https://legiscan.com/SD/bill/HB1255/2026
SD,2103590,,Require the promulgation of rules related to accessing the capitol complex and providing electronic card access to capitol access pass holders.,Require the promulgation of rules related to accessing the capitol complex and providing electronic card access to capitol access pass holders.,1,2026-02-03,https://legiscan.com/SD/bill/HB1256/2026
SD,2104657,,Amend the definition of an abortion.,Amend the definition of an abortion.,4,2026-03-30,https://legiscan.com/SD/bill/HB1257/2026
SD,2104566,,Require that a property tax bill provide access to a state website providing property tax information.,Require that a property tax bill provide access to a state website providing property tax information.,4,2026-03-30,https://legiscan.com/SD/bill/HB1258/2026
SD,2104688,,Require that the Department of Revenue provide for an online application for property tax relief programs.,Require that the Department of Revenue provide for an online application for property tax relief programs.,1,2026-02-03,https://legiscan.com/SD/bill/HB1259/2026
SD,2104807,,Authorize the establishment of municipal property tax rebate programs.,Authorize the establishment of municipal property tax rebate programs.,4,2026-03-04,https://legiscan.com/SD/bill/HB1260/2026
SD,2105027,,"Provide a tax credit for owner-occupied property, to make an appropriation therefor, and to transfer moneys to the general fund.","Provide a tax credit for owner-occupied property, to make an appropriation therefor, and to transfer moneys to the general fund.",1,2026-02-03,https://legiscan.com/SD/bill/HB1261/2026
SD,2104865,,"Make an appropriation for a non-residential, school-based, therapeutic services facility in Brown County and to declare an emergency.","Make an appropriation for a non-residential, school-based, therapeutic services facility in Brown County and to declare an emergency.",3,2026-03-04,https://legiscan.com/SD/bill/HB1262/2026
SD,2105122,,Eliminate an exclusion from the definition of an agricultural equipment dealer.,Eliminate an exclusion from the definition of an agricultural equipment dealer.,3,2026-03-04,https://legiscan.com/SD/bill/HB1263/2026
SD,2104988,,"Eliminate the Agricultural Land Assessment Implementation and Oversight Advisory Task Force, and to provide that the Department of Revenue receive the submission of recommendations and provide a report on agricultural value.","Eliminate the Agricultural Land Assessment Implementation and Oversight Advisory Task Force, and to provide that the Department of Revenue receive the submission of recommendations and provide a report on agricultural value.",4,2026-03-30,https://legiscan.com/SD/bill/HB1264/2026
SD,2105082,,Authorize the salvage of certain bird eggs.,Authorize the salvage of certain bird eggs.,4,2026-03-12,https://legiscan.com/SD/bill/HB1265/2026
SD,2104902,,Make certain federal laws applicable to public employees.,Make certain federal laws applicable to public employees.,1,2026-02-04,https://legiscan.com/SD/bill/HB1266/2026
SD,2104970,,Require statewide livestock ownership inspection.,Require statewide livestock ownership inspection.,1,2026-02-04,https://legiscan.com/SD/bill/HB1267/2026
SD,2105138,,Repeal capital punishment.,Repeal capital punishment.,1,2026-02-04,https://legiscan.com/SD/bill/HB1268/2026
SD,2104927,,Require that manufacturers of agricultural equipment allow an independent repair provider or an owner to make certain repairs to agricultural equipment.,Require that manufacturers of agricultural equipment allow an independent repair provider or an owner to make certain repairs to agricultural equipment.,1,2026-02-04,https://legiscan.com/SD/bill/HB1269/2026
SD,2105005,,Provide an apprenticeship pathway to practice law in South Dakota.,Provide an apprenticeship pathway to practice law in South Dakota.,1,2026-02-04,https://legiscan.com/SD/bill/HB1270/2026
SD,2104826,,Prohibit weather and climate modification activities and provide a penalty therefor.,Prohibit weather and climate modification activities and provide a penalty therefor.,1,2026-02-04,https://legiscan.com/SD/bill/HB1271/2026
SD,2104848,,Require that a snow bear be titled and licensed.,Require that a snow bear be titled and licensed.,1,2026-02-04,https://legiscan.com/SD/bill/HB1272/2026
SD,2106398,,Revise certain mining statutes.,Revise certain mining statutes.,1,2026-02-04,https://legiscan.com/SD/bill/HB1273/2026
SD,2106512,,"Prohibit the dispensing, distribution, sale, or advertisement of certain articles or things for purposes of an unlawful abortion and provide a criminal and civil penalty therefor.","Prohibit the dispensing, distribution, sale, or advertisement of certain articles or things for purposes of an unlawful abortion and provide a criminal and civil penalty therefor.",4,2026-03-30,https://legiscan.com/SD/bill/HB1274/2026
SD,2106550,,Create requirements for age verification and parental consent for application stores and to provide a penalty therefor.,Create requirements for age verification and parental consent for application stores and to provide a penalty therefor.,2,2026-02-20,https://legiscan.com/SD/bill/HB1275/2026
SD,2106780,,Establish policies and procedures for the use of solitary confinement in a juvenile facility.,Establish policies and procedures for the use of solitary confinement in a juvenile facility.,1,2026-02-04,https://legiscan.com/SD/bill/HB1276/2026
SD,2106676,,"Require that campgrounds and campground additions, alterations, and modifications comply with National Fire Protection Association standards.","Require that campgrounds and campground additions, alterations, and modifications comply with National Fire Protection Association standards.",1,2026-02-04,https://legiscan.com/SD/bill/HB1277/2026
SD,2106923,,Prohibit certain political committees from accepting contributions by certain officers or employees of this state.,Prohibit certain political committees from accepting contributions by certain officers or employees of this state.,1,2026-02-04,https://legiscan.com/SD/bill/HB1278/2026
SD,2106987,,Permit technical college employees to join the state health plan.,Permit technical college employees to join the state health plan.,2,2026-02-24,https://legiscan.com/SD/bill/HB1279/2026
SD,2107051,,Increase penalties for the operation of drones over certain facilities and to provide for mitigation techniques and countermeasures.,Increase penalties for the operation of drones over certain facilities and to provide for mitigation techniques and countermeasures.,4,2026-03-12,https://legiscan.com/SD/bill/HB1280/2026
SD,2107224,,"Reduce the sales and use tax rates on food, to increase the rates for certain taxes, use taxes, and excise taxes, and to provide a new fund for school district capital outlay projects.","Reduce the sales and use tax rates on food, to increase the rates for certain taxes, use taxes, and excise taxes, and to provide a new fund for school district capital outlay projects.",1,2026-02-04,https://legiscan.com/SD/bill/HB1281/2026
SD,2107307,,Provide for the admission of certain children younger than five years old to the kindergarten program of a school district.,Provide for the admission of certain children younger than five years old to the kindergarten program of a school district.,1,2026-02-04,https://legiscan.com/SD/bill/HB1282/2026
SD,2107138,,Exempt nonresident active-duty military personnel and their dependents from payment of motor vehicle license fees.,Exempt nonresident active-duty military personnel and their dependents from payment of motor vehicle license fees.,1,2026-02-04,https://legiscan.com/SD/bill/HB1283/2026
SD,2107326,,Provide that an alcoholic beverage may be carried and consumed in enterprises connected to and in the same building as a bar or lounge.,Provide that an alcoholic beverage may be carried and consumed in enterprises connected to and in the same building as a bar or lounge.,1,2026-02-04,https://legiscan.com/SD/bill/HB1284/2026
SD,2107301,,Amend provisions pertaining to the timing of municipal and school district elections.,Amend provisions pertaining to the timing of municipal and school district elections.,1,2026-02-04,https://legiscan.com/SD/bill/HB1285/2026
SD,2107256,,Amend the process by which moneys are distributed from the employer's investment in South Dakota's future fund.,Amend the process by which moneys are distributed from the employer's investment in South Dakota's future fund.,4,2026-03-10,https://legiscan.com/SD/bill/HB1286/2026
SD,2107159,,Require an alternate approval process for an operation that extracts materials by the use of explosives.,Require an alternate approval process for an operation that extracts materials by the use of explosives.,1,2026-02-04,https://legiscan.com/SD/bill/HB1287/2026
SD,2107333,,Modify the authority of a political subdivision to adopt mining ordinances.,Modify the authority of a political subdivision to adopt mining ordinances.,1,2026-02-04,https://legiscan.com/SD/bill/HB1288/2026
SD,2107173,,Modify requirements to create a tax increment financing district.,Modify requirements to create a tax increment financing district.,1,2026-02-04,https://legiscan.com/SD/bill/HB1289/2026
SD,2107231,,Amend provisions pertaining to calculating local effort and state aid for general education.,Amend provisions pertaining to calculating local effort and state aid for general education.,1,2026-02-04,https://legiscan.com/SD/bill/HB1290/2026
SD,2107183,,Amend the process for calculating a school district's general fund base percentage.,Amend the process for calculating a school district's general fund base percentage.,1,2026-02-04,https://legiscan.com/SD/bill/HB1291/2026
SD,2107362,,"Limit the ability of a health carrier to recoup, recover, or retroactively deny previously paid claims.","Limit the ability of a health carrier to recoup, recover, or retroactively deny previously paid claims.",4,2026-03-30,https://legiscan.com/SD/bill/HB1292/2026
SD,2107126,,"Make an appropriation for increasing the benefit amounts of the temporary assistance for needy families program, and to declare an emergency.","Make an appropriation for increasing the benefit amounts of the temporary assistance for needy families program, and to declare an emergency.",1,2026-02-04,https://legiscan.com/SD/bill/HB1293/2026
SD,2107286,,Prohibit geoengineering in this state.,Prohibit geoengineering in this state.,1,2026-02-04,https://legiscan.com/SD/bill/HB1294/2026
SD,2107165,,Revise provisions for the acquisition of highway easements and rights of way.,Revise provisions for the acquisition of highway easements and rights of way.,1,2026-02-04,https://legiscan.com/SD/bill/HB1295/2026
SD,2107178,,Permit a court to require that a defendant participate in global position monitoring as a condition of release for certain offenses.,Permit a court to require that a defendant participate in global position monitoring as a condition of release for certain offenses.,1,2026-02-04,https://legiscan.com/SD/bill/HB1296/2026
SD,2107192,,"Provide for the study of statewide transit needs and the economic impacts of public transit, and to make an appropriation therefor.","Provide for the study of statewide transit needs and the economic impacts of public transit, and to make an appropriation therefor.",1,2026-02-04,https://legiscan.com/SD/bill/HB1297/2026
SD,2107296,,Prohibit the electronic publication of certain information about a judicial officer or law enforcement officer and provide a penalty therefor.,Prohibit the electronic publication of certain information about a judicial officer or law enforcement officer and provide a penalty therefor.,4,2026-03-30,https://legiscan.com/SD/bill/HB1298/2026
SD,2107149,,Permit the use of biological filtration systems in water recreational facilities located in certain lodging establishments.,Permit the use of biological filtration systems in water recreational facilities located in certain lodging establishments.,4,2026-03-30,https://legiscan.com/SD/bill/HB1299/2026
SD,2107268,,Except victims of human trafficking or domestic abuse from certain clemency notice requirements.,Except victims of human trafficking or domestic abuse from certain clemency notice requirements.,4,2026-03-30,https://legiscan.com/SD/bill/HB1300/2026
SD,2107251,,Limit costs and risks associated with electricity use by data centers and impose a moratorium.,Limit costs and risks associated with electricity use by data centers and impose a moratorium.,1,2026-02-04,https://legiscan.com/SD/bill/HB1301/2026
SD,2107373,,Address issues facing South Dakota.,Address issues facing South Dakota.,2,2026-02-24,https://legiscan.com/SD/bill/HB1302/2026
SD,2107142,,Promote the future success and development of South Dakota.,Promote the future success and development of South Dakota.,2,2026-02-24,https://legiscan.com/SD/bill/HB1303/2026
SD,2107351,,Allow subdivisions to limit the operation of drones at open-air events.,Allow subdivisions to limit the operation of drones at open-air events.,1,2026-02-04,https://legiscan.com/SD/bill/HB1304/2026
SD,2107346,,Prohibit the dissemination of location information about a public officer and provide a penalty and civil cause of action therefor.,Prohibit the dissemination of location information about a public officer and provide a penalty and civil cause of action therefor.,1,2026-02-04,https://legiscan.com/SD/bill/HB1305/2026
SD,2107196,,Authorize the provision of charitable contributions to a scholarship granting organization.,Authorize the provision of charitable contributions to a scholarship granting organization.,1,2026-02-04,https://legiscan.com/SD/bill/HB1306/2026
SD,2107217,,Limit the annual increase in assessed value of each owner-occupied single-family dwelling.,Limit the annual increase in assessed value of each owner-occupied single-family dwelling.,1,2026-02-04,https://legiscan.com/SD/bill/HB1307/2026
SD,2107514,,"Reduce certain property taxes for owner-occupied property, and to increase the rates for certain gross receipts taxes and use taxes.","Reduce certain property taxes for owner-occupied property, and to increase the rates for certain gross receipts taxes and use taxes.",1,2026-02-04,https://legiscan.com/SD/bill/HB1308/2026
SD,2107793,,Restrict the processing of online personal data of individuals sixteen years of age or younger.,Restrict the processing of online personal data of individuals sixteen years of age or younger.,1,2026-02-04,https://legiscan.com/SD/bill/HB1309/2026
SD,2107557,,Make an appropriation for providing loans to custom exempt plants and slaughtering establishments.,Make an appropriation for providing loans to custom exempt plants and slaughtering establishments.,1,2026-02-04,https://legiscan.com/SD/bill/HB1310/2026
SD,2107404,,Require the reporting of funding given by certain persons and governments to institutions under the control of the Board of Regents and the South Dakota Board of Technical Education.,Require the reporting of funding given by certain persons and governments to institutions under the control of the Board of Regents and the South Dakota Board of Technical Education.,4,2026-03-12,https://legiscan.com/SD/bill/HB1311/2026
SD,2107474,,Limit annual valuation increases on owner-occupied single-family dwellings and provide an exception for mill rate limitations on taxing districts.,Limit annual valuation increases on owner-occupied single-family dwellings and provide an exception for mill rate limitations on taxing districts.,1,2026-02-04,https://legiscan.com/SD/bill/HB1312/2026
SD,2107431,,Require education in prenatal human growth and development.,Require education in prenatal human growth and development.,4,2026-03-30,https://legiscan.com/SD/bill/HB1313/2026
SD,2107568,,Modify provisions pertaining to the testing and use of automatic tabulating equipment.,Modify provisions pertaining to the testing and use of automatic tabulating equipment.,1,2026-02-04,https://legiscan.com/SD/bill/HB1314/2026
SD,2107765,,Authorize the recall of certain elected officials or individuals appointed to fill vacancies in certain offices.,Authorize the recall of certain elected officials or individuals appointed to fill vacancies in certain offices.,1,2026-02-04,https://legiscan.com/SD/bill/HB1315/2026
SD,2107543,,Revise the time for conducting the canvass of an election.,Revise the time for conducting the canvass of an election.,1,2026-02-04,https://legiscan.com/SD/bill/HB1316/2026
SD,2107460,,Eliminate a limit on the accumulation of the unused index factor for property taxation.,Eliminate a limit on the accumulation of the unused index factor for property taxation.,1,2026-02-04,https://legiscan.com/SD/bill/HB1317/2026
SD,2107681,,Prohibit natural asset companies.,Prohibit natural asset companies.,1,2026-02-04,https://legiscan.com/SD/bill/HB1318/2026
SD,2107629,,Update provisions related to tax increment financing districts.,Update provisions related to tax increment financing districts.,1,2026-02-04,https://legiscan.com/SD/bill/HB1319/2026
SD,2107485,,Revise a provision related to service of process for boards of county commissioners.,Revise a provision related to service of process for boards of county commissioners.,4,2026-03-30,https://legiscan.com/SD/bill/HB1320/2026
SD,2107834,,"Require that county treasurers calculate excise tax using the amount shown on a bill of sale for a used vehicle sold, leased, or transferred by a person other than a licensed motor vehicle dealer.","Require that county treasurers calculate excise tax using the amount shown on a bill of sale for a used vehicle sold, leased, or transferred by a person other than a licensed motor vehicle dealer.",1,2026-02-04,https://legiscan.com/SD/bill/HB1321/2026
SD,2107446,,Revise a provision related to the transportation of an inmate upon discharge from a correctional facility.,Revise a provision related to the transportation of an inmate upon discharge from a correctional facility.,1,2026-02-04,https://legiscan.com/SD/bill/HB1322/2026
SD,2107739,,Modify the requirements to refer an ordinance or resolution to the voters of a political subdivision.,Modify the requirements to refer an ordinance or resolution to the voters of a political subdivision.,3,2026-03-09,https://legiscan.com/SD/bill/HB1323/2026
SD,2107595,,Abolish the State Board of Elections.,Abolish the State Board of Elections.,1,2026-02-04,https://legiscan.com/SD/bill/HB1324/2026
SD,2107417,,Prohibit the Board of Regents and institutions under its control from requiring certain students to reside in on-campus housing or purchase meal plans.,Prohibit the Board of Regents and institutions under its control from requiring certain students to reside in on-campus housing or purchase meal plans.,1,2026-02-04,https://legiscan.com/SD/bill/HB1325/2026
SD,2132403,,"Appropriate money for the ordinary expenses of the legislative, judicial, and executive departments of the state, the current expenses of state institutions, interest on the public debt, and common schools.","Appropriate money for the ordinary expenses of the legislative, judicial, and executive departments of the state, the current expenses of state institutions, interest on the public debt, and common schools.",4,2026-03-30,https://legiscan.com/SD/bill/HB1326/2026
SD,2073353,,Recognizing the 250th anniversary of the Declaration of Independence.,Recognizing the 250th anniversary of the Declaration of Independence.,2,2026-01-15,https://legiscan.com/SD/bill/HR7001/2026
SD,2061038,,Urging the United States Department of Homeland Security to establish a tribal law enforcement training academy in South Dakota.,Urging the United States Department of Homeland Security to establish a tribal law enforcement training academy in South Dakota.,3,2026-02-02,https://legiscan.com/SD/bill/HCR6001/2026
SD,2061024,,Honoring the life and achievements of the late Charlie Kirk.,Honoring the life and achievements of the late Charlie Kirk.,3,2026-01-26,https://legiscan.com/SD/bill/HCR6002/2026
SD,2078605,,"Recognizing the importance of conservation and restoration practices in addressing water shortages and forest fire mitigation in the Black Hills, and commending the organizations engaged in this work.","Recognizing the importance of conservation and restoration practices in addressing water shortages and forest fire mitigation in the Black Hills, and commending the organizations engaged in this work.",3,2026-01-26,https://legiscan.com/SD/bill/HCR6003/2026
SD,2079724,,Encouraging the use of physical cash in transactions.,Encouraging the use of physical cash in transactions.,2,2026-01-26,https://legiscan.com/SD/bill/HCR6004/2026
SD,2081575,,Supporting January as National Blood Donor Month.,Supporting January as National Blood Donor Month.,3,2026-01-26,https://legiscan.com/SD/bill/HCR6005/2026
SD,2083788,,Urging this state's congressional delegation to end foreign aid programs pending control of the United States debt situation.,Urging this state's congressional delegation to end foreign aid programs pending control of the United States debt situation.,1,2026-01-16,https://legiscan.com/SD/bill/HCR6006/2026
SD,2090780,,"Encouraging honest economic development rooted in the republican principles of limited government, deregulation, and organic entrepreneurial growth.","Encouraging honest economic development rooted in the republican principles of limited government, deregulation, and organic entrepreneurial growth.",1,2026-01-23,https://legiscan.com/SD/bill/HCR6007/2026
SD,2098620,,Requesting the attorney general file a lawsuit against the People's Republic of China and related parties to seek damages related to the COVID-19 global pandemic.,Requesting the attorney general file a lawsuit against the People's Republic of China and related parties to seek damages related to the COVID-19 global pandemic.,1,2026-01-29,https://legiscan.com/SD/bill/HCR6008/2026
SD,2100381,,Urging Congress to repeal the estate tax.,Urging Congress to repeal the estate tax.,1,2026-01-29,https://legiscan.com/SD/bill/HCR6009/2026
SD,2100891,,Urging the Supreme Court of the United States to overturn the decision in Obergefell v. Hodges.,Urging the Supreme Court of the United States to overturn the decision in Obergefell v. Hodges.,1,2026-01-29,https://legiscan.com/SD/bill/HCR6010/2026
SD,2101178,,Encouraging the Executive Board of the Legislative Research Council to form an interim Neurohealth Safety Committee to study and assess the regulatory framework under which vapor product retail establishments operate.,Encouraging the Executive Board of the Legislative Research Council to form an interim Neurohealth Safety Committee to study and assess the regulatory framework under which vapor product retail establishments operate.,3,2026-02-17,https://legiscan.com/SD/bill/HCR6011/2026
SD,2106587,,"Recognizing the YMCA for 175 years of service to youth, families, and communities in South Dakota and across the United States.","Recognizing the YMCA for 175 years of service to youth, families, and communities in South Dakota and across the United States.",3,2026-02-11,https://legiscan.com/SD/bill/HCR6012/2026
SD,2106858,,Encouraging the state's congressional delegation to meet with the Legislature.,Encouraging the state's congressional delegation to meet with the Legislature.,1,2026-02-04,https://legiscan.com/SD/bill/HCR6013/2026
SD,2106860,,Honoring Custer State Park cabin owners and their property rights.,Honoring Custer State Park cabin owners and their property rights.,1,2026-02-04,https://legiscan.com/SD/bill/HCR6014/2026
SD,2107340,,Encouraging the Executive Board of the Legislative Research Council to form an interim legislative committee to study the role and function of county boards of mental illness.,Encouraging the Executive Board of the Legislative Research Council to form an interim legislative committee to study the role and function of county boards of mental illness.,2,2026-02-18,https://legiscan.com/SD/bill/HCR6015/2026
SD,2107241,,Supporting reform of the beef checkoff program.,Supporting reform of the beef checkoff program.,2,2026-02-19,https://legiscan.com/SD/bill/HCR6016/2026
SD,2072781,,"Proposing and submitting to the voters at the next general election an amendment to the Constitution of the State of South Dakota, requiring a declaration of necessity and clarifying public use of private property taken or damaged by eminent domain.","Proposing and submitting to the voters at the next general election an amendment to the Constitution of the State of South Dakota, requiring a declaration of necessity and clarifying public use of private property taken or damaged by eminent domain.",2,2026-01-27,https://legiscan.com/SD/bill/HJR5001/2026
SD,2088457,,"Proposing and submitting to the voters at the next general election an amendment to the Constitution of the State of South Dakota, repealing the requirement to provide expanded medicaid.","Proposing and submitting to the voters at the next general election an amendment to the Constitution of the State of South Dakota, repealing the requirement to provide expanded medicaid.",1,2026-01-22,https://legiscan.com/SD/bill/HJR5002/2026
SD,2087047,,Recognizing National FFA week.,Recognizing National FFA week.,0,,https://legiscan.com/SD/bill/HC8001/2026
SD,2093461,,Celebrating the Harrisburg Tigers as the 2025 Class AA state gymnastics champions.,Celebrating the Harrisburg Tigers as the 2025 Class AA state gymnastics champions.,0,,https://legiscan.com/SD/bill/HC8002/2026
SD,2094938,,Congratulating and honoring Joyce Waddell on her retirement from the Bison School District.,Congratulating and honoring Joyce Waddell on her retirement from the Bison School District.,0,,https://legiscan.com/SD/bill/HC8003/2026
SD,2101211,,Celebrating the St. Mary’s Cardinals as the 2025 Class 9B state football champions.,Celebrating the St. Mary’s Cardinals as the 2025 Class 9B state football champions.,0,,https://legiscan.com/SD/bill/HC8004/2026
SD,2103461,,Honoring the Yankton School District on its 150th anniversary.,Honoring the Yankton School District on its 150th anniversary.,0,,https://legiscan.com/SD/bill/HC8005/2026
SD,2104595,,Recognizing February as National Career and Technical Education and National Career and Technical Student Organizations Month.,Recognizing February as National Career and Technical Education and National Career and Technical Student Organizations Month.,0,,https://legiscan.com/SD/bill/HC8006/2026
SD,2107643,,Recognizing Scouting America Day at the Capitol and celebrating Scouting America for one hundred sixteen years of service to American youth.,Recognizing Scouting America Day at the Capitol and celebrating Scouting America for one hundred sixteen years of service to American youth.,0,,https://legiscan.com/SD/bill/HC8007/2026
SD,2113114,,Honoring Ashlyn Koupal of Wagner for being named to the 2026 McDonald's All-American Girls Basketball Team.,Honoring Ashlyn Koupal of Wagner for being named to the 2026 McDonald's All-American Girls Basketball Team.,0,,https://legiscan.com/SD/bill/HC8008/2026
SD,2115543,,"Commending and honoring Brad Olson, a member of the Aberdeen School District Board of Education, on his twenty-five years of school board service.","Commending and honoring Brad Olson, a member of the Aberdeen School District Board of Education, on his twenty-five years of school board service.",0,,https://legiscan.com/SD/bill/HC8009/2026
SD,2115278,,"Honoring James Hanssen, a member of the Bridgewater-Emery School District Board of Education, on his forty years of school board service.","Honoring James Hanssen, a member of the Bridgewater-Emery School District Board of Education, on his forty years of school board service.",0,,https://legiscan.com/SD/bill/HC8010/2026
SD,2115630,,"Commending and honoring Greg Blue, a member of the Iroquois School District Board of Education, on his thirty-five years of school board service.","Commending and honoring Greg Blue, a member of the Iroquois School District Board of Education, on his thirty-five years of school board service.",0,,https://legiscan.com/SD/bill/HC8011/2026
SD,2117031,,Recognizing Captain Royce Williams for his exemplary military service and bravery in combat.,Recognizing Captain Royce Williams for his exemplary military service and bravery in combat.,0,,https://legiscan.com/SD/bill/HC8012/2026
SD,2121149,,Recognizing the Agricultural Issues team of the West Central FFA chapter and celebrating their first-place victory in the state competition and their journey to nationals.,Recognizing the Agricultural Issues team of the West Central FFA chapter and celebrating their first-place victory in the state competition and their journey to nationals.,0,,https://legiscan.com/SD/bill/HC8013/2026
SD,2124194,,Honoring the life and legacy of William Long IV.,Honoring the life and legacy of William Long IV.,0,,https://legiscan.com/SD/bill/HC8014/2026
SD,2125690,,"Honoring Alice Simonson of Day County, who is believed to be the oldest citizen of this state.","Honoring Alice Simonson of Day County, who is believed to be the oldest citizen of this state.",0,,https://legiscan.com/SD/bill/HC8015/2026
SD,2127359,,Honoring the South Dakota Health Care Association on its seventy-fifth anniversary.,Honoring the South Dakota Health Care Association on its seventy-fifth anniversary.,0,,https://legiscan.com/SD/bill/HC8016/2026
SD,2127570,,Commending the Harrisburg Tigers on their 2026 Class AA state gymnastics championship.,Commending the Harrisburg Tigers on their 2026 Class AA state gymnastics championship.,0,,https://legiscan.com/SD/bill/HC8017/2026
SD,2127728,,Celebrating the seventy-fifth anniversary of the creation of the Legislative Research Council.,Celebrating the seventy-fifth anniversary of the creation of the Legislative Research Council.,0,,https://legiscan.com/SD/bill/HC8018/2026
SD,2128186,,Honoring Dr. Kelly Glodt upon his retirement as superintendent of the Pierre School District.,Honoring Dr. Kelly Glodt upon his retirement as superintendent of the Pierre School District.,0,,https://legiscan.com/SD/bill/HC8019/2026
SD,2128751,,"Honoring the life of Dale Weber, longtime president of the South Dakota Amateur Baseball Association.","Honoring the life of Dale Weber, longtime president of the South Dakota Amateur Baseball Association.",0,,https://legiscan.com/SD/bill/HC8020/2026
SD,2128734,,"Honoring the life and service of Yvonne Jane ""Tiny D"" DeCory, of Pine Ridge, South Dakota.","Honoring the life and service of Yvonne Jane ""Tiny D"" DeCory, of Pine Ridge, South Dakota.",0,,https://legiscan.com/SD/bill/HC8021/2026
SD,2128768,,"Recognizing the achievements, leadership, and lifelong public service of Cecelia Fire Thunder.","Recognizing the achievements, leadership, and lifelong public service of Cecelia Fire Thunder.",0,,https://legiscan.com/SD/bill/HC8022/2026
SD,2128744,,Honoring the legacy and strength of grandmothers in this state.,Honoring the legacy and strength of grandmothers in this state.,0,,https://legiscan.com/SD/bill/HC8023/2026
SD,2128758,,Honoring the life and legacy of Elizabeth Cook-Lynn.,Honoring the life and legacy of Elizabeth Cook-Lynn.,0,,https://legiscan.com/SD/bill/HC8024/2026
SD,2128789,,Honoring the accomplishments of University of South Dakota women's basketball player Josie Hill.,Honoring the accomplishments of University of South Dakota women's basketball player Josie Hill.,0,,https://legiscan.com/SD/bill/HC8025/2026
SD,2128802,,"Recognizing the nonprofit Oaye Luta Okolakiciye ""Moving Forward in a Sacred Way.""","Recognizing the nonprofit Oaye Luta Okolakiciye ""Moving Forward in a Sacred Way.""",0,,https://legiscan.com/SD/bill/HC8026/2026
SD,2128810,,Celebrating the life and service of Barbara Dull Knife.,Celebrating the life and service of Barbara Dull Knife.,0,,https://legiscan.com/SD/bill/HC8027/2026
SD,2128846,,"Honoring the accomplishments of Marvin Richard III of Pine Ridge, South Dakota.","Honoring the accomplishments of Marvin Richard III of Pine Ridge, South Dakota.",0,,https://legiscan.com/SD/bill/HC8028/2026
SD,2060584,,Amend the process by which moneys are distributed from the employer's investment in South Dakota's future fund.,Amend the process by which moneys are distributed from the employer's investment in South Dakota's future fund.,1,2026-01-13,https://legiscan.com/SD/bill/SB1/2026
SD,2060585,,Provide that a firearm silencer is not a controlled weapon.,Provide that a firearm silencer is not a controlled weapon.,4,2026-02-11,https://legiscan.com/SD/bill/SB2/2026
SD,2060591,,"Limit the types of residential improvements for which counties, municipalities, and townships may require a permit.","Limit the types of residential improvements for which counties, municipalities, and townships may require a permit.",4,2026-03-30,https://legiscan.com/SD/bill/SB3/2026
SD,2060590,,Revise procedures for returning and withholding security deposits for residential premises.,Revise procedures for returning and withholding security deposits for residential premises.,4,2026-02-12,https://legiscan.com/SD/bill/SB4/2026
SD,2060582,,Require the disclosure of whether a ballot question was proposed by initiative or by the Legislature.,Require the disclosure of whether a ballot question was proposed by initiative or by the Legislature.,4,2026-02-06,https://legiscan.com/SD/bill/SB5/2026
SD,2060595,,Reduce the duration of an individual's reemployment benefits.,Reduce the duration of an individual's reemployment benefits.,1,2026-01-13,https://legiscan.com/SD/bill/SB6/2026
SD,2060580,,Modify the tax rate on gold severed in this state.,Modify the tax rate on gold severed in this state.,1,2026-01-13,https://legiscan.com/SD/bill/SB7/2026
SD,2060592,,Permit a school district to administer epinephrine using a nasal spray.,Permit a school district to administer epinephrine using a nasal spray.,4,2026-02-12,https://legiscan.com/SD/bill/SB8/2026
SD,2060587,,Revise provisions regarding notices to the one-call notification center.,Revise provisions regarding notices to the one-call notification center.,4,2026-02-12,https://legiscan.com/SD/bill/SB9/2026
SD,2060583,,Revise a provision related to the adoption of federal motor carrier regulations.,Revise a provision related to the adoption of federal motor carrier regulations.,4,2026-02-17,https://legiscan.com/SD/bill/SB10/2026
SD,2060588,,Increase reinstatement fees and abstract driver record fees.,Increase reinstatement fees and abstract driver record fees.,4,2026-02-17,https://legiscan.com/SD/bill/SB11/2026
SD,2061025,,Provide for a refund of property taxes in previous years for qualifying veterans and surviving spouses.,Provide for a refund of property taxes in previous years for qualifying veterans and surviving spouses.,4,2026-02-11,https://legiscan.com/SD/bill/SB12/2026
SD,2061019,,Clarify application of the seventy-two hour notice requirement to website posting.,Clarify application of the seventy-two hour notice requirement to website posting.,1,2026-01-13,https://legiscan.com/SD/bill/SB13/2026
SD,2061034,,Modify provisions related to the practice of pharmacy.,Modify provisions related to the practice of pharmacy.,4,2026-03-09,https://legiscan.com/SD/bill/SB14/2026
SD,2064825,,Create the Developmental Disability Service Delivery Committee.,Create the Developmental Disability Service Delivery Committee.,4,2026-03-30,https://legiscan.com/SD/bill/SB15/2026
SD,2064822,,"Provide for the licensure of fishing and hunting guides, and to provide a penalty therefor.","Provide for the licensure of fishing and hunting guides, and to provide a penalty therefor.",1,2026-01-13,https://legiscan.com/SD/bill/SB16/2026
SD,2064820,,"Prohibit a candidate or political committee from accepting contributions or loans made by a foreign national, to provide a penalty therefor, and to declare an emergency.","Prohibit a candidate or political committee from accepting contributions or loans made by a foreign national, to provide a penalty therefor, and to declare an emergency.",4,2026-03-12,https://legiscan.com/SD/bill/SB17/2026
SD,2064819,,Repeal income modifications for the bank franchise tax pertaining to bad debts.,Repeal income modifications for the bank franchise tax pertaining to bad debts.,4,2026-02-17,https://legiscan.com/SD/bill/SB18/2026
SD,2064821,,Revise certain references to the Internal Revenue Code.,Revise certain references to the Internal Revenue Code.,4,2026-02-17,https://legiscan.com/SD/bill/SB19/2026
SD,2064832,,"Make an appropriation for tax refunds for elderly persons and persons with a disability, and to declare an emergency.","Make an appropriation for tax refunds for elderly persons and persons with a disability, and to declare an emergency.",4,2026-03-03,https://legiscan.com/SD/bill/SB20/2026
SD,2064830,,Modify tax refunds for elderly persons and persons with a disability.,Modify tax refunds for elderly persons and persons with a disability.,4,2026-03-04,https://legiscan.com/SD/bill/SB21/2026
SD,2064828,,Clarify when certification of values is transmitted to the county.,Clarify when certification of values is transmitted to the county.,4,2026-02-12,https://legiscan.com/SD/bill/SB22/2026
SD,2064826,,Include certain types of vehicles in the unpaid repair bill titling process.,Include certain types of vehicles in the unpaid repair bill titling process.,4,2026-02-17,https://legiscan.com/SD/bill/SB23/2026
SD,2064829,,Create a solid background license plate for South Dakota.,Create a solid background license plate for South Dakota.,2,2026-01-21,https://legiscan.com/SD/bill/SB24/2026
SD,2064823,,Update provisions related to the permit application process for proposed energy and transmission facilities.,Update provisions related to the permit application process for proposed energy and transmission facilities.,4,2026-03-04,https://legiscan.com/SD/bill/SB25/2026
SD,2064816,,Revise procurement for highway construction contracts.,Revise procurement for highway construction contracts.,4,2026-03-04,https://legiscan.com/SD/bill/SB26/2026
SD,2064831,,Revise the description of certain highways included in the state trunk highway system.,Revise the description of certain highways included in the state trunk highway system.,4,2026-03-04,https://legiscan.com/SD/bill/SB27/2026
SD,2065000,,Permit the use of a ballot on demand system and to declare an emergency.,Permit the use of a ballot on demand system and to declare an emergency.,1,2026-01-13,https://legiscan.com/SD/bill/SB28/2026
SD,2065004,,Amend provisions pertaining to the tabulation of ballots and permit the release of any cast vote record and collection of ballot images produced by automatic tabulating equipment and to declare an emergency.,Amend provisions pertaining to the tabulation of ballots and permit the release of any cast vote record and collection of ballot images produced by automatic tabulating equipment and to declare an emergency.,1,2026-01-13,https://legiscan.com/SD/bill/SB29/2026
SD,2064999,,Amend the reasons for challenging an individual's eligibility to vote.,Amend the reasons for challenging an individual's eligibility to vote.,4,2026-03-05,https://legiscan.com/SD/bill/SB30/2026
SD,2065002,,Permit the use of a confirmation letter to verify a voter's registration.,Permit the use of a confirmation letter to verify a voter's registration.,4,2026-03-05,https://legiscan.com/SD/bill/SB31/2026
SD,2065001,,Amend and repeal provisions pertaining to the ballot requirements for certain elections and to declare an emergency.,Amend and repeal provisions pertaining to the ballot requirements for certain elections and to declare an emergency.,4,2026-03-05,https://legiscan.com/SD/bill/SB32/2026
SD,2065003,,Modify the number of signatures required on certain election-related petitions.,Modify the number of signatures required on certain election-related petitions.,1,2026-01-13,https://legiscan.com/SD/bill/SB33/2026
SD,2064998,,Amend provisions pertaining to conducting a municipal or school district election and to declare an emergency.,Amend provisions pertaining to conducting a municipal or school district election and to declare an emergency.,2,2026-01-23,https://legiscan.com/SD/bill/SB34/2026
SD,2065212,,Revise the process for requesting a veteran's certificate of discharge from a county register of deeds.,Revise the process for requesting a veteran's certificate of discharge from a county register of deeds.,4,2026-03-12,https://legiscan.com/SD/bill/SB35/2026
SD,2066232,,Authorize certain utilities to establish wildfire mitigation plans and associated liability limitations for wildfire damages.,Authorize certain utilities to establish wildfire mitigation plans and associated liability limitations for wildfire damages.,4,2026-03-12,https://legiscan.com/SD/bill/SB36/2026
SD,2066165,,Make appropriations for water and environmental purposes and to declare an emergency.,Make appropriations for water and environmental purposes and to declare an emergency.,4,2026-03-30,https://legiscan.com/SD/bill/SB37/2026
SD,2066224,,Modify the annual fee imposed on certain concentrated animal feeding operations.,Modify the annual fee imposed on certain concentrated animal feeding operations.,4,2026-02-12,https://legiscan.com/SD/bill/SB38/2026
SD,2066306,,Revise provisions relating to industrial hemp.,Revise provisions relating to industrial hemp.,4,2026-03-30,https://legiscan.com/SD/bill/SB39/2026
SD,2066274,,Revise the compliance requirements for limitations on foreign ownership of agricultural land.,Revise the compliance requirements for limitations on foreign ownership of agricultural land.,4,2026-03-12,https://legiscan.com/SD/bill/SB40/2026
SD,2066135,,"Revise a provision related to criminal invasions of privacy, prohibit the creation and distribution of digitally fabricated material of an identifiable individual, and provide penalties therefor.","Revise a provision related to criminal invasions of privacy, prohibit the creation and distribution of digitally fabricated material of an identifiable individual, and provide penalties therefor.",4,2026-03-30,https://legiscan.com/SD/bill/SB41/2026
SD,2066345,,"Enhance the penalties for ingestion, possession with intent to deliver, and delivery of a controlled substance in a state correctional facility.","Enhance the penalties for ingestion, possession with intent to deliver, and delivery of a controlled substance in a state correctional facility.",4,2026-03-30,https://legiscan.com/SD/bill/SB42/2026
SD,2066191,,Address search and seizure provisions applicable to digital currency.,Address search and seizure provisions applicable to digital currency.,4,2026-03-12,https://legiscan.com/SD/bill/SB43/2026
SD,2066364,,Establish investigative subpoena authority to gather business records in certain investigations.,Establish investigative subpoena authority to gather business records in certain investigations.,4,2026-03-30,https://legiscan.com/SD/bill/SB44/2026
SD,2066213,,"Revise a provision regulating delta-8 tetrahydrocannabinol, THC-O acetate, and hexahydrocannabinol for persons under the age of twenty-one and to provide a penalty therefor.","Revise a provision regulating delta-8 tetrahydrocannabinol, THC-O acetate, and hexahydrocannabinol for persons under the age of twenty-one and to provide a penalty therefor.",4,2026-03-30,https://legiscan.com/SD/bill/SB45/2026
SD,2066374,,Modify the requirements for open meeting agendas and provide a penalty therefor.,Modify the requirements for open meeting agendas and provide a penalty therefor.,4,2026-02-17,https://legiscan.com/SD/bill/SB46/2026
SD,2066354,,Revise the requirements for executive sessions and closed meetings.,Revise the requirements for executive sessions and closed meetings.,4,2026-02-17,https://legiscan.com/SD/bill/SB47/2026
SD,2066324,,Clarify that an official open meeting agenda must be posted online at least seventy-two hours before the scheduled start of the meeting.,Clarify that an official open meeting agenda must be posted online at least seventy-two hours before the scheduled start of the meeting.,4,2026-02-17,https://legiscan.com/SD/bill/SB48/2026
SD,2066243,,"Safeguard the integrity, privacy, and security of genetic data and provide a civil penalty therefor.","Safeguard the integrity, privacy, and security of genetic data and provide a civil penalty therefor.",4,2026-03-30,https://legiscan.com/SD/bill/SB49/2026
SD,2066201,,Update the reference to the Internal Revenue Code to reflect current federal law for the administration of South Dakota Retirement System statutes.,Update the reference to the Internal Revenue Code to reflect current federal law for the administration of South Dakota Retirement System statutes.,4,2026-02-17,https://legiscan.com/SD/bill/SB50/2026
SD,2066263,,Revise certain requirements for contesting actions of the South Dakota Retirement System.,Revise certain requirements for contesting actions of the South Dakota Retirement System.,4,2026-02-17,https://legiscan.com/SD/bill/SB51/2026
SD,2066384,,Clarify statutes governing the administration of disability benefits by the South Dakota Retirement System.,Clarify statutes governing the administration of disability benefits by the South Dakota Retirement System.,4,2026-02-17,https://legiscan.com/SD/bill/SB52/2026
SD,2066332,,Ensure uniformity in member identification provisions governing the South Dakota Retirement System.,Ensure uniformity in member identification provisions governing the South Dakota Retirement System.,4,2026-02-17,https://legiscan.com/SD/bill/SB53/2026
SD,2066295,,Revise the conditions for in-service distributions from the South Dakota deferred compensation plan.,Revise the conditions for in-service distributions from the South Dakota deferred compensation plan.,4,2026-02-23,https://legiscan.com/SD/bill/SB54/2026
SD,2066170,,Make an appropriation for the payment of extraordinary litigation expenses and to declare an emergency.,Make an appropriation for the payment of extraordinary litigation expenses and to declare an emergency.,4,2026-03-03,https://legiscan.com/SD/bill/SB55/2026
SD,2066149,,Require that agencies promulgating permanent rules publish the rules and associated rulemaking forms on a state website.,Require that agencies promulgating permanent rules publish the rules and associated rulemaking forms on a state website.,4,2026-02-06,https://legiscan.com/SD/bill/SB56/2026
SD,2066286,,Clarify when agency financial resource information must be filed in the permanent administrative rulemaking process.,Clarify when agency financial resource information must be filed in the permanent administrative rulemaking process.,4,2026-02-06,https://legiscan.com/SD/bill/SB57/2026
SD,2066180,,Reduce to zero mill levies for property taxation.,Reduce to zero mill levies for property taxation.,1,2026-01-13,https://legiscan.com/SD/bill/SB58/2026
SD,2066142,,Require the use of certain geographic terminology in official materials of a state agency.,Require the use of certain geographic terminology in official materials of a state agency.,1,2026-01-13,https://legiscan.com/SD/bill/SB59/2026
SD,2066991,,Restrict ownership of real property interests by certain prohibited entities and to provide for enforcement.,Restrict ownership of real property interests by certain prohibited entities and to provide for enforcement.,4,2026-03-12,https://legiscan.com/SD/bill/SB60/2026
SD,2067110,,Ban hemp-derived intoxicants not for medical purposes.,Ban hemp-derived intoxicants not for medical purposes.,1,2026-01-13,https://legiscan.com/SD/bill/SB61/2026
SD,2067052,,Discontinue the issuance of new Class B electrician licenses.,Discontinue the issuance of new Class B electrician licenses.,1,2026-01-13,https://legiscan.com/SD/bill/SB62/2026
SD,2067171,,Establish the state office of apprenticeship within the Department of Labor and Regulation.,Establish the state office of apprenticeship within the Department of Labor and Regulation.,4,2026-02-25,https://legiscan.com/SD/bill/SB63/2026
SD,2067292,,Revise and repeal provisions related to the athletic commission.,Revise and repeal provisions related to the athletic commission.,4,2026-02-06,https://legiscan.com/SD/bill/SB64/2026
SD,2067353,,Revise certain required minimum distribution provisions of the South Dakota Retirement System.,Revise certain required minimum distribution provisions of the South Dakota Retirement System.,4,2026-02-17,https://legiscan.com/SD/bill/SB65/2026
SD,2068724,,Prohibit the use of automatic tabulating equipment and electronic ballot marking systems.,Prohibit the use of automatic tabulating equipment and electronic ballot marking systems.,1,2026-01-13,https://legiscan.com/SD/bill/SB66/2026
SD,2068645,,Make an appropriation for costs related to emergencies and disasters impacting the state and to declare an emergency.,Make an appropriation for costs related to emergencies and disasters impacting the state and to declare an emergency.,4,2026-02-25,https://legiscan.com/SD/bill/SB67/2026
SD,2068804,,Make an appropriation for costs related to the suppression of wildfires impacting the state and to declare an emergency.,Make an appropriation for costs related to the suppression of wildfires impacting the state and to declare an emergency.,4,2026-02-25,https://legiscan.com/SD/bill/SB68/2026
SD,2068570,,Make an appropriation for the purchase of a new Division of Highway Patrol airplane and mission equipment and to declare an emergency.,Make an appropriation for the purchase of a new Division of Highway Patrol airplane and mission equipment and to declare an emergency.,4,2026-03-30,https://legiscan.com/SD/bill/SB69/2026
SD,2068422,,Revise the duties of the Transportation Commission to include responsibilities of the South Dakota Railroad Board and the South Dakota Aeronautics Commission.,Revise the duties of the Transportation Commission to include responsibilities of the South Dakota Railroad Board and the South Dakota Aeronautics Commission.,1,2026-01-13,https://legiscan.com/SD/bill/SB70/2026
SD,2068495,,Authorize the assumption of certain responsibilities and the waiver of sovereign immunity in connection with certain actions under federal environmental law.,Authorize the assumption of certain responsibilities and the waiver of sovereign immunity in connection with certain actions under federal environmental law.,4,2026-03-04,https://legiscan.com/SD/bill/SB71/2026
SD,2069052,,Extend the time for reverting moneys appropriated for the modernization of the state's enterprise resource planning systems.,Extend the time for reverting moneys appropriated for the modernization of the state's enterprise resource planning systems.,4,2026-03-03,https://legiscan.com/SD/bill/SB72/2026
SD,2068948,,Revise provisions relating to state financial practices.,Revise provisions relating to state financial practices.,4,2026-03-02,https://legiscan.com/SD/bill/SB73/2026
SD,2068982,,"Transfer moneys to the general fund from the budget reserve fund and the general revenue replacement fund, and to declare an emergency.","Transfer moneys to the general fund from the budget reserve fund and the general revenue replacement fund, and to declare an emergency.",4,2026-03-30,https://legiscan.com/SD/bill/SB74/2026
SD,2069015,,Amend the type of entities eligible to participate in the cybersecurity services initiative.,Amend the type of entities eligible to participate in the cybersecurity services initiative.,4,2026-03-04,https://legiscan.com/SD/bill/SB75/2026
SD,2069147,,Authorize loans from the South Dakota housing infrastructure fund for airport infrastructure.,Authorize loans from the South Dakota housing infrastructure fund for airport infrastructure.,4,2026-03-30,https://legiscan.com/SD/bill/SB76/2026
SD,2069959,,Ban kratom and kratom products and to provide a penalty therefor.,Ban kratom and kratom products and to provide a penalty therefor.,1,2026-01-13,https://legiscan.com/SD/bill/SB77/2026
SD,2070031,,Revise the General Appropriations Act for fiscal year 2026.,Revise the General Appropriations Act for fiscal year 2026.,4,2026-03-30,https://legiscan.com/SD/bill/SB78/2026
SD,2069996,,Make an appropriation to the South Dakota Board of Technical Education to construct an advanced manufacturing laboratory space and classrooms on the campus of Southeast Technical College and to declare an emergency.,Make an appropriation to the South Dakota Board of Technical Education to construct an advanced manufacturing laboratory space and classrooms on the campus of Southeast Technical College and to declare an emergency.,4,2026-03-30,https://legiscan.com/SD/bill/SB79/2026
SD,2071513,,Prohibit the sale of delta-9 tetrahydrocannabinol products to individuals under the age of twenty-one.,Prohibit the sale of delta-9 tetrahydrocannabinol products to individuals under the age of twenty-one.,1,2026-01-13,https://legiscan.com/SD/bill/SB80/2026
SD,2073066,,Clarify the prohibition on injuring or harassing a service animal.,Clarify the prohibition on injuring or harassing a service animal.,4,2026-03-09,https://legiscan.com/SD/bill/SB81/2026
SD,2072996,,Prohibit the misrepresentation of an animal as a service animal and to provide a penalty therefor.,Prohibit the misrepresentation of an animal as a service animal and to provide a penalty therefor.,4,2026-03-09,https://legiscan.com/SD/bill/SB82/2026
SD,2072572,,"Require that any holder of a commercial driver license in this state must be proficient in the English language, and to provide a penalty therefor.","Require that any holder of a commercial driver license in this state must be proficient in the English language, and to provide a penalty therefor.",1,2026-01-14,https://legiscan.com/SD/bill/SB83/2026
SD,2073931,,Increase thresholds for the value of and eligibility for the partners in education scholarship.,Increase thresholds for the value of and eligibility for the partners in education scholarship.,4,2026-02-06,https://legiscan.com/SD/bill/SB84/2026
SD,2073960,,Require an election for an excess tax levy of a school district.,Require an election for an excess tax levy of a school district.,2,2026-01-26,https://legiscan.com/SD/bill/SB85/2026
SD,2073990,,Authorize purchasing agency verification and monitoring of workers' compensation insurance coverage obtained by public improvement contractors.,Authorize purchasing agency verification and monitoring of workers' compensation insurance coverage obtained by public improvement contractors.,1,2026-01-14,https://legiscan.com/SD/bill/SB86/2026
SD,2078047,,Clarify and establish requirements related to forensic medical examinations.,Clarify and establish requirements related to forensic medical examinations.,4,2026-03-09,https://legiscan.com/SD/bill/SB87/2026
SD,2078782,,Clarify the procedure for a potential condemnor to examine real property absent the property owner's permission.,Clarify the procedure for a potential condemnor to examine real property absent the property owner's permission.,4,2026-03-12,https://legiscan.com/SD/bill/SB88/2026
SD,2080901,,Create a task force to study the provision of emergency medical services as an essential service and the funding thereof.,Create a task force to study the provision of emergency medical services as an essential service and the funding thereof.,4,2026-03-30,https://legiscan.com/SD/bill/SB89/2026
SD,2081399,,Expand the information required to be sent to the prescription drug monitoring program for each registry identification card holder.,Expand the information required to be sent to the prescription drug monitoring program for each registry identification card holder.,4,2026-03-30,https://legiscan.com/SD/bill/SB90/2026
SD,2081233,,Clarify the procedure for petitioning a board of county commissioners for a change to the comprehensive plan or zoning ordinances.,Clarify the procedure for petitioning a board of county commissioners for a change to the comprehensive plan or zoning ordinances.,4,2026-02-23,https://legiscan.com/SD/bill/SB91/2026
SD,2080731,,Clarify the rights to appeal and refer certain decisions of boards of county commissioners.,Clarify the rights to appeal and refer certain decisions of boards of county commissioners.,2,2026-02-02,https://legiscan.com/SD/bill/SB92/2026
SD,2081564,,Prohibit certain state officers or employees from being employed by an organization that was the recipient of a contract awarded on behalf of a state agency for a period of time.,Prohibit certain state officers or employees from being employed by an organization that was the recipient of a contract awarded on behalf of a state agency for a period of time.,2,2026-01-28,https://legiscan.com/SD/bill/SB93/2026
SD,2082246,,Revise provisions pertaining to open records.,Revise provisions pertaining to open records.,1,2026-01-16,https://legiscan.com/SD/bill/SB94/2026
SD,2083361,,Require that a medical cannabis cardholder provide a card or card number upon request of a law enforcement officer.,Require that a medical cannabis cardholder provide a card or card number upon request of a law enforcement officer.,1,2026-01-16,https://legiscan.com/SD/bill/SB95/2026
SD,2084250,,Authorize the imposition of a county option gross receipts tax to reduce owner-occupied property taxes.,Authorize the imposition of a county option gross receipts tax to reduce owner-occupied property taxes.,4,2026-03-30,https://legiscan.com/SD/bill/SB96/2026
SD,2085315,,Adjust a limit on the percentage increase in revenue payable from property taxes.,Adjust a limit on the percentage increase in revenue payable from property taxes.,1,2026-01-20,https://legiscan.com/SD/bill/SB97/2026
SD,2085402,,Prevent virtual currency kiosk fraud.,Prevent virtual currency kiosk fraud.,4,2026-03-12,https://legiscan.com/SD/bill/SB98/2026
SD,2085915,,"Create the property tax local effort replacement fund, to reduce certain property taxes, and to increase the rates for certain gross receipts taxes and use taxes.","Create the property tax local effort replacement fund, to reduce certain property taxes, and to increase the rates for certain gross receipts taxes and use taxes.",1,2026-01-20,https://legiscan.com/SD/bill/SB99/2026
SD,2085916,,Revise provisions related to trusts.,Revise provisions related to trusts.,4,2026-03-10,https://legiscan.com/SD/bill/SB100/2026
SD,2086596,,Amend provisions pertaining to the duties of presidential electors.,Amend provisions pertaining to the duties of presidential electors.,4,2026-03-05,https://legiscan.com/SD/bill/SB101/2026
SD,2086500,,Modify the distribution of gaming revenues.,Modify the distribution of gaming revenues.,4,2026-03-30,https://legiscan.com/SD/bill/SB102/2026
SD,2086825,,Address the assumption of risk by an individual present at a shooting range.,Address the assumption of risk by an individual present at a shooting range.,1,2026-01-21,https://legiscan.com/SD/bill/SB103/2026
SD,2087670,,Require the reimbursement of therapy using equine movement through the state medicaid program.,Require the reimbursement of therapy using equine movement through the state medicaid program.,1,2026-01-21,https://legiscan.com/SD/bill/SB104/2026
SD,2087646,,Require the licensure of certain individuals performing installation of radon mitigation systems and provide a penalty therefor.,Require the licensure of certain individuals performing installation of radon mitigation systems and provide a penalty therefor.,1,2026-01-21,https://legiscan.com/SD/bill/SB105/2026
SD,2088039,,Modify the amount required to be set aside for extraordinary expenses incurred in providing special education programs.,Modify the amount required to be set aside for extraordinary expenses incurred in providing special education programs.,3,2026-03-09,https://legiscan.com/SD/bill/SB106/2026
SD,2088932,,Add licensed and registered child care programs to the definition of community safety zone.,Add licensed and registered child care programs to the definition of community safety zone.,4,2026-03-30,https://legiscan.com/SD/bill/SB107/2026
SD,2089700,,Require that all recorded votes of a legislator be displayed on the Legislative Research Council website.,Require that all recorded votes of a legislator be displayed on the Legislative Research Council website.,1,2026-01-22,https://legiscan.com/SD/bill/SB108/2026
SD,2090271,,Modify requirements to create a tax increment financing district.,Modify requirements to create a tax increment financing district.,1,2026-01-23,https://legiscan.com/SD/bill/SB109/2026
SD,2090374,,Regulate how broadband internet access service providers use customer data.,Regulate how broadband internet access service providers use customer data.,2,2026-02-20,https://legiscan.com/SD/bill/SB110/2026
SD,2090478,,Require that social media companies provide collected personal data of a user at the user's request and maintain transparent interoperability interfaces.,Require that social media companies provide collected personal data of a user at the user's request and maintain transparent interoperability interfaces.,4,2026-03-10,https://legiscan.com/SD/bill/SB111/2026
SD,2091199,,Establish a currency based on gold and silver.,Establish a currency based on gold and silver.,1,2026-01-23,https://legiscan.com/SD/bill/SB112/2026
SD,2091201,,Increase the penalty for preventing practice of religion.,Increase the penalty for preventing practice of religion.,4,2026-03-10,https://legiscan.com/SD/bill/SB113/2026
SD,2091402,,Provide for the publication of ballot images and the cast vote record of automatic tabulating equipment.,Provide for the publication of ballot images and the cast vote record of automatic tabulating equipment.,4,2026-03-05,https://legiscan.com/SD/bill/SB114/2026
SD,2091418,,Remove the prohibition pertaining to the shooting of mourning doves located within specific areas.,Remove the prohibition pertaining to the shooting of mourning doves located within specific areas.,2,2026-02-02,https://legiscan.com/SD/bill/SB115/2026
SD,2092161,,Make an appropriation for the design and construction of an indoor athletics facility at Dakota State University and to declare an emergency.,Make an appropriation for the design and construction of an indoor athletics facility at Dakota State University and to declare an emergency.,4,2026-03-02,https://legiscan.com/SD/bill/SB116/2026
SD,2092243,,Make an appropriation for the design and construction of a new soccer venue at South Dakota State University and to declare an emergency.,Make an appropriation for the design and construction of a new soccer venue at South Dakota State University and to declare an emergency.,4,2026-02-25,https://legiscan.com/SD/bill/SB117/2026
SD,2092203,,Deposit certain tax revenues into a homeowner tax reduction fund.,Deposit certain tax revenues into a homeowner tax reduction fund.,1,2026-01-26,https://legiscan.com/SD/bill/SB118/2026
SD,2091913,,Create the capitol restoration fund and to transfer moneys thereto.,Create the capitol restoration fund and to transfer moneys thereto.,4,2026-03-30,https://legiscan.com/SD/bill/SB119/2026
SD,2092115,,Make an appropriation for the economic development of South Dakota.,Make an appropriation for the economic development of South Dakota.,2,2026-02-24,https://legiscan.com/SD/bill/SB120/2026
SD,2092372,,Transfer moneys and make an appropriation for the replacement of the Richmond Lake dam and spillway and to declare an emergency.,Transfer moneys and make an appropriation for the replacement of the Richmond Lake dam and spillway and to declare an emergency.,3,2026-03-09,https://legiscan.com/SD/bill/SB121/2026
SD,2092072,,Establish the crime of failure to summon aid for a suicide attempt and provide a penalty therefor.,Establish the crime of failure to summon aid for a suicide attempt and provide a penalty therefor.,2,2026-02-09,https://legiscan.com/SD/bill/SB122/2026
SD,2091950,,"Prohibit the manufacture, sale, and distribution of any product containing cell-cultured protein, and provide a penalty therefor.","Prohibit the manufacture, sale, and distribution of any product containing cell-cultured protein, and provide a penalty therefor.",1,2026-01-26,https://legiscan.com/SD/bill/SB123/2026
SD,2092679,,"Temporarily prohibit the manufacture, sale, and distribution of any product containing cell-cultured protein, and to provide a penalty therefor.","Temporarily prohibit the manufacture, sale, and distribution of any product containing cell-cultured protein, and to provide a penalty therefor.",4,2026-03-12,https://legiscan.com/SD/bill/SB124/2026
SD,2093355,,Establish the homeowner tax reduction fund.,Establish the homeowner tax reduction fund.,2,2026-02-10,https://legiscan.com/SD/bill/SB125/2026
SD,2093360,,Increase the amount of value exempt from property taxes under a tax relief program for disabled veterans and surviving spouses.,Increase the amount of value exempt from property taxes under a tax relief program for disabled veterans and surviving spouses.,1,2026-01-26,https://legiscan.com/SD/bill/SB126/2026
SD,2093364,,Limit nuisances caused by data centers.,Limit nuisances caused by data centers.,1,2026-01-26,https://legiscan.com/SD/bill/SB127/2026
SD,2093363,,Update provisions related to certain large-use customers of utilities.,Update provisions related to certain large-use customers of utilities.,1,2026-01-26,https://legiscan.com/SD/bill/SB128/2026
SD,2093366,,Update references in certain statutes to the 2024 standard building codes.,Update references in certain statutes to the 2024 standard building codes.,4,2026-03-04,https://legiscan.com/SD/bill/SB129/2026
SD,2093369,,Make an appropriation for roadway and related infrastructure improvements required because of construction activity at Ellsworth Air Force Base and to declare an emergency.,Make an appropriation for roadway and related infrastructure improvements required because of construction activity at Ellsworth Air Force Base and to declare an emergency.,4,2026-03-12,https://legiscan.com/SD/bill/SB130/2026
SD,2093428,,Revise the season in which a nonprofit organization may host a special pheasant hunt for disabled veterans and Purple Heart recipients.,Revise the season in which a nonprofit organization may host a special pheasant hunt for disabled veterans and Purple Heart recipients.,3,2026-03-03,https://legiscan.com/SD/bill/SB131/2026
SD,2093373,,Modify provisions related to the South Dakota Veterans Council.,Modify provisions related to the South Dakota Veterans Council.,4,2026-03-30,https://legiscan.com/SD/bill/SB132/2026
SD,2093569,,Provide additional legislative oversight of rulemaking.,Provide additional legislative oversight of rulemaking.,4,2026-03-12,https://legiscan.com/SD/bill/SB133/2026
SD,2093584,,"Restrict deference to a state agency's interpretation of a state statute, administrative rule, or policy.","Restrict deference to a state agency's interpretation of a state statute, administrative rule, or policy.",2,2026-02-23,https://legiscan.com/SD/bill/SB134/2026
SD,2093452,,Protect residents from increased utility costs and utility shortages caused by data centers and clarify authority to regulate data centers.,Protect residents from increased utility costs and utility shortages caused by data centers and clarify authority to regulate data centers.,4,2026-03-30,https://legiscan.com/SD/bill/SB135/2026
SD,2093517,,Make an appropriation for grants to support the purchase of personal protective equipment by volunteer fire departments and to declare an emergency.,Make an appropriation for grants to support the purchase of personal protective equipment by volunteer fire departments and to declare an emergency.,4,2026-03-30,https://legiscan.com/SD/bill/SB136/2026
SD,2093473,,"Establish procedures for anti-SLAPP actions to protect the exercise of a person's constitutional rights, including freedom of speech.","Establish procedures for anti-SLAPP actions to protect the exercise of a person's constitutional rights, including freedom of speech.",4,2026-03-30,https://legiscan.com/SD/bill/SB137/2026
SD,2093500,,Revise the time within which a recount for a school board election must be completed.,Revise the time within which a recount for a school board election must be completed.,4,2026-03-05,https://legiscan.com/SD/bill/SB138/2026
SD,2094352,,Revise a provision related to the transportation of an inmate upon discharge from a correctional facility.,Revise a provision related to the transportation of an inmate upon discharge from a correctional facility.,4,2026-03-30,https://legiscan.com/SD/bill/SB139/2026
SD,2094285,,Revise provisions related to inmate compensation.,Revise provisions related to inmate compensation.,1,2026-01-27,https://legiscan.com/SD/bill/SB140/2026
SD,2095012,,Exempt certain sales at farmers' markets from sales tax.,Exempt certain sales at farmers' markets from sales tax.,1,2026-01-28,https://legiscan.com/SD/bill/SB141/2026
SD,2094775,,Amend the requirements for filing certain campaign finance disclosure statements.,Amend the requirements for filing certain campaign finance disclosure statements.,3,2026-03-03,https://legiscan.com/SD/bill/SB142/2026
SD,2094978,,Require that the Department of Health annually report on public health effects of cannabis use.,Require that the Department of Health annually report on public health effects of cannabis use.,1,2026-01-28,https://legiscan.com/SD/bill/SB143/2026
SD,2095132,,Provide property tax relief to certain senior owners of owner-occupied single-family dwellings.,Provide property tax relief to certain senior owners of owner-occupied single-family dwellings.,1,2026-01-28,https://legiscan.com/SD/bill/SB144/2026
SD,2095248,,Revise the limitations on a municipality's power to take actions for the promotion of health or the suppression of disease.,Revise the limitations on a municipality's power to take actions for the promotion of health or the suppression of disease.,1,2026-01-28,https://legiscan.com/SD/bill/SB145/2026
SD,2095161,,Clarify the effect of the resignation of certain gubernatorial appointees.,Clarify the effect of the resignation of certain gubernatorial appointees.,1,2026-01-28,https://legiscan.com/SD/bill/SB146/2026
SD,2095694,,Prohibit a person from refusing to identify oneself in certain circumstances and to provide a penalty therefor.,Prohibit a person from refusing to identify oneself in certain circumstances and to provide a penalty therefor.,1,2026-01-28,https://legiscan.com/SD/bill/SB147/2026
SD,2095621,,Terminate bounty payments for the control of nest predation.,Terminate bounty payments for the control of nest predation.,1,2026-01-28,https://legiscan.com/SD/bill/SB148/2026
SD,2095639,,Exempt one motor vehicle of a debtor from being taken by legal process.,Exempt one motor vehicle of a debtor from being taken by legal process.,1,2026-01-28,https://legiscan.com/SD/bill/SB149/2026
SD,2095596,,Exempt one motor vehicle of a debtor from being taken by legal process.,Exempt one motor vehicle of a debtor from being taken by legal process.,1,2026-01-28,https://legiscan.com/SD/bill/SB150/2026
SD,2097976,,Require the publication of the results of an election for precinct committeeman or committeewoman and to declare an emergency.,Require the publication of the results of an election for precinct committeeman or committeewoman and to declare an emergency.,3,2026-03-04,https://legiscan.com/SD/bill/SB151/2026
SD,2098944,,Establish provisions relating to the use of military protective orders upon arrest and as evidence in an action for a protection order.,Establish provisions relating to the use of military protective orders upon arrest and as evidence in an action for a protection order.,1,2026-01-29,https://legiscan.com/SD/bill/SB152/2026
SD,2098300,,Prohibit certain restrictions in employment contracts for community services providers.,Prohibit certain restrictions in employment contracts for community services providers.,4,2026-03-09,https://legiscan.com/SD/bill/SB153/2026
SD,2097337,,Clarify the eligibility of multiple garages or structures to be classified as owner-occupied.,Clarify the eligibility of multiple garages or structures to be classified as owner-occupied.,4,2026-03-30,https://legiscan.com/SD/bill/SB154/2026
SD,2100752,,"Increase legislative oversight procedures and protections against conflicts of interest, and to provide a penalty therefor.","Increase legislative oversight procedures and protections against conflicts of interest, and to provide a penalty therefor.",1,2026-01-29,https://legiscan.com/SD/bill/SB155/2026
SD,2100800,,Modify the crime of cruelty to an animal and increase the penalty therefor.,Modify the crime of cruelty to an animal and increase the penalty therefor.,2,2026-02-11,https://legiscan.com/SD/bill/SB156/2026
SD,2100709,,Amend the school funding formula to provide for the use of an average fall enrollment when determining local need.,Amend the school funding formula to provide for the use of an average fall enrollment when determining local need.,1,2026-01-29,https://legiscan.com/SD/bill/SB157/2026
SD,2100335,,Amend the manner in which a school district determines the district's enrollment for the purpose of calculating state aid to general education.,Amend the manner in which a school district determines the district's enrollment for the purpose of calculating state aid to general education.,1,2026-01-29,https://legiscan.com/SD/bill/SB158/2026
SD,2100964,,Revise requirements pertaining to the minimum age for marriage.,Revise requirements pertaining to the minimum age for marriage.,4,2026-03-30,https://legiscan.com/SD/bill/SB159/2026
SD,2100955,,Require the registration of fishing guides.,Require the registration of fishing guides.,1,2026-01-29,https://legiscan.com/SD/bill/SB160/2026
SD,2100960,,Repeal an exemption for certain health care facilities.,Repeal an exemption for certain health care facilities.,1,2026-01-29,https://legiscan.com/SD/bill/SB161/2026
SD,2100971,,Revise the factors for considering deviation from the child support obligation schedule.,Revise the factors for considering deviation from the child support obligation schedule.,1,2026-01-29,https://legiscan.com/SD/bill/SB162/2026
SD,2100976,,Repeal provisions related to the shared parenting child support cross credit.,Repeal provisions related to the shared parenting child support cross credit.,1,2026-01-29,https://legiscan.com/SD/bill/SB163/2026
SD,2101298,,"Require that any holder of a commercial driver license in this state must be proficient in the English language, and to provide a penalty therefor.","Require that any holder of a commercial driver license in this state must be proficient in the English language, and to provide a penalty therefor.",4,2026-03-11,https://legiscan.com/SD/bill/SB164/2026
SD,2101141,,Revise certain provisions pertaining to municipal government.,Revise certain provisions pertaining to municipal government.,4,2026-03-04,https://legiscan.com/SD/bill/SB165/2026
SD,2101277,,Require boards of county commissioners and county planning and zoning commissions to hold meetings after certain times or provide recordings of meetings to the public for later viewing.,Require boards of county commissioners and county planning and zoning commissions to hold meetings after certain times or provide recordings of meetings to the public for later viewing.,1,2026-01-29,https://legiscan.com/SD/bill/SB166/2026
SD,2101247,,Amend provisions pertaining to the administration of an academic achievement assessment to students in grade eleven.,Amend provisions pertaining to the administration of an academic achievement assessment to students in grade eleven.,1,2026-01-29,https://legiscan.com/SD/bill/SB167/2026
SD,2101105,,Regulate the use of chatbots by minors.,Regulate the use of chatbots by minors.,1,2026-01-29,https://legiscan.com/SD/bill/SB168/2026
SD,2101622,,Place requirements on the use of artificial intelligence systems by health carriers in making determinations about the provision of health care services.,Place requirements on the use of artificial intelligence systems by health carriers in making determinations about the provision of health care services.,1,2026-01-29,https://legiscan.com/SD/bill/SB169/2026
SD,2101186,,"Require the provision of a notice to consumers, interacting with certain chatbots or other human-simulating computer technologies that could mislead or deceive the consumer.","Require the provision of a notice to consumers, interacting with certain chatbots or other human-simulating computer technologies that could mislead or deceive the consumer.",1,2026-01-29,https://legiscan.com/SD/bill/SB170/2026
SD,2101378,,Amend provisions pertaining to the processing of absentee ballots and to declare an emergency.,Amend provisions pertaining to the processing of absentee ballots and to declare an emergency.,3,2026-03-05,https://legiscan.com/SD/bill/SB171/2026
SD,2101020,,Enhance the economy of South Dakota.,Enhance the economy of South Dakota.,1,2026-01-29,https://legiscan.com/SD/bill/SB172/2026
SD,2101340,,Extend the motor vehicle and motorcycle licensing fee available to a veteran with a disability to the spouse of a veteran with a disability.,Extend the motor vehicle and motorcycle licensing fee available to a veteran with a disability to the spouse of a veteran with a disability.,1,2026-01-29,https://legiscan.com/SD/bill/SB173/2026
SD,2101240,,Make an appropriation to defray the operational costs of school districts.,Make an appropriation to defray the operational costs of school districts.,1,2026-01-29,https://legiscan.com/SD/bill/SB174/2026
SD,2101226,,Require that an individual provide proof of citizenship when registering to vote and to declare an emergency.,Require that an individual provide proof of citizenship when registering to vote and to declare an emergency.,3,2026-03-04,https://legiscan.com/SD/bill/SB175/2026
SD,2101048,,Amend the period of time before which ballots and other election materials may be destroyed following an election.,Amend the period of time before which ballots and other election materials may be destroyed following an election.,4,2026-03-12,https://legiscan.com/SD/bill/SB176/2026
SD,2101165,,Clarify the requirements for marking an optical scan ballot.,Clarify the requirements for marking an optical scan ballot.,4,2026-03-12,https://legiscan.com/SD/bill/SB177/2026
SD,2101068,,Lower a maximum limit on the tax increment base value.,Lower a maximum limit on the tax increment base value.,1,2026-01-29,https://legiscan.com/SD/bill/SB178/2026
SD,2101353,,Permit a court to commit a juvenile adjudicated delinquent for certain weapons offenses to the Department of Corrections.,Permit a court to commit a juvenile adjudicated delinquent for certain weapons offenses to the Department of Corrections.,4,2026-03-30,https://legiscan.com/SD/bill/SB179/2026
SD,2101332,,Modify requirements regarding nondomiciled commercial driver licenses.,Modify requirements regarding nondomiciled commercial driver licenses.,4,2026-03-10,https://legiscan.com/SD/bill/SB180/2026
SD,2101263,,Cause the repeal of the medical cannabis chapter upon the federal re-scheduling of cannabis.,Cause the repeal of the medical cannabis chapter upon the federal re-scheduling of cannabis.,1,2026-01-29,https://legiscan.com/SD/bill/SB181/2026
SD,2101192,,Address the tax situation in South Dakota.,Address the tax situation in South Dakota.,1,2026-01-29,https://legiscan.com/SD/bill/SB182/2026
SD,2101489,,Modify requirements for public notice of a hearing prior to a vote to impose an excess tax levy.,Modify requirements for public notice of a hearing prior to a vote to impose an excess tax levy.,2,2026-02-17,https://legiscan.com/SD/bill/SB183/2026
SD,2101548,,Enhance public education in South Dakota.,Enhance public education in South Dakota.,1,2026-01-29,https://legiscan.com/SD/bill/SB184/2026
SD,2101027,,Amend the process by which moneys are distributed from the employer's investment in South Dakota's future fund.,Amend the process by which moneys are distributed from the employer's investment in South Dakota's future fund.,1,2026-01-29,https://legiscan.com/SD/bill/SB185/2026
SD,2101114,,"Authorize the shipment of distilled spirits directly to consumers, and to provide a penalty therefor.","Authorize the shipment of distilled spirits directly to consumers, and to provide a penalty therefor.",1,2026-01-29,https://legiscan.com/SD/bill/SB186/2026
SD,2101347,,Define nonpublic school.,Define nonpublic school.,1,2026-01-29,https://legiscan.com/SD/bill/SB187/2026
SD,2101572,,"Revise public notice requirements for new sand, gravel, and construction aggregate mines.","Revise public notice requirements for new sand, gravel, and construction aggregate mines.",1,2026-01-29,https://legiscan.com/SD/bill/SB188/2026
SD,2101292,,"Provide for an automatic refund of an assessment on crops, livestock, and milk.","Provide for an automatic refund of an assessment on crops, livestock, and milk.",1,2026-01-29,https://legiscan.com/SD/bill/SB189/2026
SD,2101482,,Codify the rights of a parent.,Codify the rights of a parent.,2,2026-02-17,https://legiscan.com/SD/bill/SB190/2026
SD,2101200,,Remove the authorization to issue grants as part of a tax increment financing district.,Remove the authorization to issue grants as part of a tax increment financing district.,1,2026-01-29,https://legiscan.com/SD/bill/SB191/2026
SD,2101369,,Modify the blight requirements for purposes of creating a tax increment financing district.,Modify the blight requirements for purposes of creating a tax increment financing district.,1,2026-01-29,https://legiscan.com/SD/bill/SB192/2026
SD,2101471,,Clarify the definition of backup electric generation.,Clarify the definition of backup electric generation.,1,2026-01-29,https://legiscan.com/SD/bill/SB193/2026
SD,2101171,,Limit the potency of cannabis products sold at medical cannabis dispensaries.,Limit the potency of cannabis products sold at medical cannabis dispensaries.,1,2026-01-29,https://legiscan.com/SD/bill/SB194/2026
SD,2101075,,Repeal the expiration of a reduction in certain gross receipts and use tax rates.,Repeal the expiration of a reduction in certain gross receipts and use tax rates.,1,2026-01-29,https://legiscan.com/SD/bill/SB195/2026
SD,2101033,,Increase the income limits for a property tax assessment freeze.,Increase the income limits for a property tax assessment freeze.,1,2026-01-29,https://legiscan.com/SD/bill/SB196/2026
SD,2101270,,Modify the administration of the South Dakota-Ireland trade fund.,Modify the administration of the South Dakota-Ireland trade fund.,4,2026-03-10,https://legiscan.com/SD/bill/SB197/2026
SD,2101401,,Restrict the use of a cell phone by a student during the school day.,Restrict the use of a cell phone by a student during the school day.,2,2026-02-17,https://legiscan.com/SD/bill/SB198/2026
SD,2101324,,Establish a new fund to provide property tax relief.,Establish a new fund to provide property tax relief.,1,2026-01-29,https://legiscan.com/SD/bill/SB199/2026
SD,2101816,,Amend the state aid formula for general education and for special education.,Amend the state aid formula for general education and for special education.,1,2026-02-02,https://legiscan.com/SD/bill/SB200/2026
SD,2101965,,Authorize the use of a drone for the location and recovery of mortally wounded deer and elk and to provide a penalty therefor.,Authorize the use of a drone for the location and recovery of mortally wounded deer and elk and to provide a penalty therefor.,1,2026-02-02,https://legiscan.com/SD/bill/SB201/2026
SD,2101727,,Require that the owner of a motor vehicle removed from a body of water pay the removal costs.,Require that the owner of a motor vehicle removed from a body of water pay the removal costs.,1,2026-02-02,https://legiscan.com/SD/bill/SB202/2026
SD,2101909,,Require the review of a financing plan to establish a tax increment financing district.,Require the review of a financing plan to establish a tax increment financing district.,1,2026-02-02,https://legiscan.com/SD/bill/SB203/2026
SD,2101756,,Revise certain criteria for loans from the South Dakota housing infrastructure fund.,Revise certain criteria for loans from the South Dakota housing infrastructure fund.,4,2026-03-30,https://legiscan.com/SD/bill/SB204/2026
SD,2102133,,Revise registration fees for drones and establish a fund to support drone aviation.,Revise registration fees for drones and establish a fund to support drone aviation.,2,2026-02-17,https://legiscan.com/SD/bill/SB205/2026
SD,2103284,,Make an appropriation to contract for a study on the length of service award programs for volunteers.,Make an appropriation to contract for a study on the length of service award programs for volunteers.,1,2026-02-02,https://legiscan.com/SD/bill/SB206/2026
SD,2103291,,Require a vote to approve the creation of certain tax increment financing districts.,Require a vote to approve the creation of certain tax increment financing districts.,1,2026-02-02,https://legiscan.com/SD/bill/SB207/2026
SD,2103292,,Require the award of certain disbursements to prevailing owners and taxpayers in appeals of property classifications or assessments.,Require the award of certain disbursements to prevailing owners and taxpayers in appeals of property classifications or assessments.,2,2026-02-20,https://legiscan.com/SD/bill/SB208/2026
SD,2103549,,Authorize the creation of land banks.,Authorize the creation of land banks.,1,2026-02-03,https://legiscan.com/SD/bill/SB209/2026
SD,2103509,,Provide that a portion of revenues from wind farms remain with school districts.,Provide that a portion of revenues from wind farms remain with school districts.,1,2026-02-03,https://legiscan.com/SD/bill/SB210/2026
SD,2104540,,Prohibit certain billing practices by ambulance service providers and establish reimbursement standards for out-of-network emergency medical services.,Prohibit certain billing practices by ambulance service providers and establish reimbursement standards for out-of-network emergency medical services.,1,2026-02-03,https://legiscan.com/SD/bill/SB211/2026
SD,2104719,,Establish the homeowner tax reduction fund.,Establish the homeowner tax reduction fund.,1,2026-02-03,https://legiscan.com/SD/bill/SB212/2026
SD,2104885,,"Create the building opportunity through out-of-school time program and the building opportunity through out-of-school time program fund, authorize a new fee, make an appropriation therefor, and transfer moneys to the building opportunity through out-of-school time program fund.","Create the building opportunity through out-of-school time program and the building opportunity through out-of-school time program fund, authorize a new fee, make an appropriation therefor, and transfer moneys to the building opportunity through out-of-school time program fund.",1,2026-02-03,https://legiscan.com/SD/bill/SB213/2026
SD,2105045,,Amend provisions pertaining to the publication of the statewide voter registration file.,Amend provisions pertaining to the publication of the statewide voter registration file.,3,2026-03-03,https://legiscan.com/SD/bill/SB214/2026
SD,2104944,,Provide for a pilot program for the implementation of a secured cryptographically end-to-end verifiable voting system in certain jurisdictions.,Provide for a pilot program for the implementation of a secured cryptographically end-to-end verifiable voting system in certain jurisdictions.,1,2026-02-04,https://legiscan.com/SD/bill/SB215/2026
SD,2105103,,Limit annual valuation increases on owner-occupied single-family dwellings and provide an exception for mill rate limitations on taxing districts.,Limit annual valuation increases on owner-occupied single-family dwellings and provide an exception for mill rate limitations on taxing districts.,1,2026-02-04,https://legiscan.com/SD/bill/SB216/2026
SD,2106620,,Make an appropriation for a fire management officer position within the Department of Public Safety.,Make an appropriation for a fire management officer position within the Department of Public Safety.,1,2026-02-04,https://legiscan.com/SD/bill/SB217/2026
SD,2106437,,Provide for the establishment of charter schools.,Provide for the establishment of charter schools.,1,2026-02-04,https://legiscan.com/SD/bill/SB218/2026
SD,2106727,,"Require that a state agency consult with the Aeronautics Commission prior to purchasing, transferring, or disposing of a state owned and operated aircraft.","Require that a state agency consult with the Aeronautics Commission prior to purchasing, transferring, or disposing of a state owned and operated aircraft.",4,2026-03-30,https://legiscan.com/SD/bill/SB219/2026
SD,2106624,,"Authorize a comprehensive study of juvenile correctional and residential facilities, to make an appropriation therefor, and to declare an emergency.","Authorize a comprehensive study of juvenile correctional and residential facilities, to make an appropriation therefor, and to declare an emergency.",2,2026-03-02,https://legiscan.com/SD/bill/SB220/2026
SD,2107320,,"Regulate the retail sale of nicotine products, and to provide a penalty therefor.","Regulate the retail sale of nicotine products, and to provide a penalty therefor.",4,2026-03-30,https://legiscan.com/SD/bill/SB221/2026
SD,2107212,,"Make an appropriation for eligible water, wastewater, storm water, and riparian buffer initiative projects and to declare an emergency.","Make an appropriation for eligible water, wastewater, storm water, and riparian buffer initiative projects and to declare an emergency.",4,2026-03-30,https://legiscan.com/SD/bill/SB222/2026
SD,2107208,,Modify the requirements for a petition to refer an excess tax levy of a school district to a vote.,Modify the requirements for a petition to refer an excess tax levy of a school district to a vote.,2,2026-02-17,https://legiscan.com/SD/bill/SB223/2026
SD,2107155,,Provide a rebuttable presumption in favor of joint physical custody of a minor child.,Provide a rebuttable presumption in favor of joint physical custody of a minor child.,2,2026-02-18,https://legiscan.com/SD/bill/SB224/2026
SD,2107377,,Apportion interest earnings from the unclaimed property trust fund to school districts.,Apportion interest earnings from the unclaimed property trust fund to school districts.,1,2026-02-04,https://legiscan.com/SD/bill/SB225/2026
SD,2107314,,"Increase a limit on video lottery gaming, and to deposit moneys into a new fund.","Increase a limit on video lottery gaming, and to deposit moneys into a new fund.",1,2026-02-04,https://legiscan.com/SD/bill/SB226/2026
SD,2107280,,Establish a minimum damage threshold for a motor vehicle total loss declaration.,Establish a minimum damage threshold for a motor vehicle total loss declaration.,2,2026-02-17,https://legiscan.com/SD/bill/SB227/2026
SD,2107369,,Modify provisions for a tax increment financing district.,Modify provisions for a tax increment financing district.,4,2026-03-12,https://legiscan.com/SD/bill/SB228/2026
SD,2107273,,"Require an election to approve the issuance of certain capital outlay certificates, lease-purchase contracts, or installment purchase contracts.","Require an election to approve the issuance of certain capital outlay certificates, lease-purchase contracts, or installment purchase contracts.",1,2026-02-04,https://legiscan.com/SD/bill/SB229/2026
SD,2107130,,Make an exception for improvement districts from a limit on revenue growth for purposes of property taxation.,Make an exception for improvement districts from a limit on revenue growth for purposes of property taxation.,1,2026-02-04,https://legiscan.com/SD/bill/SB230/2026
SD,2107236,,"Create the water infrastructure development fund, to provide an appropriation, to provide for the awarding of grants and loans from the fund for certain rural water projects and to declare an emergency.","Create the water infrastructure development fund, to provide an appropriation, to provide for the awarding of grants and loans from the fund for certain rural water projects and to declare an emergency.",3,2026-03-03,https://legiscan.com/SD/bill/SB231/2026
SD,2107261,,Impose a one-year moratorium on the construction or expansion of hyperscale data centers.,Impose a one-year moratorium on the construction or expansion of hyperscale data centers.,1,2026-02-04,https://legiscan.com/SD/bill/SB232/2026
SD,2107780,,Prohibit the assessment of certain administrative fees or penalties related to the provision of care by an out-of-network provider.,Prohibit the assessment of certain administrative fees or penalties related to the provision of care by an out-of-network provider.,1,2026-02-04,https://legiscan.com/SD/bill/SB233/2026
SD,2107582,,Modify provisions pertaining to the purchasing of goods and services related to data center operations.,Modify provisions pertaining to the purchasing of goods and services related to data center operations.,1,2026-02-04,https://legiscan.com/SD/bill/SB234/2026
SD,2107807,,"Protect residents from increased utility costs and utility shortages caused by data centers, to clarify authority to regulate data centers, and to modify provisions pertaining to the purchasing of goods and services by a data center.","Protect residents from increased utility costs and utility shortages caused by data centers, to clarify authority to regulate data centers, and to modify provisions pertaining to the purchasing of goods and services by a data center.",1,2026-02-04,https://legiscan.com/SD/bill/SB235/2026
SD,2107696,,"Create the county and township infrastructure fund for the accounting, safekeeping, and allocation of unobligated rural access infrastructure fund moneys.","Create the county and township infrastructure fund for the accounting, safekeeping, and allocation of unobligated rural access infrastructure fund moneys.",4,2026-03-10,https://legiscan.com/SD/bill/SB236/2026
SD,2107724,,Require that counties provide written notice to township supervisors of conditional use applications and appeals.,Require that counties provide written notice to township supervisors of conditional use applications and appeals.,4,2026-03-12,https://legiscan.com/SD/bill/SB237/2026
SD,2107708,,"Authorize the removal of occupants from certain short-term lodging accommodations, and to provide a penalty therefor.","Authorize the removal of occupants from certain short-term lodging accommodations, and to provide a penalty therefor.",1,2026-02-04,https://legiscan.com/SD/bill/SB238/2026
SD,2107753,,"Modify provisions relating to the reinvestment payment program, and relating to the purchasing of goods and services used by projects approved for the reinvestment payment program.","Modify provisions relating to the reinvestment payment program, and relating to the purchasing of goods and services used by projects approved for the reinvestment payment program.",1,2026-02-04,https://legiscan.com/SD/bill/SB239/2026
SD,2107822,,Make an appropriation for county rural access infrastructure and to declare an emergency.,Make an appropriation for county rural access infrastructure and to declare an emergency.,4,2026-03-12,https://legiscan.com/SD/bill/SB240/2026
SD,2107844,,Require that the Department of Revenue provide an annual report to Indian tribes regarding certain tax collections.,Require that the Department of Revenue provide an annual report to Indian tribes regarding certain tax collections.,1,2026-02-04,https://legiscan.com/SD/bill/SB241/2026
SD,2107610,,Make an appropriation to the Department of Education for the provision of grants to sparse school districts.,Make an appropriation to the Department of Education for the provision of grants to sparse school districts.,1,2026-02-04,https://legiscan.com/SD/bill/SB242/2026
SD,2107529,,"Impose a transaction tax and dedicate revenues collected to supplant certain property taxes, and to provide a penalty therefor.","Impose a transaction tax and dedicate revenues collected to supplant certain property taxes, and to provide a penalty therefor.",1,2026-02-04,https://legiscan.com/SD/bill/SB243/2026
SD,2107671,,Address issues facing South Dakota.,Address issues facing South Dakota.,2,2026-02-24,https://legiscan.com/SD/bill/SB244/2026
SD,2107499,,"Create the homeowner property tax reduction fund, and to transfer moneys to the homeowner property tax reduction fund.","Create the homeowner property tax reduction fund, and to transfer moneys to the homeowner property tax reduction fund.",4,2026-03-30,https://legiscan.com/SD/bill/SB245/2026
SD,2077407,,Recognizing the 250th anniversary of the Declaration of Independence.,Recognizing the 250th anniversary of the Declaration of Independence.,2,2026-01-15,https://legiscan.com/SD/bill/SR701/2026
SD,2061029,,"Encouraging honest economic development rooted in the republican principles of limited government, deregulation, and organic entrepreneurial growth.","Encouraging honest economic development rooted in the republican principles of limited government, deregulation, and organic entrepreneurial growth.",1,2026-01-13,https://legiscan.com/SD/bill/SCR601/2026
SD,2090678,,Celebrating the sister-state relationship with Taiwan.,Celebrating the sister-state relationship with Taiwan.,3,2026-01-29,https://legiscan.com/SD/bill/SCR602/2026
SD,2091096,,Supporting the secretary of the United States Department of Agriculture in establishing a working group of nutrition experts to determine national standards for foods and beverages purchased with supplemental nutrition assistance program benefits.,Supporting the secretary of the United States Department of Agriculture in establishing a working group of nutrition experts to determine national standards for foods and beverages purchased with supplemental nutrition assistance program benefits.,3,2026-01-29,https://legiscan.com/SD/bill/SCR603/2026
SD,2091526,,Urging the people of the state of South Dakota to seek the Lord Most High for His healing presence and mercy upon South Dakota.,Urging the people of the state of South Dakota to seek the Lord Most High for His healing presence and mercy upon South Dakota.,3,2026-01-29,https://legiscan.com/SD/bill/SCR604/2026
SD,2093540,,"Recognizing the significance of the monarch butterfly and encouraging cooperative, voluntary conservation efforts in South Dakota.","Recognizing the significance of the monarch butterfly and encouraging cooperative, voluntary conservation efforts in South Dakota.",3,2026-02-24,https://legiscan.com/SD/bill/SCR605/2026
SD,2101415,,Encouraging the review and approval of water rights applications and future use reservations from the Missouri River.,Encouraging the review and approval of water rights applications and future use reservations from the Missouri River.,3,2026-02-24,https://legiscan.com/SD/bill/SCR606/2026
SD,2101442,,"Supporting congressional authorization for, and federal participation in, major rural water supply projects identified by the South Dakota Association of Rural Water Systems.","Supporting congressional authorization for, and federal participation in, major rural water supply projects identified by the South Dakota Association of Rural Water Systems.",3,2026-02-24,https://legiscan.com/SD/bill/SCR607/2026
SD,2107657,,Urging collaboration to reduce hunger and food waste in this state under the protections of the 1996 Bill Emerson Good Samaritan Food Donation Act.,Urging collaboration to reduce hunger and food waste in this state under the protections of the 1996 Bill Emerson Good Samaritan Food Donation Act.,3,2026-02-25,https://legiscan.com/SD/bill/SCR608/2026
SD,2060589,,"Proposing and submitting to the voters at the next general election an amendment to the Constitution of the State of South Dakota, limiting the number of terms an individual may serve as a member of the Legislature.","Proposing and submitting to the voters at the next general election an amendment to the Constitution of the State of South Dakota, limiting the number of terms an individual may serve as a member of the Legislature.",2,2026-01-26,https://legiscan.com/SD/bill/SJR501/2026
SD,2060594,,Applying to the United States Congress under Article V of the United States Constitution to call for a convention proposing an amendment to the constitution fixing the number of justices of the United States Supreme Court at one chief justice and eight associate justices.,Applying to the United States Congress under Article V of the United States Constitution to call for a convention proposing an amendment to the constitution fixing the number of justices of the United States Supreme Court at one chief justice and eight associate justices.,2,2026-01-26,https://legiscan.com/SD/bill/SJR502/2026
SD,2073138,,"Applying to the United States Congress for a convention of the states to propose amendments to the United States Constitution regarding the imposition of fiscal restraints on the federal government, further limiting the power and jurisdiction of the federal government, and limiting the terms of office for members of Congress and other federal officials.","Applying to the United States Congress for a convention of the states to propose amendments to the United States Constitution regarding the imposition of fiscal restraints on the federal government, further limiting the power and jurisdiction of the federal government, and limiting the terms of office for members of Congress and other federal officials.",2,2026-01-26,https://legiscan.com/SD/bill/SJR503/2026
SD,2090992,,"Proposing and submitting to the voters at the next general election an amendment to the Constitution of the State of South Dakota, providing for wagering on sporting events via mobile or electronic platform.","Proposing and submitting to the voters at the next general election an amendment to the Constitution of the State of South Dakota, providing for wagering on sporting events via mobile or electronic platform.",2,2026-02-11,https://legiscan.com/SD/bill/SJR504/2026
SD,2093365,,"Proposing and submitting to the voters at the next general election an amendment to the Constitution of the State of South Dakota, limiting the assessed value of real property and limiting real property taxes.","Proposing and submitting to the voters at the next general election an amendment to the Constitution of the State of South Dakota, limiting the assessed value of real property and limiting real property taxes.",1,2026-01-26,https://legiscan.com/SD/bill/SJR505/2026
SD,2101013,,"Proposing and submitting to the voters at the next general election an amendment to the Constitution of the State of South Dakota, resetting, then limiting property taxes to a flat rate, until adjusted when sold.","Proposing and submitting to the voters at the next general election an amendment to the Constitution of the State of South Dakota, resetting, then limiting property taxes to a flat rate, until adjusted when sold.",1,2026-01-29,https://legiscan.com/SD/bill/SJR506/2026
SD,2105064,,"Proposing and submitting to the voters at the next general election, an amendment to state law to reduce certain property taxes for owner-occupied property, and to increase the rates for certain gross receipts taxes and use taxes.","Proposing and submitting to the voters at the next general election, an amendment to state law to reduce certain property taxes for owner-occupied property, and to increase the rates for certain gross receipts taxes and use taxes.",1,2026-02-04,https://legiscan.com/SD/bill/SJR507/2026
SD,2107357,,"Proposing and submitting to the voters at the next general election, amendments to the Constitution of the State of South Dakota, removing the lieutenant governor as presiding officer of the Senate.","Proposing and submitting to the voters at the next general election, amendments to the Constitution of the State of South Dakota, removing the lieutenant governor as presiding officer of the Senate.",2,2026-02-24,https://legiscan.com/SD/bill/SJR508/2026
SD,2092287,,"Honoring Madisen Younie of Rapid City, South Dakota Girls State Governor, and Brody Tynan of Sioux Falls, South Dakota Boys State Governor, and the South Dakota American Legion and Auxiliary for their sponsorship and coordination of the Girls State and Boys State programs.","Honoring Madisen Younie of Rapid City, South Dakota Girls State Governor, and Brody Tynan of Sioux Falls, South Dakota Boys State Governor, and the South Dakota American Legion and Auxiliary for their sponsorship and coordination of the Girls State and Boys State programs.",0,,https://legiscan.com/SD/bill/SC801/2026
SD,2097011,,Celebrating and honoring Tabor Czech Days annual festivities on the occasion of its seventy-seventh anniversary.,Celebrating and honoring Tabor Czech Days annual festivities on the occasion of its seventy-seventh anniversary.,0,,https://legiscan.com/SD/bill/SC802/2026
SD,2101876,,Honoring the city of Deadwood on its 150th anniversary.,Honoring the city of Deadwood on its 150th anniversary.,0,,https://legiscan.com/SD/bill/SC803/2026
SD,2101695,,Recognizing February as National Career and Technical Education and National Career and Technical Student Organizations Month.,Recognizing February as National Career and Technical Education and National Career and Technical Student Organizations Month.,0,,https://legiscan.com/SD/bill/SC804/2026
SD,2104624,,"Commending and honoring the 2024-2025 Outstanding School Administrators of South Dakota: Dr. Jeff Danielsen, Watertown, School Superintendent; Bo Beck, Aberdeen, Middle School Principal; Connie Alspach, Dupree, School Business Official; Jay Swatek, Tea, Elementary School Principal; Kelly Messmer, Harding County, Secondary School Principal; Sherri Nelson, Brandon Valley, Curriculum Leader; and Monica Waltman, Douglas, Director of Special Education.","Commending and honoring the 2024-2025 Outstanding School Administrators of South Dakota: Dr. Jeff Danielsen, Watertown, School Superintendent; Bo Beck, Aberdeen, Middle School Principal; Connie Alspach, Dupree, School Business Official; Jay Swatek, Tea, Elementary School Principal; Kelly Messmer, Harding County, Secondary School Principal; Sherri Nelson, Brandon Valley, Curriculum Leader; and Monica Waltman, Douglas, Director of Special Education.",0,,https://legiscan.com/SD/bill/SC805/2026
SD,2104750,,"Commending and honoring the 2025-2026 Outstanding School Administrators of South Dakota: David Olson, Meade, Middle School Principal; Kendra Becker, Redfield, Secondary School Principal; Richie Hutchinson, Sioux Falls, Assistant Middle School Principal; and Kay Bass, Harrisburg, Assistant Secondary School Principal.","Commending and honoring the 2025-2026 Outstanding School Administrators of South Dakota: David Olson, Meade, Middle School Principal; Kendra Becker, Redfield, Secondary School Principal; Richie Hutchinson, Sioux Falls, Assistant Middle School Principal; and Kay Bass, Harrisburg, Assistant Secondary School Principal.",0,,https://legiscan.com/SD/bill/SC806/2026
SD,2106475,,Recognizing and honoring custodial staff across the State of South Dakota for their dedication and service.,Recognizing and honoring custodial staff across the State of South Dakota for their dedication and service.,0,,https://legiscan.com/SD/bill/SC807/2026
SD,2115455,,"Commending and honoring Richard Schlosser, a member of the Frederick Area School District Board of Education, on his twenty-five years of school board service.","Commending and honoring Richard Schlosser, a member of the Frederick Area School District Board of Education, on his twenty-five years of school board service.",0,,https://legiscan.com/SD/bill/SC808/2026
SD,2115716,,"Commending and honoring Duane Alm for his more than sixty years of dutiful service to the Aberdeen School District as an educator, administrator, and school board member, and for being the recipient of the Associated School Boards of South Dakota's School Bell Award for 2025.","Commending and honoring Duane Alm for his more than sixty years of dutiful service to the Aberdeen School District as an educator, administrator, and school board member, and for being the recipient of the Associated School Boards of South Dakota's School Bell Award for 2025.",0,,https://legiscan.com/SD/bill/SC809/2026
SD,2115369,,Commending and honoring the Hill City School Board on its selection as the Associated School Boards of South Dakota Outstanding School Board of South Dakota for 2025.,Commending and honoring the Hill City School Board on its selection as the Associated School Boards of South Dakota Outstanding School Board of South Dakota for 2025.,0,,https://legiscan.com/SD/bill/SC810/2026
SD,2115193,,"Commending and honoring Amber Vogt, a member of the Lead-Deadwood School District Board of Education, on her selection as the Associated School Boards of South Dakota Outstanding School Board Member of South Dakota for 2025.","Commending and honoring Amber Vogt, a member of the Lead-Deadwood School District Board of Education, on her selection as the Associated School Boards of South Dakota Outstanding School Board Member of South Dakota for 2025.",0,,https://legiscan.com/SD/bill/SC811/2026
SD,2122688,,To acknowledge Glenn Muller's distinguished career and congratulate him on his achievements.,To acknowledge Glenn Muller's distinguished career and congratulate him on his achievements.,0,,https://legiscan.com/SD/bill/SC812/2026
SD,2127363,,"Celebrating Solventum's expansion of its Brookings, South Dakota, manufacturing facility.","Celebrating Solventum's expansion of its Brookings, South Dakota, manufacturing facility.",0,,https://legiscan.com/SD/bill/SC813/2026
SD,2127421,,Celebrating the South Dakota Youth of the Year program for 2026.,Celebrating the South Dakota Youth of the Year program for 2026.,0,,https://legiscan.com/SD/bill/SC814/2026
SD,2127812,,Honoring Shane Jordan as the 2025 winner of the Hugh Hammond Bennett Conservation Planner Award.,Honoring Shane Jordan as the 2025 winner of the Hugh Hammond Bennett Conservation Planner Award.,0,,https://legiscan.com/SD/bill/SC815/2026
SD,2127769,,Celebrating Generations Indigenous Ways and its impact.,Celebrating Generations Indigenous Ways and its impact.,0,,https://legiscan.com/SD/bill/SC816/2026
SD,2127857,,Honoring the 2025-2026 Canton C-Hawk girls wrestling team.,Honoring the 2025-2026 Canton C-Hawk girls wrestling team.,0,,https://legiscan.com/SD/bill/SC817/2026
SD,2127913,,Commending Grey Zabel for his achievements as a member of the 2026 Super Bowl-winning Seattle Seahawks.,Commending Grey Zabel for his achievements as a member of the 2026 Super Bowl-winning Seattle Seahawks.,0,,https://legiscan.com/SD/bill/SC818/2026
SD,2128065,,Honoring the 2025-2026 Canton C-Hawk girls wrestling team.,Honoring the 2025-2026 Canton C-Hawk girls wrestling team.,0,,https://legiscan.com/SD/bill/SC819/2026
SD,2128565,,Honoring Dr. Margaret Becker as the recipient of the 2025 Copic Humanitarian Award.,Honoring Dr. Margaret Becker as the recipient of the 2025 Copic Humanitarian Award.,0,,https://legiscan.com/SD/bill/SC820/2026
SD,2128784,,Honoring Arthur Mauf for his dedication and service to the United States as he approaches his 100th birthday.,Honoring Arthur Mauf for his dedication and service to the United States as he approaches his 100th birthday.,0,,https://legiscan.com/SD/bill/SC821/2026
SD,2128796,,Honoring TKO’s Custom Catering and Capitol Cafe for outstanding service.,Honoring TKO’s Custom Catering and Capitol Cafe for outstanding service.,0,,https://legiscan.com/SD/bill/SC822/2026
SD,2128728,,Honoring the achievements of Canton C-Hawks wrestling team coach Jeremy Ask.,Honoring the achievements of Canton C-Hawks wrestling team coach Jeremy Ask.,0,,https://legiscan.com/SD/bill/SC823/2026
SD,2128723,,Honoring the 2025-2026 Canton C-Hawks boys wrestling team.,Honoring the 2025-2026 Canton C-Hawks boys wrestling team.,0,,https://legiscan.com/SD/bill/SC824/2026
SD,2128774,,Celebrating the life and legacy of Casey Joe Wilson.,Celebrating the life and legacy of Casey Joe Wilson.,0,,https://legiscan.com/SD/bill/SC825/2026
SD,2128962,,Celebrating the Wall High School Eagles as the 2025 Class 9A State Football Champions.,Celebrating the Wall High School Eagles as the 2025 Class 9A State Football Champions.,0,,https://legiscan.com/SD/bill/SC826/2026
SD,2129038,,"Honoring Ashlan Carlow-Blount for excellence in athletics, academics, and leadership.","Honoring Ashlan Carlow-Blount for excellence in athletics, academics, and leadership.",0,,https://legiscan.com/SD/bill/SC827/2026
SD,2129000,,Honoring the legacy of Joseph M. Marshall III.,Honoring the legacy of Joseph M. Marshall III.,0,,https://legiscan.com/SD/bill/SC828/2026
SD,2128925,,Recognizing ten years of the Wall Economic Development Corporation.,Recognizing ten years of the Wall Economic Development Corporation.,0,,https://legiscan.com/SD/bill/SC829/2026
SD,2129075,,Honoring Dave Bonde for exemplary service to South Dakota.,Honoring Dave Bonde for exemplary service to South Dakota.,0,,https://legiscan.com/SD/bill/SC830/2026
SD,2128887,,Recognizing the historical significance of the buffalo and celebrating their return to tribal lands in this state.,Recognizing the historical significance of the buffalo and celebrating their return to tribal lands in this state.,0,,https://legiscan.com/SD/bill/SC831/2026
