state,bill_id,bill_number,title,description,status,status_date,url
UT,2085804,,Public Education Base Budget Amendments,Public Education Base Budget Amendments,4,2026-01-31,https://legiscan.com/UT/bill/HB0001/2026
UT,2127361,,New Fiscal Year Supplemental Appropriations,New Fiscal Year Supplemental Appropriations,3,2026-03-13,https://legiscan.com/UT/bill/HB0002/2026
UT,2130659,,Appropriations Adjustments,Appropriations Adjustments,3,2026-03-13,https://legiscan.com/UT/bill/HB0003/2026
UT,2084606,,"Natural Resources, Agriculture, and Environmental Quality Base Budget","Natural Resources, Agriculture, and Environmental Quality Base Budget",4,2026-01-31,https://legiscan.com/UT/bill/HB0005/2026
UT,2084548,,Criminal Justice Base Budget,Criminal Justice Base Budget,4,2026-01-31,https://legiscan.com/UT/bill/HB0006/2026
UT,2084344,,Social Services Base Budget,Social Services Base Budget,4,2026-01-31,https://legiscan.com/UT/bill/HB0007/2026
UT,2085515,,State Agency Fees and Internal Service Fund Authorization and Appropriations,State Agency Fees and Internal Service Fund Authorization and Appropriations,3,2026-03-13,https://legiscan.com/UT/bill/HB0008/2026
UT,2056518,,Dyed Diesel Fuel Search Amendments,Dyed Diesel Fuel Search Amendments,4,2026-02-27,https://legiscan.com/UT/bill/HB0011/2026
UT,2056491,,Outdoor Recreation Accessibility Amendments,Outdoor Recreation Accessibility Amendments,4,2026-02-27,https://legiscan.com/UT/bill/HB0012/2026
UT,2056546,,Municipal Services Fees and Political Subdivision Lien Amendments,Municipal Services Fees and Political Subdivision Lien Amendments,6,2026-03-06,https://legiscan.com/UT/bill/HB0013/2026
UT,2056705,,Behavior Analyst Licensing Amendments,Behavior Analyst Licensing Amendments,6,2026-03-06,https://legiscan.com/UT/bill/HB0014/2026
UT,2056767,,Medicaid Amendments,Medicaid Amendments,4,2026-03-18,https://legiscan.com/UT/bill/HB0015/2026
UT,2056934,,Solar Power Plant Amendments,Solar Power Plant Amendments,3,2026-03-12,https://legiscan.com/UT/bill/HB0016/2026
UT,2056910,,Public Infrastructure District Meeting Amendments,Public Infrastructure District Meeting Amendments,4,2026-03-13,https://legiscan.com/UT/bill/HB0017/2026
UT,2056870,,Public Land Access Amendments,Public Land Access Amendments,6,2026-03-06,https://legiscan.com/UT/bill/HB0018/2026
UT,2056862,,Drinking Water Utilities Amendments,Drinking Water Utilities Amendments,4,2026-02-27,https://legiscan.com/UT/bill/HB0019/2026
UT,2056844,,Correctional Facility Capacity Amendments,Correctional Facility Capacity Amendments,4,2026-03-07,https://legiscan.com/UT/bill/HB0020/2026
UT,2056812,,Senior Care Facility Amendments,Senior Care Facility Amendments,4,2026-03-17,https://legiscan.com/UT/bill/HB0021/2026
UT,2056916,,Vintage Vehicle Amendments,Vintage Vehicle Amendments,4,2026-03-23,https://legiscan.com/UT/bill/HB0022/2026
UT,2056854,,Service Animal Amendments,Service Animal Amendments,4,2026-03-17,https://legiscan.com/UT/bill/HB0023/2026
UT,2056948,,Criminal Penalty Amendments,Criminal Penalty Amendments,3,2026-03-03,https://legiscan.com/UT/bill/HB0024/2026
UT,2057191,,Candidate Petition Amendments,Candidate Petition Amendments,6,2026-03-06,https://legiscan.com/UT/bill/HB0025/2026
UT,2057200,,Voting Equipment Amendments,Voting Equipment Amendments,4,2026-03-07,https://legiscan.com/UT/bill/HB0026/2026
UT,2057192,,Signature Verification Revisions,Signature Verification Revisions,6,2026-03-06,https://legiscan.com/UT/bill/HB0027/2026
UT,2057210,,Health and Human Services Sunset Amendments,Health and Human Services Sunset Amendments,6,2026-03-06,https://legiscan.com/UT/bill/HB0028/2026
UT,2057199,,Unfair and Deceptive Pricing Amendments,Unfair and Deceptive Pricing Amendments,6,2026-03-06,https://legiscan.com/UT/bill/HB0029/2026
UT,2057194,,Wildlife Management Area Amendments,Wildlife Management Area Amendments,3,2026-03-11,https://legiscan.com/UT/bill/HB0030/2026
UT,2057186,,Local Education Agency Financial Reporting,Local Education Agency Financial Reporting,6,2026-03-06,https://legiscan.com/UT/bill/HB0031/2026
UT,2057196,,Signature Gathering and Verification Amendments,Signature Gathering and Verification Amendments,4,2026-03-23,https://legiscan.com/UT/bill/HB0032/2026
UT,2057213,,Political Signs Amendments,Political Signs Amendments,4,2026-03-23,https://legiscan.com/UT/bill/HB0033/2026
UT,2057207,,Victim Rights Amendments,Victim Rights Amendments,3,2026-03-11,https://legiscan.com/UT/bill/HB0034/2026
UT,2058981,,Bears Ears Visitor Center Advisory Committee Amendments,Bears Ears Visitor Center Advisory Committee Amendments,6,2026-03-06,https://legiscan.com/UT/bill/HB0035/2026
UT,2059008,,Gold Medal Schools Pilot Program,Gold Medal Schools Pilot Program,4,2026-03-19,https://legiscan.com/UT/bill/HB0036/2026
UT,2059265,,Used Oil Management Act Amendments,Used Oil Management Act Amendments,3,2026-03-04,https://legiscan.com/UT/bill/HB0037/2026
UT,2059327,,Local Government Amendments,Local Government Amendments,4,2026-03-18,https://legiscan.com/UT/bill/HB0038/2026
UT,2059306,,Prison and Jail Standards Amendments,Prison and Jail Standards Amendments,6,2026-03-06,https://legiscan.com/UT/bill/HB0039/2026
UT,2060255,,Utah Construction Trades Licensing Act Amendments,Utah Construction Trades Licensing Act Amendments,4,2026-03-17,https://legiscan.com/UT/bill/HB0040/2026
UT,2060257,,Construction and Fire Codes Amendments,Construction and Fire Codes Amendments,3,2026-03-06,https://legiscan.com/UT/bill/HB0041/2026
UT,2060253,,School Cybersecurity Amendments,School Cybersecurity Amendments,2,2026-02-19,https://legiscan.com/UT/bill/HB0042/2026
UT,2060256,,School Security Amendments,School Security Amendments,6,2026-03-06,https://legiscan.com/UT/bill/HB0043/2026
UT,2060251,,School Security Personnel Standards,School Security Personnel Standards,4,2026-03-19,https://legiscan.com/UT/bill/HB0044/2026
UT,2060247,,Fire Code Amendments,Fire Code Amendments,4,2026-03-13,https://legiscan.com/UT/bill/HB0045/2026
UT,2060250,,Taxpayer Information Sharing Amendments,Taxpayer Information Sharing Amendments,4,2026-03-13,https://legiscan.com/UT/bill/HB0046/2026
UT,2060249,,Vehicle Registration and Insurance Amendments,Vehicle Registration and Insurance Amendments,4,2026-02-12,https://legiscan.com/UT/bill/HB0047/2026
UT,2060419,,Criminal and Juvenile Justice Changes,Criminal and Juvenile Justice Changes,3,2026-03-11,https://legiscan.com/UT/bill/HB0048/2026
UT,2060540,,Law Enforcement Salary Amendments,Law Enforcement Salary Amendments,6,2026-03-06,https://legiscan.com/UT/bill/HB0049/2026
UT,2060466,,Child Protection Ombudsman Amendments,Child Protection Ombudsman Amendments,4,2026-02-27,https://legiscan.com/UT/bill/HB0050/2026
UT,2060485,,Adoption Amendments,Adoption Amendments,3,2026-03-05,https://legiscan.com/UT/bill/HB0051/2026
UT,2060515,,Tribal Endorsement of Utah Driver License Amendments,Tribal Endorsement of Utah Driver License Amendments,3,2026-03-02,https://legiscan.com/UT/bill/HB0052/2026
UT,2060561,,Community Rehabilitation Program Amendments,Community Rehabilitation Program Amendments,4,2026-03-17,https://legiscan.com/UT/bill/HB0053/2026
UT,2060523,,Boating Safety Education,Boating Safety Education,3,2026-03-12,https://legiscan.com/UT/bill/HB0054/2026
UT,2060550,,Privacy Compliance for Education Technology Vendors,Privacy Compliance for Education Technology Vendors,4,2026-02-27,https://legiscan.com/UT/bill/HB0055/2026
UT,2060505,,Vehicle Registration Amendments,Vehicle Registration Amendments,6,2026-03-06,https://legiscan.com/UT/bill/HB0056/2026
UT,2060596,,Motor Vehicle Division Amendments,Motor Vehicle Division Amendments,4,2026-03-23,https://legiscan.com/UT/bill/HB0057/2026
UT,2060710,,Insurance Code Modifications,Insurance Code Modifications,4,2026-03-17,https://legiscan.com/UT/bill/HB0058/2026
UT,2060719,,Identification Verification Amendments,Identification Verification Amendments,4,2026-03-17,https://legiscan.com/UT/bill/HB0059/2026
UT,2060716,,Water Rights Amendments,Water Rights Amendments,4,2026-03-23,https://legiscan.com/UT/bill/HB0060/2026
UT,2060681,,Navajo Trust Fund Amendments,Navajo Trust Fund Amendments,4,2026-03-23,https://legiscan.com/UT/bill/HB0061/2026
UT,2060724,,Road Jurisdiction Amendments,Road Jurisdiction Amendments,4,2026-03-13,https://legiscan.com/UT/bill/HB0062/2026
UT,2060685,,Livestock Watering Amendments,Livestock Watering Amendments,3,2026-03-11,https://legiscan.com/UT/bill/HB0063/2026
UT,2060693,,School and Institutional Trust Lands Amendments,School and Institutional Trust Lands Amendments,6,2026-03-06,https://legiscan.com/UT/bill/HB0064/2026
UT,2060746,,Construction Code Amendments,Construction Code Amendments,4,2026-03-17,https://legiscan.com/UT/bill/HB0065/2026
UT,2060779,,Soil Health Program Amendments,Soil Health Program Amendments,4,2026-02-27,https://legiscan.com/UT/bill/HB0066/2026
UT,2060763,,Lead Acid Battery Disposal Sunset Amendments,Lead Acid Battery Disposal Sunset Amendments,6,2026-03-06,https://legiscan.com/UT/bill/HB0067/2026
UT,2060750,,Housing and Community Development Amendments,Housing and Community Development Amendments,3,2026-03-11,https://legiscan.com/UT/bill/HB0068/2026
UT,2060774,,Drinking Water Restructuring Amendments,Drinking Water Restructuring Amendments,3,2026-02-20,https://legiscan.com/UT/bill/HB0069/2026
UT,2060776,,Correctional Health Services Amendments,Correctional Health Services Amendments,6,2026-03-06,https://legiscan.com/UT/bill/HB0070/2026
UT,2060825,,Health Provider Directory and Access Amendments,Health Provider Directory and Access Amendments,4,2026-03-17,https://legiscan.com/UT/bill/HB0071/2026
UT,2060879,,Criminal Use of Cryptocurrency Amendments,Criminal Use of Cryptocurrency Amendments,3,2026-03-11,https://legiscan.com/UT/bill/HB0072/2026
UT,2060946,,Public Employee Retaliatory Action Amendments,Public Employee Retaliatory Action Amendments,4,2026-03-17,https://legiscan.com/UT/bill/HB0073/2026
UT,2060923,,Signature Gathering Amendments,Signature Gathering Amendments,6,2026-03-06,https://legiscan.com/UT/bill/HB0074/2026
UT,2060943,,American Indian and Alaska Native Education Amendments,American Indian and Alaska Native Education Amendments,4,2026-02-27,https://legiscan.com/UT/bill/HB0075/2026
UT,2060937,,Data Center Water Transparency Amendments,Data Center Water Transparency Amendments,4,2026-03-23,https://legiscan.com/UT/bill/HB0076/2026
UT,2060935,,Tax Modifications,Tax Modifications,4,2026-03-23,https://legiscan.com/UT/bill/HB0077/2026
UT,2060917,,Nuclear Regulatory Amendments,Nuclear Regulatory Amendments,3,2026-03-12,https://legiscan.com/UT/bill/HB0078/2026
UT,2060956,,Governmental Immunity Amendments,Governmental Immunity Amendments,4,2026-02-27,https://legiscan.com/UT/bill/HB0079/2026
UT,2060960,,Firearm Storage Requirements,Firearm Storage Requirements,6,2026-03-06,https://legiscan.com/UT/bill/HB0080/2026
UT,2060957,,Flag Display Modifications,Flag Display Modifications,6,2026-03-06,https://legiscan.com/UT/bill/HB0081/2026
UT,2060950,,Judgment Information Amendments,Judgment Information Amendments,3,2026-03-11,https://legiscan.com/UT/bill/HB0082/2026
UT,2060952,,Imitation Firearm Amendments,Imitation Firearm Amendments,6,2026-03-06,https://legiscan.com/UT/bill/HB0083/2026
UT,2060973,,Dangerous Weapon Amendments,Dangerous Weapon Amendments,4,2026-03-19,https://legiscan.com/UT/bill/HB0084/2026
UT,2060969,,State Sovereignty Amendments,State Sovereignty Amendments,6,2026-03-06,https://legiscan.com/UT/bill/HB0085/2026
UT,2060949,,Restricted Person Amendments,Restricted Person Amendments,6,2026-03-06,https://legiscan.com/UT/bill/HB0086/2026
UT,2060976,,Animal Crime Victim Amendments,Animal Crime Victim Amendments,3,2026-03-03,https://legiscan.com/UT/bill/HB0087/2026
UT,2060979,,Public Assistance Amendments,Public Assistance Amendments,6,2026-03-06,https://legiscan.com/UT/bill/HB0088/2026
UT,2060965,,Use of Polygraph Amendments,Use of Polygraph Amendments,3,2026-03-10,https://legiscan.com/UT/bill/HB0089/2026
UT,2060971,,Sexual Offenses Amendments,Sexual Offenses Amendments,3,2026-03-12,https://legiscan.com/UT/bill/HB0090/2026
UT,2061121,,Presumption of Indigency Amendments,Presumption of Indigency Amendments,6,2026-03-06,https://legiscan.com/UT/bill/HB0091/2026
UT,2061162,,Presidential Electors Amendments,Presidential Electors Amendments,6,2026-03-06,https://legiscan.com/UT/bill/HB0092/2026
UT,2061174,,Goshen Bay Waterfowl Management Area,Goshen Bay Waterfowl Management Area,4,2026-03-07,https://legiscan.com/UT/bill/HB0093/2026
UT,2061124,,Criminal Accounts Receivable Amendments,Criminal Accounts Receivable Amendments,3,2026-03-11,https://legiscan.com/UT/bill/HB0094/2026
UT,2061145,,Public Employee Gender-specific Language Requirements,Public Employee Gender-specific Language Requirements,6,2026-03-06,https://legiscan.com/UT/bill/HB0095/2026
UT,2061151,,Ivermectin Amendments,Ivermectin Amendments,6,2026-03-06,https://legiscan.com/UT/bill/HB0096/2026
UT,2061134,,Medical Waste Amendments,Medical Waste Amendments,4,2026-03-17,https://legiscan.com/UT/bill/HB0097/2026
UT,2061103,,Residential Notification Amendments,Residential Notification Amendments,6,2026-03-06,https://legiscan.com/UT/bill/HB0098/2026
UT,2061171,,Eyewear Sales Tax Amendments,Eyewear Sales Tax Amendments,6,2026-03-06,https://legiscan.com/UT/bill/HB0099/2026
UT,2061179,,Electroconvulsive Therapy Prohibition Amendments,Electroconvulsive Therapy Prohibition Amendments,6,2026-03-06,https://legiscan.com/UT/bill/HB0100/2026
UT,2061108,,Firearm Background Check Amendments,Firearm Background Check Amendments,3,2026-02-25,https://legiscan.com/UT/bill/HB0101/2026
UT,2061167,,Victim Privacy Amendments,Victim Privacy Amendments,3,2026-03-11,https://legiscan.com/UT/bill/HB0102/2026
UT,2061141,,Underage Marriage Amendments,Underage Marriage Amendments,3,2026-03-11,https://legiscan.com/UT/bill/HB0103/2026
UT,2061154,,State Holiday Amendments,State Holiday Amendments,6,2026-03-06,https://legiscan.com/UT/bill/HB0104/2026
UT,2061098,,Child Welfare Revisions,Child Welfare Revisions,4,2026-03-17,https://legiscan.com/UT/bill/HB0105/2026
UT,2061129,,School Attendance Changes,School Attendance Changes,6,2026-03-06,https://legiscan.com/UT/bill/HB0106/2026
UT,2061158,,Vehicle Sales Tax Amendments,Vehicle Sales Tax Amendments,6,2026-03-06,https://legiscan.com/UT/bill/HB0107/2026
UT,2061211,,Minors in State Custody Amendments,Minors in State Custody Amendments,4,2026-03-17,https://legiscan.com/UT/bill/HB0108/2026
UT,2061205,,Utah Fits All Scholarship Program Alterations,Utah Fits All Scholarship Program Alterations,6,2026-03-06,https://legiscan.com/UT/bill/HB0109/2026
UT,2061199,,Offender Modifications,Offender Modifications,3,2026-03-06,https://legiscan.com/UT/bill/HB0110/2026
UT,2061239,,Wildlife Amendments,Wildlife Amendments,3,2026-03-12,https://legiscan.com/UT/bill/HB0111/2026
UT,2061192,,Political Advertising Amendments,Political Advertising Amendments,6,2026-03-06,https://legiscan.com/UT/bill/HB0112/2026
UT,2061273,,Emergency Reporting Abuse Amendments,Emergency Reporting Abuse Amendments,3,2026-03-12,https://legiscan.com/UT/bill/HB0113/2026
UT,2061366,,Adult-oriented Performance and Material Amendments,Adult-oriented Performance and Material Amendments,2,2026-02-20,https://legiscan.com/UT/bill/HB0114/2026
UT,2061345,,Motor Vehicle Sales Tax Amendments,Motor Vehicle Sales Tax Amendments,6,2026-03-06,https://legiscan.com/UT/bill/HB0115/2026
UT,2061324,,Criminal Fines Amendments,Criminal Fines Amendments,6,2026-03-06,https://legiscan.com/UT/bill/HB0116/2026
UT,2061356,,Organ Donation Amendments,Organ Donation Amendments,4,2026-03-17,https://legiscan.com/UT/bill/HB0117/2026
UT,2061313,,Driver Training Schools for Commercial Driver License Amendments,Driver Training Schools for Commercial Driver License Amendments,3,2026-03-12,https://legiscan.com/UT/bill/HB0118/2026
UT,2061334,,Automotive Repair Business Amendments,Automotive Repair Business Amendments,4,2026-03-18,https://legiscan.com/UT/bill/HB0119/2026
UT,2061381,,Tail Light Obstruction Amendments,Tail Light Obstruction Amendments,6,2026-03-06,https://legiscan.com/UT/bill/HB0120/2026
UT,2061409,,School Fee Amendments,School Fee Amendments,6,2026-03-06,https://legiscan.com/UT/bill/HB0121/2026
UT,2061398,,Pregnant and Postpartum Inmate Amendments,Pregnant and Postpartum Inmate Amendments,3,2026-02-25,https://legiscan.com/UT/bill/HB0122/2026
UT,2061387,,"Sex, Kidnap, and Child Abuse Offender Registration Amendments","Sex, Kidnap, and Child Abuse Offender Registration Amendments",3,2026-03-11,https://legiscan.com/UT/bill/HB0123/2026
UT,2061404,,Veteran Armed Forces Property Tax Exemption Amendments,Veteran Armed Forces Property Tax Exemption Amendments,6,2026-03-06,https://legiscan.com/UT/bill/HB0124/2026
UT,2064993,,Department of Natural Resources Related Modifications Amendments,Department of Natural Resources Related Modifications Amendments,3,2026-03-12,https://legiscan.com/UT/bill/HB0125/2026
UT,2064995,,Micro-Education Entity Facility Amendments,Micro-Education Entity Facility Amendments,4,2026-03-13,https://legiscan.com/UT/bill/HB0126/2026
UT,2064981,,Female Genital Mutilation Education Amendments,Female Genital Mutilation Education Amendments,6,2026-03-06,https://legiscan.com/UT/bill/HB0127/2026
UT,2064967,,Traffic Amendments,Traffic Amendments,3,2026-02-25,https://legiscan.com/UT/bill/HB0128/2026
UT,2064983,,Education Board Amendments,Education Board Amendments,4,2026-03-19,https://legiscan.com/UT/bill/HB0129/2026
UT,2064971,,Employment Medical Examination Expense Amendments,Employment Medical Examination Expense Amendments,4,2026-03-23,https://legiscan.com/UT/bill/HB0130/2026
UT,2064997,,Employee Disclosure Requirements,Employee Disclosure Requirements,6,2026-03-06,https://legiscan.com/UT/bill/HB0131/2026
UT,2064979,,Military Amendments,Military Amendments,4,2026-03-23,https://legiscan.com/UT/bill/HB0132/2026
UT,2064988,,Use of Force Reporting Requirements,Use of Force Reporting Requirements,6,2026-03-06,https://legiscan.com/UT/bill/HB0133/2026
UT,2064989,,Offender Transfer Amendments,Offender Transfer Amendments,3,2026-03-11,https://legiscan.com/UT/bill/HB0134/2026
UT,2064974,,Cohabitant Definition Amendments,Cohabitant Definition Amendments,6,2026-03-06,https://legiscan.com/UT/bill/HB0135/2026
UT,2065235,,Unlicensed Driver Amendments,Unlicensed Driver Amendments,3,2026-03-11,https://legiscan.com/UT/bill/HB0136/2026
UT,2065305,,Violent Crime Clearance Rate Amendments,Violent Crime Clearance Rate Amendments,3,2026-03-11,https://legiscan.com/UT/bill/HB0137/2026
UT,2065248,,Child Abuse Homicide Amendments,Child Abuse Homicide Amendments,6,2026-03-06,https://legiscan.com/UT/bill/HB0138/2026
UT,2065240,,Female Genital Mutilation Amendments,Female Genital Mutilation Amendments,3,2026-02-24,https://legiscan.com/UT/bill/HB0139/2026
UT,2065287,,Highway Designation Modifications,Highway Designation Modifications,6,2026-03-06,https://legiscan.com/UT/bill/HB0140/2026
UT,2065330,,International Money Transmission Amendments,International Money Transmission Amendments,6,2026-03-06,https://legiscan.com/UT/bill/HB0141/2026
UT,2065219,,School Fee Waiver Amendments,School Fee Waiver Amendments,4,2026-03-19,https://legiscan.com/UT/bill/HB0142/2026
UT,2065264,,Special Education Amendments,Special Education Amendments,4,2026-03-19,https://legiscan.com/UT/bill/HB0143/2026
UT,2065299,,School Community Council Amendments,School Community Council Amendments,4,2026-03-19,https://legiscan.com/UT/bill/HB0144/2026
UT,2065293,,School Excused Absence Amendments,School Excused Absence Amendments,4,2026-03-19,https://legiscan.com/UT/bill/HB0145/2026
UT,2065253,,Mentoring and Supporting Teacher Excellence and Refinement Program Amendments,Mentoring and Supporting Teacher Excellence and Refinement Program Amendments,4,2026-03-19,https://legiscan.com/UT/bill/HB0146/2026
UT,2065321,,Government Form Submission Amendments,Government Form Submission Amendments,4,2026-03-17,https://legiscan.com/UT/bill/HB0147/2026
UT,2065564,,Tax Return Donation Amendments,Tax Return Donation Amendments,4,2026-03-19,https://legiscan.com/UT/bill/HB0148/2026
UT,2066020,,Sexual Material Modifications,Sexual Material Modifications,6,2026-03-06,https://legiscan.com/UT/bill/HB0149/2026
UT,2066094,,School-based Speech-language Pathologist Funding Amendments,School-based Speech-language Pathologist Funding Amendments,6,2026-03-06,https://legiscan.com/UT/bill/HB0150/2026
UT,2065997,,Teaching Materials Amendments,Teaching Materials Amendments,6,2026-03-06,https://legiscan.com/UT/bill/HB0151/2026
UT,2066106,,Educational Vaccine Exemption Amendments,Educational Vaccine Exemption Amendments,6,2026-03-06,https://legiscan.com/UT/bill/HB0152/2026
UT,2065971,,Law Enforcement Officer Employment Amendments,Law Enforcement Officer Employment Amendments,3,2026-03-06,https://legiscan.com/UT/bill/HB0153/2026
UT,2065960,,Water Loss Study Amendments,Water Loss Study Amendments,6,2026-03-06,https://legiscan.com/UT/bill/HB0154/2026
UT,2066032,,Water Rates Amendments,Water Rates Amendments,6,2026-03-06,https://legiscan.com/UT/bill/HB0155/2026
UT,2066325,,Blood Transfusion Amendments,Blood Transfusion Amendments,6,2026-03-06,https://legiscan.com/UT/bill/HB0156/2026
UT,2066348,,Department of Natural Resources Amendments,Department of Natural Resources Amendments,6,2026-03-06,https://legiscan.com/UT/bill/HB0157/2026
UT,2066252,,Unlawful Tracking Amendments,Unlawful Tracking Amendments,3,2026-03-06,https://legiscan.com/UT/bill/HB0158/2026
UT,2066202,,First Responder Volunteer Tax Credit,First Responder Volunteer Tax Credit,6,2026-03-06,https://legiscan.com/UT/bill/HB0159/2026
UT,2066179,,Statewide Initiative Modifications,Statewide Initiative Modifications,6,2026-03-06,https://legiscan.com/UT/bill/HB0160/2026
UT,2066132,,Property Tax Modifications,Property Tax Modifications,6,2026-03-06,https://legiscan.com/UT/bill/HB0161/2026
UT,2066606,,Local Sales Tax Modifications,Local Sales Tax Modifications,6,2026-03-06,https://legiscan.com/UT/bill/HB0162/2026
UT,2066454,,Grow Your Own Educator Pipeline Program Amendments,Grow Your Own Educator Pipeline Program Amendments,4,2026-03-19,https://legiscan.com/UT/bill/HB0163/2026
UT,2067264,,Health Care Patient Reporting to the Division of Professional Licensing,Health Care Patient Reporting to the Division of Professional Licensing,3,2026-02-25,https://legiscan.com/UT/bill/HB0164/2026
UT,2067334,,Critical Infrastructure Amendments,Critical Infrastructure Amendments,4,2026-03-17,https://legiscan.com/UT/bill/HB0165/2026
UT,2067056,,Open Carry of a Firearm Amendments,Open Carry of a Firearm Amendments,6,2026-03-06,https://legiscan.com/UT/bill/HB0166/2026
UT,2067370,,Signature Collection Modifications,Signature Collection Modifications,6,2026-03-06,https://legiscan.com/UT/bill/HB0167/2026
UT,2067407,,Hunting and Fishing Amendments,Hunting and Fishing Amendments,6,2026-03-06,https://legiscan.com/UT/bill/HB0168/2026
UT,2066915,,Boating Insurance Amendments,Boating Insurance Amendments,6,2026-03-06,https://legiscan.com/UT/bill/HB0169/2026
UT,2067193,,School Board Referendum Amendments,School Board Referendum Amendments,6,2026-03-06,https://legiscan.com/UT/bill/HB0170/2026
UT,2067020,,Physician Assistant Amendments,Physician Assistant Amendments,4,2026-03-17,https://legiscan.com/UT/bill/HB0171/2026
UT,2066878,,Food Safety Amendments,Food Safety Amendments,4,2026-03-17,https://legiscan.com/UT/bill/HB0172/2026
UT,2067227,,Disabled Parking Permit Amendments,Disabled Parking Permit Amendments,6,2026-03-06,https://legiscan.com/UT/bill/HB0173/2026
UT,2066985,,Sex Characteristic Change Treatment Amendments,Sex Characteristic Change Treatment Amendments,4,2026-03-18,https://legiscan.com/UT/bill/HB0174/2026
UT,2067299,,Public Funds and Political Activities Amendments,Public Funds and Political Activities Amendments,6,2026-03-06,https://legiscan.com/UT/bill/HB0175/2026
UT,2067089,,Trust Business Modifications,Trust Business Modifications,4,2026-03-18,https://legiscan.com/UT/bill/HB0176/2026
UT,2067866,,ROTC Resident Student Status,ROTC Resident Student Status,4,2026-03-19,https://legiscan.com/UT/bill/HB0177/2026
UT,2067530,,School Zone Speeding Amendments,School Zone Speeding Amendments,3,2026-03-06,https://legiscan.com/UT/bill/HB0178/2026
UT,2067507,,Milk Amendments,Milk Amendments,3,2026-03-12,https://legiscan.com/UT/bill/HB0179/2026
UT,2067676,,Dangerous Weapons at Daycares and Schools,Dangerous Weapons at Daycares and Schools,6,2026-03-06,https://legiscan.com/UT/bill/HB0180/2026
UT,2067799,,Uniform Estate Planning Amendments,Uniform Estate Planning Amendments,4,2026-03-23,https://legiscan.com/UT/bill/HB0181/2026
UT,2067847,,Genetic Information Amendments,Genetic Information Amendments,4,2026-03-17,https://legiscan.com/UT/bill/HB0182/2026
UT,2067626,,Sex Designation Amendments,Sex Designation Amendments,6,2026-03-06,https://legiscan.com/UT/bill/HB0183/2026
UT,2067723,,Small Lots and Starter Homes Amendments,Small Lots and Starter Homes Amendments,6,2026-03-06,https://legiscan.com/UT/bill/HB0184/2026
UT,2068012,,Carbon Credit Amendments,Carbon Credit Amendments,3,2026-03-11,https://legiscan.com/UT/bill/HB0185/2026
UT,2067940,,Judicial Conduct Commission Amendments,Judicial Conduct Commission Amendments,4,2026-03-23,https://legiscan.com/UT/bill/HB0186/2026
UT,2067601,,Water Amendments,Water Amendments,3,2026-03-11,https://legiscan.com/UT/bill/HB0187/2026
UT,2068803,,Juvenile Justice Amendments,Juvenile Justice Amendments,4,2026-03-17,https://legiscan.com/UT/bill/HB0188/2026
UT,2068647,,Technical Colleges Funding Amendments,Technical Colleges Funding Amendments,6,2026-03-06,https://legiscan.com/UT/bill/HB0189/2026
UT,2068497,,Child Care Business Tax Credit,Child Care Business Tax Credit,3,2026-03-12,https://legiscan.com/UT/bill/HB0190/2026
UT,2068725,,Airport Land Use Amendments,Airport Land Use Amendments,6,2026-03-06,https://legiscan.com/UT/bill/HB0191/2026
UT,2068881,,Vehicle Inspection Fee Amendments,Vehicle Inspection Fee Amendments,3,2026-02-26,https://legiscan.com/UT/bill/HB0192/2026
UT,2069138,,Transgender Medical Procedures Amendments,Transgender Medical Procedures Amendments,6,2026-03-06,https://legiscan.com/UT/bill/HB0193/2026
UT,2068927,,Utah State Board of Education Ethics Amendments,Utah State Board of Education Ethics Amendments,4,2026-03-19,https://legiscan.com/UT/bill/HB0194/2026
UT,2068912,,Precious Metals Amendments,Precious Metals Amendments,3,2026-03-11,https://legiscan.com/UT/bill/HB0195/2026
UT,2069051,,Highway Designation Amendments,Highway Designation Amendments,6,2026-03-06,https://legiscan.com/UT/bill/HB0196/2026
UT,2068899,,School Materials Amendments,School Materials Amendments,6,2026-03-06,https://legiscan.com/UT/bill/HB0197/2026
UT,2068959,,Educator Salary Adjustment,Educator Salary Adjustment,6,2026-03-06,https://legiscan.com/UT/bill/HB0198/2026
UT,2069123,,Health Data Amendments,Health Data Amendments,4,2026-03-17,https://legiscan.com/UT/bill/HB0199/2026
UT,2069165,,"Human Trafficking, Transporting, and Harboring Amendments","Human Trafficking, Transporting, and Harboring Amendments",6,2026-03-06,https://legiscan.com/UT/bill/HB0200/2026
UT,2069079,,Radioactive Waste Facility Tax Amendments,Radioactive Waste Facility Tax Amendments,6,2026-03-06,https://legiscan.com/UT/bill/HB0201/2026
UT,2069106,,Acupuncturist Licensing Amendments,Acupuncturist Licensing Amendments,6,2026-03-06,https://legiscan.com/UT/bill/HB0202/2026
UT,2069177,,Non-Compete Amendments,Non-Compete Amendments,6,2026-03-06,https://legiscan.com/UT/bill/HB0203/2026
UT,2069065,,Higher Education Student Belief Accommodation,Higher Education Student Belief Accommodation,3,2026-03-12,https://legiscan.com/UT/bill/HB0204/2026
UT,2069152,,Substance Use Intervention Amendments,Substance Use Intervention Amendments,4,2026-03-18,https://legiscan.com/UT/bill/HB0205/2026
UT,2069618,,Nicotine Product Advertising Amendments,Nicotine Product Advertising Amendments,6,2026-03-06,https://legiscan.com/UT/bill/HB0206/2026
UT,2069818,,Competency Amendments,Competency Amendments,4,2026-03-17,https://legiscan.com/UT/bill/HB0207/2026
UT,2069670,,Parentage Amendments,Parentage Amendments,6,2026-03-06,https://legiscan.com/UT/bill/HB0208/2026
UT,2069719,,Voting Amendments,Voting Amendments,3,2026-03-06,https://legiscan.com/UT/bill/HB0209/2026
UT,2069918,,Tax Penalties Amendments,Tax Penalties Amendments,6,2026-03-06,https://legiscan.com/UT/bill/HB0210/2026
UT,2069570,,Real Property Recording Amendments,Real Property Recording Amendments,4,2026-03-17,https://legiscan.com/UT/bill/HB0211/2026
UT,2070050,,County Formation Amendments,County Formation Amendments,6,2026-03-07,https://legiscan.com/UT/bill/HB0212/2026
UT,2070017,,Criminal Proceedings Amendments,Criminal Proceedings Amendments,6,2026-03-06,https://legiscan.com/UT/bill/HB0213/2026
UT,2070003,,Firearms Liability Amendments,Firearms Liability Amendments,3,2026-02-26,https://legiscan.com/UT/bill/HB0214/2026
UT,2070064,,Landscaping Restrictions Amendments,Landscaping Restrictions Amendments,4,2026-03-17,https://legiscan.com/UT/bill/HB0215/2026
UT,2070128,,Child Support Calculation Amendments,Child Support Calculation Amendments,6,2026-03-06,https://legiscan.com/UT/bill/HB0216/2026
UT,2069987,,Stolen Vehicle Amendments,Stolen Vehicle Amendments,3,2026-03-11,https://legiscan.com/UT/bill/HB0217/2026
UT,2069939,,Digital Skills Amendments,Digital Skills Amendments,4,2026-03-18,https://legiscan.com/UT/bill/HB0218/2026
UT,2069954,,Higher Education Civics Amendments,Higher Education Civics Amendments,4,2026-03-19,https://legiscan.com/UT/bill/HB0219/2026
UT,2070095,,Public Safety Data Amendments,Public Safety Data Amendments,3,2026-02-25,https://legiscan.com/UT/bill/HB0220/2026
UT,2070032,,Coercion Amendments,Coercion Amendments,4,2026-03-24,https://legiscan.com/UT/bill/HB0221/2026
UT,2070113,,Limitation of Actions Amendments,Limitation of Actions Amendments,4,2026-03-23,https://legiscan.com/UT/bill/HB0222/2026
UT,2071009,,Electronic Signature Collection Amendments,Electronic Signature Collection Amendments,6,2026-03-06,https://legiscan.com/UT/bill/HB0223/2026
UT,2071083,,Electricity Rate Amendments,Electricity Rate Amendments,6,2026-03-06,https://legiscan.com/UT/bill/HB0224/2026
UT,2071433,,Boundary Line Amendments,Boundary Line Amendments,6,2026-03-06,https://legiscan.com/UT/bill/HB0225/2026
UT,2071278,,Alternative Incarceration Program Amendments,Alternative Incarceration Program Amendments,6,2026-03-06,https://legiscan.com/UT/bill/HB0226/2026
UT,2071044,,Student Journalist Amendments,Student Journalist Amendments,6,2026-03-06,https://legiscan.com/UT/bill/HB0227/2026
UT,2071394,,Vehicle Sales Amendments,Vehicle Sales Amendments,4,2026-03-23,https://legiscan.com/UT/bill/HB0228/2026
UT,2071201,,Restricted Account Modifications,Restricted Account Modifications,6,2026-03-06,https://legiscan.com/UT/bill/HB0229/2026
UT,2071770,,Offender Amendments,Offender Amendments,4,2026-03-24,https://legiscan.com/UT/bill/HB0230/2026
UT,2071820,,Restaurant Tax Repeal Amendments,Restaurant Tax Repeal Amendments,6,2026-03-06,https://legiscan.com/UT/bill/HB0231/2026
UT,2071565,,Medicaid Abortion Payment Amendments,Medicaid Abortion Payment Amendments,6,2026-03-06,https://legiscan.com/UT/bill/HB0232/2026
UT,2071666,,Education Definition Amendments,Education Definition Amendments,6,2026-03-06,https://legiscan.com/UT/bill/HB0233/2026
UT,2071717,,Education Testing Amendments,Education Testing Amendments,6,2026-03-06,https://legiscan.com/UT/bill/HB0234/2026
UT,2071872,,Income Tax Revisions,Income Tax Revisions,6,2026-03-06,https://legiscan.com/UT/bill/HB0235/2026
UT,2071924,,Truth in Taxation Amendments,Truth in Taxation Amendments,4,2026-03-23,https://legiscan.com/UT/bill/HB0236/2026
UT,2073349,,Stalking Amendments,Stalking Amendments,6,2026-03-06,https://legiscan.com/UT/bill/HB0237/2026
UT,2073091,,Utah Energy Generation and Transmission Planning,Utah Energy Generation and Transmission Planning,3,2026-03-06,https://legiscan.com/UT/bill/HB0238/2026
UT,2073221,,Local Land Use Amendments,Local Land Use Amendments,6,2026-03-06,https://legiscan.com/UT/bill/HB0239/2026
UT,2072828,,Carbon Dioxide System Amendments,Carbon Dioxide System Amendments,4,2026-03-24,https://legiscan.com/UT/bill/HB0240/2026
UT,2072701,,Charter School Amendments,Charter School Amendments,6,2026-03-06,https://legiscan.com/UT/bill/HB0241/2026
UT,2072962,,Initiative and Referendum Signature Gathering and Removal Amendments,Initiative and Referendum Signature Gathering and Removal Amendments,4,2026-03-07,https://legiscan.com/UT/bill/HB0242/2026
UT,2073618,,Gambling Revisions,Gambling Revisions,6,2026-02-10,https://legiscan.com/UT/bill/HB0243/2026
UT,2073850,,Employment Amendments,Employment Amendments,6,2026-03-06,https://legiscan.com/UT/bill/HB0244/2026
UT,2073504,,Construction Wage Standard Act,Construction Wage Standard Act,6,2026-03-06,https://legiscan.com/UT/bill/HB0245/2026
UT,2073544,,Local Government Drug Testing Amendments,Local Government Drug Testing Amendments,4,2026-03-17,https://legiscan.com/UT/bill/HB0246/2026
UT,2073733,,Great Salt Lake Related Amendments,Great Salt Lake Related Amendments,3,2026-03-12,https://legiscan.com/UT/bill/HB0247/2026
UT,2073581,,Family Law Modifications,Family Law Modifications,4,2026-03-17,https://legiscan.com/UT/bill/HB0248/2026
UT,2078897,,Federal Funds Modifications,Federal Funds Modifications,4,2026-03-17,https://legiscan.com/UT/bill/HB0249/2026
UT,2079374,,Utah Retirement Plan Exchange,Utah Retirement Plan Exchange,4,2026-03-24,https://legiscan.com/UT/bill/HB0250/2026
UT,2079433,,Diligence Claims Water Amendments,Diligence Claims Water Amendments,3,2026-03-04,https://legiscan.com/UT/bill/HB0251/2026
UT,2079546,,Tariff Payment Tax Credit,Tariff Payment Tax Credit,6,2026-03-06,https://legiscan.com/UT/bill/HB0252/2026
UT,2078367,,Marijuana Use or Possession Penalty Amendments,Marijuana Use or Possession Penalty Amendments,6,2026-03-06,https://legiscan.com/UT/bill/HB0253/2026
UT,2078424,,Plea in Abeyance Amendments,Plea in Abeyance Amendments,6,2026-03-06,https://legiscan.com/UT/bill/HB0254/2026
UT,2078955,,Health Care Sharing Ministry Amendments,Health Care Sharing Ministry Amendments,6,2026-03-06,https://legiscan.com/UT/bill/HB0255/2026
UT,2079491,,School District Elections Amendments,School District Elections Amendments,6,2026-03-06,https://legiscan.com/UT/bill/HB0256/2026
UT,2078783,,Opiate Information Amendments,Opiate Information Amendments,6,2026-03-06,https://legiscan.com/UT/bill/HB0257/2026
UT,2078308,,Insurance Coverage Amendments,Insurance Coverage Amendments,4,2026-03-17,https://legiscan.com/UT/bill/HB0258/2026
UT,2078602,,Parental Access to Children's Medical Records Amendments,Parental Access to Children's Medical Records Amendments,3,2026-03-11,https://legiscan.com/UT/bill/HB0259/2026
UT,2079078,,Unauthorized Practice of Law Amendments,Unauthorized Practice of Law Amendments,4,2026-03-23,https://legiscan.com/UT/bill/HB0260/2026
UT,2079606,,Electronic Information Privacy Act Amendments,Electronic Information Privacy Act Amendments,4,2026-03-24,https://legiscan.com/UT/bill/HB0261/2026
UT,2078722,,Judicial Election Amendments,Judicial Election Amendments,6,2026-03-06,https://legiscan.com/UT/bill/HB0262/2026
UT,2079723,,Heavy Duty Vehicle Amendments,Heavy Duty Vehicle Amendments,6,2026-03-06,https://legiscan.com/UT/bill/HB0263/2026
UT,2081913,,Prescription Medication Amendments,Prescription Medication Amendments,4,2026-03-17,https://legiscan.com/UT/bill/HB0264/2026
UT,2081573,,Non-nicotine Inhalation Product Amendments,Non-nicotine Inhalation Product Amendments,4,2026-03-23,https://legiscan.com/UT/bill/HB0265/2026
UT,2081686,,Highway Designation Changes,Highway Designation Changes,6,2026-03-06,https://legiscan.com/UT/bill/HB0266/2026
UT,2082026,,Public Employee Compensation Amendments,Public Employee Compensation Amendments,6,2026-03-06,https://legiscan.com/UT/bill/HB0267/2026
UT,2082357,,Towing Notice and Ownership Rights Modifications,Towing Notice and Ownership Rights Modifications,4,2026-03-18,https://legiscan.com/UT/bill/HB0268/2026
UT,2082972,,Ambulance Provider Payment Amendments,Ambulance Provider Payment Amendments,3,2026-03-11,https://legiscan.com/UT/bill/HB0269/2026
UT,2083362,,Healthcare Worker Post-Employment Amendments,Healthcare Worker Post-Employment Amendments,4,2026-03-24,https://legiscan.com/UT/bill/HB0270/2026
UT,2083837,,Multi-Agency Joint Strike Force Modifications,Multi-Agency Joint Strike Force Modifications,4,2026-03-24,https://legiscan.com/UT/bill/HB0271/2026
UT,2084460,,Tourism Taxes Amendments,Tourism Taxes Amendments,4,2026-03-18,https://legiscan.com/UT/bill/HB0272/2026
UT,2084286,,Classroom Technology Amendments,Classroom Technology Amendments,4,2026-03-18,https://legiscan.com/UT/bill/HB0273/2026
UT,2084258,,Sentencing Amendments,Sentencing Amendments,4,2026-03-24,https://legiscan.com/UT/bill/HB0274/2026
UT,2084171,,Traffic Safety Amendments,Traffic Safety Amendments,6,2026-03-06,https://legiscan.com/UT/bill/HB0275/2026
UT,2084314,,Artificial Intelligence Modifications,Artificial Intelligence Modifications,4,2026-03-24,https://legiscan.com/UT/bill/HB0276/2026
UT,2085166,,Traditional Healing Amendments,Traditional Healing Amendments,6,2026-03-06,https://legiscan.com/UT/bill/HB0277/2026
UT,2085216,,School Board Election Amendments,School Board Election Amendments,6,2026-03-06,https://legiscan.com/UT/bill/HB0278/2026
UT,2085189,,Higher Education Code Amendments,Higher Education Code Amendments,4,2026-03-19,https://legiscan.com/UT/bill/HB0279/2026
UT,2085759,,Third Party Litigation Funding Amendments,Third Party Litigation Funding Amendments,4,2026-03-18,https://legiscan.com/UT/bill/HB0280/2026
UT,2085848,,Workers' Compensation Cannabis Amendments,Workers' Compensation Cannabis Amendments,6,2026-03-06,https://legiscan.com/UT/bill/HB0281/2026
UT,2085881,,Transportation Earmark Amendments,Transportation Earmark Amendments,6,2026-03-06,https://legiscan.com/UT/bill/HB0282/2026
UT,2086066,,Raw Milk Amendments,Raw Milk Amendments,6,2026-03-06,https://legiscan.com/UT/bill/HB0283/2026
UT,2086028,,Murder Offense Amendments,Murder Offense Amendments,4,2026-03-24,https://legiscan.com/UT/bill/HB0284/2026
UT,2085953,,Local Planning and Regulation Impacts on Wildlife Amendments,Local Planning and Regulation Impacts on Wildlife Amendments,6,2026-03-06,https://legiscan.com/UT/bill/HB0285/2026
UT,2085971,,Artificial Intelligence Transparency Amendments,Artificial Intelligence Transparency Amendments,6,2026-03-06,https://legiscan.com/UT/bill/HB0286/2026
UT,2085917,,Immigrant Driving Amendments,Immigrant Driving Amendments,6,2026-03-06,https://legiscan.com/UT/bill/HB0287/2026
UT,2086048,,Voting Registration Amendments,Voting Registration Amendments,6,2026-03-06,https://legiscan.com/UT/bill/HB0288/2026
UT,2086010,,Child Sexual Abuse Material Amendments,Child Sexual Abuse Material Amendments,4,2026-03-24,https://legiscan.com/UT/bill/HB0289/2026
UT,2087045,,Child Tax Credit Amendments,Child Tax Credit Amendments,4,2026-03-24,https://legiscan.com/UT/bill/HB0290/2026
UT,2087091,,Security and Land Restriction Amendments,Security and Land Restriction Amendments,4,2026-03-24,https://legiscan.com/UT/bill/HB0291/2026
UT,2087446,,Rule Against Perpetuities Amendments,Rule Against Perpetuities Amendments,6,2026-03-06,https://legiscan.com/UT/bill/HB0292/2026
UT,2087428,,Public Education Student Athlete Protections,Public Education Student Athlete Protections,4,2026-03-19,https://legiscan.com/UT/bill/HB0293/2026
UT,2087157,,Employer Verification Amendments,Employer Verification Amendments,6,2026-03-06,https://legiscan.com/UT/bill/HB0294/2026
UT,2087407,,Overdose Amendments,Overdose Amendments,6,2026-03-06,https://legiscan.com/UT/bill/HB0295/2026
UT,2087383,,Water Commitment Amendments,Water Commitment Amendments,3,2026-02-25,https://legiscan.com/UT/bill/HB0296/2026
UT,2087229,,Higher Education and Private Equity Amendments,Higher Education and Private Equity Amendments,6,2026-03-06,https://legiscan.com/UT/bill/HB0297/2026
UT,2087117,,School Design Amendments,School Design Amendments,6,2026-03-06,https://legiscan.com/UT/bill/HB0298/2026
UT,2087318,,School Response to Sexual Offense,School Response to Sexual Offense,4,2026-03-19,https://legiscan.com/UT/bill/HB0299/2026
UT,2087248,,School District Taxation Amendments,School District Taxation Amendments,4,2026-03-19,https://legiscan.com/UT/bill/HB0300/2026
UT,2087948,,Drug Recodification,Drug Recodification,4,2026-03-24,https://legiscan.com/UT/bill/HB0301/2026
UT,2087813,,Government Speech Neutrality Amendments,Government Speech Neutrality Amendments,6,2026-03-06,https://legiscan.com/UT/bill/HB0302/2026
UT,2088621,,Family Court Amendments,Family Court Amendments,4,2026-03-23,https://legiscan.com/UT/bill/HB0303/2026
UT,2088356,,Cash Payments Amendments,Cash Payments Amendments,6,2026-03-06,https://legiscan.com/UT/bill/HB0304/2026
UT,2088322,,Motor Vehicle Dealer Amendments,Motor Vehicle Dealer Amendments,6,2026-03-06,https://legiscan.com/UT/bill/HB0305/2026
UT,2088522,,Reinvestment Fee Amendments,Reinvestment Fee Amendments,4,2026-03-18,https://legiscan.com/UT/bill/HB0306/2026
UT,2088724,,Attorney Fees Amendments,Attorney Fees Amendments,4,2026-03-23,https://legiscan.com/UT/bill/HB0307/2026
UT,2088553,,Homeless Services Amendments,Homeless Services Amendments,4,2026-03-24,https://legiscan.com/UT/bill/HB0308/2026
UT,2088760,,Juneteenth Observance Amendments,Juneteenth Observance Amendments,4,2026-03-18,https://legiscan.com/UT/bill/HB0309/2026
UT,2088827,,School Reintegration Plan Amendments,School Reintegration Plan Amendments,6,2026-03-06,https://legiscan.com/UT/bill/HB0310/2026
UT,2088794,,Elections Study,Elections Study,4,2026-03-23,https://legiscan.com/UT/bill/HB0311/2026
UT,2088459,,School Curriculum and Standards Modifications,School Curriculum and Standards Modifications,3,2026-03-11,https://legiscan.com/UT/bill/HB0312/2026
UT,2088691,,Landscaper Certification Amendments,Landscaper Certification Amendments,4,2026-03-23,https://legiscan.com/UT/bill/HB0313/2026
UT,2088656,,Firearm Purchase Amendments,Firearm Purchase Amendments,4,2026-03-24,https://legiscan.com/UT/bill/HB0314/2026
UT,2088391,,Human Development Instruction,Human Development Instruction,6,2026-03-06,https://legiscan.com/UT/bill/HB0315/2026
UT,2089044,,Patient Nondisclosure Clauses,Patient Nondisclosure Clauses,6,2026-03-06,https://legiscan.com/UT/bill/HB0316/2026
UT,2089398,,Social Health in Public Education Curriculum,Social Health in Public Education Curriculum,6,2026-03-06,https://legiscan.com/UT/bill/HB0317/2026
UT,2089163,,Agency Fee Amendments,Agency Fee Amendments,4,2026-03-24,https://legiscan.com/UT/bill/HB0318/2026
UT,2089792,,Electronic Records Amendments,Electronic Records Amendments,4,2026-03-19,https://legiscan.com/UT/bill/HB0319/2026
UT,2090070,,Office of Artificial Intelligence Policy Amendments,Office of Artificial Intelligence Policy Amendments,4,2026-03-18,https://legiscan.com/UT/bill/HB0320/2026
UT,2089699,,Inmate Medical Treatment Rates Amendments,Inmate Medical Treatment Rates Amendments,4,2026-03-19,https://legiscan.com/UT/bill/HB0321/2026
UT,2090608,,Highway Recognition Amendments,Highway Recognition Amendments,6,2026-03-06,https://legiscan.com/UT/bill/HB0322/2026
UT,2090342,,Solar Panel Disposal Amendments,Solar Panel Disposal Amendments,3,2026-03-11,https://legiscan.com/UT/bill/HB0323/2026
UT,2090253,,Utah Marriage Commission Fee Amendments,Utah Marriage Commission Fee Amendments,4,2026-03-18,https://legiscan.com/UT/bill/HB0324/2026
UT,2090649,,Government Records Classification Amendments,Government Records Classification Amendments,4,2026-03-24,https://legiscan.com/UT/bill/HB0325/2026
UT,2090563,,Animal Depredation Amendments,Animal Depredation Amendments,6,2026-03-06,https://legiscan.com/UT/bill/HB0326/2026
UT,2090695,,License Plate Reader Amendments,License Plate Reader Amendments,6,2026-03-06,https://legiscan.com/UT/bill/HB0327/2026
UT,2090211,,Water Usage Modifications,Water Usage Modifications,6,2026-03-06,https://legiscan.com/UT/bill/HB0328/2026
UT,2090388,,State Employee Maternity and Leave Amendments,State Employee Maternity and Leave Amendments,4,2026-03-24,https://legiscan.com/UT/bill/HB0329/2026
UT,2090738,,Liability Limitations Amendments,Liability Limitations Amendments,4,2026-03-18,https://legiscan.com/UT/bill/HB0330/2026
UT,2090432,,Criminal Offenses Modifications,Criminal Offenses Modifications,4,2026-03-24,https://legiscan.com/UT/bill/HB0331/2026
UT,2090300,,School District Project Financing Amendments,School District Project Financing Amendments,6,2026-03-06,https://legiscan.com/UT/bill/HB0332/2026
UT,2091040,,Adoption Records Access Amendments,Adoption Records Access Amendments,4,2026-03-18,https://legiscan.com/UT/bill/HB0333/2026
UT,2091198,,Educator Organization Amendments,Educator Organization Amendments,6,2026-03-06,https://legiscan.com/UT/bill/HB0334/2026
UT,2090880,,County Employment Amendments,County Employment Amendments,6,2026-03-06,https://legiscan.com/UT/bill/HB0335/2026
UT,2091072,,Recovery Operations Amendments,Recovery Operations Amendments,4,2026-03-19,https://legiscan.com/UT/bill/HB0336/2026
UT,2091166,,Nicotine Product Tax Amendments,Nicotine Product Tax Amendments,3,2026-03-12,https://legiscan.com/UT/bill/HB0337/2026
UT,2090944,,First Responder Health Amendments,First Responder Health Amendments,6,2026-03-06,https://legiscan.com/UT/bill/HB0338/2026
UT,2090819,,Street Medicine Amendments,Street Medicine Amendments,4,2026-03-24,https://legiscan.com/UT/bill/HB0339/2026
UT,2091135,,Medicare Supplement Amendments,Medicare Supplement Amendments,6,2026-03-06,https://legiscan.com/UT/bill/HB0340/2026
UT,2091008,,Animal Fighting Penalties,Animal Fighting Penalties,6,2026-03-06,https://legiscan.com/UT/bill/HB0341/2026
UT,2091634,,Federal Grant Process Amendments,Federal Grant Process Amendments,4,2026-03-18,https://legiscan.com/UT/bill/HB0342/2026
UT,2091879,,Nursing Care Facility Program Amendments,Nursing Care Facility Program Amendments,4,2026-03-18,https://legiscan.com/UT/bill/HB0343/2026
UT,2091685,,Construction Consultant Amendments,Construction Consultant Amendments,6,2026-03-06,https://legiscan.com/UT/bill/HB0344/2026
UT,2091661,,Victim Amendments,Victim Amendments,6,2026-03-06,https://legiscan.com/UT/bill/HB0345/2026
UT,2091757,,Sexual Abuse of a Child Amendments,Sexual Abuse of a Child Amendments,6,2026-03-06,https://legiscan.com/UT/bill/HB0346/2026
UT,2091537,,Artificial Turf Placement Modifications,Artificial Turf Placement Modifications,6,2026-03-06,https://legiscan.com/UT/bill/HB0347/2026
UT,2091514,,Dedicated Water Amendments,Dedicated Water Amendments,4,2026-03-23,https://legiscan.com/UT/bill/HB0348/2026
UT,2091731,,Statewide Water Storage,Statewide Water Storage,6,2026-03-06,https://legiscan.com/UT/bill/HB0349/2026
UT,2091830,,Foods Available at Schools Amendments,Foods Available at Schools Amendments,6,2026-03-06,https://legiscan.com/UT/bill/HB0350/2026
UT,2091560,,School Vision Screening Amendments,School Vision Screening Amendments,4,2026-03-19,https://legiscan.com/UT/bill/HB0351/2026
UT,2091610,,Higher Education Alignment,Higher Education Alignment,4,2026-03-19,https://legiscan.com/UT/bill/HB0352/2026
UT,2091781,,Higher Education Credit Transfer Amendments,Higher Education Credit Transfer Amendments,4,2026-03-19,https://legiscan.com/UT/bill/HB0353/2026
UT,2092017,,Rescue Tracking Equipment Offense Amendments,Rescue Tracking Equipment Offense Amendments,4,2026-03-24,https://legiscan.com/UT/bill/HB0354/2026
UT,2092187,,Nuisance Modifications,Nuisance Modifications,6,2026-03-06,https://legiscan.com/UT/bill/HB0355/2026
UT,2091909,,Drug Distribution Amendments,Drug Distribution Amendments,4,2026-02-27,https://legiscan.com/UT/bill/HB0356/2026
UT,2092130,,Amendments to Motor Vehicle Data Privacy,Amendments to Motor Vehicle Data Privacy,4,2026-03-19,https://legiscan.com/UT/bill/HB0357/2026
UT,2092244,,School Scheduling Amendments,School Scheduling Amendments,4,2026-03-19,https://legiscan.com/UT/bill/HB0358/2026
UT,2091963,,Health Care Preceptor Amendments,Health Care Preceptor Amendments,6,2026-03-06,https://legiscan.com/UT/bill/HB0359/2026
UT,2092358,,School Athlete Amendments,School Athlete Amendments,6,2026-03-06,https://legiscan.com/UT/bill/HB0360/2026
UT,2092549,,Elections Provisions Amendments,Elections Provisions Amendments,4,2026-03-24,https://legiscan.com/UT/bill/HB0361/2026
UT,2093412,,Tax Payments with Gold,Tax Payments with Gold,6,2026-03-06,https://legiscan.com/UT/bill/HB0362/2026
UT,2093404,,Water Easement Amendments,Water Easement Amendments,6,2026-03-06,https://legiscan.com/UT/bill/HB0363/2026
UT,2093423,,Certified Teacher Librarian Amendments,Certified Teacher Librarian Amendments,6,2026-03-06,https://legiscan.com/UT/bill/HB0364/2026
UT,2093418,,Taxation Notification Requirements,Taxation Notification Requirements,6,2026-03-06,https://legiscan.com/UT/bill/HB0365/2026
UT,2093381,,Judicial Modifications,Judicial Modifications,4,2026-03-13,https://legiscan.com/UT/bill/HB0366/2026
UT,2093445,,Solar Power Utility Amendments,Solar Power Utility Amendments,6,2026-03-06,https://legiscan.com/UT/bill/HB0367/2026
UT,2093436,,Cold Plunge Amendments,Cold Plunge Amendments,6,2026-03-06,https://legiscan.com/UT/bill/HB0368/2026
UT,2093442,,Agriculture and Food Amendments,Agriculture and Food Amendments,3,2026-03-05,https://legiscan.com/UT/bill/HB0369/2026
UT,2093431,,Sex Offender Oversight Amendments,Sex Offender Oversight Amendments,4,2026-03-24,https://legiscan.com/UT/bill/HB0370/2026
UT,2093386,,Grazing Permits Amendments,Grazing Permits Amendments,6,2026-03-06,https://legiscan.com/UT/bill/HB0371/2026
UT,2093399,,Child Welfare Changes,Child Welfare Changes,4,2026-03-18,https://legiscan.com/UT/bill/HB0372/2026
UT,2093468,,Higher Education Innovation,Higher Education Innovation,4,2026-03-18,https://legiscan.com/UT/bill/HB0373/2026
UT,2093450,,"Speech, Language, and Hearing Occupations Licensing Amendments","Speech, Language, and Hearing Occupations Licensing Amendments",4,2026-03-18,https://legiscan.com/UT/bill/HB0374/2026
UT,2093515,,Outdoor Recreation Modifications,Outdoor Recreation Modifications,6,2026-03-06,https://legiscan.com/UT/bill/HB0375/2026
UT,2093572,,Land Management Funding Amendments,Land Management Funding Amendments,3,2026-03-11,https://legiscan.com/UT/bill/HB0376/2026
UT,2093495,,Real Estate Amendments,Real Estate Amendments,4,2026-03-18,https://legiscan.com/UT/bill/HB0377/2026
UT,2093590,,Fugitive Dust Mitigation Amendments,Fugitive Dust Mitigation Amendments,3,2026-03-05,https://legiscan.com/UT/bill/HB0378/2026
UT,2093486,,Child Care Provider Food Preparation Amendments,Child Care Provider Food Preparation Amendments,4,2026-03-19,https://legiscan.com/UT/bill/HB0379/2026
UT,2093562,,Hospital Workplace Violence Reporting Requirements,Hospital Workplace Violence Reporting Requirements,4,2026-03-18,https://legiscan.com/UT/bill/HB0380/2026
UT,2093523,,Electric Mobility Device Amendments,Electric Mobility Device Amendments,4,2026-03-24,https://legiscan.com/UT/bill/HB0381/2026
UT,2093542,,Uniform Assignment for Benefit of Creditors Amendments,Uniform Assignment for Benefit of Creditors Amendments,4,2026-03-23,https://legiscan.com/UT/bill/HB0382/2026
UT,2093841,,Department of Health and Human Services Amendments,Department of Health and Human Services Amendments,4,2026-03-18,https://legiscan.com/UT/bill/HB0383/2026
UT,2093679,,Executive Branch Agency Amendments,Executive Branch Agency Amendments,4,2026-03-24,https://legiscan.com/UT/bill/HB0384/2026
UT,2093656,,Specialized Product Sales Amendments,Specialized Product Sales Amendments,3,2026-03-12,https://legiscan.com/UT/bill/HB0385/2026
UT,2093727,,Immigration Amendments,Immigration Amendments,6,2026-03-06,https://legiscan.com/UT/bill/HB0386/2026
UT,2093795,,Kratom Modifications,Kratom Modifications,6,2026-03-06,https://legiscan.com/UT/bill/HB0387/2026
UT,2093612,,Public Health Hazard Amendments,Public Health Hazard Amendments,6,2026-03-06,https://legiscan.com/UT/bill/HB0388/2026
UT,2093748,,Cannabis Amendments,Cannabis Amendments,3,2026-03-11,https://legiscan.com/UT/bill/HB0389/2026
UT,2093818,,Veterans PTSD Clinical Research Amendments,Veterans PTSD Clinical Research Amendments,4,2026-03-19,https://legiscan.com/UT/bill/HB0390/2026
UT,2094308,,Vacancy Replacement Amendments,Vacancy Replacement Amendments,6,2026-03-06,https://legiscan.com/UT/bill/HB0391/2026
UT,2094394,,District Court Amendments,District Court Amendments,4,2026-02-13,https://legiscan.com/UT/bill/HB0392/2026
UT,2094219,,Early Intervention for Dyslexia Amendments,Early Intervention for Dyslexia Amendments,4,2026-03-19,https://legiscan.com/UT/bill/HB0393/2026
UT,2094581,,Veterinary Amendments,Veterinary Amendments,4,2026-03-18,https://legiscan.com/UT/bill/HB0394/2026
UT,2094550,,Real Estate Transaction Amendments,Real Estate Transaction Amendments,6,2026-03-06,https://legiscan.com/UT/bill/HB0395/2026
UT,2094612,,Public Project Subcontractor Amendments,Public Project Subcontractor Amendments,4,2026-03-19,https://legiscan.com/UT/bill/HB0396/2026
UT,2094485,,Courtroom Audiovisual Modifications,Courtroom Audiovisual Modifications,6,2026-03-06,https://legiscan.com/UT/bill/HB0397/2026
UT,2094670,,Towing Dispatch Amendments,Towing Dispatch Amendments,6,2026-03-06,https://legiscan.com/UT/bill/HB0398/2026
UT,2094642,,Prohibition Against Student Character Tracking and Grading Systems,Prohibition Against Student Character Tracking and Grading Systems,6,2026-03-06,https://legiscan.com/UT/bill/HB0399/2026
UT,2094900,,Landscaping Water Amendments,Landscaping Water Amendments,6,2026-03-06,https://legiscan.com/UT/bill/HB0400/2026
UT,2094782,,Geothermal Study Amendments,Geothermal Study Amendments,3,2026-03-11,https://legiscan.com/UT/bill/HB0401/2026
UT,2094948,,EMS Controlled Substance Licensing Amendments,EMS Controlled Substance Licensing Amendments,4,2026-03-18,https://legiscan.com/UT/bill/HB0402/2026
UT,2094971,,Transportation Corrections,Transportation Corrections,6,2026-03-06,https://legiscan.com/UT/bill/HB0403/2026
UT,2095014,,Sex-Designated Housing Amendments,Sex-Designated Housing Amendments,4,2026-03-23,https://legiscan.com/UT/bill/HB0404/2026
UT,2094879,,State Purchasing Reserve Funding,State Purchasing Reserve Funding,6,2026-03-06,https://legiscan.com/UT/bill/HB0405/2026
UT,2094854,,Homeowners' Association Modifications,Homeowners' Association Modifications,6,2026-03-06,https://legiscan.com/UT/bill/HB0406/2026
UT,2095693,,Public Education Information System,Public Education Information System,6,2026-03-06,https://legiscan.com/UT/bill/HB0407/2026
UT,2095584,,Data Sharing Amendments,Data Sharing Amendments,4,2026-03-23,https://legiscan.com/UT/bill/HB0408/2026
UT,2095605,,Legislator Leave Amendments,Legislator Leave Amendments,6,2026-03-06,https://legiscan.com/UT/bill/HB0409/2026
UT,2095519,,Water Leasing Amendments,Water Leasing Amendments,4,2026-03-23,https://legiscan.com/UT/bill/HB0410/2026
UT,2097049,,Human Trafficking Hotline Amendments,Human Trafficking Hotline Amendments,6,2026-03-06,https://legiscan.com/UT/bill/HB0411/2026
UT,2097316,,Energy Development Planning Amendments,Energy Development Planning Amendments,3,2026-03-12,https://legiscan.com/UT/bill/HB0412/2026
UT,2096252,,Surplus Interconnection Service Amendments,Surplus Interconnection Service Amendments,6,2026-03-06,https://legiscan.com/UT/bill/HB0413/2026
UT,2097847,,Dental Hygienist Amendments,Dental Hygienist Amendments,4,2026-03-18,https://legiscan.com/UT/bill/HB0414/2026
UT,2097581,,Building Code Amendments,Building Code Amendments,6,2026-03-06,https://legiscan.com/UT/bill/HB0415/2026
UT,2096784,,First Responder Health Modifications,First Responder Health Modifications,3,2026-03-12,https://legiscan.com/UT/bill/HB0416/2026
UT,2096518,,Patient Interfacility Transportation Requirements,Patient Interfacility Transportation Requirements,4,2026-03-18,https://legiscan.com/UT/bill/HB0417/2026
UT,2098110,,School Class Size Requirements,School Class Size Requirements,6,2026-03-06,https://legiscan.com/UT/bill/HB0418/2026
UT,2098905,,Environmental Legal Action Amendments,Environmental Legal Action Amendments,3,2026-03-06,https://legiscan.com/UT/bill/HB0419/2026
UT,2095721,,Municipal Office Vacancy Modifications,Municipal Office Vacancy Modifications,4,2026-03-23,https://legiscan.com/UT/bill/HB0420/2026
UT,2101103,,Hit and Run Amendments,Hit and Run Amendments,6,2026-03-06,https://legiscan.com/UT/bill/HB0421/2026
UT,2101527,,Public Infrastructure Districts Amendments,Public Infrastructure Districts Amendments,6,2026-03-06,https://legiscan.com/UT/bill/HB0422/2026
UT,2101207,,Hit and Run and DUI Offense Amendments,Hit and Run and DUI Offense Amendments,4,2026-03-24,https://legiscan.com/UT/bill/HB0423/2026
UT,2101701,,Judicial Nomination Amendments,Judicial Nomination Amendments,6,2026-03-06,https://legiscan.com/UT/bill/HB0424/2026
UT,2101768,,Local Government Fees Amendments,Local Government Fees Amendments,4,2026-03-24,https://legiscan.com/UT/bill/HB0425/2026
UT,2101638,,Online Education Service Provider Amendments,Online Education Service Provider Amendments,4,2026-03-19,https://legiscan.com/UT/bill/HB0426/2026
UT,2102603,,Tax Increment Financing Modifications,Tax Increment Financing Modifications,6,2026-03-06,https://legiscan.com/UT/bill/HB0427/2026
UT,2102547,,Solar Energy Amendments,Solar Energy Amendments,6,2026-03-06,https://legiscan.com/UT/bill/HB0428/2026
UT,2102590,,Special Districts Amendments,Special Districts Amendments,4,2026-03-23,https://legiscan.com/UT/bill/HB0429/2026
UT,2102654,,Adult Probation and Parole Reimbursement Amendments,Adult Probation and Parole Reimbursement Amendments,6,2026-03-06,https://legiscan.com/UT/bill/HB0430/2026
UT,2102533,,Wildlife Crossing Amendments,Wildlife Crossing Amendments,4,2026-03-18,https://legiscan.com/UT/bill/HB0431/2026
UT,2102730,,Egg Amendments,Egg Amendments,6,2026-03-06,https://legiscan.com/UT/bill/HB0432/2026
UT,2102638,,Professional Licensing Amendments,Professional Licensing Amendments,6,2026-03-06,https://legiscan.com/UT/bill/HB0433/2026
UT,2102715,,Child Welfare Fatality Review Report Amendments,Child Welfare Fatality Review Report Amendments,6,2026-03-06,https://legiscan.com/UT/bill/HB0434/2026
UT,2102560,,State Policy on Judea and Samaria,State Policy on Judea and Samaria,6,2026-03-06,https://legiscan.com/UT/bill/HB0435/2026
UT,2102575,,Moderate Income Housing Infrastructure Amendments,Moderate Income Housing Infrastructure Amendments,4,2026-03-23,https://legiscan.com/UT/bill/HB0436/2026
UT,2102751,,Environmental Permitting Amendments,Environmental Permitting Amendments,3,2026-03-11,https://legiscan.com/UT/bill/HB0437/2026
UT,2102857,,Artificial Intelligence Amendments,Artificial Intelligence Amendments,6,2026-03-06,https://legiscan.com/UT/bill/HB0438/2026
UT,2102939,,Water Planning Amendments,Water Planning Amendments,6,2026-03-06,https://legiscan.com/UT/bill/HB0439/2026
UT,2102805,,School Lunch Amendments,School Lunch Amendments,6,2026-03-06,https://legiscan.com/UT/bill/HB0440/2026
UT,2102777,,Property Transaction Amendments,Property Transaction Amendments,6,2026-03-06,https://legiscan.com/UT/bill/HB0441/2026
UT,2102912,,Feminine Hygiene Products Amendments,Feminine Hygiene Products Amendments,6,2026-03-06,https://legiscan.com/UT/bill/HB0442/2026
UT,2102830,,Amendments to Procedure to Fill A Legislative Vacancy,Amendments to Procedure to Fill A Legislative Vacancy,6,2026-03-06,https://legiscan.com/UT/bill/HB0443/2026
UT,2103066,,State Land Access Road Amendments,State Land Access Road Amendments,4,2026-03-19,https://legiscan.com/UT/bill/HB0444/2026
UT,2103074,,County Government Land Purchasing,County Government Land Purchasing,4,2026-03-19,https://legiscan.com/UT/bill/HB0445/2026
UT,2103049,,Conflict of Interest Disclosure Amendments,Conflict of Interest Disclosure Amendments,6,2026-03-06,https://legiscan.com/UT/bill/HB0446/2026
UT,2103081,,Tobacco Amendments,Tobacco Amendments,4,2026-03-23,https://legiscan.com/UT/bill/HB0447/2026
UT,2103032,,Utah Schools for the Deaf and Blind Amendments,Utah Schools for the Deaf and Blind Amendments,3,2026-03-04,https://legiscan.com/UT/bill/HB0448/2026
UT,2103380,,Utah Taxpayer Oversight of Government Spending Amendments,Utah Taxpayer Oversight of Government Spending Amendments,6,2026-03-06,https://legiscan.com/UT/bill/HB0449/2026
UT,2103337,,Data Privacy Amendments,Data Privacy Amendments,4,2026-03-19,https://legiscan.com/UT/bill/HB0450/2026
UT,2103668,,Agricultural Amendments,Agricultural Amendments,6,2026-03-06,https://legiscan.com/UT/bill/HB0451/2026
UT,2103525,,Firearm Storage for Concealed Permit Holders on Publicly Supported Entities,Firearm Storage for Concealed Permit Holders on Publicly Supported Entities,6,2026-03-06,https://legiscan.com/UT/bill/HB0452/2026
UT,2103680,,Unspent Funding Amendments,Unspent Funding Amendments,6,2026-03-06,https://legiscan.com/UT/bill/HB0453/2026
UT,2103692,,Public Assistance Fraud Amendments,Public Assistance Fraud Amendments,4,2026-03-24,https://legiscan.com/UT/bill/HB0454/2026
UT,2103734,,Peace Officer and Dispatcher Standards Amendments,Peace Officer and Dispatcher Standards Amendments,6,2026-03-06,https://legiscan.com/UT/bill/HB0455/2026
UT,2103626,,Pesticide Amendments,Pesticide Amendments,6,2026-03-06,https://legiscan.com/UT/bill/HB0456/2026
UT,2103746,,County Governance Modifications,County Governance Modifications,3,2026-03-12,https://legiscan.com/UT/bill/HB0457/2026
UT,2103496,,Preterm Birth Amendments,Preterm Birth Amendments,6,2026-03-06,https://legiscan.com/UT/bill/HB0458/2026
UT,2103581,,Sexual Offense Evidence and Reporting Procedures Amendments,Sexual Offense Evidence and Reporting Procedures Amendments,6,2026-03-06,https://legiscan.com/UT/bill/HB0459/2026
UT,2103652,,Candidate Nomination Procedures Amendments,Candidate Nomination Procedures Amendments,6,2026-03-06,https://legiscan.com/UT/bill/HB0460/2026
UT,2103640,,Tax Increment Financing Revisions,Tax Increment Financing Revisions,6,2026-03-06,https://legiscan.com/UT/bill/HB0461/2026
UT,2103511,,School Bus Internet Access,School Bus Internet Access,3,2026-03-06,https://legiscan.com/UT/bill/HB0462/2026
UT,2103536,,Special Education Funding Modifications,Special Education Funding Modifications,6,2026-03-06,https://legiscan.com/UT/bill/HB0463/2026
UT,2104783,,Parent Taught Driver Education Amendments,Parent Taught Driver Education Amendments,6,2026-03-06,https://legiscan.com/UT/bill/HB0464/2026
UT,2104658,,Juvenile Court Amendments,Juvenile Court Amendments,6,2026-03-06,https://legiscan.com/UT/bill/HB0465/2026
UT,2105024,,Utah Rural Jobs Act Modifications,Utah Rural Jobs Act Modifications,6,2026-03-06,https://legiscan.com/UT/bill/HB0466/2026
UT,2104904,,Utah Fits All Scholarship Program Modifications,Utah Fits All Scholarship Program Modifications,4,2026-03-19,https://legiscan.com/UT/bill/HB0467/2026
UT,2104847,,Mobile Mammography Amendments,Mobile Mammography Amendments,4,2026-03-18,https://legiscan.com/UT/bill/HB0468/2026
UT,2104968,,Cannabinoid Amendments,Cannabinoid Amendments,6,2026-03-06,https://legiscan.com/UT/bill/HB0469/2026
UT,2106408,,Building Inspection Amendments,Building Inspection Amendments,6,2026-03-06,https://legiscan.com/UT/bill/HB0470/2026
UT,2106383,,Social Services Amendments,Social Services Amendments,4,2026-03-24,https://legiscan.com/UT/bill/HB0471/2026
UT,2106529,,Division of Licensing and Background Checks Amendments,Division of Licensing and Background Checks Amendments,4,2026-03-18,https://legiscan.com/UT/bill/HB0472/2026
UT,2106504,,Colorado River Authority Amendments,Colorado River Authority Amendments,3,2026-03-11,https://legiscan.com/UT/bill/HB0473/2026
UT,2106362,,Uniform Commercial Code Modifications,Uniform Commercial Code Modifications,4,2026-03-23,https://legiscan.com/UT/bill/HB0474/2026
UT,2107214,,Development Planning and Coordination Amendments,Development Planning and Coordination Amendments,4,2026-03-24,https://legiscan.com/UT/bill/HB0475/2026
UT,2107282,,Insanity Defense Amendments,Insanity Defense Amendments,6,2026-03-06,https://legiscan.com/UT/bill/HB0476/2026
UT,2107184,,Land Use Regulation Revisions,Land Use Regulation Revisions,6,2026-03-06,https://legiscan.com/UT/bill/HB0477/2026
UT,2107198,,Residential Rental Modifications,Residential Rental Modifications,6,2026-03-06,https://legiscan.com/UT/bill/HB0478/2026
UT,2107313,,Election Code Modifications,Election Code Modifications,6,2026-03-06,https://legiscan.com/UT/bill/HB0479/2026
UT,2107171,,Medical Record Amendments,Medical Record Amendments,6,2026-03-06,https://legiscan.com/UT/bill/HB0480/2026
UT,2107354,,Transportation Modifications,Transportation Modifications,4,2026-03-24,https://legiscan.com/UT/bill/HB0481/2026
UT,2107145,,Social Health Amendments,Social Health Amendments,6,2026-03-06,https://legiscan.com/UT/bill/HB0482/2026
UT,2107242,,Flower Sales Modifications,Flower Sales Modifications,6,2026-03-06,https://legiscan.com/UT/bill/HB0483/2026
UT,2107269,,Property Tax Changes,Property Tax Changes,6,2026-03-06,https://legiscan.com/UT/bill/HB0484/2026
UT,2107368,,Property Tax Revenue Increase Amendments,Property Tax Revenue Increase Amendments,6,2026-03-06,https://legiscan.com/UT/bill/HB0485/2026
UT,2107725,,Fraudulent Deeds Amendments,Fraudulent Deeds Amendments,6,2026-03-06,https://legiscan.com/UT/bill/HB0486/2026
UT,2107513,,Legislative Branch Amendments,Legislative Branch Amendments,6,2026-03-06,https://legiscan.com/UT/bill/HB0487/2026
UT,2107429,,Standards and Curriculum Amendments,Standards and Curriculum Amendments,6,2026-03-06,https://legiscan.com/UT/bill/HB0488/2026
UT,2107767,,Water Infrastructure Amendments,Water Infrastructure Amendments,6,2026-03-06,https://legiscan.com/UT/bill/HB0489/2026
UT,2107598,,Water Optimization Reporting Amendments,Water Optimization Reporting Amendments,6,2026-03-06,https://legiscan.com/UT/bill/HB0490/2026
UT,2107472,,State Highway Designation Amendments,State Highway Designation Amendments,4,2026-03-19,https://legiscan.com/UT/bill/HB0491/2026
UT,2107556,,"Transportation, Infrastructure, and Housing Amendments","Transportation, Infrastructure, and Housing Amendments",3,2026-03-12,https://legiscan.com/UT/bill/HB0492/2026
UT,2107682,,Consumer Products Amendments,Consumer Products Amendments,4,2026-03-19,https://legiscan.com/UT/bill/HB0493/2026
UT,2107640,,Transfer of Water Interests,Transfer of Water Interests,6,2026-03-06,https://legiscan.com/UT/bill/HB0494/2026
UT,2107850,,Capital Felony Case Amendments,Capital Felony Case Amendments,4,2026-03-24,https://legiscan.com/UT/bill/HB0495/2026
UT,2108479,,Forestry and Fire Amendments,Forestry and Fire Amendments,3,2026-03-11,https://legiscan.com/UT/bill/HB0496/2026
UT,2108600,,Public Education Funding Amendments,Public Education Funding Amendments,6,2026-03-06,https://legiscan.com/UT/bill/HB0497/2026
UT,2108521,,Utah App Store Accountability Act Amendments,Utah App Store Accountability Act Amendments,4,2026-03-18,https://legiscan.com/UT/bill/HB0498/2026
UT,2108803,,Watercraft Modifications,Watercraft Modifications,6,2026-03-06,https://legiscan.com/UT/bill/HB0499/2026
UT,2109013,,Criminal Trespass Amendments,Criminal Trespass Amendments,6,2026-03-06,https://legiscan.com/UT/bill/HB0500/2026
UT,2109541,,Water Modifications,Water Modifications,6,2026-03-06,https://legiscan.com/UT/bill/HB0501/2026
UT,2109078,,School Attendance Modifications,School Attendance Modifications,4,2026-03-19,https://legiscan.com/UT/bill/HB0502/2026
UT,2109345,,Real Estate Modifications,Real Estate Modifications,6,2026-03-06,https://legiscan.com/UT/bill/HB0503/2026
UT,2108948,,Political Advertising Modifications,Political Advertising Modifications,6,2026-03-06,https://legiscan.com/UT/bill/HB0504/2026
UT,2109605,,Vehicle Tax and Fee Amendments,Vehicle Tax and Fee Amendments,6,2026-03-06,https://legiscan.com/UT/bill/HB0505/2026
UT,2109145,,Assisted Living Amendments,Assisted Living Amendments,6,2026-03-06,https://legiscan.com/UT/bill/HB0506/2026
UT,2110384,,State Coordination of Regional and Local Economic Development Projects Amendments,State Coordination of Regional and Local Economic Development Projects Amendments,3,2026-03-12,https://legiscan.com/UT/bill/HB0507/2026
UT,2110505,,State Facilities Modifications,State Facilities Modifications,3,2026-03-12,https://legiscan.com/UT/bill/HB0508/2026
UT,2110907,,Wetlands Study Amendments,Wetlands Study Amendments,3,2026-03-11,https://legiscan.com/UT/bill/HB0509/2026
UT,2111484,,Municipal Incorporation Modifications,Municipal Incorporation Modifications,6,2026-03-06,https://legiscan.com/UT/bill/HB0510/2026
UT,2111339,,Procurement Amendments,Procurement Amendments,6,2026-03-06,https://legiscan.com/UT/bill/HB0511/2026
UT,2111704,,Land Surveyors Licensing Amendments,Land Surveyors Licensing Amendments,4,2026-03-18,https://legiscan.com/UT/bill/HB0512/2026
UT,2111637,,Attorney General Funding Amendments,Attorney General Funding Amendments,4,2026-03-19,https://legiscan.com/UT/bill/HB0513/2026
UT,2111752,,Utah Energy Council Amendments,Utah Energy Council Amendments,3,2026-03-12,https://legiscan.com/UT/bill/HB0514/2026
UT,2111669,,Graduate Student Supplemental Loans,Graduate Student Supplemental Loans,6,2026-03-06,https://legiscan.com/UT/bill/HB0515/2026
UT,2111720,,Landlord Communication Amendments,Landlord Communication Amendments,6,2026-03-06,https://legiscan.com/UT/bill/HB0516/2026
UT,2111606,,Sensitive Materials,Sensitive Materials,6,2026-03-06,https://legiscan.com/UT/bill/HB0517/2026
UT,2111591,,School Curriculum Amendments,School Curriculum Amendments,6,2026-03-06,https://legiscan.com/UT/bill/HB0518/2026
UT,2111768,,Unclaimed Property Modifications,Unclaimed Property Modifications,4,2026-03-18,https://legiscan.com/UT/bill/HB0519/2026
UT,2111991,,Higher Education Student Housing Study,Higher Education Student Housing Study,3,2026-03-05,https://legiscan.com/UT/bill/HB0520/2026
UT,2111817,,Public Education Economic Stabilization Restricted Account Amendments,Public Education Economic Stabilization Restricted Account Amendments,6,2026-03-06,https://legiscan.com/UT/bill/HB0521/2026
UT,2111846,,Parentage and Child Support Amendments,Parentage and Child Support Amendments,6,2026-03-06,https://legiscan.com/UT/bill/HB0522/2026
UT,2111908,,Homeless Services Land Use Amendments,Homeless Services Land Use Amendments,6,2026-03-06,https://legiscan.com/UT/bill/HB0523/2026
UT,2111830,,Public Education Financial Officers,Public Education Financial Officers,6,2026-03-06,https://legiscan.com/UT/bill/HB0524/2026
UT,2111975,,Child Care Pilot Program Amendments,Child Care Pilot Program Amendments,6,2026-03-06,https://legiscan.com/UT/bill/HB0525/2026
UT,2112006,,Student Welfare Check Amendments,Student Welfare Check Amendments,6,2026-03-06,https://legiscan.com/UT/bill/HB0526/2026
UT,2111958,,Pharmacy Pricing Amendments,Pharmacy Pricing Amendments,4,2026-03-19,https://legiscan.com/UT/bill/HB0527/2026
UT,2113112,,Local School Board Reporting,Local School Board Reporting,6,2026-03-06,https://legiscan.com/UT/bill/HB0528/2026
UT,2113295,,Secretary of State Amendments,Secretary of State Amendments,6,2026-03-06,https://legiscan.com/UT/bill/HB0529/2026
UT,2113181,,State Permitting Council,State Permitting Council,4,2026-03-18,https://legiscan.com/UT/bill/HB0530/2026
UT,2113115,,Scarification Amendments,Scarification Amendments,4,2026-03-19,https://legiscan.com/UT/bill/HB0531/2026
UT,2113156,,Student Health and Wellbeing Amendments,Student Health and Wellbeing Amendments,6,2026-03-06,https://legiscan.com/UT/bill/HB0532/2026
UT,2113132,,Groundwater Amendments,Groundwater Amendments,6,2026-03-06,https://legiscan.com/UT/bill/HB0533/2026
UT,2113204,,Firearm Immunity Amendments,Firearm Immunity Amendments,6,2026-03-06,https://legiscan.com/UT/bill/HB0534/2026
UT,2113274,,Disposition of Public Property Modifications,Disposition of Public Property Modifications,4,2026-03-19,https://legiscan.com/UT/bill/HB0535/2026
UT,2113251,,Criminal Conduct on Public Lands Amendments,Criminal Conduct on Public Lands Amendments,3,2026-03-12,https://legiscan.com/UT/bill/HB0536/2026
UT,2113516,,Olympic Ticket Sales Tax Exemption,Olympic Ticket Sales Tax Exemption,4,2026-03-23,https://legiscan.com/UT/bill/HB0537/2026
UT,2113354,,Legislative Session Amendments,Legislative Session Amendments,6,2026-03-06,https://legiscan.com/UT/bill/HB0538/2026
UT,2113548,,Public Safety Modifications,Public Safety Modifications,3,2026-03-12,https://legiscan.com/UT/bill/HB0539/2026
UT,2114103,,Judicial Transparency and Information Access Amendments,Judicial Transparency and Information Access Amendments,3,2026-03-11,https://legiscan.com/UT/bill/HB0540/2026
UT,2114016,,First-Time Homebuyer Assistance Program Amendments,First-Time Homebuyer Assistance Program Amendments,6,2026-03-06,https://legiscan.com/UT/bill/HB0541/2026
UT,2114074,,Multi-factor Authentication Amendments,Multi-factor Authentication Amendments,6,2026-03-06,https://legiscan.com/UT/bill/HB0542/2026
UT,2114145,,Uniform Commercial Code Amendments,Uniform Commercial Code Amendments,6,2026-03-06,https://legiscan.com/UT/bill/HB0543/2026
UT,2114044,,County Land Use Authority Amendments,County Land Use Authority Amendments,6,2026-03-06,https://legiscan.com/UT/bill/HB0544/2026
UT,2114032,,Budgetary Modifications,Budgetary Modifications,3,2026-03-11,https://legiscan.com/UT/bill/HB0545/2026
UT,2114001,,Public Lands Duty of Care Amendments,Public Lands Duty of Care Amendments,3,2026-03-11,https://legiscan.com/UT/bill/HB0546/2026
UT,2114117,,Transnational Repression Amendments,Transnational Repression Amendments,4,2026-03-19,https://legiscan.com/UT/bill/HB0547/2026
UT,2114131,,Primary Election Amendments,Primary Election Amendments,6,2026-03-06,https://legiscan.com/UT/bill/HB0548/2026
UT,2114058,,Energy Efficiency Rebate Amendments,Energy Efficiency Rebate Amendments,3,2026-03-12,https://legiscan.com/UT/bill/HB0549/2026
UT,2114148,,Commuter Rail Amendments,Commuter Rail Amendments,6,2026-03-06,https://legiscan.com/UT/bill/HB0550/2026
UT,2114966,,Government Records Access Amendments,Government Records Access Amendments,6,2026-03-06,https://legiscan.com/UT/bill/HB0551/2026
UT,2114993,,Behavioral Health Amendments,Behavioral Health Amendments,6,2026-03-06,https://legiscan.com/UT/bill/HB0552/2026
UT,2115019,,Dog Attack Amendments,Dog Attack Amendments,6,2026-03-06,https://legiscan.com/UT/bill/HB0553/2026
UT,2115048,,State Debt Collection Amendments,State Debt Collection Amendments,6,2026-03-06,https://legiscan.com/UT/bill/HB0554/2026
UT,2115514,,Changes to Family Law Actions,Changes to Family Law Actions,6,2026-03-06,https://legiscan.com/UT/bill/HB0555/2026
UT,2115718,,Special District Board Appointment Amendments,Special District Board Appointment Amendments,6,2026-03-06,https://legiscan.com/UT/bill/HB0556/2026
UT,2115720,,Revisor's Technical Corrections to Utah Code,Revisor's Technical Corrections to Utah Code,4,2026-03-23,https://legiscan.com/UT/bill/HB0557/2026
UT,2116730,,Elections Amendments,Elections Amendments,6,2026-03-06,https://legiscan.com/UT/bill/HB0558/2026
UT,2116824,,Pregnancy and Infant Loss Amendments,Pregnancy and Infant Loss Amendments,4,2026-03-18,https://legiscan.com/UT/bill/HB0559/2026
UT,2116846,,Ambulance Amendments,Ambulance Amendments,6,2026-03-06,https://legiscan.com/UT/bill/HB0560/2026
UT,2116801,,Use of Motorized Vehicles by Minors Amendments,Use of Motorized Vehicles by Minors Amendments,6,2026-03-06,https://legiscan.com/UT/bill/HB0561/2026
UT,2116708,,Homeowners Insurance Amendments,Homeowners Insurance Amendments,6,2026-03-06,https://legiscan.com/UT/bill/HB0562/2026
UT,2116686,,Radon Amendments,Radon Amendments,6,2026-03-06,https://legiscan.com/UT/bill/HB0563/2026
UT,2116753,,Pollution Standards Amendments,Pollution Standards Amendments,6,2026-03-06,https://legiscan.com/UT/bill/HB0564/2026
UT,2117029,,City Library Property Tax Amendments,City Library Property Tax Amendments,4,2026-03-23,https://legiscan.com/UT/bill/HB0565/2026
UT,2117533,,Health Care Transparency Amendments,Health Care Transparency Amendments,4,2026-03-18,https://legiscan.com/UT/bill/HB0566/2026
UT,2117423,,Outdoor Recreational Infrastructure Grant Program Amendments,Outdoor Recreational Infrastructure Grant Program Amendments,3,2026-03-12,https://legiscan.com/UT/bill/HB0567/2026
UT,2117434,,Impact Fee Limit Amendments,Impact Fee Limit Amendments,6,2026-03-06,https://legiscan.com/UT/bill/HB0568/2026
UT,2117467,,SNAP Funds Amendments,SNAP Funds Amendments,6,2026-03-06,https://legiscan.com/UT/bill/HB0569/2026
UT,2117412,,New Home Impact Fee Amendments,New Home Impact Fee Amendments,6,2026-03-06,https://legiscan.com/UT/bill/HB0570/2026
UT,2117522,,Immigrant Amendments,Immigrant Amendments,6,2026-03-06,https://legiscan.com/UT/bill/HB0571/2026
UT,2117499,,"Behavioral Health, Mental Health, and Social Services Amendments","Behavioral Health, Mental Health, and Social Services Amendments",3,2026-03-11,https://legiscan.com/UT/bill/HB0572/2026
UT,2117543,,Health Care Reform Amendments,Health Care Reform Amendments,6,2026-03-06,https://legiscan.com/UT/bill/HB0573/2026
UT,2117588,,Child Car Seat Requirements,Child Car Seat Requirements,6,2026-03-06,https://legiscan.com/UT/bill/HB0574/2026
UT,2117638,,Fuel Tax and Supply Amendments,Fuel Tax and Supply Amendments,4,2026-03-23,https://legiscan.com/UT/bill/HB0575/2026
UT,2117682,,Child Welfare Timeline Compliance Amendments,Child Welfare Timeline Compliance Amendments,6,2026-03-06,https://legiscan.com/UT/bill/HB0576/2026
UT,2117964,,State-Created Remedies for Federal Constitutional Violations,State-Created Remedies for Federal Constitutional Violations,6,2026-03-06,https://legiscan.com/UT/bill/HB0577/2026
UT,2118114,,Guardianship and Conservatorship Resources Amendments,Guardianship and Conservatorship Resources Amendments,6,2026-03-06,https://legiscan.com/UT/bill/HB0578/2026
UT,2118167,,Medicaid Funding Modifications,Medicaid Funding Modifications,6,2026-03-06,https://legiscan.com/UT/bill/HB0579/2026
UT,2118794,,Detention Facility Amendments,Detention Facility Amendments,6,2026-03-06,https://legiscan.com/UT/bill/HB0580/2026
UT,2118819,,Autonomous Vehicle Amendments,Autonomous Vehicle Amendments,6,2026-03-06,https://legiscan.com/UT/bill/HB0581/2026
UT,2118767,,Asbestos Amendments,Asbestos Amendments,3,2026-03-11,https://legiscan.com/UT/bill/HB0582/2026
UT,2118845,,Initiative and Referenda Signature Amendments,Initiative and Referenda Signature Amendments,6,2026-03-06,https://legiscan.com/UT/bill/HB0583/2026
UT,2118755,,State Employee Leave Amendments,State Employee Leave Amendments,6,2026-03-06,https://legiscan.com/UT/bill/HB0584/2026
UT,2118832,,Data Center Amendments,Data Center Amendments,6,2026-03-06,https://legiscan.com/UT/bill/HB0585/2026
UT,2118874,,Transportation Funding Amendments,Transportation Funding Amendments,6,2026-03-06,https://legiscan.com/UT/bill/HB0586/2026
UT,2119845,,Income Tax Amendments,Income Tax Amendments,6,2026-03-06,https://legiscan.com/UT/bill/HB0587/2026
UT,2120999,,Murdered and Missing Indigenous Relatives Amendments,Murdered and Missing Indigenous Relatives Amendments,6,2026-03-06,https://legiscan.com/UT/bill/HB0588/2026
UT,2121041,,Decommissioned Asset Disposition Amendments,Decommissioned Asset Disposition Amendments,6,2026-03-06,https://legiscan.com/UT/bill/HB0589/2026
UT,2120981,,Child Therapy Amendments,Child Therapy Amendments,4,2026-03-19,https://legiscan.com/UT/bill/HB0590/2026
UT,2121080,,Nuisance Amendments,Nuisance Amendments,3,2026-03-12,https://legiscan.com/UT/bill/HB0591/2026
UT,2121020,,Municipal Incorporation Amendments,Municipal Incorporation Amendments,6,2026-03-06,https://legiscan.com/UT/bill/HB0592/2026
UT,2121060,,Bail Amendments,Bail Amendments,6,2026-03-06,https://legiscan.com/UT/bill/HB0593/2026
UT,2122176,,State Trails Week Designation,State Trails Week Designation,6,2026-03-06,https://legiscan.com/UT/bill/HB0594/2026
UT,2122204,,Public Trail Amendments,Public Trail Amendments,6,2026-03-06,https://legiscan.com/UT/bill/HB0595/2026
UT,2122265,,Homelessness Amendments,Homelessness Amendments,6,2026-03-06,https://legiscan.com/UT/bill/HB0596/2026
UT,2122791,,Alcohol Amendments,Alcohol Amendments,4,2026-03-13,https://legiscan.com/UT/bill/HB0597/2026
UT,2123294,,Uterine Fibroid Amendments,Uterine Fibroid Amendments,6,2026-03-06,https://legiscan.com/UT/bill/HB0598/2026
UT,2123663,,Social Services Funding Amendments,Social Services Funding Amendments,3,2026-03-10,https://legiscan.com/UT/bill/HB0599/2026
UT,2125091,,Utah Supreme Court Referendum Amendments,Utah Supreme Court Referendum Amendments,6,2026-03-06,https://legiscan.com/UT/bill/HB0600/2026
UT,2125000,,Flavored Alcohol Amendments,Flavored Alcohol Amendments,6,2026-03-06,https://legiscan.com/UT/bill/HB0601/2026
UT,2125180,,Local School Board Election Amendments,Local School Board Election Amendments,6,2026-03-06,https://legiscan.com/UT/bill/HB0602/2026
UT,2125044,,Divorce Amendments,Divorce Amendments,6,2026-03-06,https://legiscan.com/UT/bill/HB0603/2026
UT,2125182,,Local Government Official Amendments,Local Government Official Amendments,6,2026-03-06,https://legiscan.com/UT/bill/HB0604/2026
UT,2126529,,Peace Officer Disclosure Amendments,Peace Officer Disclosure Amendments,6,2026-03-06,https://legiscan.com/UT/bill/HB0605/2026
UT,2126530,,Surveillance and Investigatory Technology Amendments,Surveillance and Investigatory Technology Amendments,6,2026-03-06,https://legiscan.com/UT/bill/HB0606/2026
UT,2060734,,House Rules Resolution - Amendments to House Rules,House Rules Resolution - Amendments to House Rules,3,2026-01-21,https://legiscan.com/UT/bill/HR0001/2026
UT,2060928,,House Rules Resolution - Standing Committee Duties,House Rules Resolution - Standing Committee Duties,3,2026-01-26,https://legiscan.com/UT/bill/HR0002/2026
UT,2066009,,House Rules Resolution - Abandoning Legislation,House Rules Resolution - Abandoning Legislation,3,2026-03-12,https://legiscan.com/UT/bill/HR0003/2026
UT,2084144,,House Rules Resolution - Legislation Disclosure,House Rules Resolution - Legislation Disclosure,3,2026-03-02,https://legiscan.com/UT/bill/HR0004/2026
UT,2084578,,House Rules Resolution - House Standing Committees,House Rules Resolution - House Standing Committees,6,2026-03-06,https://legiscan.com/UT/bill/HR0005/2026
UT,2086104,,House Rules Resolution - Lobbyist Ethics Amendments,House Rules Resolution - Lobbyist Ethics Amendments,6,2026-03-06,https://legiscan.com/UT/bill/HR0006/2026
UT,2122132,,House Rules Modifications,House Rules Modifications,3,2026-03-03,https://legiscan.com/UT/bill/HR0007/2026
UT,2127358,,Resolution Admonishing and Censuring Judge Don M. Torgerson,Resolution Admonishing and Censuring Judge Don M. Torgerson,3,2026-03-04,https://legiscan.com/UT/bill/HR0008/2026
UT,2056876,,House Concurrent Resolution Regarding Advanced Nuclear Manufacturing,House Concurrent Resolution Regarding Advanced Nuclear Manufacturing,4,2026-02-12,https://legiscan.com/UT/bill/HCR001/2026
UT,2060531,,Concurrent Resolution Authorizing Adult Sentencing and Supervision Length Guidelines and Juvenile Disposition Guidelines,Concurrent Resolution Authorizing Adult Sentencing and Supervision Length Guidelines and Juvenile Disposition Guidelines,3,2026-03-12,https://legiscan.com/UT/bill/HCR002/2026
UT,2061117,,Concurrent Resolution Supporting Rugby League in Utah,Concurrent Resolution Supporting Rugby League in Utah,6,2026-03-06,https://legiscan.com/UT/bill/HCR003/2026
UT,2066044,,Concurrent Resolution Regarding Religious Freedom,Concurrent Resolution Regarding Religious Freedom,3,2026-02-20,https://legiscan.com/UT/bill/HCR004/2026
UT,2065936,,House Concurrent Resolution on State Management of Federal Public Lands,House Concurrent Resolution on State Management of Federal Public Lands,6,2026-03-06,https://legiscan.com/UT/bill/HCR005/2026
UT,2085859,,Concurrent Resolution Regarding the Utah Housing Strategic Plan,Concurrent Resolution Regarding the Utah Housing Strategic Plan,4,2026-03-17,https://legiscan.com/UT/bill/HCR006/2026
UT,2088289,,Concurrent Resolution Regarding Scenic Byway Designations,Concurrent Resolution Regarding Scenic Byway Designations,4,2026-03-23,https://legiscan.com/UT/bill/HCR007/2026
UT,2095561,,Concurrent Resolution Directing PEHP to Establish the Weight Management and Obesity Pilot Program,Concurrent Resolution Directing PEHP to Establish the Weight Management and Obesity Pilot Program,3,2026-03-12,https://legiscan.com/UT/bill/HCR008/2026
UT,2102884,,Concurrent Resolution Addressing the Great Salt Lake,Concurrent Resolution Addressing the Great Salt Lake,3,2026-03-12,https://legiscan.com/UT/bill/HCR009/2026
UT,2107341,,Concurrent Resolution Directing PEHP Regarding Hormone Replacement Therapy,Concurrent Resolution Directing PEHP Regarding Hormone Replacement Therapy,3,2026-03-12,https://legiscan.com/UT/bill/HCR010/2026
UT,2110561,,Resolution Urging Healthy Activities in Schools,Resolution Urging Healthy Activities in Schools,4,2026-03-19,https://legiscan.com/UT/bill/HCR011/2026
UT,2110446,,Concurrent Resolution Celebrating the 250th Anniversary of the Declaration of Independence,Concurrent Resolution Celebrating the 250th Anniversary of the Declaration of Independence,3,2026-03-05,https://legiscan.com/UT/bill/HCR012/2026
UT,2111049,,Concurrent Resolution Regarding Technical Education,Concurrent Resolution Regarding Technical Education,4,2026-03-18,https://legiscan.com/UT/bill/HCR013/2026
UT,2117490,,Concurrent Resolution Supporting the Transfer of Federally Managed Lands,Concurrent Resolution Supporting the Transfer of Federally Managed Lands,4,2026-03-17,https://legiscan.com/UT/bill/HCR014/2026
UT,2060852,,Joint Rules Resolution - Amendments to Joint Rules,Joint Rules Resolution - Amendments to Joint Rules,3,2026-02-18,https://legiscan.com/UT/bill/HJR001/2026
UT,2060893,,Joint Rules Resolution - Resolution Amendments,Joint Rules Resolution - Resolution Amendments,3,2026-02-06,https://legiscan.com/UT/bill/HJR002/2026
UT,2061392,,Proposal to Amend Utah Constitution - Term of Office,Proposal to Amend Utah Constitution - Term of Office,6,2026-03-06,https://legiscan.com/UT/bill/HJR003/2026
UT,2064978,,Resolution Regarding Prison Security and Successful Inmate Reentry,Resolution Regarding Prison Security and Successful Inmate Reentry,3,2026-03-13,https://legiscan.com/UT/bill/HJR004/2026
UT,2064976,,Proposal to Amend Utah Constitution - Judicial Nominations,Proposal to Amend Utah Constitution - Judicial Nominations,6,2026-03-06,https://legiscan.com/UT/bill/HJR005/2026
UT,2065276,,Joint Resolution Regarding School Activities and Practices,Joint Resolution Regarding School Activities and Practices,6,2026-03-06,https://legiscan.com/UT/bill/HJR006/2026
UT,2066301,,Proposal to Amend Utah Constitution - Property Tax Modifications,Proposal to Amend Utah Constitution - Property Tax Modifications,6,2026-03-06,https://legiscan.com/UT/bill/HJR007/2026
UT,2067477,,Joint Resolution Regarding LEA Reporting Requirements,Joint Resolution Regarding LEA Reporting Requirements,3,2026-03-13,https://legiscan.com/UT/bill/HJR008/2026
UT,2067822,,Joint Rules Resolution - Implementation of Education-related Legislation,Joint Rules Resolution - Implementation of Education-related Legislation,6,2026-03-06,https://legiscan.com/UT/bill/HJR009/2026
UT,2067915,,Joint Rules Resolution - Sponsor's Supporting Information,Joint Rules Resolution - Sponsor's Supporting Information,6,2026-03-06,https://legiscan.com/UT/bill/HJR010/2026
UT,2067579,,Joint Resolution Recognizing Neonatal Abstinence Syndrome,Joint Resolution Recognizing Neonatal Abstinence Syndrome,6,2026-03-06,https://legiscan.com/UT/bill/HJR011/2026
UT,2069002,,Joint Resolution Encouraging Strong Family Units,Joint Resolution Encouraging Strong Family Units,3,2026-03-13,https://legiscan.com/UT/bill/HJR012/2026
UT,2084198,,Proposal to Amend Utah Constitution - Judicial Retention,Proposal to Amend Utah Constitution - Judicial Retention,6,2026-03-06,https://legiscan.com/UT/bill/HJR013/2026
UT,2085935,,Joint Rules Resolution - Requests for Appropriation,Joint Rules Resolution - Requests for Appropriation,6,2026-03-06,https://legiscan.com/UT/bill/HJR014/2026
UT,2088893,,Joint Resolution Amending Court Rules to Address Sanctions and Dismissals,Joint Resolution Amending Court Rules to Address Sanctions and Dismissals,6,2026-03-06,https://legiscan.com/UT/bill/HJR015/2026
UT,2091708,,Joint Resolution Supporting New Methods to Combat Human Trafficking and Domestic Violence,Joint Resolution Supporting New Methods to Combat Human Trafficking and Domestic Violence,6,2026-03-06,https://legiscan.com/UT/bill/HJR016/2026
UT,2094759,,Joint Rules Resolution - Legislative Expenditures Amendments,Joint Rules Resolution - Legislative Expenditures Amendments,6,2026-03-06,https://legiscan.com/UT/bill/HJR017/2026
UT,2099697,,Joint Resolution Urging Congress to Eliminate Marriage Penalties,Joint Resolution Urging Congress to Eliminate Marriage Penalties,3,2026-03-07,https://legiscan.com/UT/bill/HJR018/2026
UT,2102684,,Joint Rules Resolution - Requests for Legislation,Joint Rules Resolution - Requests for Legislation,6,2026-03-06,https://legiscan.com/UT/bill/HJR019/2026
UT,2103422,,Proposal to Amend Utah Constitution - Utah Taxpayer Oversight of Government Spending,Proposal to Amend Utah Constitution - Utah Taxpayer Oversight of Government Spending,6,2026-03-06,https://legiscan.com/UT/bill/HJR020/2026
UT,2109409,,Joint Resolution Amending Rules of Civil Procedure,Joint Resolution Amending Rules of Civil Procedure,6,2026-03-06,https://legiscan.com/UT/bill/HJR021/2026
UT,2110955,,Proposal to Amend Utah Constitution - Legislative Session,Proposal to Amend Utah Constitution - Legislative Session,6,2026-03-06,https://legiscan.com/UT/bill/HJR022/2026
UT,2111784,,Joint Rules Resolution - Policy Development and Impact,Joint Rules Resolution - Policy Development and Impact,6,2026-03-06,https://legiscan.com/UT/bill/HJR023/2026
UT,2111621,,Joint Rules Resolution - Appropriations Subcommittee Amendments,Joint Rules Resolution - Appropriations Subcommittee Amendments,6,2026-03-06,https://legiscan.com/UT/bill/HJR024/2026
UT,2112949,,Proposal to Amend Utah Constitution - Secretary of State,Proposal to Amend Utah Constitution - Secretary of State,6,2026-03-06,https://legiscan.com/UT/bill/HJR025/2026
UT,2114324,,Joint Resolution Amending Rules of Evidence to Address Machine-Generated Evidence,Joint Resolution Amending Rules of Evidence to Address Machine-Generated Evidence,3,2026-03-11,https://legiscan.com/UT/bill/HJR026/2026
UT,2117577,,Joint Resolution Regarding Digital Asset Custody,Joint Resolution Regarding Digital Asset Custody,6,2026-03-06,https://legiscan.com/UT/bill/HJR027/2026
UT,2119808,,Joint Resolution Amending Court Rules Related to Capital Felony Cases,Joint Resolution Amending Court Rules Related to Capital Felony Cases,3,2026-03-12,https://legiscan.com/UT/bill/HJR028/2026
UT,2119921,,Resolution in Support of the Upward Mobility Act,Resolution in Support of the Upward Mobility Act,6,2026-03-06,https://legiscan.com/UT/bill/HJR029/2026
UT,2130254,,House Joint Resolution to Approve the Transfer of Land,House Joint Resolution to Approve the Transfer of Land,3,2026-03-12,https://legiscan.com/UT/bill/HJR030/2026
UT,2084403,,Higher Education Base Budget,Higher Education Base Budget,4,2026-01-31,https://legiscan.com/UT/bill/SB0001/2026
UT,2127420,,Public Education Budget Amendments,Public Education Budget Amendments,3,2026-03-12,https://legiscan.com/UT/bill/SB0002/2026
UT,2127360,,Current Fiscal Year Supplemental Appropriations,Current Fiscal Year Supplemental Appropriations,3,2026-03-13,https://legiscan.com/UT/bill/SB0003/2026
UT,2084520,,Economic and Community Development Base Budget,Economic and Community Development Base Budget,4,2026-01-31,https://legiscan.com/UT/bill/SB0004/2026
UT,2084113,,General Government Base Budget,General Government Base Budget,4,2026-01-31,https://legiscan.com/UT/bill/SB0005/2026
UT,2084029,,Transportation and Infrastructure Base Budget,Transportation and Infrastructure Base Budget,4,2026-01-31,https://legiscan.com/UT/bill/SB0006/2026
UT,2084227,,"National Guard, Veterans Affairs, and Legislature Base Budget","National Guard, Veterans Affairs, and Legislature Base Budget",4,2026-01-31,https://legiscan.com/UT/bill/SB0007/2026
UT,2083686,,State Agency and Higher Education Compensation Appropriations,State Agency and Higher Education Compensation Appropriations,3,2026-03-13,https://legiscan.com/UT/bill/SB0008/2026
UT,2056736,,Property Rights Ombudsman Act Amendments,Property Rights Ombudsman Act Amendments,6,2026-03-06,https://legiscan.com/UT/bill/SB0011/2026
UT,2056924,,Sunset and Repeal Date Amendments,Sunset and Repeal Date Amendments,4,2026-03-23,https://legiscan.com/UT/bill/SB0012/2026
UT,2056794,,Statutorily Required Reports and Presentations Amendments,Statutorily Required Reports and Presentations Amendments,4,2026-03-23,https://legiscan.com/UT/bill/SB0013/2026
UT,2056805,,Utah Commission on Aging Sunset Amendments,Utah Commission on Aging Sunset Amendments,6,2026-03-06,https://legiscan.com/UT/bill/SB0014/2026
UT,2056829,,County Forms of Government Amendments,County Forms of Government Amendments,4,2026-03-17,https://legiscan.com/UT/bill/SB0015/2026
UT,2056787,,Tax Credit Review Process Amendments,Tax Credit Review Process Amendments,4,2026-03-23,https://legiscan.com/UT/bill/SB0016/2026
UT,2056893,,Credit Card Processing Fees Amendments,Credit Card Processing Fees Amendments,6,2026-03-06,https://legiscan.com/UT/bill/SB0017/2026
UT,2056886,,Criminal Offense Modifications,Criminal Offense Modifications,4,2026-03-07,https://legiscan.com/UT/bill/SB0018/2026
UT,2056940,,Digital Evidence Amendments,Digital Evidence Amendments,4,2026-03-23,https://legiscan.com/UT/bill/SB0019/2026
UT,2056901,,"Natural Resources, Agriculture, and Environment Technical Changes","Natural Resources, Agriculture, and Environment Technical Changes",3,2026-02-23,https://legiscan.com/UT/bill/SB0020/2026
UT,2056953,,Geothermal Amendments,Geothermal Amendments,3,2026-03-11,https://legiscan.com/UT/bill/SB0021/2026
UT,2056819,,Minor Driving Hours Amendments,Minor Driving Hours Amendments,4,2026-03-07,https://legiscan.com/UT/bill/SB0022/2026
UT,2057187,,Airborne Chemicals Amendments,Airborne Chemicals Amendments,6,2026-03-06,https://legiscan.com/UT/bill/SB0023/2026
UT,2057215,,Health Care Providers Immunity Amendments,Health Care Providers Immunity Amendments,6,2026-03-06,https://legiscan.com/UT/bill/SB0024/2026
UT,2057208,,Retirement Modifications,Retirement Modifications,4,2026-03-18,https://legiscan.com/UT/bill/SB0025/2026
UT,2057189,,Pest Control Amendments,Pest Control Amendments,3,2026-03-02,https://legiscan.com/UT/bill/SB0026/2026
UT,2057202,,Assault or Threat of Violence Amendments,Assault or Threat of Violence Amendments,4,2026-03-23,https://legiscan.com/UT/bill/SB0027/2026
UT,2057205,,County Classification Modifications,County Classification Modifications,6,2026-03-06,https://legiscan.com/UT/bill/SB0028/2026
UT,2059348,,Child Care Advisory Committee Amendments,Child Care Advisory Committee Amendments,6,2026-03-06,https://legiscan.com/UT/bill/SB0029/2026
UT,2059285,,"Human Trafficking, Exploitation, and Smuggling Amendments","Human Trafficking, Exploitation, and Smuggling Amendments",4,2026-03-23,https://legiscan.com/UT/bill/SB0030/2026
UT,2060254,,Office of Professional Licensure Review Amendments,Office of Professional Licensure Review Amendments,4,2026-03-17,https://legiscan.com/UT/bill/SB0031/2026
UT,2060252,,Child Abuse Homicide Corrections,Child Abuse Homicide Corrections,4,2026-03-23,https://legiscan.com/UT/bill/SB0032/2026
UT,2060248,,Office of Professional Licensure Review Sunrise Amendments,Office of Professional Licensure Review Sunrise Amendments,4,2026-03-07,https://legiscan.com/UT/bill/SB0033/2026
UT,2060476,,Public Education Revisions,Public Education Revisions,4,2026-03-19,https://legiscan.com/UT/bill/SB0034/2026
UT,2060577,,Amendments to Interdisciplinary Parental Representation Pilot Program,Amendments to Interdisciplinary Parental Representation Pilot Program,4,2026-03-07,https://legiscan.com/UT/bill/SB0035/2026
UT,2060496,,Transportation Commission Amendments,Transportation Commission Amendments,4,2026-03-18,https://legiscan.com/UT/bill/SB0036/2026
UT,2060569,,George E. Wahlen Memorial Highway Designation,George E. Wahlen Memorial Highway Designation,6,2026-03-06,https://legiscan.com/UT/bill/SB0037/2026
UT,2060739,,Consumer Protection Modifications,Consumer Protection Modifications,4,2026-03-17,https://legiscan.com/UT/bill/SB0038/2026
UT,2060705,,Investment Zones Amendments,Investment Zones Amendments,4,2026-03-17,https://legiscan.com/UT/bill/SB0039/2026
UT,2060700,,Business Entity Amendments,Business Entity Amendments,4,2026-03-17,https://legiscan.com/UT/bill/SB0040/2026
UT,2060690,,Business Entity Technical Amendments,Business Entity Technical Amendments,4,2026-03-17,https://legiscan.com/UT/bill/SB0041/2026
UT,2060728,,State Weed Committee Amendments,State Weed Committee Amendments,6,2026-03-06,https://legiscan.com/UT/bill/SB0042/2026
UT,2060757,,Land Trusts Protection and Advocacy Office Amendments,Land Trusts Protection and Advocacy Office Amendments,4,2026-03-19,https://legiscan.com/UT/bill/SB0043/2026
UT,2060768,,Statewide Resource Management Plan Amendments,Statewide Resource Management Plan Amendments,3,2026-03-02,https://legiscan.com/UT/bill/SB0044/2026
UT,2060766,,Kratom Adjustments,Kratom Adjustments,3,2026-03-12,https://legiscan.com/UT/bill/SB0045/2026
UT,2060754,,Water Wise Landscaping Amendments,Water Wise Landscaping Amendments,4,2026-03-24,https://legiscan.com/UT/bill/SB0046/2026
UT,2060940,,Reauthorization of Administrative Rules,Reauthorization of Administrative Rules,4,2026-03-17,https://legiscan.com/UT/bill/SB0047/2026
UT,2060920,,Kratom Revisions,Kratom Revisions,6,2026-03-06,https://legiscan.com/UT/bill/SB0048/2026
UT,2060964,,Natural Organic Reduction Amendments,Natural Organic Reduction Amendments,6,2026-03-06,https://legiscan.com/UT/bill/SB0049/2026
UT,2061110,,Anesthesia Dosage Amendments,Anesthesia Dosage Amendments,4,2026-03-17,https://legiscan.com/UT/bill/SB0050/2026
UT,2061182,,School Safety Modifications,School Safety Modifications,4,2026-03-19,https://legiscan.com/UT/bill/SB0051/2026
UT,2061138,,Substitute Teaching Requirements Amendments,Substitute Teaching Requirements Amendments,4,2026-03-19,https://legiscan.com/UT/bill/SB0052/2026
UT,2061187,,Public Land Management Advisory Board Amendments,Public Land Management Advisory Board Amendments,6,2026-03-06,https://legiscan.com/UT/bill/SB0053/2026
UT,2061251,,Carson Smith Opportunity Scholarship Program Amendments,Carson Smith Opportunity Scholarship Program Amendments,4,2026-03-19,https://legiscan.com/UT/bill/SB0054/2026
UT,2061245,,Placental Tissue Amendments,Placental Tissue Amendments,4,2026-03-17,https://legiscan.com/UT/bill/SB0055/2026
UT,2061224,,Citizenship Education Amendments,Citizenship Education Amendments,6,2026-03-06,https://legiscan.com/UT/bill/SB0056/2026
UT,2061232,,Judicial Officer Amendments,Judicial Officer Amendments,6,2026-03-06,https://legiscan.com/UT/bill/SB0057/2026
UT,2061218,,Public School Attendance Amendments,Public School Attendance Amendments,4,2026-03-19,https://legiscan.com/UT/bill/SB0058/2026
UT,2061290,,Alimony Amendments,Alimony Amendments,4,2026-03-23,https://legiscan.com/UT/bill/SB0059/2026
UT,2061303,,Income Tax Rate Amendments,Income Tax Rate Amendments,4,2026-03-23,https://legiscan.com/UT/bill/SB0060/2026
UT,2061374,,Funeral Services Licensing Amendments,Funeral Services Licensing Amendments,6,2026-03-06,https://legiscan.com/UT/bill/SB0061/2026
UT,2061416,,School Finance Amendments,School Finance Amendments,4,2026-03-19,https://legiscan.com/UT/bill/SB0062/2026
UT,2064969,,Assault Modifications,Assault Modifications,4,2026-03-23,https://legiscan.com/UT/bill/SB0063/2026
UT,2064987,,Government Records Amendments,Government Records Amendments,6,2026-03-06,https://legiscan.com/UT/bill/SB0064/2026
UT,2064972,,Minimum Basic Tax Rate Amendments,Minimum Basic Tax Rate Amendments,6,2026-03-06,https://legiscan.com/UT/bill/SB0065/2026
UT,2064991,,Medical Cannabis Pharmacy License Amendments,Medical Cannabis Pharmacy License Amendments,3,2026-02-20,https://legiscan.com/UT/bill/SB0066/2026
UT,2064975,,Law Enforcement Quota Amendments,Law Enforcement Quota Amendments,6,2026-03-06,https://legiscan.com/UT/bill/SB0067/2026
UT,2064996,,Disability Litigation Amendments,Disability Litigation Amendments,4,2026-03-23,https://legiscan.com/UT/bill/SB0068/2026
UT,2064992,,School Device Revisions,School Device Revisions,4,2026-03-18,https://legiscan.com/UT/bill/SB0069/2026
UT,2064985,,Natural Disaster Amendments,Natural Disaster Amendments,6,2026-03-06,https://legiscan.com/UT/bill/SB0070/2026
UT,2065282,,Evidence Retention Amendments,Evidence Retention Amendments,4,2026-03-23,https://legiscan.com/UT/bill/SB0071/2026
UT,2065230,,Obscene Animal Abuse Material Amendments,Obscene Animal Abuse Material Amendments,4,2026-03-23,https://legiscan.com/UT/bill/SB0072/2026
UT,2065310,,Online Age Verification Amendments,Online Age Verification Amendments,4,2026-03-19,https://legiscan.com/UT/bill/SB0073/2026
UT,2065269,,Motor Vehicle Civil Action Amendments,Motor Vehicle Civil Action Amendments,4,2026-03-17,https://legiscan.com/UT/bill/SB0074/2026
UT,2065316,,Educator Salary Adjustment Eligibility,Educator Salary Adjustment Eligibility,6,2026-03-06,https://legiscan.com/UT/bill/SB0075/2026
UT,2065258,,Residential Rental Payment Reporting Amendments,Residential Rental Payment Reporting Amendments,6,2026-03-06,https://legiscan.com/UT/bill/SB0076/2026
UT,2065326,,Dual Language Immersion Amendments,Dual Language Immersion Amendments,4,2026-03-19,https://legiscan.com/UT/bill/SB0077/2026
UT,2065224,,Property Tax Relief Amendments,Property Tax Relief Amendments,6,2026-03-06,https://legiscan.com/UT/bill/SB0078/2026
UT,2065984,,Verification Form Amendments,Verification Form Amendments,6,2026-03-06,https://legiscan.com/UT/bill/SB0079/2026
UT,2065897,,Physician Practice Amendments,Physician Practice Amendments,4,2026-03-17,https://legiscan.com/UT/bill/SB0080/2026
UT,2065948,,Dyslexia Testing Amendments,Dyslexia Testing Amendments,4,2026-03-19,https://legiscan.com/UT/bill/SB0081/2026
UT,2065872,,"Securities Investor Education, Training, and Enforcement Fund Amendments","Securities Investor Education, Training, and Enforcement Fund Amendments",4,2026-03-17,https://legiscan.com/UT/bill/SB0082/2026
UT,2066068,,Controlled Substance Scheduling Amendments,Controlled Substance Scheduling Amendments,4,2026-03-24,https://legiscan.com/UT/bill/SB0083/2026
UT,2066056,,Department of Commerce Amendments,Department of Commerce Amendments,4,2026-03-07,https://legiscan.com/UT/bill/SB0084/2026
UT,2066119,,Excellence in Education and Leadership Supplement Modifications,Excellence in Education and Leadership Supplement Modifications,6,2026-03-06,https://legiscan.com/UT/bill/SB0085/2026
UT,2065910,,Firearm Safe Harbor Amendments,Firearm Safe Harbor Amendments,4,2026-03-23,https://legiscan.com/UT/bill/SB0086/2026
UT,2065923,,Naloxone Amendments,Naloxone Amendments,4,2026-03-17,https://legiscan.com/UT/bill/SB0087/2026
UT,2066082,,School Technology Amendments,School Technology Amendments,4,2026-03-18,https://legiscan.com/UT/bill/SB0088/2026
UT,2066156,,Health Care Services Platforms,Health Care Services Platforms,4,2026-03-17,https://legiscan.com/UT/bill/SB0089/2026
UT,2066228,,Occupational Licenses for Veterans and Service Members,Occupational Licenses for Veterans and Service Members,4,2026-03-17,https://legiscan.com/UT/bill/SB0090/2026
UT,2066277,,Motor Vehicle Registration Services Amendments,Motor Vehicle Registration Services Amendments,4,2026-03-23,https://legiscan.com/UT/bill/SB0091/2026
UT,2066372,,Prosecution Amendments,Prosecution Amendments,4,2026-03-23,https://legiscan.com/UT/bill/SB0092/2026
UT,2066527,,Corrections Amendments,Corrections Amendments,4,2026-03-23,https://legiscan.com/UT/bill/SB0093/2026
UT,2066843,,Inmate Financial Literacy Amendments,Inmate Financial Literacy Amendments,6,2026-03-06,https://legiscan.com/UT/bill/SB0094/2026
UT,2066950,,Public Speaking Amendments,Public Speaking Amendments,6,2026-03-06,https://legiscan.com/UT/bill/SB0095/2026
UT,2067124,,Opioid Fatality Review Amendments,Opioid Fatality Review Amendments,4,2026-03-17,https://legiscan.com/UT/bill/SB0096/2026
UT,2067442,,Tax Revenue Amendments,Tax Revenue Amendments,6,2026-03-06,https://legiscan.com/UT/bill/SB0097/2026
UT,2067159,,Substance Use Rehabilitation Amendments,Substance Use Rehabilitation Amendments,3,2026-03-04,https://legiscan.com/UT/bill/SB0098/2026
UT,2067699,,Emergency Reporting Offense Amendments,Emergency Reporting Offense Amendments,6,2026-03-06,https://legiscan.com/UT/bill/SB0099/2026
UT,2067891,,Federalism Revisions,Federalism Revisions,4,2026-03-17,https://legiscan.com/UT/bill/SB0100/2026
UT,2067750,,Specialized Product Amendments,Specialized Product Amendments,3,2026-03-11,https://legiscan.com/UT/bill/SB0101/2026
UT,2067773,,Animal Control First Responder Amendments,Animal Control First Responder Amendments,6,2026-03-06,https://legiscan.com/UT/bill/SB0102/2026
UT,2067649,,Driver License Amendments for Unhoused Individuals,Driver License Amendments for Unhoused Individuals,6,2026-03-06,https://legiscan.com/UT/bill/SB0103/2026
UT,2067966,,School Medication Amendments,School Medication Amendments,6,2026-03-06,https://legiscan.com/UT/bill/SB0104/2026
UT,2067554,,Use of Force Amendments,Use of Force Amendments,6,2026-03-06,https://legiscan.com/UT/bill/SB0105/2026
UT,2067990,,Educator Compensation Amendments,Educator Compensation Amendments,6,2026-03-06,https://legiscan.com/UT/bill/SB0106/2026
UT,2068571,,Education Legislation Advisory Commission Amendments,Education Legislation Advisory Commission Amendments,6,2026-03-06,https://legiscan.com/UT/bill/SB0107/2026
UT,2069095,,Online Marketplace Amendments,Online Marketplace Amendments,4,2026-03-17,https://legiscan.com/UT/bill/SB0108/2026
UT,2068943,,Alienation of Affection Amendments,Alienation of Affection Amendments,4,2026-03-23,https://legiscan.com/UT/bill/SB0109/2026
UT,2069036,,Marriage Amendments,Marriage Amendments,4,2026-03-24,https://legiscan.com/UT/bill/SB0110/2026
UT,2068989,,Veterinary Post-employment Amendments,Veterinary Post-employment Amendments,4,2026-03-17,https://legiscan.com/UT/bill/SB0111/2026
UT,2069018,,Utah Exemptions Act Modifications,Utah Exemptions Act Modifications,4,2026-03-23,https://legiscan.com/UT/bill/SB0112/2026
UT,2068974,,Medical Prescription Amendments,Medical Prescription Amendments,6,2026-03-06,https://legiscan.com/UT/bill/SB0113/2026
UT,2069768,,Controlled Substances Amendments,Controlled Substances Amendments,6,2026-03-06,https://legiscan.com/UT/bill/SB0114/2026
UT,2069867,,Child and Animal Abuse Cross-reporting Amendments,Child and Animal Abuse Cross-reporting Amendments,6,2026-03-06,https://legiscan.com/UT/bill/SB0115/2026
UT,2069971,,Income Tax Rate Modifications,Income Tax Rate Modifications,6,2026-03-06,https://legiscan.com/UT/bill/SB0116/2026
UT,2070080,,Occupational and Professional Licensing Amendments,Occupational and Professional Licensing Amendments,4,2026-03-17,https://legiscan.com/UT/bill/SB0117/2026
UT,2070142,,Mental Health Services in Higher Education,Mental Health Services in Higher Education,6,2026-03-06,https://legiscan.com/UT/bill/SB0118/2026
UT,2071122,,School and Classroom Amendments,School and Classroom Amendments,6,2026-03-06,https://legiscan.com/UT/bill/SB0119/2026
UT,2071162,,Towing Modifications,Towing Modifications,4,2026-03-24,https://legiscan.com/UT/bill/SB0120/2026
UT,2071318,,Medical Cannabis Program Amendments,Medical Cannabis Program Amendments,3,2026-03-05,https://legiscan.com/UT/bill/SB0121/2026
UT,2071242,,HOA Amendments,HOA Amendments,4,2026-03-17,https://legiscan.com/UT/bill/SB0122/2026
UT,2071472,,Privacy and Cybersecurity Amendments,Privacy and Cybersecurity Amendments,4,2026-03-17,https://legiscan.com/UT/bill/SB0123/2026
UT,2071614,,Child Welfare Modifications,Child Welfare Modifications,6,2026-03-06,https://legiscan.com/UT/bill/SB0124/2026
UT,2073391,,Theft Amendments,Theft Amendments,4,2026-03-23,https://legiscan.com/UT/bill/SB0125/2026
UT,2073925,,School Swimming and Lifeguarding Programs,School Swimming and Lifeguarding Programs,6,2026-03-06,https://legiscan.com/UT/bill/SB0126/2026
UT,2073813,,Pediatric Care Amendments,Pediatric Care Amendments,4,2026-03-23,https://legiscan.com/UT/bill/SB0127/2026
UT,2073465,,Public Alert Amendments,Public Alert Amendments,4,2026-03-23,https://legiscan.com/UT/bill/SB0128/2026
UT,2073659,,Commemorative Day Amendments,Commemorative Day Amendments,6,2026-03-06,https://legiscan.com/UT/bill/SB0129/2026
UT,2073428,,River Restoration Amendments,River Restoration Amendments,3,2026-03-11,https://legiscan.com/UT/bill/SB0130/2026
UT,2073887,,Charter School Eligibility,Charter School Eligibility,4,2026-03-19,https://legiscan.com/UT/bill/SB0131/2026
UT,2073772,,Spaceport Amendments,Spaceport Amendments,4,2026-03-17,https://legiscan.com/UT/bill/SB0132/2026
UT,2073696,,Offender Registry Amendments,Offender Registry Amendments,6,2026-03-06,https://legiscan.com/UT/bill/SB0133/2026
UT,2079663,,Court Amendments,Court Amendments,4,2026-01-31,https://legiscan.com/UT/bill/SB0134/2026
UT,2079137,,Nuclear Reprocessing Amendments,Nuclear Reprocessing Amendments,3,2026-03-06,https://legiscan.com/UT/bill/SB0135/2026
UT,2078543,,Enforcement Activities Amendments,Enforcement Activities Amendments,6,2026-03-06,https://legiscan.com/UT/bill/SB0136/2026
UT,2079019,,Homeless Services Board Amendments,Homeless Services Board Amendments,6,2026-03-06,https://legiscan.com/UT/bill/SB0137/2026
UT,2079200,,State Mobile Operating System Designation,State Mobile Operating System Designation,6,2026-03-06,https://legiscan.com/UT/bill/SB0138/2026
UT,2078485,,Notary Amendments,Notary Amendments,4,2026-03-17,https://legiscan.com/UT/bill/SB0139/2026
UT,2079256,,Election Adjustments,Election Adjustments,4,2026-02-12,https://legiscan.com/UT/bill/SB0140/2026
UT,2078839,,Child Welfare Amendments,Child Welfare Amendments,4,2026-03-17,https://legiscan.com/UT/bill/SB0141/2026
UT,2082469,,Private Probation and Court Ordered Services Amendments,Private Probation and Court Ordered Services Amendments,4,2026-03-17,https://legiscan.com/UT/bill/SB0142/2026
UT,2082137,,Utah Exemptions Act Amendments,Utah Exemptions Act Amendments,6,2026-03-06,https://legiscan.com/UT/bill/SB0143/2026
UT,2081798,,Relocation Assistance Amendments,Relocation Assistance Amendments,4,2026-03-17,https://legiscan.com/UT/bill/SB0144/2026
UT,2082247,,Lobbying Amendments,Lobbying Amendments,4,2026-03-17,https://legiscan.com/UT/bill/SB0145/2026
UT,2084372,,Industrial Byproduct Amendments,Industrial Byproduct Amendments,4,2026-03-07,https://legiscan.com/UT/bill/SB0146/2026
UT,2084433,,Office of Inspector General of Medicaid Services Amendments,Office of Inspector General of Medicaid Services Amendments,4,2026-03-17,https://legiscan.com/UT/bill/SB0147/2026
UT,2084002,,General Oversight Amendments,General Oversight Amendments,3,2026-03-10,https://legiscan.com/UT/bill/SB0148/2026
UT,2084488,,Licensing Modifications,Licensing Modifications,4,2026-03-17,https://legiscan.com/UT/bill/SB0149/2026
UT,2084086,,Healthcare Providers Scope of Practice Amendments,Healthcare Providers Scope of Practice Amendments,4,2026-03-24,https://legiscan.com/UT/bill/SB0150/2026
UT,2085109,,Public Safety Funding Amendments,Public Safety Funding Amendments,3,2026-03-11,https://legiscan.com/UT/bill/SB0151/2026
UT,2085138,,Public and Higher Education Collaboration,Public and Higher Education Collaboration,4,2026-03-19,https://legiscan.com/UT/bill/SB0152/2026
UT,2085893,,Election Amendments,Election Amendments,4,2026-03-18,https://legiscan.com/UT/bill/SB0153/2026
UT,2085792,,Protection and Advocacy Agency Reporting,Protection and Advocacy Agency Reporting,4,2026-03-18,https://legiscan.com/UT/bill/SB0154/2026
UT,2085770,,Unclaimed Property Amendments,Unclaimed Property Amendments,4,2026-03-23,https://legiscan.com/UT/bill/SB0155/2026
UT,2085904,,Constable Amendments,Constable Amendments,4,2026-03-18,https://legiscan.com/UT/bill/SB0156/2026
UT,2085914,,New Motorboat Distributor Act,New Motorboat Distributor Act,6,2026-03-06,https://legiscan.com/UT/bill/SB0157/2026
UT,2085825,,Recreational Therapy Program Amendments,Recreational Therapy Program Amendments,4,2026-03-18,https://legiscan.com/UT/bill/SB0158/2026
UT,2085815,,Dyslexia Screening Amendments,Dyslexia Screening Amendments,6,2026-03-06,https://legiscan.com/UT/bill/SB0159/2026
UT,2085781,,Medicaid Reimbursement Rate Amendments,Medicaid Reimbursement Rate Amendments,4,2026-03-18,https://legiscan.com/UT/bill/SB0160/2026
UT,2085736,,Evaluations in Guardianship Amendments,Evaluations in Guardianship Amendments,4,2026-03-23,https://legiscan.com/UT/bill/SB0161/2026
UT,2085990,,Online Sales Tax Amendments,Online Sales Tax Amendments,4,2026-03-23,https://legiscan.com/UT/bill/SB0162/2026
UT,2086084,,Municipal Prosecutor Amendments,Municipal Prosecutor Amendments,6,2026-03-06,https://legiscan.com/UT/bill/SB0163/2026
UT,2086824,,School Construction Amendments,School Construction Amendments,4,2026-03-19,https://legiscan.com/UT/bill/SB0164/2026
UT,2087184,,Economic Mobility Initiative,Economic Mobility Initiative,4,2026-03-18,https://legiscan.com/UT/bill/SB0165/2026
UT,2087341,,Line-of-Duty Death Benefit Amendments,Line-of-Duty Death Benefit Amendments,4,2026-03-23,https://legiscan.com/UT/bill/SB0166/2026
UT,2087136,,Reintegration for Disciplined Students,Reintegration for Disciplined Students,4,2026-03-19,https://legiscan.com/UT/bill/SB0167/2026
UT,2087295,,School Attendance Amendments,School Attendance Amendments,6,2026-03-06,https://legiscan.com/UT/bill/SB0168/2026
UT,2087071,,High School Graduation Amendments,High School Graduation Amendments,6,2026-03-06,https://legiscan.com/UT/bill/SB0169/2026
UT,2087362,,Vitamin K Amendments,Vitamin K Amendments,4,2026-03-18,https://legiscan.com/UT/bill/SB0170/2026
UT,2088085,,State Commercial Driver License Amendments,State Commercial Driver License Amendments,6,2026-03-06,https://legiscan.com/UT/bill/SB0171/2026
UT,2088217,,Airport and Air Amendments,Airport and Air Amendments,4,2026-03-18,https://legiscan.com/UT/bill/SB0172/2026
UT,2088588,,Cryptocurrency Amendments,Cryptocurrency Amendments,6,2026-03-06,https://legiscan.com/UT/bill/SB0173/2026
UT,2088425,,Exercise of Religious Beliefs and Conscience Amendments,Exercise of Religious Beliefs and Conscience Amendments,3,2026-03-11,https://legiscan.com/UT/bill/SB0174/2026
UT,2088489,,Health Insurance Revisions,Health Insurance Revisions,4,2026-03-18,https://legiscan.com/UT/bill/SB0175/2026
UT,2088255,,Landscaping Procurement Amendments,Landscaping Procurement Amendments,6,2026-03-06,https://legiscan.com/UT/bill/SB0176/2026
UT,2088926,,Product Pricing Amendments,Product Pricing Amendments,6,2026-03-06,https://legiscan.com/UT/bill/SB0177/2026
UT,2089281,,Right to Work Amendments,Right to Work Amendments,6,2026-03-06,https://legiscan.com/UT/bill/SB0178/2026
UT,2089514,,Wage Amendments,Wage Amendments,6,2026-03-06,https://legiscan.com/UT/bill/SB0179/2026
UT,2089883,,School Nutrition Amendments,School Nutrition Amendments,6,2026-03-06,https://legiscan.com/UT/bill/SB0180/2026
UT,2089975,,School Discipline Amendments,School Discipline Amendments,4,2026-03-19,https://legiscan.com/UT/bill/SB0181/2026
UT,2090781,,Attorney Admission to Jail Facilities Amendments,Attorney Admission to Jail Facilities Amendments,6,2026-03-06,https://legiscan.com/UT/bill/SB0182/2026
UT,2090477,,Surveillance Camera Amendments,Surveillance Camera Amendments,4,2026-03-23,https://legiscan.com/UT/bill/SB0183/2026
UT,2090518,,Justice System Amendments,Justice System Amendments,4,2026-03-24,https://legiscan.com/UT/bill/SB0184/2026
UT,2090849,,Child Welfare Parental Representation Program Amendments,Child Welfare Parental Representation Program Amendments,4,2026-03-23,https://legiscan.com/UT/bill/SB0185/2026
UT,2090912,,Charter School Modifications,Charter School Modifications,4,2026-03-19,https://legiscan.com/UT/bill/SB0186/2026
UT,2090976,,Renter Credit Reporting Amendments,Renter Credit Reporting Amendments,6,2026-03-06,https://legiscan.com/UT/bill/SB0187/2026
UT,2091855,,Construction Trades Education Amendments,Construction Trades Education Amendments,6,2026-03-06,https://legiscan.com/UT/bill/SB0188/2026
UT,2091585,,School District Funding Amendments,School District Funding Amendments,6,2026-03-06,https://legiscan.com/UT/bill/SB0189/2026
UT,2091491,,Trailer Registration Amendments,Trailer Registration Amendments,4,2026-03-23,https://legiscan.com/UT/bill/SB0190/2026
UT,2091804,,Tow Yard Amendments,Tow Yard Amendments,4,2026-03-23,https://legiscan.com/UT/bill/SB0191/2026
UT,2092073,,Legislative Activities Amendments,Legislative Activities Amendments,4,2026-03-18,https://legiscan.com/UT/bill/SB0192/2026
UT,2092301,,State Legal Holiday Amendments,State Legal Holiday Amendments,4,2026-03-18,https://legiscan.com/UT/bill/SB0193/2026
UT,2092416,,Election Modifications,Election Modifications,4,2026-03-23,https://legiscan.com/UT/bill/SB0194/2026
UT,2093392,,Workforce Development,Workforce Development,4,2026-03-24,https://legiscan.com/UT/bill/SB0195/2026
UT,2093458,,Wrongful Lien Act Amendments,Wrongful Lien Act Amendments,4,2026-03-23,https://legiscan.com/UT/bill/SB0196/2026
UT,2093582,,Transportation Funding and Governance Amendments,Transportation Funding and Governance Amendments,3,2026-03-11,https://legiscan.com/UT/bill/SB0197/2026
UT,2093599,,Water Project Management Amendments,Water Project Management Amendments,6,2026-03-06,https://legiscan.com/UT/bill/SB0198/2026
UT,2093553,,Motor Vehicle Liability Policy Amendments,Motor Vehicle Liability Policy Amendments,6,2026-03-06,https://legiscan.com/UT/bill/SB0199/2026
UT,2093475,,Impounded Vehicle Amendments,Impounded Vehicle Amendments,6,2026-03-06,https://legiscan.com/UT/bill/SB0200/2026
UT,2093633,,Shelter Animal Euthanasia Amendments,Shelter Animal Euthanasia Amendments,3,2026-03-12,https://legiscan.com/UT/bill/SB0201/2026
UT,2093772,,Mowing Ordinance Amendments,Mowing Ordinance Amendments,4,2026-03-18,https://legiscan.com/UT/bill/SB0202/2026
UT,2094703,,Local Option Sales Tax Amendments,Local Option Sales Tax Amendments,6,2026-03-06,https://legiscan.com/UT/bill/SB0203/2026
UT,2094516,,Physical Therapy Payment Amendments,Physical Therapy Payment Amendments,4,2026-03-18,https://legiscan.com/UT/bill/SB0204/2026
UT,2094829,,Law Enforcement Artificial Intelligence Amendments,Law Enforcement Artificial Intelligence Amendments,6,2026-03-06,https://legiscan.com/UT/bill/SB0205/2026
UT,2094994,,Tax Amendments,Tax Amendments,4,2026-03-23,https://legiscan.com/UT/bill/SB0206/2026
UT,2094805,,Protection from Unfair Treatment Based on Religion or Other Irrelevant Characteristics,Protection from Unfair Treatment Based on Religion or Other Irrelevant Characteristics,6,2026-03-06,https://legiscan.com/UT/bill/SB0207/2026
UT,2094925,,Vehicle Emission Inspection Program Revisions,Vehicle Emission Inspection Program Revisions,4,2026-03-23,https://legiscan.com/UT/bill/SB0208/2026
UT,2095671,,Gooseberry Narrows State Park Study,Gooseberry Narrows State Park Study,3,2026-03-11,https://legiscan.com/UT/bill/SB0209/2026
UT,2095629,,Nicotine Amendments,Nicotine Amendments,4,2026-03-23,https://legiscan.com/UT/bill/SB0210/2026
UT,2095648,,Tort Amendments,Tort Amendments,6,2026-03-06,https://legiscan.com/UT/bill/SB0211/2026
UT,2095539,,Free Exercise of Religion Revisions,Free Exercise of Religion Revisions,6,2026-03-06,https://legiscan.com/UT/bill/SB0212/2026
UT,2099167,,Utah Payment of Wages Act Statute of Limitations,Utah Payment of Wages Act Statute of Limitations,6,2026-03-06,https://legiscan.com/UT/bill/SB0213/2026
UT,2098376,,Home-based Childcare Solutions,Home-based Childcare Solutions,6,2026-03-06,https://legiscan.com/UT/bill/SB0214/2026
UT,2098640,,Eviction Record Amendments,Eviction Record Amendments,6,2026-03-06,https://legiscan.com/UT/bill/SB0215/2026
UT,2095986,,Higher Education Performance and Enrollment Funding,Higher Education Performance and Enrollment Funding,4,2026-03-19,https://legiscan.com/UT/bill/SB0216/2026
UT,2099433,,Local Food Amendments,Local Food Amendments,3,2026-03-11,https://legiscan.com/UT/bill/SB0217/2026
UT,2100938,,Constable Modifications,Constable Modifications,4,2026-03-18,https://legiscan.com/UT/bill/SB0218/2026
UT,2101420,,Highway Signage Amendments,Highway Signage Amendments,6,2026-03-06,https://legiscan.com/UT/bill/SB0219/2026
UT,2101311,,Veteran Scholarship Amendments,Veteran Scholarship Amendments,4,2026-03-19,https://legiscan.com/UT/bill/SB0220/2026
UT,2101633,,Housing and Transit Reinvestment Zone Amendments,Housing and Transit Reinvestment Zone Amendments,6,2026-03-06,https://legiscan.com/UT/bill/SB0221/2026
UT,2101832,,Right to Try Amendments,Right to Try Amendments,4,2026-03-18,https://legiscan.com/UT/bill/SB0222/2026
UT,2101902,,Sales and Use Tax Exemptions Modifications,Sales and Use Tax Exemptions Modifications,6,2026-03-06,https://legiscan.com/UT/bill/SB0223/2026
UT,2102521,,Vital Records Access Amendments,Vital Records Access Amendments,6,2026-03-06,https://legiscan.com/UT/bill/SB0224/2026
UT,2102668,,Public Corporation Amendments,Public Corporation Amendments,4,2026-03-18,https://legiscan.com/UT/bill/SB0225/2026
UT,2102620,,Fatal Motor Vehicle Accident Amendments,Fatal Motor Vehicle Accident Amendments,4,2026-03-23,https://legiscan.com/UT/bill/SB0226/2026
UT,2102701,,Punitive Damages Amendments,Punitive Damages Amendments,4,2026-03-18,https://legiscan.com/UT/bill/SB0227/2026
UT,2102967,,Community Reinvestment Agency Amendments,Community Reinvestment Agency Amendments,4,2026-03-18,https://legiscan.com/UT/bill/SB0228/2026
UT,2102995,,State Employee Benefits Amendments,State Employee Benefits Amendments,4,2026-03-24,https://legiscan.com/UT/bill/SB0229/2026
UT,2103058,,Consumer Credit Amendments,Consumer Credit Amendments,4,2026-03-23,https://legiscan.com/UT/bill/SB0230/2026
UT,2103040,,Energy User Amendments,Energy User Amendments,6,2026-03-06,https://legiscan.com/UT/bill/SB0231/2026
UT,2103464,,Regulatory Impacts on Families,Regulatory Impacts on Families,4,2026-03-18,https://legiscan.com/UT/bill/SB0232/2026
UT,2103569,,Judicial Performance Evaluation Amendments,Judicial Performance Evaluation Amendments,4,2026-03-23,https://legiscan.com/UT/bill/SB0233/2026
UT,2103615,,Rulemaking Amendments,Rulemaking Amendments,3,2026-03-11,https://legiscan.com/UT/bill/SB0234/2026
UT,2103552,,Governor Compensation Amendments,Governor Compensation Amendments,4,2026-03-18,https://legiscan.com/UT/bill/SB0235/2026
UT,2103705,,Property Tax Exemption Process Amendments,Property Tax Exemption Process Amendments,4,2026-03-23,https://legiscan.com/UT/bill/SB0236/2026
UT,2103484,,Driver License Division and Motor Vehicle Division Consolidation Amendments,Driver License Division and Motor Vehicle Division Consolidation Amendments,4,2026-03-23,https://legiscan.com/UT/bill/SB0237/2026
UT,2103720,,Property Tax Adjustments,Property Tax Adjustments,4,2026-03-23,https://legiscan.com/UT/bill/SB0238/2026
UT,2105143,,State Homeless Campus Amendments,State Homeless Campus Amendments,6,2026-03-06,https://legiscan.com/UT/bill/SB0239/2026
UT,2105083,,Higher Education Institutional Governance,Higher Education Institutional Governance,4,2026-03-19,https://legiscan.com/UT/bill/SB0240/2026
UT,2106600,,Early Literacy,Early Literacy,4,2026-03-18,https://legiscan.com/UT/bill/SB0241/2026
UT,2106553,,Transportation Amendments,Transportation Amendments,3,2026-03-11,https://legiscan.com/UT/bill/SB0242/2026
UT,2106432,,Tax Increment Amendments,Tax Increment Amendments,6,2026-03-06,https://legiscan.com/UT/bill/SB0243/2026
UT,2106481,,Cardiac Emergency Response Plans in Schools,Cardiac Emergency Response Plans in Schools,4,2026-03-19,https://legiscan.com/UT/bill/SB0244/2026
UT,2106575,,Impact Fee Amendments,Impact Fee Amendments,6,2026-03-06,https://legiscan.com/UT/bill/SB0245/2026
UT,2106456,,Utah Homeless Services Board Amendments,Utah Homeless Services Board Amendments,6,2026-03-06,https://legiscan.com/UT/bill/SB0246/2026
UT,2107157,,Road Funding Amendments,Road Funding Amendments,6,2026-03-06,https://legiscan.com/UT/bill/SB0247/2026
UT,2107327,,Child Care Expansion Act,Child Care Expansion Act,6,2026-03-06,https://legiscan.com/UT/bill/SB0248/2026
UT,2107382,,Public Employee Negotiation Amendments,Public Employee Negotiation Amendments,6,2026-03-06,https://legiscan.com/UT/bill/SB0249/2026
UT,2107299,,Great Salt Lake Amendments,Great Salt Lake Amendments,6,2026-03-06,https://legiscan.com/UT/bill/SB0250/2026
UT,2107131,,Local Health Department and Department of Environmental Quality Coordination,Local Health Department and Department of Environmental Quality Coordination,3,2026-03-12,https://legiscan.com/UT/bill/SB0251/2026
UT,2107255,,Water Usage at State-owned Facilities Amendments,Water Usage at State-owned Facilities Amendments,3,2026-03-11,https://legiscan.com/UT/bill/SB0252/2026
UT,2108765,,Library Materials Amendments,Library Materials Amendments,6,2026-03-06,https://legiscan.com/UT/bill/SB0253/2026
UT,2108441,,Extracted Natural Resources Amendments,Extracted Natural Resources Amendments,3,2026-03-11,https://legiscan.com/UT/bill/SB0254/2026
UT,2108643,,Homelessness in Vulnerable Populations Amendments,Homelessness in Vulnerable Populations Amendments,6,2026-03-06,https://legiscan.com/UT/bill/SB0255/2026
UT,2108559,,Identity Protection Modifications,Identity Protection Modifications,3,2026-03-11,https://legiscan.com/UT/bill/SB0256/2026
UT,2108683,,Domestic Relations Amendments,Domestic Relations Amendments,4,2026-03-18,https://legiscan.com/UT/bill/SB0257/2026
UT,2109476,,Infant at Work Amendments,Infant at Work Amendments,6,2026-03-06,https://legiscan.com/UT/bill/SB0258/2026
UT,2109277,,Evidence Declaration Amendments,Evidence Declaration Amendments,6,2026-03-06,https://legiscan.com/UT/bill/SB0259/2026
UT,2109211,,Dangerous Weapons at Institutions of Higher Education,Dangerous Weapons at Institutions of Higher Education,6,2026-03-06,https://legiscan.com/UT/bill/SB0260/2026
UT,2110328,,Pharmacy Practice Amendments,Pharmacy Practice Amendments,4,2026-03-18,https://legiscan.com/UT/bill/SB0261/2026
UT,2110622,,Law Enforcement Usage of Unmarked Vehicles,Law Enforcement Usage of Unmarked Vehicles,6,2026-03-06,https://legiscan.com/UT/bill/SB0262/2026
UT,2110859,,Vehicle Loads Amendments,Vehicle Loads Amendments,6,2026-03-06,https://legiscan.com/UT/bill/SB0263/2026
UT,2110766,,Elected Official Publicity Amendments,Elected Official Publicity Amendments,6,2026-03-06,https://legiscan.com/UT/bill/SB0264/2026
UT,2111191,,Uniform Community Property Disposition at Death Act Amendments,Uniform Community Property Disposition at Death Act Amendments,6,2026-03-06,https://legiscan.com/UT/bill/SB0265/2026
UT,2110813,,County Governance Revisions,County Governance Revisions,6,2026-03-06,https://legiscan.com/UT/bill/SB0266/2026
UT,2111144,,Software in Education Amendments,Software in Education Amendments,4,2026-03-18,https://legiscan.com/UT/bill/SB0267/2026
UT,2111097,,Religious Curriculum in Schools,Religious Curriculum in Schools,3,2026-03-11,https://legiscan.com/UT/bill/SB0268/2026
UT,2110718,,School Board Meeting Notification Requirements,School Board Meeting Notification Requirements,6,2026-03-06,https://legiscan.com/UT/bill/SB0269/2026
UT,2111003,,State Court Amendments,State Court Amendments,4,2026-03-24,https://legiscan.com/UT/bill/SB0270/2026
UT,2110672,,High School Activities Governance,High School Activities Governance,6,2026-03-06,https://legiscan.com/UT/bill/SB0271/2026
UT,2111654,,Transportation Funding Revisions,Transportation Funding Revisions,6,2026-03-06,https://legiscan.com/UT/bill/SB0272/2026
UT,2111686,,License Plate Amendments,License Plate Amendments,6,2026-03-06,https://legiscan.com/UT/bill/SB0273/2026
UT,2111735,,Supplemental Funding for Literacy Coaching,Supplemental Funding for Literacy Coaching,6,2026-03-06,https://legiscan.com/UT/bill/SB0274/2026
UT,2111876,,State-Endorsed Digital Identity Program Amendments,State-Endorsed Digital Identity Program Amendments,3,2026-03-12,https://legiscan.com/UT/bill/SB0275/2026
UT,2111925,,Veteran Organization Amendments,Veteran Organization Amendments,4,2026-03-23,https://legiscan.com/UT/bill/SB0276/2026
UT,2111941,,Utah Homes Investment Program Amendments,Utah Homes Investment Program Amendments,6,2026-03-06,https://legiscan.com/UT/bill/SB0277/2026
UT,2111860,,Development Authority Modifications,Development Authority Modifications,4,2026-03-18,https://legiscan.com/UT/bill/SB0278/2026
UT,2111890,,State Homeless Campus Neighbor Tax Credit,State Homeless Campus Neighbor Tax Credit,6,2026-03-06,https://legiscan.com/UT/bill/SB0279/2026
UT,2113029,,Damages Amendments,Damages Amendments,6,2026-03-06,https://legiscan.com/UT/bill/SB0280/2026
UT,2112868,,Senior Nutrition Private Donation Incentives,Senior Nutrition Private Donation Incentives,4,2026-03-18,https://legiscan.com/UT/bill/SB0281/2026
UT,2113230,,Electrical Grid Amendments,Electrical Grid Amendments,6,2026-03-06,https://legiscan.com/UT/bill/SB0282/2026
UT,2113323,,Court Fees and Administration Amendments,Court Fees and Administration Amendments,4,2026-03-23,https://legiscan.com/UT/bill/SB0283/2026
UT,2113386,,Local Land and Water Modifications,Local Land and Water Modifications,4,2026-03-18,https://legiscan.com/UT/bill/SB0284/2026
UT,2113419,,Uninsured Children Dental Care Amendments,Uninsured Children Dental Care Amendments,6,2026-03-06,https://legiscan.com/UT/bill/SB0285/2026
UT,2113484,,Interior Designer Amendments,Interior Designer Amendments,4,2026-03-19,https://legiscan.com/UT/bill/SB0286/2026
UT,2113450,,Targeted Advertising Tax,Targeted Advertising Tax,3,2026-03-12,https://legiscan.com/UT/bill/SB0287/2026
UT,2114090,,Medicaid Provider Amendments,Medicaid Provider Amendments,4,2026-03-18,https://legiscan.com/UT/bill/SB0288/2026
UT,2114236,,Local Sales Tax Distribution Amendments,Local Sales Tax Distribution Amendments,6,2026-03-06,https://legiscan.com/UT/bill/SB0289/2026
UT,2115075,,Victim and Witness Privacy Amendments,Victim and Witness Privacy Amendments,4,2026-03-23,https://legiscan.com/UT/bill/SB0290/2026
UT,2114940,,Student Transportation Amendments,Student Transportation Amendments,6,2026-03-06,https://legiscan.com/UT/bill/SB0291/2026
UT,2115309,,Autonomous Systems Amendments,Autonomous Systems Amendments,4,2026-03-23,https://legiscan.com/UT/bill/SB0292/2026
UT,2116780,,Consumer Pricing Data Amendments,Consumer Pricing Data Amendments,6,2026-03-06,https://legiscan.com/UT/bill/SB0293/2026
UT,2116941,,Student Achievement Backpack,Student Achievement Backpack,6,2026-03-06,https://legiscan.com/UT/bill/SB0294/2026
UT,2117478,,Intellectual Diversity in Education and Government,Intellectual Diversity in Education and Government,3,2026-03-12,https://legiscan.com/UT/bill/SB0295/2026
UT,2117446,,Student Consent Amendments,Student Consent Amendments,4,2026-03-19,https://legiscan.com/UT/bill/SB0296/2026
UT,2117566,,School Social Worker Amendments,School Social Worker Amendments,6,2026-03-06,https://legiscan.com/UT/bill/SB0297/2026
UT,2117456,,Programmable Money Amendments,Programmable Money Amendments,4,2026-03-19,https://legiscan.com/UT/bill/SB0298/2026
UT,2117511,,Candidate Name Modifications,Candidate Name Modifications,6,2026-03-06,https://legiscan.com/UT/bill/SB0299/2026
UT,2117591,,Single Payer Health Insurance Amendments,Single Payer Health Insurance Amendments,6,2026-03-06,https://legiscan.com/UT/bill/SB0300/2026
UT,2118062,,Summons Amendments,Summons Amendments,6,2026-03-06,https://legiscan.com/UT/bill/SB0301/2026
UT,2118013,,Domestic Violence Amendments,Domestic Violence Amendments,6,2026-03-06,https://legiscan.com/UT/bill/SB0302/2026
UT,2118113,,Expungement Amendments,Expungement Amendments,2,2026-03-03,https://legiscan.com/UT/bill/SB0303/2026
UT,2118220,,Protective Order Amendments,Protective Order Amendments,4,2026-03-23,https://legiscan.com/UT/bill/SB0304/2026
UT,2118807,,Hospital Quality Incentive Amendments,Hospital Quality Incentive Amendments,4,2026-03-19,https://legiscan.com/UT/bill/SB0305/2026
UT,2118781,,Special Districts Modifications,Special Districts Modifications,6,2026-03-06,https://legiscan.com/UT/bill/SB0306/2026
UT,2118742,,Garnishment Fee Amendments,Garnishment Fee Amendments,4,2026-03-19,https://legiscan.com/UT/bill/SB0307/2026
UT,2118859,,Judicial District Amendments,Judicial District Amendments,6,2026-03-06,https://legiscan.com/UT/bill/SB0308/2026
UT,2119767,,Single-family Home Rental Modifications,Single-family Home Rental Modifications,6,2026-03-06,https://legiscan.com/UT/bill/SB0309/2026
UT,2119959,,Uniform Intimate Images Amendments,Uniform Intimate Images Amendments,4,2026-03-23,https://legiscan.com/UT/bill/SB0310/2026
UT,2119884,,Medical Translation Amendments,Medical Translation Amendments,4,2026-03-19,https://legiscan.com/UT/bill/SB0311/2026
UT,2120000,,Educator License Amendments,Educator License Amendments,3,2026-03-10,https://legiscan.com/UT/bill/SB0312/2026
UT,2121098,,Recidivism Amendments,Recidivism Amendments,4,2026-03-23,https://legiscan.com/UT/bill/SB0313/2026
UT,2121115,,Sleep Disorders Education Amendments,Sleep Disorders Education Amendments,4,2026-03-19,https://legiscan.com/UT/bill/SB0314/2026
UT,2121100,,Tax Credit Modifications,Tax Credit Modifications,6,2026-03-06,https://legiscan.com/UT/bill/SB0315/2026
UT,2122149,,Public Employee Attorney Fee Recovery Amendments,Public Employee Attorney Fee Recovery Amendments,6,2026-03-06,https://legiscan.com/UT/bill/SB0316/2026
UT,2122190,,Opioid Terminology Amendments,Opioid Terminology Amendments,6,2026-03-06,https://legiscan.com/UT/bill/SB0317/2026
UT,2122163,,Data Center Non Disclosure Amendments,Data Center Non Disclosure Amendments,6,2026-03-06,https://legiscan.com/UT/bill/SB0318/2026
UT,2122388,,Health Insurance Preauthorization Amendments,Health Insurance Preauthorization Amendments,4,2026-03-19,https://legiscan.com/UT/bill/SB0319/2026
UT,2122325,,School-based Food Pantry Amendments,School-based Food Pantry Amendments,6,2026-03-06,https://legiscan.com/UT/bill/SB0320/2026
UT,2122448,,Municipal Election Amendments,Municipal Election Amendments,4,2026-03-23,https://legiscan.com/UT/bill/SB0321/2026
UT,2122567,,Educational Technology Regulatory Sandbox,Educational Technology Regulatory Sandbox,6,2026-03-06,https://legiscan.com/UT/bill/SB0322/2026
UT,2122506,,Criminal and Juvenile Justice Recodification,Criminal and Juvenile Justice Recodification,4,2026-03-23,https://legiscan.com/UT/bill/SB0323/2026
UT,2122956,,Outcome-based Investment Grant Pilot Framework,Outcome-based Investment Grant Pilot Framework,4,2026-03-18,https://legiscan.com/UT/bill/SB0324/2026
UT,2122846,,Amendments to Cannabis Agreements With Tribes,Amendments to Cannabis Agreements With Tribes,6,2026-03-06,https://legiscan.com/UT/bill/SB0325/2026
UT,2122900,,School Board Election Modifications,School Board Election Modifications,4,2026-03-19,https://legiscan.com/UT/bill/SB0326/2026
UT,2126298,,Occupational Licensing Amendments,Occupational Licensing Amendments,6,2026-03-06,https://legiscan.com/UT/bill/SB0327/2026
UT,2127042,,Municipal Service District Amendments,Municipal Service District Amendments,6,2026-03-06,https://legiscan.com/UT/bill/SB0328/2026
UT,2127731,,Public Contracting and Boycott Amendments,Public Contracting and Boycott Amendments,6,2026-03-06,https://legiscan.com/UT/bill/SB0329/2026
UT,2127810,,Land Use Regulation Amendments,Land Use Regulation Amendments,6,2026-03-06,https://legiscan.com/UT/bill/SB0330/2026
UT,2060839,,Senate Rules Resolution - Amendments to Senate Rules,Senate Rules Resolution - Amendments to Senate Rules,3,2026-01-21,https://legiscan.com/UT/bill/SR0001/2026
UT,2060934,,Senate Rules Resolution - Standing Committee Duties,Senate Rules Resolution - Standing Committee Duties,3,2026-01-22,https://legiscan.com/UT/bill/SR0002/2026
UT,2099963,,Senate Resolution Regarding Animal Sheltering During Disasters,Senate Resolution Regarding Animal Sheltering During Disasters,3,2026-02-27,https://legiscan.com/UT/bill/SR0003/2026
UT,2107228,,Resolution Encouraging the Integration of Agriculture into Residential Development,Resolution Encouraging the Integration of Agriculture into Residential Development,3,2026-03-02,https://legiscan.com/UT/bill/SR0004/2026
UT,2060926,,Concurrent Resolution Regarding Nuclear Energy,Concurrent Resolution Regarding Nuclear Energy,3,2026-03-11,https://legiscan.com/UT/bill/SCR001/2026
UT,2061376,,Concurrent Resolution Concerning Remembrances of the 25th Anniversary of the 9/11 Attacks,Concurrent Resolution Concerning Remembrances of the 25th Anniversary of the 9/11 Attacks,4,2026-02-13,https://legiscan.com/UT/bill/SCR002/2026
UT,2078664,,Concurrent Resolution Regarding Nuclear Weapons Testing,Concurrent Resolution Regarding Nuclear Weapons Testing,6,2026-03-06,https://legiscan.com/UT/bill/SCR003/2026
UT,2079316,,"Concurrent Resolution Regarding Permitting of Oil, Gas, and Mining","Concurrent Resolution Regarding Permitting of Oil, Gas, and Mining",4,2026-03-07,https://legiscan.com/UT/bill/SCR004/2026
UT,2085836,,Concurrent Resolution Directing PEHP Regarding Pain Medication,Concurrent Resolution Directing PEHP Regarding Pain Medication,4,2026-03-24,https://legiscan.com/UT/bill/SCR005/2026
UT,2085747,,Concurrent Resolution Regarding Pediatric Care for Autonomic Disorders,Concurrent Resolution Regarding Pediatric Care for Autonomic Disorders,4,2026-03-24,https://legiscan.com/UT/bill/SCR006/2026
UT,2087205,,Concurrent Resolution on State Innovation for Transition from Government Benefits to Self-reliance,Concurrent Resolution on State Innovation for Transition from Government Benefits to Self-reliance,4,2026-03-24,https://legiscan.com/UT/bill/SCR007/2026
UT,2088861,,Resolution Honoring the Utah Parent Teacher Association,Resolution Honoring the Utah Parent Teacher Association,6,2026-03-06,https://legiscan.com/UT/bill/SCR008/2026
UT,2108724,,Concurrent Resolution Regarding Critical Minerals Development and Funding,Concurrent Resolution Regarding Critical Minerals Development and Funding,4,2026-03-24,https://legiscan.com/UT/bill/SCR009/2026
UT,2108844,,Concurrent Resolution Emphasizing Utah's Commitment to Advanced Air Mobility,Concurrent Resolution Emphasizing Utah's Commitment to Advanced Air Mobility,4,2026-03-24,https://legiscan.com/UT/bill/SCR010/2026
UT,2127768,,Concurrent Resolution Supporting Federal Public Lands in Utah,Concurrent Resolution Supporting Federal Public Lands in Utah,6,2026-03-06,https://legiscan.com/UT/bill/SCR011/2026
UT,2056838,,Joint Resolution Amending Rules of Evidence Concerning Crimes or Other Acts,Joint Resolution Amending Rules of Evidence Concerning Crimes or Other Acts,3,2026-03-03,https://legiscan.com/UT/bill/SJR001/2026
UT,2056780,,Joint Resolution Regarding Constitutional Brackets,Joint Resolution Regarding Constitutional Brackets,3,2026-02-13,https://legiscan.com/UT/bill/SJR002/2026
UT,2060865,,Joint Resolution Amending Rules Relating to the Practice of Law,Joint Resolution Amending Rules Relating to the Practice of Law,6,2026-03-06,https://legiscan.com/UT/bill/SJR003/2026
UT,2065884,,Joint Resolution Concerning Federal Term Limits,Joint Resolution Concerning Federal Term Limits,6,2026-03-06,https://legiscan.com/UT/bill/SJR004/2026
UT,2071356,,Joint Resolution Amending the Utah Rules of Civil Procedure,Joint Resolution Amending the Utah Rules of Civil Procedure,3,2026-02-13,https://legiscan.com/UT/bill/SJR005/2026
UT,2084057,,Joint Resolution Amending Court Rules,Joint Resolution Amending Court Rules,3,2026-03-12,https://legiscan.com/UT/bill/SJR006/2026
UT,2085870,,Joint Resolution Regarding Utah's Protection and Advocacy Agency,Joint Resolution Regarding Utah's Protection and Advocacy Agency,6,2026-03-06,https://legiscan.com/UT/bill/SJR007/2026
UT,2087273,,Joint Resolution to Initiate a Law School at Utah Valley University,Joint Resolution to Initiate a Law School at Utah Valley University,3,2026-03-11,https://legiscan.com/UT/bill/SJR008/2026
UT,2091104,,Joint Resolution Expressing Friendship and Support for Taiwan,Joint Resolution Expressing Friendship and Support for Taiwan,6,2026-03-06,https://legiscan.com/UT/bill/SJR009/2026
UT,2093504,,Joint Resolution Amending Court Rules Regarding Jury Selection,Joint Resolution Amending Court Rules Regarding Jury Selection,6,2026-03-06,https://legiscan.com/UT/bill/SJR010/2026
UT,2093534,,Joint Resolution Recognizing National Blood Donor Month,Joint Resolution Recognizing National Blood Donor Month,3,2026-03-12,https://legiscan.com/UT/bill/SJR011/2026
UT,2093703,,Joint Resolution on Civic Engagement and Service,Joint Resolution on Civic Engagement and Service,6,2026-03-06,https://legiscan.com/UT/bill/SJR012/2026
UT,2103595,,Joint Resolution Honoring Irish and Irish-American Contributions to the Founding of the United States,Joint Resolution Honoring Irish and Irish-American Contributions to the Founding of the United States,3,2026-03-12,https://legiscan.com/UT/bill/SJR013/2026
UT,2107849,,Joint Resolution Recognizing the Utah Land Use Task Force,Joint Resolution Recognizing the Utah Land Use Task Force,6,2026-03-06,https://legiscan.com/UT/bill/SJR014/2026
UT,2107809,,Joint Resolution Recognizing the Utah Property Rights Coalition,Joint Resolution Recognizing the Utah Property Rights Coalition,6,2026-03-06,https://legiscan.com/UT/bill/SJR015/2026
UT,2117555,,Joint Rules Resolution - Legislative Ethics Amendments,Joint Rules Resolution - Legislative Ethics Amendments,3,2026-03-12,https://legiscan.com/UT/bill/SJR016/2026
UT,2121133,,Resolution Encouraging Innovation in Legislative Analysis and Information Services,Resolution Encouraging Innovation in Legislative Analysis and Information Services,6,2026-03-06,https://legiscan.com/UT/bill/SJR017/2026
UT,2125136,,Proposal to Amend Utah Constitution - Legislative Duties,Proposal to Amend Utah Constitution - Legislative Duties,6,2026-03-06,https://legiscan.com/UT/bill/SJR018/2026
