state,bill_id,bill_number,title,description,status,status_date,url
WY,2111266,,General government appropriations-2.,"AN ACT to make appropriations for the fiscal biennium commencing July 1, 2026 and ending June 30, 2028; providing definitions; providing for appropriations and transfers of funds for the period of the budget and for the remainder of the current biennium ending June 30, 2026 as specified; providing for carryover of certain funds beyond the biennium as specified; providing for employee positions as specified; providing for duties, terms and conditions and other requirements relating to appropriations for the remainder of the current biennium ending June 30, 2026 and the period of the budget as specified; providing for position and other budgetary limitations; amending existing law by redirecting revenues for the period of the budget; continuing an account; authorizing loans; discharging interfund loans; increasing higher education scholarship amounts for the fiscal biennium commencing July 1, 2026 and ending June 30, 2028; making conforming amendments; amending and repealing prior appropriations; and providing for effective dates.",2,2026-02-21,https://legiscan.com/WY/bill/HB0001/2026
WY,2055019,,Fast Track Permits Act. ,"AN ACT relating to city, county, state and local powers; requiring local government entities to comply with deadlines for reviewing specified residential building permits; allowing deadlines to be suspended and extended as specified; requiring local government entities to provide notice; providing definitions; providing penalties; specifying applicability; and providing for an effective date.",4,2026-03-05,https://legiscan.com/WY/bill/HB0002/2026
WY,2054649,,Wyoming pregnancy centers-autonomy and rights.,"AN ACT relating to public health and safety; providing legislative findings; prohibiting the state and specified governmental entities from adopting any law, rule or policy that targets pregnancy centers for oversight or regulation based on the centers' stance against abortion; providing definitions; providing penalties; making conforming amendments; and providing for an effective date.",4,2026-03-06,https://legiscan.com/WY/bill/HB0003/2026
WY,2054781,,Birthing centers-Medicaid coverage.,AN ACT relating to medical assistance and services; authorizing payment for services rendered by a birthing center under the Wyoming Medical Assistance and Services Act; and providing for an effective date.,4,2026-02-27,https://legiscan.com/WY/bill/HB0004/2026
WY,2054593,,Oil and gas bonding pool-investment and earnings.,AN ACT relating to oil and gas; providing for the investment of bonding pool assessment proceeds; specifying the disposition of investment earnings; and providing for an effective date.,4,2026-02-27,https://legiscan.com/WY/bill/HB0005/2026
WY,2054721,,Unemployment insurance coverage-period and reporting.,AN ACT relating to labor and employment; reducing the maximum amount of unemployment benefits; renaming the unemployment insurance commission; specifying applicability; providing and amending definitions; providing an appropriation; and providing for effective dates.,6,2026-02-09,https://legiscan.com/WY/bill/HB0006/2026
WY,2054614,,SNAP benefits-waiver request.,AN ACT relating to welfare; requiring the director of the department of family services to request a waiver under the supplemental nutrition assistance program as specified; providing definitions; and providing for an effective date.,6,2026-02-09,https://legiscan.com/WY/bill/HB0007/2026
WY,2054960,,Stalking of minors.,AN ACT relating to crimes and offenses; providing for a felony penalty for stalking offenses committed against minors; and providing for an effective date.,4,2026-03-05,https://legiscan.com/WY/bill/HB0008/2026
WY,2054638,,Grooming of children-offenses and amendments.,AN ACT relating to crimes and offenses; establishing the criminal offense of grooming of a minor for a sexual offense; specifying penalties; providing definitions; making conforming amendments; and providing for an effective date.,4,2026-03-05,https://legiscan.com/WY/bill/HB0009/2026
WY,2054871,,Sexually explicit materials in libraries-requirements.,AN ACT relating to libraries and education; specifying requirements for county libraries and school libraries to govern access to sexually explicit materials by minors; providing definitions; providing a cause of action for violations; specifying penalties; making conforming amendments; and providing for an effective date.,6,2026-03-03,https://legiscan.com/WY/bill/HB0010/2026
WY,2055204,,Eminent domain-landowner bill of rights.,AN ACT relating to eminent domain; creating a landowner's bill of rights brochure as specified; requiring notice of rights to landowners during the initial eminent domain process; imposing responsibility on any person attempting to exercise the power of eminent domain to provide these rights to the landowner; specifying applicability; and providing for an effective date.,6,2026-02-23,https://legiscan.com/WY/bill/HB0011/2026
WY,2057184,,Clean Air and Geoengineering Prohibition Act.,AN ACT relating to environmental quality; prohibiting the release of atmospheric contaminants into the airspace above Wyoming as specified; providing legislative findings; providing definitions; authorizing the director of the department of environmental quality to monitor compliance with this act and issue cease and desist orders as specified; prohibiting retaliation against persons who report violations of this act; providing criminal penalties; providing positions; providing appropriations; requiring rulemaking; making conforming amendments; and providing for an effective date.,6,2026-02-09,https://legiscan.com/WY/bill/HB0012/2026
WY,2057331,,Ivermectin-no prescription required.,AN ACT relating to pharmacy; requiring ivermectin be provided as an over-the-counter medication and without consultation with a health care professional; providing definitions; and providing for an effective date.,6,2026-02-10,https://legiscan.com/WY/bill/HB0013/2026
WY,2057381,,Protecting self-defense-reimbursement and amendments.,AN ACT relating to crimes and offenses; clarifying the use of self-defense to prevent injury or loss to other persons and property; requiring the expungement of records for cases dismissed for use of self-defense; authorizing reimbursement of costs incurred in defending a criminal prosecution after successfully asserting self-defense; providing definitions; making conforming amendments; specifying applicability; and providing for an effective date.,6,2026-02-10,https://legiscan.com/WY/bill/HB0014/2026
WY,2058899,,Right to repair digital electronic equipment.,"AN ACT relating to consumer protection; establishing provisions related to repairing digital electronic equipment; requiring original equipment manufacturers to make documents, parts and tools available as specified; providing exceptions; providing definitions; providing for a penalty; providing a sunset date; making conforming amendments; specifying applicability; and providing for an effective date.",6,2026-03-03,https://legiscan.com/WY/bill/HB0015/2026
WY,2058979,,Secretary of state-expedited filings.,AN ACT relating to the administration of government; allowing the secretary of state to charge a fee to expedite filings of documents as specified; and providing for an effective date.,4,2026-03-07,https://legiscan.com/WY/bill/HB0016/2026
WY,2058941,,Select Committee on Blockchain and Emerging Technologies.,"AN ACT relating to the legislature; amending the name and duties of the select committee on blockchain, financial technology and digital innovation technology; amending the sponsorship authority of the select committee; making conforming amendments; and providing for an effective date.",1,2026-02-09,https://legiscan.com/WY/bill/HB0017/2026
WY,2059091,,State museum-fees authorization.,AN ACT relating to state parks and cultural resources; authorizing the department of state parks and cultural resources to establish and collect fees for the Wyoming state museum; providing for the disposition of collected fees; renaming and continuing a fund; authorizing rulemaking; and providing for an effective date.,6,2026-02-09,https://legiscan.com/WY/bill/HB0018/2026
WY,2059097,,Corner crossing clarification.,AN ACT relating to crimes and offenses; providing a clarifying exception to the offenses of trespass and game-and-fish trespass regarding incidental contact associated with crossing two (2) adjacent parcels as specified; and providing for an effective date.,2,2026-02-19,https://legiscan.com/WY/bill/HB0019/2026
WY,2059104,,State parks-nonmotorized recreational trail fees.,AN ACT relating to state parks and cultural resources; authorizing the department of state parks and cultural resources to establish nonmotorized recreational trail fees; providing for administration of the fees; creating an account; providing for continuous appropriation of the account; requiring rulemaking; and providing for effective dates.,6,2026-02-09,https://legiscan.com/WY/bill/HB0020/2026
WY,2059083,,Gaming proceeds-outdoor recreation.,AN ACT relating to gaming; specifying the disposition of gaming revenues for outdoor recreation purposes; and providing for an effective date.,6,2026-02-09,https://legiscan.com/WY/bill/HB0021/2026
WY,2059594,,Recall of elected municipal officers.,AN ACT relating to cities and towns; establishing recall provisions for municipal elected officers as specified; repealing a duplicative provision; and providing for an effective date.,2,2026-02-18,https://legiscan.com/WY/bill/HB0022/2026
WY,2060488,,Participation in school activities.,AN ACT relating to public school cocurricular and extracurricular activities; requiring school districts to allow children not enrolled in the district to participate in cocurricular and extracurricular activities; specifying applicability; and providing for an effective date.,4,2026-03-06,https://legiscan.com/WY/bill/HB0023/2026
WY,2060518,,Review of charter school applications.,AN ACT relating to review of charter school applications; amending the timeline for authorizers to review charter school applications; and providing for an effective date.,4,2026-03-05,https://legiscan.com/WY/bill/HB0024/2026
WY,2060547,,Wyoming's tomorrow scholarship program amendments. ,AN ACT relating to Wyoming's tomorrow scholarship program; eliminating the continuous enrollment requirement to maintain scholarship eligibility; repealing a provision of law; and providing for an effective date.,4,2026-03-05,https://legiscan.com/WY/bill/HB0025/2026
WY,2060454,,Vehicle registration fees-tribal governments.,AN ACT relating to motor vehicles; exempting motor vehicles owned by tribal governments from paying county and state registration fees; requiring the department of transportation to issue distinctive license plates for vehicles owned by tribal governments; and providing for an effective date.,4,2026-03-05,https://legiscan.com/WY/bill/HB0026/2026
WY,2060824,,Continuity of Permitting Act. ,AN ACT relating to cities and towns; requiring jurisdiction over pending building permit or land use applications on land annexed by a city or town to remain with the county until the applications are issued or denied by the county following annexation; requiring jurisdiction to transfer to an annexing city or town as specified; prohibiting counties from arbitrarily and capriciously denying applications for the purpose of transferring jurisdiction; specifying applicability; and providing for an effective date.,6,2026-02-10,https://legiscan.com/WY/bill/HB0027/2026
WY,2061057,,Sexual exploitation of children-amendments.,AN ACT relating to crimes and offenses; amending the definition of explicit sexual conduct for the purposes of the crime of sexual exploitation of children; and providing for an effective date.,4,2026-03-05,https://legiscan.com/WY/bill/HB0028/2026
WY,2065588,,Trapping licenses-nonresident reciprocal licenses.,AN ACT relating to game and fish; clarifying reciprocal requirements for a nonresident trapping license; requiring rulemaking; and providing for effective dates.,6,2026-02-23,https://legiscan.com/WY/bill/HB0029/2026
WY,2065634,,Vehicle registration fees-amendments.,AN ACT relating to motor vehicles; amending the formula to calculate county vehicle registration fees for specified vehicles; and providing for an effective date.,6,2026-02-10,https://legiscan.com/WY/bill/HB0030/2026
WY,2068213,,"Saddles, not steering wheels act. ",AN ACT relating to motor vehicles; specifying that the definition of vehicle excludes horses and other equines being ridden for purposes of driving under the influence violations; and providing for an effective date.,6,2026-02-13,https://legiscan.com/WY/bill/HB0031/2026
WY,2068140,,English proficiency-commercial motor vehicle drivers.,AN ACT relating to motor vehicles; requiring operators of commercial motor vehicles to demonstrate proficiency in the English language; prohibiting operators of commercial motor vehicles who cannot demonstrate English language proficiency from operating commercial motor vehicles as specified; providing criminal penalties; providing definitions; making conforming amendments; and providing for an effective date.,4,2026-03-05,https://legiscan.com/WY/bill/HB0032/2026
WY,2070832,,Strategic investments and projects account-repeal.,AN ACT relating to public funds; repealing the strategic investments and projects account; providing for the transfer from and the reversion of funds from the strategic investments and projects account; making conforming amendments; amending the disposition of investment earnings and deposits as specified; repealing obsolete provisions; and providing for an effective date.,6,2026-02-09,https://legiscan.com/WY/bill/HB0033/2026
WY,2070976,,Firefighters-retirement plans.,AN ACT relating to compensation and benefits; authorizing firefighters to participate in retirement system plans as specified; providing appropriations; requiring rulemaking;  specifying implementation; and providing for effective dates.,4,2026-02-27,https://legiscan.com/WY/bill/HB0034/2026
WY,2070945,,Firefighters-paid leave and hazard pay.,AN ACT relating to the office of state lands and investments; authorizing firefighters to receive hazard pay and paid time off as specified; providing appropriations; requiring rulemaking; and providing for effective dates.,4,2026-02-27,https://legiscan.com/WY/bill/HB0035/2026
WY,2070919,,Forestry division wildland fire modules.,AN ACT relating to the state forester; authorizing positions; providing for an appropriation for wildland fire suppression modules; and providing for an effective date.,4,2026-03-07,https://legiscan.com/WY/bill/HB0036/2026
WY,2071787,,County officials-nonpartisan elections.,AN ACT relating to elections; providing for the nonpartisan nomination and election of candidates for specified county elected offices; modifying the procedure to fill vacancies for nonpartisan county elected offices; providing for the order of offices on nonpartisan election ballots; specifying the form of election ballots; making conforming amendments; repealing a conflicting provision; and providing for an effective date.,6,2026-02-11,https://legiscan.com/WY/bill/HB0037/2026
WY,2071515,,Pesticide registration fee increase.,AN ACT relating to food and drugs; amending the pesticide registration fee; specifying distribution of the fee; specifying applicability; and providing for an effective date.,6,2026-02-10,https://legiscan.com/WY/bill/HB0038/2026
WY,2071648,,Firearms rights-restoration amendments.,AN ACT relating to crimes and offenses; clarifying the effect of an out-of-state restoration of rights for purposes of rights in Wyoming; and providing for an effective date.,4,2026-03-07,https://legiscan.com/WY/bill/HB0039/2026
WY,2072130,,Suicide prevention.,AN ACT relating to education; requiring suicide prevention education; and providing for an effective date.,6,2026-02-10,https://legiscan.com/WY/bill/HB0040/2026
WY,2073929,,"WHP, DCI and warden retirement benefits-amendments.",AN ACT relating to compensation and benefits; providing a monthly death benefit for specified law enforcement officers killed in the line of duty; specifying applicability; and providing for an effective date.,4,2026-03-07,https://legiscan.com/WY/bill/HB0041/2026
WY,2073637,,Duty to stop vehicle during accidents-amendments.,AN ACT relating to motor vehicles; amending the elements and penalty for the failure to comply with the duty to stop vehicle where an accident involves death or personal injuries; making the penalty for failure to stop vehicle where an accident involves death or personal injuries a felony; increasing penalties; and providing for an effective date.,6,2026-02-23,https://legiscan.com/WY/bill/HB0042/2026
WY,2073971,,Anti-money laundering.,AN ACT relating to crimes and offenses; creating the offenses of money laundering and illegal investments; providing definitions; providing penalties; and providing for an effective date.,4,2026-03-07,https://legiscan.com/WY/bill/HB0043/2026
WY,2073930,,Revisor's bill.,AN ACT relating to the revision of statutes and other legislative enactments; correcting statutory references and language resulting from inadvertent errors and omissions in previously adopted legislation; amending obsolete references; and providing for an effective date.,4,2026-03-07,https://legiscan.com/WY/bill/HB0044/2026
WY,2081231,,Long-term homeowner tax exemption-revisions.,AN ACT relating to taxation; revising the deadline to apply and the exemption amount for the property tax exemption for long-term homeowners; providing a method to claim the property tax exemption in subsequent years; establishing a limitation on the long-term homeowner tax exemption; amending definitions; repealing the sunset date of the property tax exemption; and providing for an effective date.,4,2026-03-07,https://legiscan.com/WY/bill/HB0045/2026
WY,2080564,,Electricity from solar and nuclear resources-taxation.,AN ACT relating to taxes on electricity production; amending the tax on the production of electricity from wind resources to include a tax on the production of electricity from solar and nuclear generating resources; making conforming amendments; repealing the existing tax on electricity produced from nuclear reactors; and providing for an effective date.,6,2026-02-09,https://legiscan.com/WY/bill/HB0046/2026
WY,2082583,,Duty to assist during emergencies.,AN ACT relating to crimes and offenses; specifying a requirement for persons to assist others at risk of serious bodily injury or death; creating a criminal offense for failure to assist; specifying penalties; and providing for an effective date.,6,2026-02-11,https://legiscan.com/WY/bill/HB0047/2026
WY,2087222,,Pen and paper ballots.,AN ACT relating to elections; requiring counties to use pen and paper as the default method to mark ballots for elections in Wyoming; providing an exception; making conforming amendments; and providing for an effective date.,6,2026-02-09,https://legiscan.com/WY/bill/HB0048/2026
WY,2087279,,Ballot drop boxes-prohibition.,AN ACT relating to elections; prohibiting the use of drop boxes for the delivery of ballots as specified; and providing for an effective date.,6,2026-02-09,https://legiscan.com/WY/bill/HB0049/2026
WY,2087451,,Ballot harvesting-prohibition.,AN ACT relating to elections; prohibiting a person from delivering ballots of other electors to the county clerk; providing exceptions; specifying that ballots shall not be tabulated as specified; providing a penalty; and providing for an effective date.,6,2026-02-09,https://legiscan.com/WY/bill/HB0050/2026
WY,2087162,,Random hand count audits of election results.,AN ACT relating to elections; requiring a hand count audit of ballots as specified; requiring rulemaking; and providing for an effective date.,6,2026-02-09,https://legiscan.com/WY/bill/HB0051/2026
WY,2087394,,Elections-hand counting for recounts.,AN ACT relating to elections; providing a process for certain recounts to be conducted by hand counting the votes; authorizing the secretary of state and county clerks to require recounts as specified; providing for hand counts to be requested by candidates as specified; specifying the costs of recounts; clarifying when a counting board is required to be appointed; amending dates related to elections; amending provisions related to election recount judges; requiring the completion of a hand count by the county clerk of each county in the 2026 primary and general elections; specifying requirements for the hand count; requiring rulemaking; creating an account; making conforming amendments; providing appropriations; and providing for effective dates.,6,2026-03-03,https://legiscan.com/WY/bill/HB0052/2026
WY,2087104,,Poll watchers-polling stations observation.,AN ACT relating to elections; amending the appointment and authority of poll watchers to observe polling locations; making conforming amendments; authorizing rulemaking; and providing for an effective date.,6,2026-02-09,https://legiscan.com/WY/bill/HB0053/2026
WY,2087336,,Elections-independent candidate requirements.,AN ACT relating to elections; requiring independent candidates to swear that they are unaffiliated or not registered with a major or minor political party; revising the number of signatures required for independent candidates to appear on the general election ballot; revising the deadline to file a petition as an independent candidate; and providing for an effective date.,6,2026-02-09,https://legiscan.com/WY/bill/HB0054/2026
WY,2088569,,Wyoming homestead opportunity program.,AN ACT relating to state lands; establishing the Wyoming Homestead Opportunity Program; making legislative findings; providing for the establishment and disposal of lots to eligible purchasers as specified; prohibiting ownership of lots by business entities; requiring the use of lots for single-family residential purposes; providing for reversion of lots; requiring rulemaking; requiring reports; providing definitions; making conforming amendments; providing an appropriation; and providing for an effective date.,6,2026-02-13,https://legiscan.com/WY/bill/HB0055/2026
WY,2090923,,Carbon capture mandate-repeal.,AN ACT relating to public utilities; repealing low-carbon energy standard requirements; repealing conflicting provisions; making conforming amendments; specifying applicability; requiring rulemaking; and providing for an effective date.,6,2026-03-04,https://legiscan.com/WY/bill/HB0056/2026
WY,2091061,,Hathaway private post secondary institution scholarships.,AN ACT relating to the use of Hathaway scholarships at private post secondary institutions; defining terms; creating a scholarship; establishing eligibility requirements; establishing payment of scholarship funds to private post secondary institutions; specifying success curriculum requirements; modifying the duties of the department of education; providing a sunset date; requiring rulemaking; requiring reporting; making conforming amendments; and providing for an effective date.,6,2026-02-09,https://legiscan.com/WY/bill/HB0057/2026
WY,2092678,,Voter approval for mill levy imposition.,"AN ACT relating to taxation; requiring elections for the imposition of specified mill levies for recreational purposes, boards of cooperative educational services and special school taxes; specifying dates of the elections; specifying applicability; providing for the expiration of existing specified mill levies; and providing for an effective date.",6,2026-02-13,https://legiscan.com/WY/bill/HB0058/2026
WY,2093611,,Bond election language process.,AN ACT relating to elections; amending requirements for the bond question; creating a civil cause of action; and providing for an effective date.,6,2026-02-10,https://legiscan.com/WY/bill/HB0059/2026
WY,2094482,,Attorney general-elected.,AN ACT relating to the administration of government; providing for the election of the attorney general; designating the attorney general as a state elected official; setting the attorney general's term of office; setting the attorney general's salary; providing for filling a vacancy in the position; repealing and modifying provisions for interim appointment; providing for the application of the Ethics and Disclosure Act and other laws to the office of the attorney general and attorney general as a state elected official; amending certain provisions regarding actions the attorney general takes requiring approval of or pursuant to the direction of the governor; prescribing additional duties of the attorney general; making conforming amendments; repealing an obsolete provision; and providing for effective dates.,6,2026-02-10,https://legiscan.com/WY/bill/HB0060/2026
WY,2094732,,Cultivated meat-prohibition.,"AN ACT relating to public health and safety; prohibiting the manufacture, sale and distribution of cultivated meat for human consumption; providing definitions; providing penalties; and providing for effective dates.",6,2026-02-23,https://legiscan.com/WY/bill/HB0061/2026
WY,2100784,,The Christian Smith Safety Act.,AN ACT relating to governmental claims; amending the maximum liability amounts for claims authorized under the Wyoming Governmental Claims Act; providing for an adjustment to maximum liability amounts based on inflation; making conforming amendments; specifying applicability; and providing for an effective date.,6,2026-02-23,https://legiscan.com/WY/bill/HB0062/2026
WY,2100553,,Medicaid reimbursement-nursing homes.,AN ACT relating to medical assistance and services; providing for increased reimbursement for skilled nursing homes under the Wyoming Medical Assistance and Services Act as specified; providing appropriations; specifying applicability; requiring reports; requiring rulemaking; and providing for effective dates.,6,2026-02-11,https://legiscan.com/WY/bill/HB0063/2026
WY,2100861,,Enhanced Medicaid reimbursement rate-maternal services.,AN ACT relating to medical assistance and services; authorizing the department of health to apply for enhanced Medicaid reimbursement for eligible providers of maternal services; providing definitions; providing purposes for enhanced reimbursement rates; requiring reports; providing appropriations; requiring rulemaking; and providing for effective dates.,6,2026-02-11,https://legiscan.com/WY/bill/HB0064/2026
WY,2100317,,K-12 public school discipline.,AN ACT relating to K-12 public school discipline; requiring school district board of trustees to adopt rules or policies; establishing requirements for student discipline; requiring notice to parents and guardians; requiring reporting; making conforming amendments; repealing immunity for the use of corporal discipline; and providing for an effective date.,6,2026-02-09,https://legiscan.com/WY/bill/HB0065/2026
WY,2100706,,Judicial deference-agencies.,AN ACT relating to administrative procedure; amending the judicial review process of agency actions; amending standards of review of administrative actions; specifying applicability; and providing for an effective date.,6,2026-02-23,https://legiscan.com/WY/bill/HB0066/2026
WY,2100473,,Eligibility for veterans property tax exemption-amendments.,AN ACT relating to taxation and revenue; providing an ad valorem tax exemption for bona fide Wyoming residents who are honorably discharged veterans who served in the United States armed forces or the Wyoming national guard for a specified time period; providing an ad valorem tax exemption for bona fide Wyoming residents who are active or reserve members of the Wyoming national guard or the United States armed forces; providing an ad valorem tax exemption for bona fide Wyoming residents who are surviving spouses or surviving parents of specified veterans and military members; amending the bona fide Wyoming residency requirement as specified; providing definitions; specifying applicability; and providing for an effective date.,1,2026-02-10,https://legiscan.com/WY/bill/HB0067/2026
WY,2102079,,Veteran's exemption.,AN ACT relating to property taxation; expanding the veteran's property tax exemption for veterans who are certified as having permanent or total service connected disability; making conforming changes; specifying applicability; and providing for an effective date.,6,2026-02-23,https://legiscan.com/WY/bill/HB0068/2026
WY,2101973,,Department of health-land transfers.,AN ACT relating to state lands; providing for the disposition of specified land parcels from the department of health as specified; requiring reports; and providing for an effective date.,4,2026-03-07,https://legiscan.com/WY/bill/HB0069/2026
WY,2102374,,Wyoming GRANITE Act.,"AN ACT relating to civil procedure; creating the Wyoming Guaranteeing Rights Against Novel International Tyranny and Extortion (GRANITE) Act; creating a cause of action against foreign states and international organizations regarding foreign censorship laws that violate specific constitutional provisions; providing for standing, jurisdiction, venue, alternative service of process and a statute of limitations; providing remedies; imposing joint and several liability; prohibiting the state from recognizing, enforcing or cooperating with certain foreign judgments; creating a cause of action against the state for the recognition, enforcement or cooperation with certain foreign judgments; providing civil penalties; providing definitions; providing legislative findings; making conforming amendments; requiring rulemaking; and providing for effective dates.",6,2026-03-03,https://legiscan.com/WY/bill/HB0070/2026
WY,2102519,,No more pennies-rounding cash payments.,AN ACT relating to trade and commerce; specifying rounding requirements for cash payments; specifying exclusions; specifying applicability; specifying duties of the director of the Wyoming department of agriculture; and providing for an effective date.,6,2026-02-13,https://legiscan.com/WY/bill/HB0071/2026
WY,2102630,,Obscenity amendments.,"AN ACT relating to crimes and offenses; creating the crime of promoting obscenity to minors; amending the crime of promoting obscenity as specified; providing and amending definitions; prohibiting public school libraries and county libraries from curating materials that are harmful to minors; repealing an exemption from the crime of promoting obscenity for activities conducted in the course of employment at a school, college, university, museum or public library; repealing obsolete provisions; and providing for an effective date.",6,2026-02-13,https://legiscan.com/WY/bill/HB0072/2026
WY,2103054,,Residential real property-fair market value on transfer.,AN ACT relating to ad valorem taxation; establishing the value of residential real property for purposes of taxation; providing definitions; making conforming amendments; requiring rulemaking; and providing for effective dates.,6,2026-02-09,https://legiscan.com/WY/bill/HB0073/2026
WY,2103287,,Public schools to provide feminine hygiene products.,AN ACT relating to school districts; requiring school districts to provide feminine hygiene products in restrooms as specified; providing an appropriation; and providing for an effective date.,6,2026-02-11,https://legiscan.com/WY/bill/HB0074/2026
WY,2103290,,Virtual currency kiosks. ,AN ACT relating to trade and commerce; providing for the operation of virtual currency kiosks as specified; providing definitions; providing penalties; specifying applicability; requiring rulemaking; and providing for effective dates.,4,2026-03-06,https://legiscan.com/WY/bill/HB0075/2026
WY,2103286,,Exception for annexation with landowner objections-repeal.,AN ACT relating to annexation; repealing a provision that prevents landowners from filing objections to a proposed annexation when a portion of the annexed area's perimeter is contiguous with the corporate limits of an annexing city or town; specifying applicability; and providing for an effective date.,6,2026-03-04,https://legiscan.com/WY/bill/HB0076/2026
WY,2103359,,Zoning protest petition-repeal.,AN ACT relating to cities and towns; repealing the zoning protest process as specified; specifying applicability; and providing for an effective date.,6,2026-02-10,https://legiscan.com/WY/bill/HB0077/2026
WY,2103397,,Forest health grant program.,AN ACT relating to state forestry; creating the forest health grant program; specifying duties of the state forester; creating an account; requiring the attorney general to approve grants; requiring reports; creating an account; providing an appropriation; and providing for an effective date.,4,2026-03-07,https://legiscan.com/WY/bill/HB0078/2026
WY,2103428,,Prescriptive easement for water conveyance-attorney fees.,AN ACT relating to property; authorizing attorney fees and expert witness fees for actions related to prescriptive easements as specified; clarifying the time period for a prescriptive easement; specifying applicability; and providing for an effective date.,6,2026-02-09,https://legiscan.com/WY/bill/HB0079/2026
WY,2103328,,Identification cards-renewal for care facility residents.,AN ACT relating to identification cards; authorizing the renewal of identification cards by residents of nursing care facilities and assisted living facilities without appearing in person as specified; specifying limitations on the renewal of identification cards; requiring rulemaking; and providing for effective dates.,4,2026-03-07,https://legiscan.com/WY/bill/HB0080/2026
WY,2103752,,Less is More Plate Act.,AN ACT relating to motor vehicles; repealing the requirement to display a license plate on the front of a vehicle; making conforming amendments; and providing for an effective date.,6,2026-02-10,https://legiscan.com/WY/bill/HB0081/2026
WY,2103612,,Wyoming interstate study and safe highways investment act.,"AN ACT relating to highways; creating the interstate highways traffic study task force; specifying members and duties of the task force; providing a termination date for the task force; requiring reports; providing for the planning, design and construction of highways as specified; authorizing investment of state funds in transportation construction loans; providing a funding guarantee by modifying the distribution of revenues; providing appropriations; providing for the transfer of funds; and providing for an effective date.",6,2026-02-11,https://legiscan.com/WY/bill/HB0082/2026
WY,2103984,,Legislative subpoena-penalty.,AN ACT relating to the legislature; revising the penalty for failure to comply with a legislative subpoena; and providing for an effective date.,2,2026-02-21,https://legiscan.com/WY/bill/HB0083/2026
WY,2104093,,Falsifying election documents.,AN ACT relating to elections; specifying that falsifying election documents includes submitting a false post-election ballot audit; and providing for an effective date.,6,2026-03-03,https://legiscan.com/WY/bill/HB0084/2026
WY,2104317,,Post-election audit procedures.,AN ACT relating to elections; requiring minutes to be taken for the post-election ballot audit; requiring observation of the post-election ballot audit procedures and results; specifying requirements for observation by representatives of political parties and independent candidates; and providing for an effective date.,2,2026-02-13,https://legiscan.com/WY/bill/HB0085/2026
WY,2104208,,Removal of county officers-election code violations.,AN ACT relating to county officers; specifying that the secretary of state may submit a complaint to the governor against a county clerk for violations of the election code; and providing for an effective date.,6,2026-03-04,https://legiscan.com/WY/bill/HB0086/2026
WY,2103869,,Omnibus water bill-planning.,AN ACT relating to water development projects; authorizing specified level I and level II studies; providing appropriations; requiring reports; providing for the reversion of unexpended funds; authorizing unobligated funds to be used to complete other designated projects as specified; providing an appropriation for the office of water programs; extending an existing level II study; and providing for an effective date.,4,2026-03-05,https://legiscan.com/WY/bill/HB0087/2026
WY,2104536,,Public funds lobbying.,AN ACT relating to lobbying; prohibiting the use of state funds and resources for lobbying; requiring certifications; providing for enforcement; and providing for an effective date.,6,2026-02-10,https://legiscan.com/WY/bill/HB0088/2026
WY,2106771,,Donations of alcoholic beverages-amendments.,AN ACT relating to alcoholic beverages; providing that industry representatives and licensees may donate or gift alcoholic beverages as specified; making conforming amendments; and providing for an effective date.,6,2026-02-13,https://legiscan.com/WY/bill/HB0089/2026
WY,2106666,,State engineer-consumptive water use study.,AN ACT relating to water; requiring the state engineer to conduct a study on water use as specified; requiring a report; providing an appropriation; and providing for an effective date.,6,2026-02-23,https://legiscan.com/WY/bill/HB0090/2026
WY,2106645,,Ban on government social scoring with AI.,AN ACT relating to administration of the government; prohibiting government entities from using artificial intelligence to calculate and assign social scores; prohibiting government entities from using artificial intelligence to identify persons using biometric data or gathering of images; providing exceptions; providing definitions; and providing for an effective date.,6,2026-02-23,https://legiscan.com/WY/bill/HB0091/2026
WY,2107384,,Registered sex offenders prohibited from public office.,AN ACT relating to administration of the government; establishing qualifications for specified public offices; specifying that sex offenders are ineligible to hold those public offices; providing definitions; and providing for an effective date.,4,2026-03-07,https://legiscan.com/WY/bill/HB0092/2026
WY,2107248,,The people's right to judicial transparency.,AN ACT relating to courts; requiring court records and audio recordings to be publicly available online at no cost; specifying exceptions; providing definitions; making conforming amendments; authorizing and requiring rulemaking; providing an appropriation; and providing for effective dates.,6,2026-02-10,https://legiscan.com/WY/bill/HB0093/2026
WY,2107931,,Election purity and hand count act.,AN ACT relating to elections; providing for the hand counting of ballots; establishing statewide standards related to the handling and counting of ballots; providing for the reconciling of ballot numbers; prohibiting the use of voting machines for casting or tabulating ballots; providing duties for county clerks and the secretary of state; revising requirements for the post-election ballot audit; requiring rulemaking; revising offenses related to elections; providing penalties; making conforming amendments; repealing conflicting provisions; making legislative findings; specifying applicability; and providing for an effective date.,6,2026-02-10,https://legiscan.com/WY/bill/HB0094/2026
WY,2108030,,Concealed carry-colleges and universities.,AN ACT relating to weapons; specifying that persons who are authorized to carry concealed weapons without a permit may do so at any public college or university facility; making conforming amendments; repealing obsolete provisions; and providing for an effective date.,6,2026-03-03,https://legiscan.com/WY/bill/HB0095/2026
WY,2108008,,Carrying of concealed weapons-age requirement.,AN ACT relating to weapons; amending the age requirement for a qualified person to be issued a permit to carry a concealed weapon; making conforming amendments; repealing obsolete provisions; and providing for an effective date.,4,2026-03-07,https://legiscan.com/WY/bill/HB0096/2026
WY,2107875,,Second amendment financial privacy act amendments.,AN ACT relating to the protection of constitutional rights; prohibiting the disclosure or use of information relating to firearms and ammunition sales as specified; providing requirements for disclosure of information relating to firearms and ammunition sales; requiring investigations as specified; authorizing civil actions as specified; authorizing criminal and civil penalties; providing and amending definitions; and providing for an effective date.,6,2026-02-23,https://legiscan.com/WY/bill/HB0097/2026
WY,2107902,,Prohibit Red Flag Gun Seizure Act-penalty amendments.,AN ACT relating to protection of constitutional rights; providing a misdemeanor offense for violations of the Prohibit Red Flag Gun Seizure Act; and providing for an effective date.,4,2026-03-07,https://legiscan.com/WY/bill/HB0098/2026
WY,2108885,,Wyoming veterans museum capital construction. ,AN ACT relating to veterans; authorizing renovation of the Wyoming veterans' memorial museum; creating a task force; requiring reporting; providing appropriations; and providing for an effective date.,6,2026-02-11,https://legiscan.com/WY/bill/HB0099/2026
WY,2110013,,Nonprofit corporations-remote participation.,AN ACT relating to nonprofit corporations; authorizing members of nonprofit corporations to participate in membership meetings remotely; specifying applicability; and providing for an effective date.,6,2026-02-10,https://legiscan.com/WY/bill/HB0100/2026
WY,2109953,,Guardianship protections. ,AN ACT relating to guardianship; requiring a guardian to make monthly in‑person monitoring of the guardian's ward; providing for reasonable fees and expenses of a guardian; requiring reporting to the court of the in‑person monitoring; requiring a guardian or conservator to notify specified entities of the guardian or conservator's appointment; and providing for an effective date.,6,2026-03-03,https://legiscan.com/WY/bill/HB0101/2026
WY,2109993,,Protecting kids from deepfakes and exploitative images.,AN ACT relating to crimes and offenses; specifying that using artificial intelligence to commit a criminal offense shall not be a defense to the offense; establishing criminal offenses concerning the use of synthetic sexual material or artificial intelligence against children; establishing criminal offenses concerning the use of artificial intelligence to promote self-harm or to censor political speech; providing immunity for developers of artificial intelligence systems as specified; specifying penalties; providing and amending definitions; providing causes of action; and providing for an effective date.,4,2026-03-07,https://legiscan.com/WY/bill/HB0102/2026
WY,2109979,,Wyoming First Amendment Protection Act.,"AN ACT relating to civil procedure; creating the Wyoming First Amendment Protection Act; providing immunity from lawsuits based on the constitutional rights of freedom of petition, freedom of assembly, religious freedom and expression of speech; specifying procedures and limitations for lawsuits based on public participation; providing legislative findings; specifying applicability; and providing for an effective date.",6,2026-03-04,https://legiscan.com/WY/bill/HB0103/2026
WY,2109986,,County clerks-frivolous filings procedure.,AN ACT relating to county clerks; authorizing county clerks to seek to have frivolous filings rejected or notated as frivolous; specifying requirements and procedures for rejecting or notating frivolous filings; declaring frivolous filings to be of no legal effect; and providing for an effective date.,6,2026-02-13,https://legiscan.com/WY/bill/HB0104/2026
WY,2110019,,K-12 school facilities appropriations-2.,"AN ACT relating to school buildings and facilities; providing appropriations for the fiscal biennium commencing  July 1, 2026 through June 30, 2028; providing for appropriations for the remainder of the current biennium ending June 30, 2026; providing an appropriation that shall not revert; specifying conditions for expenditures; requiring reports; establishing a grant program for school facility safety and security projects; specifying requirements for school districts to receive safety and security grant funds; specifying applicability; and providing for an effective date.",4,2026-03-05,https://legiscan.com/WY/bill/HB0105/2026
WY,2109973,,Smokebuster module leaders.,AN ACT relating to the state forester; authorizing positions; providing for an appropriation for the forestry conservation program inmate crew; and providing for an effective date.,4,2026-03-05,https://legiscan.com/WY/bill/HB0106/2026
WY,2110006,,Local government distributions.,"AN ACT relating to local government funding; continuously distributing a portion of the state sales and use taxes collected and accrued each fiscal year for cities, towns and counties; creating a statutory funding formula; providing legislative intent; and providing for an effective date.",4,2026-03-05,https://legiscan.com/WY/bill/HB0107/2026
WY,2109999,,Department of audit reports-website posting.,AN ACT relating to the administration of the government; specifying requirements for the director of the department of audit to post specified reports on the department's website; and providing for an effective date.,6,2026-02-23,https://legiscan.com/WY/bill/HB0108/2026
WY,2110032,,Property tax exemptions-application date.,AN ACT relating to ad valorem taxation; clarifying application procedures for the homeowner tax exemption; specifying applicability; and providing for an effective date.,6,2026-02-23,https://legiscan.com/WY/bill/HB0109/2026
WY,2111337,,K-12 public school finance. ,AN ACT relating to K-12 public school finance; implementing the 2025 cost of education study as modified by the legislature; modifying the education resource block grant model; modifying cash reserves; restricting expenditure of funds distributed through the school foundation program account; requiring school districts to participate in the state employees' and officials' group insurance program; making conforming amendments; requiring rulemaking; continuing the mental health services grant program; repealing provisions; providing appropriations; authorizing positions; providing borrowing authority; and providing for effective dates.,6,2026-02-09,https://legiscan.com/WY/bill/HB0110/2026
WY,2111515,,State funded capital construction.,AN ACT relating to state funded capital construction; providing definitions; providing appropriations for purposes related to state funded capital construction and major maintenance; making appropriations subject to terms and conditions as specified; amending prior appropriations; and providing for an effective date.,4,2026-03-07,https://legiscan.com/WY/bill/HB0111/2026
WY,2111557,,Riverton state office task force-sunset.,AN ACT relating to state funded capital construction; terminating a task force; depositing unexpended funds as specified; and providing for an effective date.,4,2026-03-05,https://legiscan.com/WY/bill/HB0112/2026
WY,2111501,,Parent rights-amendments.,"AN ACT relating to education; clarifying procedures and requirements for school districts to provide parents notice of information regarding students; prohibiting school districts from requiring school district personnel and students to use a student's preferred pronoun if the pronoun does not align with the student's biological sex; requiring parental or guardian permission before instruction relating to diversity, equity or inclusion; authorizing school district personnel to opt out of mandatory trainings as specified; providing definitions; requiring reporting; and providing for an effective date.",6,2026-02-13,https://legiscan.com/WY/bill/HB0113/2026
WY,2111550,,Railroad safety.,AN ACT relating to public utilities; requiring trains to be not more than a specified length; providing operational requirements; requiring the implementation of wayside detection systems; requiring visual inspections; providing civil penalties; requiring a report; providing definitions; authorizing positions; providing an appropriation and providing for an effective date.,6,2026-02-10,https://legiscan.com/WY/bill/HB0114/2026
WY,2111536,,Cardiac events in schools-planning and training.,AN ACT relating to education; requiring school districts to develop cardiac emergency response plans as specified; providing an appropriation; and providing for an effective date.,6,2026-02-23,https://legiscan.com/WY/bill/HB0115/2026
WY,2111529,,Destruction of water is not beneficial use.,AN ACT relating to water; specifying that destruction of water is not beneficial use; providing for the rejection of specified applications for water use; providing an exception; specifying applicability; and providing for an effective date.,6,2026-03-04,https://legiscan.com/WY/bill/HB0116/2026
WY,2111494,,Stop harm-empower women with informed notices.,AN ACT relating to public health and safety; providing legislative findings; providing definitions; requiring informed consent be provided before the procurement or provision of an abortion; specifying requirements for the provision of informed consent; specifying exceptions; authorizing civil actions; specifying remedies; authorizing a right of intervention as specified; specifying applicability; making conforming amendments; and providing for an effective date.,6,2026-03-03,https://legiscan.com/WY/bill/HB0117/2026
WY,2111508,,Residential property tax replacement.,AN ACT relating to taxation and revenue; providing for the valuation of residential property; providing a sales and use tax to provide funding to local governments due to the decrease in revenue from the valuation of residential property; providing an exemption to the additional sales and use tax as specified; creating an account; providing for distribution of the sales and use tax; making conforming amendments; making the act contingent on passage of a constitutional amendment; and providing for effective dates.,6,2026-02-13,https://legiscan.com/WY/bill/HB0118/2026
WY,2111576,,No foreign law in Wyoming.,"AN ACT relating to the common law, statutes and rules of construction; limiting the application and use of foreign law under Wyoming law; specifying exceptions to a change of venue in civil actions; providing legislative findings; making conforming amendments; providing definitions; and providing for an effective date.",6,2026-02-10,https://legiscan.com/WY/bill/HB0119/2026
WY,2111574,,Energy product reclassification and sovereignty act.,AN ACT relating to administration of the government; providing duties for the Wyoming energy authority; providing for the establishment of industrial sovereign zones to encourage the production of value-added manufactured products using natural gas; authorizing a board of county commissioners to nominate an area as an industrial sovereign zone; providing for certification of value-added manufactured processes; providing for an expedited licensing and permit process; providing tax exemptions; making conforming amendments; providing appropriations; and providing for an effective date.,4,2026-03-07,https://legiscan.com/WY/bill/HB0120/2026
WY,2111577,,Hydrogen severance taxation.,AN ACT relating to mine product taxes; providing for the taxation of hydrogen production as specified; specifying tax rates for different types of hydrogen production; providing for the administration of the tax; specifying applicability; and providing for an effective date.,6,2026-03-03,https://legiscan.com/WY/bill/HB0121/2026
WY,2111579,,Wyoming rural health transformation program.,"AN ACT relating to the federal rural health transformation program funds; establishing the Wyoming rural health transformation program; creating an advisory committee; creating a perpetuity fund; authorizing investments as specified; creating an expenditure account; continuously appropriating an annually required distribution; providing for governance, fiscal controls, accountability and reporting requirements; authorizing expenditures, initiatives, grants and awards; providing for deposits and appropriations; requiring rulemaking; directing studies; and providing for an effective date.",4,2026-03-06,https://legiscan.com/WY/bill/HB0122/2026
WY,2111580,,Education savings accounts.,AN ACT relating to education; authorizing education savings accounts; creating the Wyoming education savings account expenditure account; providing for a transfer of funds to the Wyoming education savings accounts expenditure account; providing for the use and administration of education savings accounts for education; specifying duties of the state superintendent of public instruction; providing rulemaking authority; making conforming amendments; providing appropriations; authorizing full-time positions; repealing provisions; providing a contingent effective date pending certification by the governor of actions of the Wyoming supreme court; and providing for an effective date.,6,2026-02-10,https://legiscan.com/WY/bill/HB0123/2026
WY,2111673,,Property tax exemption reduction.,AN ACT relating to taxation; amending a property tax exemption for single family residential structures based on the prior year assessed value; amending a property tax exemption for land associated with a single family residential structure based on the prior year assessed value; and providing for an effective date.,6,2026-02-10,https://legiscan.com/WY/bill/HB0124/2026
WY,2111716,,Business entity forced dissolution for fraud.,"AN ACT relating to corporations, partnerships and associations; providing for administrative dissolution of or revocation of certificate of authority for corporations, limited liability companies and statutory foundations as specified; and providing for an effective date.",6,2026-02-10,https://legiscan.com/WY/bill/HB0125/2026
WY,2111758,,Human heartbeat act.,AN ACT relating to public health and safety; providing legislative findings; specifying requirements associated with the termination of pregnancies; prohibiting procedures that terminate the life of a child with a detectable heartbeat; specifying exceptions to the prohibition; specifying penalties; providing definitions; making conforming amendments; and providing for an effective date.,4,2026-03-09,https://legiscan.com/WY/bill/HB0126/2026
WY,2111632,,Voter approval for recreation mill levy.,AN ACT relating to taxation; requiring elections for the imposition of mill levies for recreational purposes; specifying dates of the elections; specifying applicability; providing for the expiration of existing mill levies; and providing for an effective date.,6,2026-03-03,https://legiscan.com/WY/bill/HB0127/2026
WY,2112266,,Enhanced oil recovery-severance tax exemption.,AN ACT relating to taxation and revenue; providing a severance tax exemption for tertiary oil production as specified; requiring reports; and providing for an effective date.,4,2026-03-06,https://legiscan.com/WY/bill/HB0128/2026
WY,2112342,,Expanding Physician Access Act.,AN ACT relating to physicians and surgeons; authorizing the board of medicine to provide provisional medical licenses to internationally trained physicians as specified; providing definitions; making conforming amendments; requiring rulemaking; and providing for effective dates.,6,2026-02-23,https://legiscan.com/WY/bill/HB0129/2026
WY,2112334,,Second amendment protection act amendments.,AN ACT relating to the protection of constitutional rights; amending the Second Amendment Protection Act as specified; creating exceptions to the Second Amendment Protection Act; creating civil penalties; creating criminal penalties; creating an exception to the Wyoming Governmental Claims Act; providing definitions; making conforming amendments; and providing for an effective date.,2,2026-02-21,https://legiscan.com/WY/bill/HB0130/2026
WY,2112274,,Government membership and cooperation with associations.,AN ACT relating to administration of the government; prohibiting the payment of association and organization membership fees from public funds; prohibiting the payment of expenses for association and organization activities as specified; specifying association-related documents and other materials as public records; requiring government entities to report participation in activities with associations and organizations as specified; repealing the ability to pay for memberships for Wyoming board of professional engineers and professional land surveyors; making conforming amendments; and providing for an effective date.,6,2026-02-11,https://legiscan.com/WY/bill/HB0131/2026
WY,2112313,,Nicotine products manufacturer licensing and reporting.,"AN ACT relating to nicotine products; requiring manufacturers of nicotine products to obtain a license; requiring manufacturers of electronic cigarettes and vapor material to file certifications as specified; placing restrictions on the sale and advertising of electronic cigarettes and vapor material; requiring the department of revenue to publish a directory of electronic cigarettes and vapor material offered for sale in Wyoming by licensed nicotine product manufacturers; prohibiting the sale of nicotine products not included in the directory; requiring biannual inspections of retailers, distributors and wholesalers of electronic cigarettes and vapor material; providing penalties; providing definitions; providing rulemaking; making conforming amendments; and providing for an effective date.",6,2026-02-11,https://legiscan.com/WY/bill/HB0132/2026
WY,2112262,,Conservation districts-contracting and supervisors.,AN ACT relating to conservation districts; amending provisions relating to the election of conservation district supervisors; providing definitions; specifying applicability; and providing for an effective date.,6,2026-02-23,https://legiscan.com/WY/bill/HB0133/2026
WY,2112306,,Disclosure of filtered legislator emails. ,AN ACT relating to the legislature; requiring the legislative service office to direct email correspondence to a legislators email inbox if requested after verification that the correspondence does not pose a security threat; and providing for an effective date.,6,2026-02-11,https://legiscan.com/WY/bill/HB0134/2026
WY,2112323,,Public officials-nondisclosure agreements.,"AN ACT relating to city, county, state and local powers; prohibiting public officials from entering into nondisclosure agreements as specified; providing definitions; specifying penalties; specifying remedies for violations; specifying applicability; and providing for an effective date.",6,2026-02-11,https://legiscan.com/WY/bill/HB0135/2026
WY,2112319,,Pari-mutuel wagering-highway fund.,AN ACT relating to gaming; requiring the disposition of pari-mutuel funds paid to the state to be deposited to the state highway fund; and providing for an effective date.,6,2026-02-11,https://legiscan.com/WY/bill/HB0136/2026
WY,2112302,,Skill based amusement games-highway fund.,AN ACT relating to gaming; increasing the taxation rate on net proceeds from skill based amusement games; amending the distribution of tax revenues; providing for distribution to the state highway fund; and providing for an effective date.,0,,https://legiscan.com/WY/bill/HB0137/2026
WY,2112420,,Reproductive Freedom Act.,AN ACT relating to abortion; creating the Reproductive Freedom Act; specifying the public policy of the state concerning reproductive rights; prohibiting the state from denying or interfering with a person's right to have an abortion before viability of the fetus or to protect the person's life or health; prohibiting unauthorized abortions; specifying a penalty; providing definitions; repealing conflicting provisions; and providing for an effective date.,6,2026-02-13,https://legiscan.com/WY/bill/HB0138/2026
WY,2112411,,Exempting specified retail electric sales from regulation.,AN ACT relating to public utilities; specifying that the retail sale of electricity by specified persons to specified customers is exempt from regulation by the public service commission; making conforming amendments; specifying applicability; and providing for an effective date.,6,2026-02-11,https://legiscan.com/WY/bill/HB0139/2026
WY,2112414,,Construction inspections-qualified third parties.,"AN ACT relating to cities, towns and counties; authorizing third parties to provide building permit inspections as specified; providing definitions; specifying applicability; and providing for an effective date.",6,2026-02-23,https://legiscan.com/WY/bill/HB0140/2026
WY,2112415,,Fifth Amendment Protection Act. ,"AN ACT relating to cities, towns and counties; prohibiting cities, towns and counties from imposing fees or conditions related to housing on residential or commercial development as specified; specifying applicability; and providing for an effective date.",6,2026-03-04,https://legiscan.com/WY/bill/HB0141/2026
WY,2112417,,Literacy screening assessment and intervention.,"AN ACT relating to literacy screening assessment and intervention; providing requirements for screening assessments, evidence based interventions and evidence based core literacy instruction for specified grade levels; requiring schools and school districts to submit improvement plans; requiring specific skills for literacy proficiency used in data collection; requiring school districts to maintain records; requiring professional development; requiring school districts to employ or consult with persons with literacy endorsements as specified; specifying additional duties for the Wyoming professional teaching standards board; repealing the reading assessment and intervention program; requiring reporting; requiring rulemaking; making conforming amendments; providing definitions; specifying applicability; and providing for effective dates.",6,2026-02-11,https://legiscan.com/WY/bill/HB0142/2026
WY,2112416,,Free speech for health care providers.,AN ACT relating to health care providers; prohibiting state agencies and boards from discriminating against health care providers based on the providers' speech and expressions; prohibiting state agencies and boards from contracting with or requiring health care providers to be licensed by specified boards and agencies; requiring health care providers to be notified of specified complaints; authorizing causes of action as specified; providing definitions; amending the Wyoming Governmental Claims Act; and providing for an effective date.,6,2026-02-23,https://legiscan.com/WY/bill/HB0143/2026
WY,2112413,,Fire protection districts mill levies-amendments.,AN ACT relating to fire protection districts; increasing authorized mill levies for fire protection districts; making conforming amendments; and providing for an effective date.,6,2026-02-23,https://legiscan.com/WY/bill/HB0144/2026
WY,2112418,,Removing triple taxation for resident EV drivers.,AN ACT relating to taxation and revenue; amending the collection of and process for alternative fuel taxes; providing a per kilowatt hour license tax on electricity used to propel an electric vehicle; amending and providing definitions; reducing the annual decal fee for plug-in hybrid vehicles; requiring display of per kilowatt hour taxes; amending sales of alternative fuels from sales taxation; making conforming amendments; requiring rulemaking; and providing for an effective date.,4,2026-03-07,https://legiscan.com/WY/bill/HB0145/2026
WY,2112419,,Affordable electricity act of 2026.,AN ACT relating to public utilities; providing for the regulation and use of small plug-in solar generation devices; exempting small plug-in solar generation devices from specified utility regulations; providing definitions; making conforming amendments; exempting an electric utility from liability caused by a customer's use of a plug‑in solar generation device; and providing for an effective date.,6,2026-03-03,https://legiscan.com/WY/bill/HB0146/2026
WY,2112412,,Property tax exemptions-effect of people's initiative. ,AN ACT relating to property taxation; repealing the homeowner tax exemption if the people's initiative to limit property tax in Wyoming through a homeowner's property exemption is enacted into law; specifying applicability; and providing for an effective date.,6,2026-03-03,https://legiscan.com/WY/bill/HB0147/2026
WY,2113629,,"Land, Water and Fiscal Integrity Act.",AN ACT relating to state lands; providing a process for county commissioners to request a hearing for certain state land leases; specifying requirements for leases for specified industrial purposes; providing definitions; and providing for an effective date.,6,2026-02-13,https://legiscan.com/WY/bill/HB0148/2026
WY,2113639,,Home school prohibition-parents with convictions.,AN ACT relating to education; providing that a person convicted of certain offenses shall not administer a home-based educational program; establishing limitations on home-based educational programs for persons under investigation for child neglect or abuse; providing penalties; making conforming amendments; specifying applicability; and providing for an effective date.,6,2026-02-13,https://legiscan.com/WY/bill/HB0149/2026
WY,2113662,,Wyoming business council-evaluation and reform.,AN ACT relating to the administration of the government; creating a task force; specifying duties of the task force in evaluating the Wyoming business council; specifying additional ex officio members of the Wyoming business council board; specifying duties of the Wyoming business council; requiring reports; providing appropriations;  and providing for an effective date.,6,2026-02-23,https://legiscan.com/WY/bill/HB0150/2026
WY,2113665,,Open records act-limitation on copy and production fees.,AN ACT relating to public records; defining terms; amending the duties of the ombudsman; imposing limits on copy and production costs for responding to requests for inspection and production of public records; increasing penalties; authorizing attorneys' fees; making conforming amendments; specifying applicability; and providing for effective dates.,6,2026-02-13,https://legiscan.com/WY/bill/HB0151/2026
WY,2113675,,Dissolution of limited liability companies-remedies.,AN ACT relating to limited liability companies; providing attorneys’ fees and costs for bad faith applications for dissolution; and providing for an effective date.,6,2026-02-13,https://legiscan.com/WY/bill/HB0152/2026
WY,2113645,,Taking of predators on public lands. ,"AN ACT relating to game and fish; prohibiting persons from intentionally harassing, injuring or killing predatory animals with vehicles that travel over the ground on public lands; requiring rulemaking; and providing for effective dates.",6,2026-02-13,https://legiscan.com/WY/bill/HB0153/2026
WY,2113671,,License plate decal-Wyoming veterans.,AN ACT relating to motor vehicles; providing for a decal designating Wyoming veterans to attach to a license plate; providing for a decal fee; and providing for an effective date.,6,2026-02-13,https://legiscan.com/WY/bill/HB0154/2026
WY,2113586,,Sales and use tax exemptions-reporting requirements.,AN ACT relating to taxation and revenue; specifying reporting requirements for taxpayers who claim sales tax and use tax exemptions; authorizing the imposition of fees as specified; requiring reporting; specifying applicability; and providing for an effective date.,6,2026-02-13,https://legiscan.com/WY/bill/HB0155/2026
WY,2113596,,Local water system funding.,AN ACT relating to the administration of the government; establishing a local water system funding program; specifying requirements and project eligibility for local water system funding; specifying duties; authorizing the borrowing of funds; requiring reports; requiring rulemaking; and providing for an effective date.,0,,https://legiscan.com/WY/bill/HB0156/2026
WY,2113603,,Protection of parental rights-cause of action.,AN ACT relating to parental rights; providing a civil cause of action for infringement of parental rights; creating an exception to governmental immunity; waiving governmental claims notice requirements; and providing for an effective date.,6,2026-03-03,https://legiscan.com/WY/bill/HB0157/2026
WY,2113619,,EV Charging Stations Transparency Act.,AN ACT relating to trade and commerce; requiring direct current fast charging stations to display labels identifying the primary energy resource categories used to supply electricity to the station; providing criminal penalties; providing definitions; and providing for an effective date.,6,2026-02-13,https://legiscan.com/WY/bill/HB0158/2026
WY,2113599,,Safeguarding personal expression at K-12 schools.,AN ACT relating to education; specifying protections for speech and expression by students at public schools; specifying activities in which students may engage at schools; specifying remedies; authorizing a cause of action; providing definitions; making conforming amendments; amending the Wyoming Governmental Claims Act; and providing for an effective date.,6,2026-03-03,https://legiscan.com/WY/bill/HB0159/2026
WY,2113616,,Digital Taxonomy Act.,AN ACT relating to distributed ledger digital assets and sealed tokens; establishing the classification of digital assets as specified; creating a sealed scope hierarchy and multi-aspect analytical framework for digital assets; establishing jurisdictional nexus and lex situs requirements for keyholders and digital assets; providing for the characterization of digital assets; providing definitions; providing legislative findings; specifying applicability; and providing for an effective date.,6,2026-03-03,https://legiscan.com/WY/bill/HB0160/2026
WY,2113609,,Wyoming health insurance market study.,AN ACT relating to insurance plans; requiring a study regarding health insurance markets as specified; providing legislative findings; requiring a report; providing an appropriation; and providing for an effective date.,6,2026-02-13,https://legiscan.com/WY/bill/HB0161/2026
WY,2113606,,Property tax exemption-first responders.,AN ACT relating to property tax; establishing a property tax exemption for first responders; providing for administration of the exemption; and providing for an effective date.,6,2026-02-13,https://legiscan.com/WY/bill/HB0162/2026
WY,2113590,,Amendments to beef checkoff program.,"AN ACT relating to agriculture, livestock and other animals; providing a maximum amount of costs the state can assess against the beef council on an annual basis; and providing for an effective date.",6,2026-02-13,https://legiscan.com/WY/bill/HB0163/2026
WY,2113668,,Wyoming generational investment account.,AN ACT relating to the investment of state funds; creating the Wyoming generational investment account; specifying the investment of funds in the account; specifying the disposition of investment earnings; providing for the accounting and administration of the account; requiring transfers of funds; making conforming amendments; and providing for an effective date.,6,2026-02-13,https://legiscan.com/WY/bill/HB0164/2026
WY,2113655,,State retired employees-retirement payment increases-2.,AN ACT relating to the Wyoming retirement system; increasing normal retirement benefits; making conforming amendments; repealing obsolete provisions; specifying applicability; requiring actions by the Wyoming retirement system; and providing for effective dates.,6,2026-02-13,https://legiscan.com/WY/bill/HB0165/2026
WY,2114004,,Marijuana-class III substance.,AN ACT relating to public health and safety; amending provisions related to the scheduling and use of marijuana; repealing a conflicting provision; making conforming amendments; requiring rulemaking; and providing for an effective date.,6,2026-02-13,https://legiscan.com/WY/bill/HB0166/2026
WY,2114082,,K-12 funding amendments. ,AN ACT relating to K-12 public school finance; modifying payment for special education out of district placements; increasing base teacher salaries utilized in the education resource block grant model; providing appropriations; and providing for an effective date.,6,2026-02-13,https://legiscan.com/WY/bill/HB0167/2026
WY,2113988,,Experience ratings-amendments.,AN ACT relating to labor and employment; prohibiting the request of experience ratings as specified; amending provisions related to experience rating chargeability; providing definitions; making conforming amendments; requiring rulemaking; specifying applicability; and providing for an effective date.,6,2026-02-13,https://legiscan.com/WY/bill/HB0168/2026
WY,2114049,,Prohibiting use of public funds for organization membership.,AN ACT relating to administration of the government; prohibiting the payment of association and organization membership fees from public funds for specified organizations; prohibiting the payment of expenses for association and organization activities as specified; specifying applicability; and providing for an effective date.,6,2026-02-13,https://legiscan.com/WY/bill/HB0169/2026
WY,2114099,,Escape-parole eligibility.,AN ACT relating to probation and parole generally; clarifying that judicial convictions and administrative disciplinary findings for assault or escape determine parole ineligibility; and providing for an effective date.,6,2026-02-13,https://legiscan.com/WY/bill/HB0170/2026
WY,2114206,,Funds for problem gaming treatment-amendments.,AN ACT relating to gaming; amending the distribution of online sports wagering revenue for problem gaming treatment and programs; specifying requirements; and providing for an effective date.,6,2026-02-13,https://legiscan.com/WY/bill/HB0171/2026
WY,2114196,,Limitations on historic horse racing terminals-2.,AN ACT relating to pari-mutuel wagering; establishing limits on the operation and number of historic horse racing terminals as specified; amending and creating requirements for simulcasting permits; requiring rulemaking; and providing for effective dates.,6,2026-02-13,https://legiscan.com/WY/bill/HB0172/2026
WY,2114310,,Juvenile discipline-parental obligations.,AN ACT relating to parental liability; creating and amending provisions related to parental liability as specified; and providing for an effective date.,6,2026-02-13,https://legiscan.com/WY/bill/HB0173/2026
WY,2114251,,Wyoming choice electric program.,AN ACT relating to public utilities; requiring the public service commission to promulgate rules for electric utilities to establish a choice electric program; specifying requirements for the program; and providing for effective dates.,6,2026-02-13,https://legiscan.com/WY/bill/HB0174/2026
WY,2114218,,Proxy Advisor Transparency Act.,"AN ACT relating to corporations, partnerships and associations; requiring proxy advisors to disclose when proxy advisory services are not based on a written financial analysis as specified; requiring proxy advisors to disclose when proxy advisory services are based on a written financial analysis as specified; requiring proxy advisors to disclose proxy advisory services on their websites as specified; authorizing the secretary of state to discipline registered investment advisers for violations of the disclosure requirements; providing definitions; providing legislative findings; providing for a penalty; providing for a civil cause of action; making conforming amendments; providing rulemaking authority; specifying applicability; and providing for effective dates.",6,2026-02-13,https://legiscan.com/WY/bill/HB0175/2026
WY,2114298,,Modification of average daily membership for K-12 funding.,AN ACT relating to K-12 school finance; modifying average daily membership utilized in the education resource block grant model for students that successfully complete competency-based equivalency examinations; requiring rulemaking; and providing for an effective date.,6,2026-02-13,https://legiscan.com/WY/bill/HB0176/2026
WY,2114263,,Judicial nominating commission-senate confirmation.,AN ACT relating to the judicial nominating commission; requiring senate confirmation for appointed voting members of the judicial nominating commission; specifying applicability; and providing for an effective date.,6,2026-02-13,https://legiscan.com/WY/bill/HB0177/2026
WY,2114288,,Public unions-transparency and dues withdrawal limitations.,AN ACT relating to labor and employment; prohibiting public employers and specified organizations from automatic deductions of dues and uniform assessments as specified; specifying penalties; providing and amending definitions; making conforming amendments; specifying applicability; and providing for an effective date.,5,2026-03-10,https://legiscan.com/WY/bill/HB0178/2026
WY,2114273,,Hospital pricing transparency.,AN ACT relating to public health and safety; requiring hospitals to list prices for medical items and services as specified; requiring the department of health to monitor and enforce the provisions of this act; requiring transparency regarding prescription drug pricing as specified; providing penalties; prohibiting collection actions as specified; requiring recommendations for proposed legislation; requiring reports; providing definitions; requiring rulemaking; making conforming amendments; and providing for effective dates.,6,2026-02-13,https://legiscan.com/WY/bill/HB0179/2026
WY,2114402,,Amending local surface water runoff system authority.,"AN ACT relating to cities and towns; amending the authority for cities, towns and boards of public utilities to establish a water system for diverting surface water runoff; amending the authority for cities and towns to prescribe and regulate fees and charges for the diversion or management of surface water runoff; specifying requirements for existing surface water diversion or runoff systems; making conforming amendments; providing an appropriation; and providing for an effective date.",6,2026-02-13,https://legiscan.com/WY/bill/HB0180/2026
WY,2114183,,Biometric data and license plate readers-regulation.,"AN ACT relating to the administration of the government; prohibiting governmental entities from using biometric data to identify a person or verify a person's identity; prohibiting governmental entities from using geolocation data to identify the location of a person or motor vehicle; prohibiting governmental entities from using automatic license plate reader systems to identify motor vehicles or collect fees on highways; prohibiting governmental entities from contracting with third party vendors to use biometric data, geolocation data and automatic license plate reader systems; requiring governmental entities to adopt policies as specified; providing exceptions; providing a civil cause of action; amending the Wyoming Governmental Claims Act; providing definitions; making conforming amendments; specifying applicability; and providing for an effective date.",6,2026-02-13,https://legiscan.com/WY/bill/HB0181/2026
WY,2114358,,State heritage lands-protection and revenue.,AN ACT relating to state lands; authorizing the board of land commissioners to designate state land as a state heritage site; providing a process for the nomination and review of state land for designation as a state heritage site; providing definitions; nominating the Glenrock buffalo jump for designation as a state heritage site; and providing for an effective date.,6,2026-02-13,https://legiscan.com/WY/bill/HB0182/2026
WY,2114368,,Renters' property tax relief.,AN ACT relating to property tax; amending who may apply for the property tax refund program; making legislative findings; making conforming changes; requiring rulemaking; and providing for an effective date.,6,2026-02-13,https://legiscan.com/WY/bill/HB0183/2026
WY,2114228,,Juveniles-criminal deferral.,AN ACT relating to juveniles; creating a criminal deferral process for juveniles who commit misdemeanors as specified; making conforming amendments; and providing for an effective date.,6,2026-02-13,https://legiscan.com/WY/bill/HB0184/2026
WY,2114345,,Kratom-prohibition.,"AN ACT relating to public health and safety; prohibiting the manufacture, sale, distribution or possession of kratom products; making legislative findings; providing criminal penalties; providing exemptions; requiring rulemaking; making conforming amendments; providing appropriations; providing positions; and providing for effective dates.",6,2026-02-13,https://legiscan.com/WY/bill/HB0185/2026
WY,2114321,,Baby Olivia act-requiring human development education.,AN ACT relating to education; specifying requirements for the provision of human development education as specified; specifying exceptions; specifying requirements for the department of education to establish and publish acceptable instructional materials related to human development education; specifying other duties for the department of education; requiring legislative approval for health education standards and curricula as specified; making conforming amendments; specifying applicability; and providing for effective dates.,6,2026-02-13,https://legiscan.com/WY/bill/HB0186/2026
WY,2114173,,Political parties-county central committees-2.,AN ACT relating to elections; specifying that duly elected party officials are members of the county central committees of political parties; making conforming amendments; and providing for an effective date.,6,2026-02-13,https://legiscan.com/WY/bill/HB0187/2026
WY,2114381,,County boards and special districts-board member elections.,AN ACT relating to counties and special districts; requiring elections for county boards and special districts with expenditures or an annual budget over a specified amount; making conforming amendments; specifying applicability; and providing for an effective date.,6,2026-02-13,https://legiscan.com/WY/bill/HB0188/2026
WY,2114241,,Homeowners associations-display of political campaign signs.,AN ACT relating to elections; limiting regulation by homeowners associations for the display of campaign signs on association members' property; providing exceptions; providing a definition; and providing for an effective date.,6,2026-02-13,https://legiscan.com/WY/bill/HB0189/2026
WY,2114412,,Sale of lands to the department of state parks.,AN ACT relating to state lands; requiring the board of land commissioners to transfer lands to the department of state parks and cultural resources as specified; authorizing the board of land commissioners to resolve mineral leases as specified; specifying the time that the board of land commissioners shall initiate the transfer of lands; requiring the department of state parks and cultural resources to complete a site criteria process as specified; requiring a report; providing an appropriation; and providing for an effective date.,6,2026-02-13,https://legiscan.com/WY/bill/HB0190/2026
WY,2114391,,School board meeting requirements.,AN ACT relating to school districts; requiring meetings of school district boards of trustees to be broadcast over the internet as specified; providing that recordings of the broadcasts are public records; and providing for an effective date.,6,2026-02-13,https://legiscan.com/WY/bill/HB0191/2026
WY,2114447,,DUI penalties-refusal of a chemical test.,AN ACT relating to motor vehicles; providing penalties for refusing chemical tests pursuant to a search warrant after an arrest for driving while under the influence; authorizing specified offenses to be used as evidence in a criminal case; requiring specified offenders to submit to substance use disorder assessments; requiring rulemaking; and providing for effective dates.,6,2026-02-13,https://legiscan.com/WY/bill/HB0192/2026
WY,2054751,,Prohibiting unauthorized atmospheric geoengineering. ,A JOINT RESOLUTION requesting Congress prohibit unauthorized atmospheric geoengineering and weather modification in the state of Wyoming.,6,2026-02-09,https://legiscan.com/WY/bill/HJ0001/2026
WY,2057408,,Federal mineral royalties-state share.,A JOINT RESOLUTION requesting Congress to introduce a bill and enact law to increase the state of Wyoming's share of federal mineral royalties from fifty percent (50%) to eighty-seven and one-half percent (87.5%).  ,4,2026-03-02,https://legiscan.com/WY/bill/HJ0002/2026
WY,2064964,,Storage of spent nuclear fuel and waste-vote required.,A JOINT RESOLUTION to amend the Wyoming Constitution to require an affirmative vote of the state's electors before high-level radioactive waste and spent nuclear fuel can be stored in Wyoming.  ,6,2026-02-10,https://legiscan.com/WY/bill/HJ0003/2026
WY,2080900,,Residential property tax value-constitutional amendment.,A JOINT RESOLUTION amending the constitution to authorize the legislature to provide for valuation of residential property for purposes of taxation and to make conforming changes to related constitutional provisions.,6,2026-02-09,https://legiscan.com/WY/bill/HJ0004/2026
WY,2110026,,Law Enforcement Memorial-Michael A. Rosa.,A JOINT RESOLUTION encouraging the Wyoming Peace Officer Memorial Committee to enshrine the name of Patrolman Michael A. Rosa on the Wyoming Law Enforcement Fallen Officer Memorial. ,6,2026-02-23,https://legiscan.com/WY/bill/HJ0005/2026
WY,2112330,,Election of judges and justices.,A JOINT RESOLUTION to amend the Wyoming Constitution to provide for the election of judges and justices and to repeal conflicting constitutional provisions concerning the selection and retention of judges and justices.,6,2026-02-13,https://legiscan.com/WY/bill/HJ0006/2026
WY,2113652,,Social studies content standards-political ideologies.,"A JOINT RESOLUTION requesting the Wyoming state board of education to amend the state board's social studies student content and performance standards to include teaching benchmarks that analyze the negative consequences of the political ideologies of communism, fascism and socialism in the twentieth and twenty-first centuries.",6,2026-02-13,https://legiscan.com/WY/bill/HJ0007/2026
WY,2114036,,Citizenship-sole allegiance to the United States.,"A JOINT RESOLUTION providing that, for purposes of determining whether a person is a qualified elector, the person shall not be deemed to be a United States citizen if the person also possesses citizenship of a foreign adversary of the United States.",6,2026-02-13,https://legiscan.com/WY/bill/HJ0008/2026
WY,2111413,,General government appropriations.,"AN ACT to make appropriations for the fiscal biennium commencing July 1, 2026 and ending June 30, 2028; providing definitions; providing for appropriations and transfers of funds for the period of the budget and for the remainder of the current biennium ending June 30, 2026 as specified; providing for carryover of certain funds beyond the biennium as specified; providing for employee positions as specified; providing for duties, terms and conditions and other requirements relating to appropriations for the remainder of the current biennium ending June 30, 2026 and the period of the budget as specified; providing for position and other budgetary limitations; continuing an account; authorizing grants and loans; discharging interfund loans; funding a higher education program; requiring an audit of funds; making conforming amendments; amending and repealing prior appropriations; and providing for effective dates.",4,2026-03-06,https://legiscan.com/WY/bill/SF0001/2026
WY,2070891,,Legislative budget.,"AN ACT relating to appropriations for the legislature; providing appropriations for the operation of the legislative branch of state government; providing for terms and conditions and other requirements relating to appropriations for the remainder of the current biennium ending June 30, 2026 and the period of the budget as specified; providing for carryover of certain funds beyond the biennium as specified; and providing for effective dates.",4,2026-03-03,https://legiscan.com/WY/bill/SF0002/2026
WY,2054627,,Protection of nuclear facilities.,AN ACT relating to crimes and offenses; providing an affirmative defense for the use of defensive force for the protection or defense of nuclear facilities; providing definitions; establishing an offense of trespass on commercial nuclear facilities; specifying penalties; providing armed nuclear facility security guards the authority to detain persons as specified; and providing for an effective date.,6,2026-02-09,https://legiscan.com/WY/bill/SF0003/2026
WY,2055049,,Medicaid rate increase-EMS services.,AN ACT relating to medical assistance and services; providing for increased reimbursement for emergency medical services under the Wyoming Medical Assistance and Services Act as specified; providing appropriations; specifying applicability; requiring reports; and providing for an effective date.,4,2026-03-06,https://legiscan.com/WY/bill/SF0004/2026
WY,2054841,,Hospital bankruptcy proceedings.,AN ACT relating to counties; authorizing county memorial hospitals and hospital districts to file for bankruptcy under chapter 9 of the United States bankruptcy code as specified; and providing for an effective date.,4,2026-02-27,https://legiscan.com/WY/bill/SF0005/2026
WY,2054660,,Eligibility for Medicaid-criteria.,AN ACT relating to medical assistance and services; codifying current state criteria for Medicaid eligibility; specifying applicability; requiring rulemaking; and providing for effective dates.,4,2026-02-27,https://legiscan.com/WY/bill/SF0006/2026
WY,2054628,,Theft amendments.,AN ACT relating to crimes and offenses; amending the penalties for theft and related offenses as specified; amending the number of theft offenses needed for a felony theft offense; and providing for an effective date.,4,2026-02-27,https://legiscan.com/WY/bill/SF0007/2026
WY,2054900,,Absconding for criminal purposes-criminal offense.,AN ACT relating to crimes and offenses; creating the criminal offense of absconding for criminal purposes; specifying penalties; and providing for an effective date.,4,2026-02-27,https://legiscan.com/WY/bill/SF0008/2026
WY,2055079,,Fentanyl to minors-enhanced penalty.,AN ACT relating to controlled substances; providing for an enhanced penalty for controlled substance offenses related to the distribution or delivery of fentanyl to minors; making conforming amendments; providing definitions; and providing for an effective date.,4,2026-02-27,https://legiscan.com/WY/bill/SF0009/2026
WY,2054692,,Contracts for holding and treating mentally ill detainees.,AN ACT relating to criminal procedure; authorizing the department of health to enter into contracts with detention centers for holding and treating mentally ill detainees before a competency evaluation or restoration; amending the Wyoming Governmental Claims Act; providing immunity for persons providing competency evaluations or restoration services as specified; amending definitions; providing an appropriation; making conforming amendments; requiring reports; and providing for an effective date.,4,2026-03-06,https://legiscan.com/WY/bill/SF0010/2026
WY,2054989,,Burials of indigent veterans-amendments.,AN ACT relating to defense forces and affairs; amending eligibility requirements for indigent veterans in order for counties to request reimbursement for preparing and transporting indigent veterans for burial; specifying indigent veterans who qualify for burial expenses paid by the department of family services also qualify for payment of burial expenses by counties; increasing the amount paid for burial expenses by the department of family services; clarifying priority of payment for burial expenses of indigent veterans; making a conforming amendment; and providing for an effective date.,4,2026-02-27,https://legiscan.com/WY/bill/SF0011/2026
WY,2054811,,Wyoming national guard reenlistment bonus program.,AN ACT relating to defense forces and affairs; creating the Wyoming national guard member reenlistment and extension program as specified; requiring reporting; requiring rulemaking; providing an appropriation; and providing for effective dates.,4,2026-03-03,https://legiscan.com/WY/bill/SF0012/2026
WY,2054664,,Wyoming national guard member referral-amendments. ,AN ACT relating to defense forces and affairs; increasing the referral bonus amount for the Wyoming national guard member referral incentive program; expanding eligibility of the program; extending the sunset date for the program; making conforming amendments; providing an appropriation; and providing for an effective date. ,4,2026-03-03,https://legiscan.com/WY/bill/SF0013/2026
WY,2056024,,Literacy position for K-3 reading program.,AN ACT relating to authorization of a full-time literacy position for the department of education; providing an appropriation; and providing for an effective date.,4,2026-03-06,https://legiscan.com/WY/bill/SF0014/2026
WY,2056619,,Landowner hunting licenses-limitation.,AN ACT relating to game and fish; authorizing the game and fish commission to establish limits on the number of landowner hunting licenses issued in any limited quota hunt area as specified; and providing for an effective date.,6,2026-02-09,https://legiscan.com/WY/bill/SF0015/2026
WY,2056574,,Subleasing of state lands-exemptions.,AN ACT relating to state lands; amending provisions and creating exemptions regarding the subleasing of state grazing lands; providing definitions; establishing a non-owned livestock fee; repealing obsolete provisions; and providing for an effective date.,4,2026-03-02,https://legiscan.com/WY/bill/SF0016/2026
WY,2056768,,Good neighbor authority-amendments.,"AN ACT relating to state lands; removing the restriction on the number of authorized good neighbor authority employee positions; requiring employee positions to be funded only using funds from the Wyoming state forestry good neighbor authority revolving account; authorizing gifts, donations and bequests to be deposited into the account; prohibiting the acceptance of real property for purposes of the good neighbor authority; and providing for an effective date.",4,2026-02-27,https://legiscan.com/WY/bill/SF0017/2026
WY,2057298,,Attendance of students in K-12 schools. ,AN ACT relating to enrollment of students in K-12 public schools; specifying the public schools of the state as being equally free and accessible to children attending school on a part‑time basis; specifying applicability; and providing for an effective date.,4,2026-02-27,https://legiscan.com/WY/bill/SF0018/2026
WY,2057355,,Epinephrine delivery methods.,"AN ACT relating to public health and safety; authorizing the administration of epinephrine through the use of auto-injectors, nasal sprays and any other federally approved device or method; amending definitions; requiring rulemaking; and providing for effective dates.",4,2026-03-03,https://legiscan.com/WY/bill/SF0019/2026
WY,2058546,,Data privacy-government entities.,"AN ACT relating to the administration of the government; requiring government entities to adopt policies for the collection, access, security and use of personal data as specified; requiring specific personal data policies; providing definitions; specifying applicability; and providing for effective dates.",4,2026-03-06,https://legiscan.com/WY/bill/SF0020/2026
WY,2058563,,Wyoming stable token-amendments. ,"AN ACT relating to trade and commerce; authorizing gifts, donations and bequests to be deposited into the Wyoming stable token trust account; amending the Wyoming stable token commission's authorized investments; amending the trust account's reserve requirement; amending the distribution of funds within the Wyoming stable token administration account; creating a Wyoming stable token liquidity account; authorizing the Wyoming stable token commission to enter into agreements as specified; and providing for an effective date.",4,2026-03-06,https://legiscan.com/WY/bill/SF0021/2026
WY,2058527,,Unincorporated nonprofit associations-amendments.,"AN ACT relating to corporations, partnerships and associations; authorizing decentralized unincorporated nonprofit associations to automatically convert to unincorporated nonprofit associations as specified; conforming language in the Wyoming Decentralized Unincorporated Nonprofit Association Act with the Wyoming Unincorporated Nonprofit Association Act; requiring assets of decentralized unincorporated nonprofit associations to be distributed as required by federal law when winding up a decentralized unincorporated nonprofit association; clarifying references to decentralized unincorporated nonprofit associations; amending definitions; repealing obsolete provisions; making conforming amendments; and providing for an effective date.",4,2026-03-03,https://legiscan.com/WY/bill/SF0022/2026
WY,2059264,,Outpatient examination and commitment length.,AN ACT relating to public health and safety; amending provisions related to the involuntary hospitalization of mentally ill persons; expanding the list of examiners qualified to perform involuntary hospitalization examinations; and providing for an effective date.,4,2026-03-07,https://legiscan.com/WY/bill/SF0023/2026
WY,2061078,,Lottery tickets-acceptance of debit card payments.,AN ACT relating to the Wyoming lottery; authorizing debit card payments for lottery ticket purchases; and providing for an effective date.,4,2026-02-27,https://legiscan.com/WY/bill/SF0024/2026
WY,2061088,,Landowner license limits in limited quota hunt areas.,AN ACT relating to game and fish; authorizing the game and fish commission to establish limits on landowner licenses available in a limited quota hunt area; and providing for an effective date.,2,2026-02-23,https://legiscan.com/WY/bill/SF0025/2026
WY,2061068,,Game and fish property tax exemption-amendments.,AN ACT relating to taxation and revenue; exempting specified real property owned by the Wyoming game and fish commission from property taxation; amending a special tax on real property owned by the Wyoming game and fish commission that is used for other purposes; specifying applicability; and providing for an effective date.,4,2026-03-06,https://legiscan.com/WY/bill/SF0026/2026
WY,2061047,,Leashed dogs for tracking-black bear.,AN ACT relating to game and fish; allowing a person to use a leashed blood-trailing dog to track and recover a killed or wounded black bear; and providing for an effective date.,4,2026-03-05,https://legiscan.com/WY/bill/SF0027/2026
WY,2064807,,Elections-voting machine and voting system tests.,AN ACT relating to elections; clarifying the procedure for testing voting machines and electronic voting systems; specifying that tests shall be open to the public; specifying rulemaking authority; removing the presumption of proper preparation of voting machines; and providing for an effective date.,4,2026-03-07,https://legiscan.com/WY/bill/SF0028/2026
WY,2064806,,Elections-acceptable identification revisions.,"AN ACT relating to elections; specifying acceptable identification for voter identification; repealing school identification cards, Medicaid and Medicare insurance cards as forms of acceptable identification; and providing for an effective date.",6,2026-02-09,https://legiscan.com/WY/bill/SF0029/2026
WY,2064809,,Elections-voter registration revisions.,"AN ACT relating to elections; clarifying the definition of ""qualified elector""; making conforming changes related to voter registration and voter qualifications; and providing for an effective date.",4,2026-02-27,https://legiscan.com/WY/bill/SF0030/2026
WY,2064804,,Uniform mortgage modification act.,AN ACT relating to mortgages; implementing the Uniform Mortgage Modification Act; specifying the priority of mortgages; specifying applicability; and providing for an effective date.,4,2026-02-27,https://legiscan.com/WY/bill/SF0031/2026
WY,2064811,,911 funding.,AN ACT relating to emergency telephone service; requiring a study on next generation 911 service; authorizing a grant program to fund shortfalls in current 911 service; requiring rulemaking; making a conforming amendment; requiring a report; specifying applicability; providing an appropriation; and providing for an effective date.,4,2026-02-27,https://legiscan.com/WY/bill/SF0032/2026
WY,2064810,,Political parties-county central committees.,AN ACT relating to elections; specifying that duly elected party officials are members of the county central committees of political parties; and providing for an effective date.,6,2026-02-09,https://legiscan.com/WY/bill/SF0033/2026
WY,2064924,,Roadside safety-amendments.,AN ACT relating to motor vehicles; requiring traffic to yield to roadside service and tire repair vehicles as specified; authorizing roadside service and tire repair vehicles to display flashing lights; exempting roadside service and tire repair vehicles from horn and siren requirements; and providing for an effective date.,1,2026-02-10,https://legiscan.com/WY/bill/SF0034/2026
WY,2065655,,School district-cell phone and smart watch policies.,AN ACT relating to education; requiring school districts to adopt policies governing students' possession and use of cell phones and smart devices in schools; requiring the adopted policies to be submitted to the state superintendent of public instruction; providing definitions; specifying applicability; and providing for an effective date.,4,2026-03-06,https://legiscan.com/WY/bill/SF0035/2026
WY,2065678,,Hathaway lump sum merit scholarship. ,AN ACT relating to the Hathaway scholarship program; amending award timing for the Hathaway scholarship program; amending eligibility requirements as specified; eliminating satisfactory academic progress requirements; eliminating continuous enrollment requirements; eliminating minimum credit hour requirements; amending the calculation of scholarship amounts; deleting obsolete language; making conforming amendments; specifying applicability; repealing provisions; and providing for an effective date.,2,2026-02-18,https://legiscan.com/WY/bill/SF0036/2026
WY,2066807,,K-12 school facilities maintenance and appropriations.,AN ACT relating to K-12 public school finance; increasing the allowable education square footage utilized to calculate routine and major maintenance for school districts; providing appropriations; and providing for effective date.,6,2026-03-04,https://legiscan.com/WY/bill/SF0037/2026
WY,2068288,,Beef checkoff program-amendments.,"AN ACT relating to agriculture, livestock and other animals; authorizing the assessment of a management fee for services provided to the Wyoming beef council as specified; and providing for an effective date.",0,,https://legiscan.com/WY/bill/SF0038/2026
WY,2068066,,Long-term homeowner tax exemption-amendments.,AN ACT relating to taxation; repealing the sunset date of the property tax exemption for long-term homeowners; revising the deadline to apply for the property tax exemption for long-term homeowners; providing a method to claim the property tax exemption in subsequent years; amending the amount of the long‑term homeowner property tax exemption; and providing for an effective date.,2,2026-02-20,https://legiscan.com/WY/bill/SF0039/2026
WY,2070862,,State lands-designation of community-valued land.,AN ACT relating to environmental quality; establishing a process by which the environmental quality council may designate lands as lands with significant community value; specifying required considerations for the board of land commissioners when considering lands with significant community value; specifying duties; making conforming amendments; requiring rulemaking; and providing for effective dates.,6,2026-02-10,https://legiscan.com/WY/bill/SF0040/2026
WY,2072348,,Portable benefit accounts.,AN ACT relating to labor and employment; authorizing the creation and use of portable benefit accounts; specifying requirements and conditions for portable benefit accounts; providing definitions; requiring rulemaking; and providing for effective dates.,4,2026-03-06,https://legiscan.com/WY/bill/SF0041/2026
WY,2072567,,County zoning authority-amendments.,AN ACT relating to counties; amending and clarifying the authority for counties to implement zoning regulations for specified purposes; amending the ability of counties to enact zoning resolutions associated to the extraction and production of specified minerals; making conforming amendments; specifying applicability; and providing for an effective date.,6,2026-02-10,https://legiscan.com/WY/bill/SF0042/2026
WY,2073951,,Conservation district supervisor contracting.,AN ACT relating to conservation districts; repealing a provision requiring conservation district supervisors to have funds immediately available to satisfy the entirety of a contract prior to entering into the contract; and providing for an effective date.,2,2026-02-20,https://legiscan.com/WY/bill/SF0043/2026
WY,2074032,,Gambling amendments.,AN ACT relating to crimes and offenses; amending exceptions to the offense of gambling; amending and creating definitions; and providing for an effective date.,4,2026-03-06,https://legiscan.com/WY/bill/SF0044/2026
WY,2073991,,Local approval for simulcasting.,"AN ACT relating to pari-mutuel wagering; specifying requirements for simulcasting permits, including historic horse racing terminals; requiring approval by a city, town or county for the issuance of a simulcasting permit as specified; authorizing conditions and revocation of approval; authorizing appeals; amending enforcement requirements; conforming provisions; specifying applicability; and providing for an effective date.",4,2026-03-06,https://legiscan.com/WY/bill/SF0045/2026
WY,2074011,,Skill based amusement games-licensed liquor establishments.,AN ACT relating to gaming; limiting the licensed liquor establishments where skill based amusement games may be located; specifying applicability; and providing for an effective date.,4,2026-03-06,https://legiscan.com/WY/bill/SF0046/2026
WY,2078245,,Increase of Hathaway scholarship awards. ,AN ACT relating to increasing the Hathaway scholarship program awards; making conforming amendments; and providing for an effective date.,4,2026-02-27,https://legiscan.com/WY/bill/SF0047/2026
WY,2083685,,Stem Cell Freedom Act.,AN ACT relating to public health and safety; authorizing physicians to recommend and perform stem cell therapy on patients as specified; allowing health care insurers to cover stem cell therapy as specified; prohibiting the state board of medicine from taking action against a physician's license due to the use or promotion of stem cell therapy; prohibiting the state of Wyoming from denying patients access to stem cell therapy; providing that no cause of action is created against a person properly performing stem cell therapy; requiring compliance as specified; amending the powers of the Wyoming state board of medicine; providing definitions; and providing for an effective date.,4,2026-03-06,https://legiscan.com/WY/bill/SF0048/2026
WY,2083997,,Public records act revisions.,AN ACT relating to public records; revising documents that constitute official public records; revising time periods for acknowledgement of public records requests and release of public records; providing for an extension of time to release public records; authorizing the ombudsman to refer a matter to the attorney general or district attorney; specifying fees for public records; increasing a penalty; authorizing attorney fees; and providing for an effective date.,6,2026-02-09,https://legiscan.com/WY/bill/SF0049/2026
WY,2088219,,State engineer-surface and ground water study.,AN ACT relating to water; requiring the state engineer to conduct a groundwater study in control areas as specified; requiring reports; providing an appropriation; and providing for an effective date.,4,2026-03-06,https://legiscan.com/WY/bill/SF0050/2026
WY,2088751,,Transferable landowner hunting licenses-requirements.,AN ACT relating to game and fish; creating requirements for the issuance of transferable landowner hunting licenses as specified; requiring rulemaking; providing a sunset date; and providing for effective dates.,6,2026-02-09,https://legiscan.com/WY/bill/SF0051/2026
WY,2088399,,2026 large project funding.,AN ACT relating to the Wyoming Wildlife and Natural Resource Funding Act; providing for the funding of large projects under that act; specifying large projects approved for funding in 2026; authorizing distributions from the Wyoming wildlife and natural resource trust income account for approved large projects; providing for the reversion of funds; and providing for an effective date.,4,2026-02-27,https://legiscan.com/WY/bill/SF0052/2026
WY,2090785,,Keeping amateurism in high school athletics.,AN ACT relating to education; requiring amateur status for participation in high school athletic activities; specifying requirements for amateur status; providing exceptions; and providing for an effective date.,4,2026-03-03,https://legiscan.com/WY/bill/SF0053/2026
WY,2094876,,State banks and SPDI conversions. ,"AN ACT relating to banks, banking and finance; providing for the conversion of special purpose depository institutions into state banks; providing for the conversion of state banks into special purpose depository institutions; requiring rulemaking; and providing for effective dates. ",4,2026-03-07,https://legiscan.com/WY/bill/SF0054/2026
WY,2094734,,Special purpose depository institution-amendments.,"AN ACT relating to banks, banking and finance; amending special purpose depository institution initial capital stock requirements; amending requirements for special purpose depository institutions to commence business as specified; amending requirements for the application to charter special purpose depository institutions as specified; amending the timeline special purpose depository institutions must commence business; authorizing appeals of decisions of the commissioner; amending the appealable court for decisions relating to special purpose depository institutions; creating a special purpose depository institution resolution fund account; specifying authorized expenditures and the investment of funds in the account; requiring a portion of supervisory fees to be paid to the account; repealing the requirement that special purpose depository institutions maintain a contingency account; making conforming amendments; requiring rulemaking; and providing for effective dates.",4,2026-03-07,https://legiscan.com/WY/bill/SF0055/2026
WY,2100628,,Kratom product regulation.,"AN ACT relating to food and drugs; regulating the sale, testing and use of kratom products as specified; authorizing the department of health and local law enforcement to enforce compliance with kratom product regulation as specified; providing definitions; providing criminal penalties; providing appropriations; authorizing full-time positions; and providing for effective dates.",4,2026-03-06,https://legiscan.com/WY/bill/SF0056/2026
WY,2100241,,Transparency in hospital service pricing.,AN ACT relating to public health and safety; requiring hospitals to list prices for medical items and services as specified; requiring the department of health to monitor and enforce the provisions of this act; providing penalties; providing definitions; requiring recommendations for future legislation; requiring rulemaking; making conforming amendments; providing a sunset date; and providing for effective dates.,4,2026-03-07,https://legiscan.com/WY/bill/SF0057/2026
WY,2100394,,Wyoming Indian Child Welfare Act sunset repeal.,AN ACT relating to Indian child welfare; repealing the Wyoming Indian Child Welfare Act sunset date; and providing for an effective date.,4,2026-03-06,https://legiscan.com/WY/bill/SF0058/2026
WY,2101000,,K-12 language and literacy program.,"AN ACT relating to language and literacy competency; providing definitions; specifying screeners, assessments, diagnostics and screening requirements; requiring professional development; establishing school district duties; requiring parental notice; requiring individual reading plans for students with reading difficulties or at risk for poor reading outcomes; requiring reports; establishing additional duties for the department of education; authorizing the state superintendent of public instruction to create a language and literacy division; requiring rulemaking; repealing provisions; making conforming amendments; and providing for an effective date. ",4,2026-03-06,https://legiscan.com/WY/bill/SF0059/2026
WY,2102182,,K-12 school facilities appropriations.,"AN ACT relating to school building and facility projects; providing appropriations for the fiscal biennium commencing July 1, 2026 through June 30, 2028; providing for appropriations for the remainder of the current biennium ending June 30, 2026; specifying conditions for expenditures; requiring reports; establishing a grant program for school facility safety and security projects; specifying requirements for school districts to receive safety and security grant funds; and providing for an effective date.",6,2026-03-04,https://legiscan.com/WY/bill/SF0060/2026
WY,2103082,,Motor vehicle sales to family members-not taxable.,AN ACT relating to taxation and revenue; providing a sales tax and use tax exemption to the purchase or transfer of a motor vehicle to family members as specified; making conforming amendments; and providing for an effective date.,4,2026-03-07,https://legiscan.com/WY/bill/SF0061/2026
WY,2103289,,Legislature-reorganization of department of audit.,AN ACT relating to the administration of government; requiring a plan to reorganize the public funds division of the department of audit under the legislature; specifying elements of the plan; requiring reports; requiring legislative approval; specifying applicability; and providing for an effective date.,6,2026-02-09,https://legiscan.com/WY/bill/SF0062/2026
WY,2103288,,Administrative rules-legislative review.,AN ACT relating to administrative procedure; requiring agencies to provide notice of major rules as specified; clarifying the definition of major rule; requiring rulemaking; and providing for an effective date.,6,2026-02-09,https://legiscan.com/WY/bill/SF0063/2026
WY,2103297,,Investment in Wyoming housing.,AN ACT relating to community development; creating the Wyoming housing revolving loan program; providing legislative findings; providing for loans for housing projects; specifying terms and conditions for loans; creating an account; providing for the appropriation of funds; requiring reports; requiring rulemaking; making conforming amendments; and providing for an effective date.,6,2026-02-10,https://legiscan.com/WY/bill/SF0064/2026
WY,2106832,,Wyoming business council-repeal.,AN ACT relating to the administration of the government; repealing and terminating the Wyoming business council; repealing the Wyoming Economic Development Act and renumbering portions of the act; specifying requirements and conditions for the repeal and termination; transferring specified functions of the Wyoming business council to other state entities; making conforming amendments; repealing obsolete provisions; requiring reports; specifying applicability; authorizing positions; providing an appropriation; and providing for effective dates.,6,2026-02-09,https://legiscan.com/WY/bill/SF0065/2026
WY,2106749,,Donated hunting licenses-amendments.,AN ACT relating to game and fish; authorizing persons with life threatening illnesses and persons who are vision-impaired to receive donated hunting licenses as specified; requiring rulemaking; and providing for effective dates.,4,2026-03-07,https://legiscan.com/WY/bill/SF0066/2026
WY,2106791,,Wyoming state guard-amendments.,AN ACT relating to the Wyoming state guard; removing activation of the national guard of Wyoming into service of the United States as a prerequisite for the organization of the Wyoming state guard; removing federal involvement in the Wyoming state guard; allowing the governor to organize and maintain the Wyoming state guard; making conforming amendments; providing an appropriation; and providing for an effective date.,4,2026-03-06,https://legiscan.com/WY/bill/SF0067/2026
WY,2106812,,Water districts-funds for maintenance projects.,"AN ACT relating to irrigation projects; authorizing irrigation districts, watershed improvement districts and water conservancy districts to direct a portion of annual district funding for major maintenance projects; authorizing investments of major maintenance accounts; authorizing water conservancy districts to assess mills for major maintenance projects as specified; and providing for an effective date.",4,2026-02-27,https://legiscan.com/WY/bill/SF0068/2026
WY,2106729,,Waste and storm water infrastructure study. ,"AN ACT relating to water; requiring a study of waste water and storm water infrastructure in the state as specified; requiring reports; specifying ownership of data collected pursuant to the study; providing requirements for production, disclosure and dissemination of data collected; providing an appropriation; and providing for an effective date.",4,2026-03-07,https://legiscan.com/WY/bill/SF0069/2026
WY,2106686,,Omnibus water bill-construction.,AN ACT relating to water development projects; authorizing construction of designated water projects; describing projects; specifying terms and conditions of funding for projects; providing grants; providing loans; providing appropriations; amending amounts and terms of appropriations for specified prior projects; transferring funds from water development account I to water development account II; transferring a project; requiring studies; requiring a report; and providing for an effective date.,4,2026-03-06,https://legiscan.com/WY/bill/SF0070/2026
WY,2106708,,Wyoming department of homeland security.,"AN ACT relating to the administration of the government; reconstituting the office of homeland security as the Wyoming department of homeland security; specifying duties and budget requirements for the department; specifying the transfer of assets, obligations and duties of the office of homeland security to the department of homeland security; making conforming amendments; requiring reports; specifying applicability; and providing for effective dates.",4,2026-03-03,https://legiscan.com/WY/bill/SF0071/2026
WY,2107953,,Interstate Teacher Mobility Compact.,AN ACT relating to education; entering into a compact with other states to allow teachers licensed in one (1) compact state to teach in other compact states; approving and specifying terms of the compact; making conforming amendments; and providing for an effective date.,2,2026-02-24,https://legiscan.com/WY/bill/SF0072/2026
WY,2107981,,Tolling authority-highways. ,AN ACT relating to highways; granting tolling authority for highways as specified; creating a highway tolling program; defining duties of the department of transportation; requiring reporting; providing rulemaking authority; and providing for an effective date.,6,2026-02-10,https://legiscan.com/WY/bill/SF0073/2026
WY,2108663,,Pesticide warning labels.,AN ACT relating to pesticides; providing for uniform pesticide labeling and warning requirements; specifying applicability; and providing for an effective date.,6,2026-02-10,https://legiscan.com/WY/bill/SF0074/2026
WY,2109961,,Court automation fees-amendments.,AN ACT relating to courts; amending court automation fees; establishing a process by which the supreme court may change the amount of required court automation fees; making conforming amendments; requiring reports; specifying applicability; authorizing rulemaking; and providing for effective dates.,6,2026-02-10,https://legiscan.com/WY/bill/SF0075/2026
WY,2109967,,Distribution of taxes on large electrical loads.,AN ACT relating to sales tax; specifying the distribution of taxes on sales of very large electrical loads; providing a definition; providing reporting requirements; specifying applicability; and providing for an effective date.,6,2026-02-10,https://legiscan.com/WY/bill/SF0076/2026
WY,2110964,,Homeowner property tax exemption revisions.,"AN ACT relating to taxation; revising the definition of ""single family residential structure"" for purposes of the homeowner property tax exemption; repealing the eight months of the year residency requirement to receive the homeowner property tax exemption; and providing for an effective date.",6,2026-02-09,https://legiscan.com/WY/bill/SF0077/2026
WY,2110849,,Residential real property-taxable value.,AN ACT relating to taxation and revenue; providing for administration of property tax; specifying property tax assessment rates for residential real property; making conforming amendments; specifying applicability; and providing for an effective date.,6,2026-02-09,https://legiscan.com/WY/bill/SF0078/2026
WY,2110625,,Sales and use tax reorganization.,AN ACT relating to sales and use tax; revising the sales tax chapter to include the administration of the use tax; repealing duplicative provisions; making conforming amendments; specifying applicability; and providing for effective dates.,4,2026-02-27,https://legiscan.com/WY/bill/SF0079/2026
WY,2111077,,Department of revenue-electronic communication.,AN ACT relating to sales and use taxes; removing the requirement for specified notices related to sales and use taxes to be sent by mail; authorizing electronic notices; making conforming amendments; and providing for an effective date.,4,2026-02-27,https://legiscan.com/WY/bill/SF0080/2026
WY,2111197,,K-12 public school finance-2.,AN ACT relating to K-12 public school finance; implementing the 2025 cost of education study as modified by the legislature; modifying the education resource block grant model; modifying cash reserves; restricting expenditure of funds distributed through the school foundation program account; creating a new grant program for the post secondary education enrollment options program; making conforming amendments; requiring rulemaking; repealing provisions; providing an appropriation; and providing for effective dates.,4,2026-03-09,https://legiscan.com/WY/bill/SF0081/2026
WY,2111563,,Duties of registered agents-amendments.,"AN ACT relating to corporations, partnerships and associations; modifying the duties of registered agents; requiring registered agents to maintain the names of all owners of each entity; providing exceptions; and providing for an effective date.",6,2026-03-03,https://legiscan.com/WY/bill/SF0082/2026
WY,2111543,,Major political parties-state central party voting members.,AN ACT relating to political parties; clarifying voting requirements for members of the state central committee of major political parties; and providing for an effective date.,6,2026-02-11,https://legiscan.com/WY/bill/SF0083/2026
WY,2111521,,Voluntary water conservation program.,AN ACT relating to water within Wyoming's portion of the Colorado River basin; establishing a voluntary water conservation program; providing an application and approval process for the program; providing an appeal process; authorizing the storage and release of water conserved under the program; establishing a sunset date; providing legislative findings; requiring a report; requiring rulemaking; authorizing positions; providing an appropriation; and providing for an effective date.,4,2026-03-07,https://legiscan.com/WY/bill/SF0084/2026
WY,2111575,,RAVEN Act.,AN ACT relating to the division of criminal investigation; creating the internet crimes against children task force program account; providing legislative findings; providing definitions; providing for the administration of the account; providing an appropriation; requiring rulemaking; and providing for effective dates.,4,2026-03-07,https://legiscan.com/WY/bill/SF0085/2026
WY,2111581,,Wyoming property tax relief authority.,AN ACT relating to the administration of the government; creating the Wyoming property tax relief authority; specifying duties and powers of the authority; creating a property tax loan program; authorizing the issuance of bonds under specified conditions; requiring notice of the property tax loan program in assessment schedules; providing an appropriation; authorizing positions; and providing for effective dates.,6,2026-02-11,https://legiscan.com/WY/bill/SF0086/2026
WY,2111582,,Felony interference with a police officer-amendments.,AN ACT relating to crimes and offenses; amending the offense of interference with a peace officer by creating an additional felony offense; and providing for an effective date.,2,2026-02-23,https://legiscan.com/WY/bill/SF0087/2026
WY,2111590,,Sex offenders-residence near child care facilities.,AN ACT relating to crimes and offenses; prohibiting sex offenders from residing near child care facilities as specified; providing definitions; and providing for an effective date.,4,2026-03-06,https://legiscan.com/WY/bill/SF0088/2026
WY,2112294,,Local housing projects-tax exemption amendments.,AN ACT relating to cities and towns; amending a tax exemption for locally owned property used for housing projects; specifying applicability; and providing for an effective date.,6,2026-02-11,https://legiscan.com/WY/bill/SF0089/2026
WY,2112270,,School facilities-use fees. ,AN ACT relating to education; imposing requirements for rental fees charged by school districts for use of school district property as specified; specifying applicability; and providing for an effective date.,4,2026-03-06,https://legiscan.com/WY/bill/SF0090/2026
WY,2112298,,Wyoming energy project accountability act.,AN ACT relating to the administration of the government; providing requirements for energy projects; requiring legislative approval for specified energy projects; providing definitions; providing for exceptions; making conforming amendments; requiring rulemaking; specifying applicability; and providing for an effective date.,6,2026-02-11,https://legiscan.com/WY/bill/SF0091/2026
WY,2112326,,Wyoming False Claims Act.,AN ACT relating to civil procedure; providing civil penalties for false claims made against state employees and officials as specified; providing definitions; providing exceptions; providing remedies for retaliation regarding persons who report violations of this act; providing a statute of limitations; providing procedures for lawsuits as specified; authorizing civil actions; creating an account; and providing for an effective date.,6,2026-03-03,https://legiscan.com/WY/bill/SF0092/2026
WY,2112287,,Shared custody-amendments.,AN ACT relating to domestic relations; amending considerations for determining the child's best interests for custody matters; specifying requirements for shared custody considerations for child custody dispositions; providing definitions; requiring court findings for specified child custody dispositions; making conforming amendments; specifying applicability; and providing for an effective date.,6,2026-02-11,https://legiscan.com/WY/bill/SF0093/2026
WY,2112281,,Governmental immunity-road reconstruction and maintenance.,AN ACT relating to civil procedure; amending exclusions from the waiver of immunity related to roadway maintenance and reconstruction for purposes of the Wyoming Governmental Claims Act; specifying waivers of immunity related to roadway maintenance and reconstruction for governmental entities; making conforming amendments; repealing obsolete provisions; specifying applicability; and providing for an effective date.,6,2026-02-11,https://legiscan.com/WY/bill/SF0094/2026
WY,2112346,,Driver's and motor vehicle services-third party providers.,AN ACT relating to motor vehicles; authorizing third party providers to provide driver's license and motor vehicle services as specified; creating the motor vehicle division partner program; making conforming amendments; requiring rulemaking; and providing for an effective date.,4,2026-03-06,https://legiscan.com/WY/bill/SF0095/2026
WY,2112310,,Tobacco sales and taxation.,AN ACT relating to tobacco; clarifying that wholesalers are prohibited from making sales or delivery of nicotine products to minors; clarifying the imposition of the tobacco tax on sales of cigars and pipe tobacco; establishing a maximum tax amount for cigars; providing for the imposition of tobacco taxes on remote retail sales of cigars and pipe tobacco; requiring remote retail sellers to obtain a license; providing definitions; making conforming amendments; and providing for an effective date.,1,2026-02-11,https://legiscan.com/WY/bill/SF0096/2026
WY,2112290,,Cash payment-governmental entities.,AN ACT relating to administration of the government; requiring government entities to accept cash as payment; prohibiting government entities from charging fees for cash payments; specifying applicability; and providing for an effective date.,6,2026-02-11,https://legiscan.com/WY/bill/SF0097/2026
WY,2113426,,Eligibility for veteran property tax exemption-amendments-2.,AN ACT relating to taxation and revenue; providing an ad valorem tax exemption for bona fide Wyoming residents who are honorably discharged veterans who served in the United States armed forces or the Wyoming national guard for a specified time period; providing an ad valorem tax exemption for bona fide Wyoming residents who are active or reserve members of the Wyoming national guard or the United States armed forces; providing an ad valorem tax exemption for bona fide Wyoming residents who are surviving spouses or surviving parents of specified veterans and military members; amending the bona fide Wyoming residency requirement as specified; providing definitions; specifying applicability; and providing for an effective date.,6,2026-03-04,https://legiscan.com/WY/bill/SF0098/2026
WY,2113530,,Prescriptive easements for electricity delivery.,"AN ACT relating to property, conveyances and security transactions; providing legislative findings; providing definitions; providing an easement for electric transmission lines and distributions systems as specified; specifying applicability; and providing for an effective date.",4,2026-03-07,https://legiscan.com/WY/bill/SF0099/2026
WY,2113348,,Wyoming business council-evaluation and reform-2.,AN ACT relating to the administration of the government; creating a task force; specifying duties of the task force in evaluating the Wyoming business council; specifying additional ex officio members of the Wyoming business council board; specifying duties of the Wyoming business council; requiring reports; providing appropriations;  and providing for an effective date.,6,2026-03-04,https://legiscan.com/WY/bill/SF0100/2026
WY,2113374,,Second amendment protection act amendments-3.,AN ACT relating to the protection of constitutional rights; amending the Second Amendment Protection Act as specified; creating exceptions to the Second Amendment Protection Act; creating civil penalties; creating criminal penalties; creating an exception to the Wyoming Governmental Claims Act; providing definitions; making conforming amendments; and providing for an effective date.,5,2026-03-10,https://legiscan.com/WY/bill/SF0101/2026
WY,2113505,,Wyoming energy transmission study.,AN ACT relating to the Wyoming energy authority; requiring the completion of a transmission study; specifying requirements of the study; requiring reports; and providing for an effective date.,4,2026-03-06,https://legiscan.com/WY/bill/SF0102/2026
WY,2113399,,"Courts-retired judges, constitutional cases and injunctions.",AN ACT relating to courts; amending requirements for the assignment of retired judges and justices to active cases; specifying limitations on the assignment of retired justices and judges to service; specifying duties of the Wyoming supreme court; requiring the use of three (3) judge panels for district courts to resolve the constitutionality of statutes and session laws as specified; making conforming amendments; specifying applicability; and providing for an effective date.,6,2026-02-12,https://legiscan.com/WY/bill/SF0103/2026
WY,2113453,,Higher education-research funding.,AN ACT relating to higher education; providing funding for specified research projects at the University of Wyoming; allocating revenue generated by research as specified; specifying conditions and permitted uses for appropriated funds; authorizing fundraising to support research projects; requiring nonstate matching funds as specified; creating an account; requiring reports; providing appropriations; and providing for an effective date.,2,2026-02-24,https://legiscan.com/WY/bill/SF0104/2026
WY,2113479,,Real estate brokers-duties and disclosure amendments.,"AN ACT relating to real estate brokers and salespersons; amending the definition of ""customer"" for purposes of real estate transactions and licensing provisions; amending the disclosures that are required when establishing a broker relationship; specifying applicability; and providing for an effective date.",4,2026-03-06,https://legiscan.com/WY/bill/SF0105/2026
WY,2113578,,Welfare Fraud Prevention Act Amendments.,"AN ACT relating to welfare; amending the intervals at which the department of health and department of family services shall determine specified information of an applicant for or recipient of public welfare and assistance; making conforming amendments; amending the requirements for public welfare and assistance qualification and participation; establishing citizen, noncitizen and qualified alien eligibility for public welfare and assistance; requiring the reporting of illegal alien status; requiring specified hospitals to collect citizenship status information; requiring rulemaking; requiring reporting; providing definitions; specifying applicability; and providing for an effective date.",4,2026-03-07,https://legiscan.com/WY/bill/SF0106/2026
WY,2113622,,Motor vehicle registration and plate issuance system.,AN ACT relating to motor vehicles; creating a motor vehicle registration and license plate issuance system; requiring the department of transportation to implement and administer the system; requiring county treasurers to use the system; providing definitions; specifying that development of the system is part of the replacement of the revenue information system; requiring rulemaking; making conforming amendments; and providing for effective dates.,4,2026-03-06,https://legiscan.com/WY/bill/SF0107/2026
WY,2113636,,Election purity and hand count-2.,AN ACT relating to elections; providing for the hand counting of ballots; establishing statewide standards related to the handling and counting of ballots; providing for the reconciling of ballot numbers; prohibiting the use of voting machines for casting or tabulating ballots; providing duties for county clerks and the secretary of state; revising requirements for the post-election ballot audit; requiring rulemaking; revising offenses related to elections; providing penalties; making conforming amendments; repealing conflicting provisions; making legislative findings; specifying applicability; and providing for an effective date.,6,2026-02-12,https://legiscan.com/WY/bill/SF0108/2026
WY,2113649,,Cowboy state agricultural trust fund.,AN ACT relating to the administration of the government; creating the cowboy state agricultural trust fund; specifying requirements and authorized expenditures for the fund; creating the cowboy state agricultural trust fund committee; specifying duties and oversight responsibilities of the committee; requiring reporting; requiring the transfer of funds; requiring rulemaking; and providing for effective dates.,2,2026-02-24,https://legiscan.com/WY/bill/SF0109/2026
WY,2113632,,Residential property tax revisions.,AN ACT relating to taxation and revenue; providing for administration of the property tax; specifying property tax assessment rates for residential real property; limiting the applicability of specified mills to residential real property used as a primary residence by the owner of the property; repealing a related property tax exemption; making conforming amendments; providing an appropriation; specifying applicability; and providing for an effective date.,2,2026-02-24,https://legiscan.com/WY/bill/SF0110/2026
WY,2113643,,Select committee on gaming.,AN ACT relating to the legislature; creating the select committee on gaming; providing for the appointment of members; specifying duties; providing an appropriation; and providing for an effective date.,2,2026-02-24,https://legiscan.com/WY/bill/SF0111/2026
WY,2113612,,Elimination of license plate replacement cycle.,AN ACT relating to motor vehicles; eliminating the requirement that license plates be reissued after a specified time; requiring replacement of license plates as specified; adding a fee for replacement license plates; providing definitions; making conforming amendments; and providing for an effective date.,6,2026-03-04,https://legiscan.com/WY/bill/SF0112/2026
WY,2113593,,2026 election hand count comparison.,AN ACT relating to elections; requiring the completion of a hand count by the county clerk of each county in the 2026 primary and general elections; specifying requirements of the hand count; requiring reporting; and providing for an effective date.,4,2026-03-07,https://legiscan.com/WY/bill/SF0113/2026
WY,2113658,,Election of representatives by county.,AN ACT relating to elections; providing for the election of representatives to the Wyoming house of representatives; specifying requirements for nominations and elections; specifying apportionment and counting procedures for elections of representatives; making conforming amendments; providing for the apportionment of house legislative districts and the number of representatives for each district; specifying applicability; and providing for an effective date.,6,2026-03-04,https://legiscan.com/WY/bill/SF0114/2026
WY,2113583,,Gillette community college district funding.,AN ACT relating to community college districts; specifying requirements for the transition of the northern Wyoming community college to the Gilette community college district; and providing for an effective date.,6,2026-02-13,https://legiscan.com/WY/bill/SF0115/2026
WY,2113625,,Surface water drainage utilities.,AN ACT relating to cities and towns; clarifying that cities and towns are required to comply with provisions applicable to surface water drainage utilities as specified; specifying applicability; requiring elections; and providing for an effective date.,2,2026-02-24,https://legiscan.com/WY/bill/SF0116/2026
WY,2114018,,Zoning protest petition-amendments.,AN ACT relating to cities and towns; amending the zoning protest process as specified; specifying applicability; and providing for an effective date.,6,2026-03-03,https://legiscan.com/WY/bill/SF0117/2026
WY,2114066,,Eminent domain-water projects.,AN ACT relating to eminent domain; requiring the legislature to approve the use of eminent domain for the construction of water projects that utilize state funds as specified; making conforming amendments; specifying applicability; and providing for an effective date.,1,2026-02-13,https://legiscan.com/WY/bill/SF0118/2026
WY,2114114,,Strategic investments and projects account-repeal-2.,AN ACT relating to public funds; repealing the strategic investments and projects account; providing for the transfer from and the reversion of funds from the strategic investments and projects account; revising limits on budget recommendations; making conforming amendments; amending the disposition of investment earnings and deposits as specified; repealing obsolete provisions; and providing for an effective date.,5,2026-03-09,https://legiscan.com/WY/bill/SF0119/2026
WY,2114127,,K-12 school facilities major maintenance.,"AN ACT relating to K-12 school facilities major maintenance; appropriating funds for major maintenance for the remainder of the current biennium ending June 30, 2026; appropriating funds for major maintenance for the fiscal biennium commencing July 1, 2026 and ending June 30, 2028;   and providing for an effective date.",6,2026-03-04,https://legiscan.com/WY/bill/SF0120/2026
WY,2114161,,Wyoming Pharmacy Act amendments.,AN ACT relating to the Wyoming Pharmacy Act; amending provisions related to the practice of pharmacy; providing definitions; requiring rulemaking; and providing for effective dates.,4,2026-03-07,https://legiscan.com/WY/bill/SF0121/2026
WY,2114335,,Medical necessity standard-timeline amendments.,AN ACT relating to the insurance code; amending the number of days a health insurer has to determine the medical necessity of a health care service; amending the number of days an independent review organization has to make an external review determination regarding medical necessity of a health care service; and providing for an effective date.,6,2026-03-03,https://legiscan.com/WY/bill/SF0122/2026
WY,2114477,,Wyoming energy dominance fund.,AN ACT relating to the administration of the government; creating the Wyoming energy dominance fund; specifying authorized uses and requirements of the fund; authorizing grants and loans from funds within the Wyoming energy dominance fund as specified; requiring reports; providing findings; modifying distribution of severance tax revenues; providing for the deposit of funds into the Wyoming energy dominance fund; making conforming amendments; and providing for an effective date.,4,2026-03-07,https://legiscan.com/WY/bill/SF0123/2026
WY,2114571,,Economic development-rodeo museum.,AN ACT relating to tourism; providing an appropriation; specifying distribution and requirements for the appropriation; requiring reporting; and providing for an effective date.,2,2026-02-20,https://legiscan.com/WY/bill/SF0124/2026
WY,2114541,,Wyoming business council-amendments.,"AN ACT relating to the administration of the government; amending programs, functions and operations of the Wyoming business council; specifying requirements for the Wyoming business council; making conforming amendments; specifying limitations of the Wyoming business council; specifying applicability; requiring reports; creating a task force; providing appropriations; and providing for effective dates.",1,2026-02-13,https://legiscan.com/WY/bill/SF0125/2026
WY,2114600,,Wyoming-Ireland Trade Commission.,"AN ACT relating to economic development; establishing the Wyoming-Ireland trade commission; providing for the purposes, membership and operation of the commission; amending a definition; and providing for an effective date.",2,2026-02-20,https://legiscan.com/WY/bill/SF0126/2026
WY,2054930,,State management-federal mineral leases.,A JOINT RESOLUTION requesting Congress to introduce a bill and enact law to amend the federal Mineral Leasing Act to authorize the state of Wyoming to administer and manage mineral leasing on federal lands located in Wyoming. ,4,2026-02-27,https://legiscan.com/WY/bill/SJ0001/2026
WY,2065610,,Upholding the principles of federalism.,A JOINT RESOLUTION calling upon the members of the Wyoming congressional delegation to uphold the principles of federalism. ,6,2026-02-11,https://legiscan.com/WY/bill/SJ0002/2026
WY,2110738,,Residential property tax-constitutional amendment.,A JOINT RESOLUTION proposing to amend the Wyoming Constitution by eliminating the assessment of property tax on residential property.,6,2026-02-09,https://legiscan.com/WY/bill/SJ0003/2026
WY,2112258,,Confirmation of justices and judicial nominations.,"A JOINT RESOLUTION proposing to amend the Wyoming constitution to amend the composition and qualifications of the judicial nominating commission, to specify that the legislature may define the actual practice of law for purposes of qualifications for supreme court justices and to require persons selected for the office of justice of the supreme court to be confirmed by the senate.",6,2026-02-11,https://legiscan.com/WY/bill/SJ0004/2026
WY,2112349,,Convention of states.,A JOINT RESOLUTION requesting Congress to call a convention for proposing amendments to the United States constitution as specified.,2,2026-02-24,https://legiscan.com/WY/bill/SJ0005/2026
WY,2112278,,Shared parenting day.,A JOINT RESOLUTION designating April 26 of each year to be shared parenting day in the state of Wyoming. ,4,2026-03-09,https://legiscan.com/WY/bill/SJ0006/2026
WY,2112337,,Right of health care access-separation of powers.,"A JOINT RESOLUTION proposing to amend the Wyoming Constitution to specify that the Wyoming legislature may, by law, define ""health care"" for purposes of the right of health care access and to clarify when and how the legislature may impose restrictions on the right of health care access.",6,2026-02-12,https://legiscan.com/WY/bill/SJ0007/2026
WY,2113556,,School funding-legislative and executive authority.,A JOINT RESOLUTION to amend the Wyoming Constitution to specify that the amount of the appropriation for school funding shall not be subject to judicial review.,6,2026-02-12,https://legiscan.com/WY/bill/SJ0008/2026
WY,2114509,,Keeping public lands protected and decisions local.,"A JOINT RESOLUTION requesting Congress recognize the protection of Wyoming's freedom of access to public lands, to allow responsible development of resources, recreation, agriculture, hunting, fishing, trapping, and conservation under multiple‑use frameworks, to protect local participation in land management decisions, and to keep public lands available to the people of Wyoming.",4,2026-03-09,https://legiscan.com/WY/bill/SJ0009/2026
